"decision_id","occurrence_id","record_kind","recording_mode","review_priority","confidence","provisional","source_term_or_construction","chosen_rendering","language_tag","script","territory","register_or_variant","notation_profile","unit_id","semantic_unit_id","source_path","source_file_sha256","source_line_start","source_line_end","source_byte_start","source_byte_end_exclusive","target_path","target_file_sha256","target_line_start","target_line_end","target_byte_start","target_byte_end_exclusive","reader_status","reader_page","reader_reason","please_double_check_question"
"te-Telu-IN-TE-T001","te-Telu-IN-TE-T001-OCC-001","terminology","retrospective","low","high","false","set","సమితి","te-Telu-IN","Telu","IN","standard formal Telugu","international logical and mathematical notation with Arabic decimal digits and Latin metavariables","OLP-0005","OLP-0005-B005","upstream/content/sets-functions-relations/sets/basics.tex","232ff51f51e74fcfee836650f3c597b54bf10ba5363c648a0c05fe8222e4a865","12","17","202","545","translation/content/sets-functions-relations/sets/basics.tex","9c53dd1f24d292aad1d5554b24ec18b39536cc488d43b0d399ecb72523218d8f","12","17","264","1086","pending","","The cited unit is not yet integrated into the coherent full reader; no printed or assembled PDF page is guessed.","Please double-check whether “సమితి” is idiomatic and technically standard for “set” in Telugu logic/mathematics across Andhra Pradesh and Telangana. If not, what exact replacement should be used while leaving the displayed definition, formulas and source scope unchanged?"
"te-Telu-IN-TE-T002","te-Telu-IN-TE-T002-OCC-001","terminology","retrospective","low","high","false","element/member of a set","మూలకం","te-Telu-IN","Telu","IN","standard formal Telugu","international logical and mathematical notation with Arabic decimal digits and Latin metavariables","OLP-0005","OLP-0005-B005","upstream/content/sets-functions-relations/sets/basics.tex","232ff51f51e74fcfee836650f3c597b54bf10ba5363c648a0c05fe8222e4a865","12","17","202","545","translation/content/sets-functions-relations/sets/basics.tex","9c53dd1f24d292aad1d5554b24ec18b39536cc488d43b0d399ecb72523218d8f","12","17","264","1086","pending","","The cited unit is not yet integrated into the coherent full reader; no printed or assembled PDF page is guessed.","Please double-check whether “మూలకం” is idiomatic and technically standard for “element/member of a set” in Telugu logic/mathematics across Andhra Pradesh and Telangana. If not, what exact replacement should be used while leaving the displayed definition, formulas and source scope unchanged?"
"te-Telu-IN-TE-T003","te-Telu-IN-TE-T003-OCC-001","terminology","retrospective","high","low","true","extensionality","సమితుల సమానత్వ సూత్రం (Extensionality)","te-Telu-IN","Telu","IN","standard formal Telugu","international logical and mathematical notation with Arabic decimal digits and Latin metavariables","OLP-0005","OLP-0005-B004","upstream/content/sets-functions-relations/sets/basics.tex","232ff51f51e74fcfee836650f3c597b54bf10ba5363c648a0c05fe8222e4a865","9","10","149","201","translation/content/sets-functions-relations/sets/basics.tex","9c53dd1f24d292aad1d5554b24ec18b39536cc488d43b0d399ecb72523218d8f","9","10","149","263","pending","","The cited unit is not yet integrated into the coherent full reader; no printed or assembled PDF page is guessed.","Please double-check whether “సమితుల సమానత్వ సూత్రం (Extensionality)” is idiomatic and technically standard for “extensionality” in Telugu logic/mathematics across Andhra Pradesh and Telangana. If not, what exact replacement should be used while leaving the displayed definition, formulas and source scope unchanged?"
"te-Telu-IN-TE-T004","te-Telu-IN-TE-T004-OCC-001","terminology","retrospective","normal","medium","true","subset / proper subset","ఉపసమితి / క్రమ ఉపసమితి","te-Telu-IN","Telu","IN","standard formal Telugu","international logical and mathematical notation with Arabic decimal digits and Latin metavariables","OLP-0006","OLP-0006-B006","upstream/content/sets-functions-relations/sets/subsets.tex","63d819c246577b3bfd8ba2a933f114b58c6549bdc4fa6ea8ffa8ab07c7fed4b7","19","25","473","815","translation/content/sets-functions-relations/sets/subsets.tex","4eedc59d461127077826cb46c4399dd13b704744b716034e9f75cc5cd3c7397d","19","26","841","1521","pending","","The cited unit is not yet integrated into the coherent full reader; no printed or assembled PDF page is guessed.","Please double-check whether “ఉపసమితి / క్రమ ఉపసమితి” is idiomatic and technically standard for “subset / proper subset” in Telugu logic/mathematics across Andhra Pradesh and Telangana. If not, what exact replacement should be used while leaving the displayed definition, formulas and source scope unchanged?"
"te-Telu-IN-TE-T005","te-Telu-IN-TE-T005-OCC-001","terminology","retrospective","low","high","false","power set","ఘాత సమితి","te-Telu-IN","Telu","IN","standard formal Telugu","international logical and mathematical notation with Arabic decimal digits and Latin metavariables","OLP-0006","OLP-0006-B015","upstream/content/sets-functions-relations/sets/subsets.tex","63d819c246577b3bfd8ba2a933f114b58c6549bdc4fa6ea8ffa8ab07c7fed4b7","75","81","2807","2998","translation/content/sets-functions-relations/sets/subsets.tex","4eedc59d461127077826cb46c4399dd13b704744b716034e9f75cc5cd3c7397d","78","84","5910","6273","pending","","The cited unit is not yet integrated into the coherent full reader; no printed or assembled PDF page is guessed.","Please double-check whether “ఘాత సమితి” is idiomatic and technically standard for “power set” in Telugu logic/mathematics across Andhra Pradesh and Telangana. If not, what exact replacement should be used while leaving the displayed definition, formulas and source scope unchanged?"
"te-Telu-IN-TE-T006","te-Telu-IN-TE-T006-OCC-001","terminology","retrospective","low","high","false","proof / theorem","నిరూపణ / సిద్ధాంతం","te-Telu-IN","Telu","IN","standard formal Telugu","international logical and mathematical notation with Arabic decimal digits and Latin metavariables","OLP-0010","OLP-0010-B011","upstream/content/sets-functions-relations/sets/russells-paradox.tex","aa8e94675f56112d8952b81d17968545b54c33393bfc466745edcaca30f4453a","54","62","1961","2490","translation/content/sets-functions-relations/sets/russells-paradox.tex","c969836ffd90adacc77a526122e4bf2dface0663cb1decba90fabb73ff7e8768","57","66","4258","5372","pending","","The cited unit is not yet integrated into the coherent full reader; no printed or assembled PDF page is guessed.","Please double-check whether “నిరూపణ / సిద్ధాంతం” is idiomatic and technically standard for “proof / theorem” in Telugu logic/mathematics across Andhra Pradesh and Telangana. If not, what exact replacement should be used while leaving the displayed definition, formulas and source scope unchanged?"
"te-Telu-IN-TE-T007","te-Telu-IN-TE-T007-OCC-001","terminology","retrospective","low","high","false","logic","తర్కం","te-Telu-IN","Telu","IN","standard formal Telugu","international logical and mathematical notation with Arabic decimal digits and Latin metavariables","OLP-0018","OLP-0018-B005","upstream/content/sets-functions-relations/relations/trees.tex","a158f1ce5b84c8c3f681dd6347b22491d1b67a91e110138b9cb6833e3d9dc23c","12","20","197","695","translation/content/sets-functions-relations/relations/trees.tex","22cbcf51a23019057a88fe05299f1bb3a23ccd9b755acc6b120a43779131b7f2","12","19","216","1576","pending","","The cited unit is not yet integrated into the coherent full reader; no printed or assembled PDF page is guessed.","Please double-check whether “తర్కం” is idiomatic and technically standard for “logic” in Telugu logic/mathematics across Andhra Pradesh and Telangana. If not, what exact replacement should be used while leaving the displayed definition, formulas and source scope unchanged?"
"te-Telu-IN-TE-T008","te-Telu-IN-TE-T008-OCC-001","terminology","retrospective","normal","medium","true","natural number / integer / positive integer","సహజ సంఖ్య / పూర్ణ సంఖ్య / ధన పూర్ణ సంఖ్య","te-Telu-IN","Telu","IN","standard formal Telugu","international logical and mathematical notation with Arabic decimal digits and Latin metavariables","OLP-0007","OLP-0007-B005","upstream/content/sets-functions-relations/sets/important-sets.tex","ec2115fa48ea6c6684a65bdf2f504102ca0a74b40cf88293dfc12f4ab97ada02","12","27","215","916","translation/content/sets-functions-relations/sets/important-sets.tex","47489278d2033324127e26c7e808c898fdf35fdee696bc68328dcfcb660ca3d9","12","26","261","1458","pending","","The cited unit is not yet integrated into the coherent full reader; no printed or assembled PDF page is guessed.","Please double-check whether “సహజ సంఖ్య / పూర్ణ సంఖ్య / ధన పూర్ణ సంఖ్య” is idiomatic and technically standard for “natural number / integer / positive integer” in Telugu logic/mathematics across Andhra Pradesh and Telangana. If not, what exact replacement should be used while leaving the displayed definition, formulas and source scope unchanged?"
"te-Telu-IN-TE-T008","te-Telu-IN-TE-T008-OCC-002","terminology","retrospective","normal","medium","true","natural number / integer / positive integer","సహజ సంఖ్య / పూర్ణ సంఖ్య / ధన పూర్ణ సంఖ్య","te-Telu-IN","Telu","IN","standard formal Telugu","international logical and mathematical notation with Arabic decimal digits and Latin metavariables","OLP-0007","OLP-0007-B005","upstream/content/sets-functions-relations/sets/important-sets.tex","ec2115fa48ea6c6684a65bdf2f504102ca0a74b40cf88293dfc12f4ab97ada02","12","27","215","916","translation/content/sets-functions-relations/sets/important-sets.tex","47489278d2033324127e26c7e808c898fdf35fdee696bc68328dcfcb660ca3d9","12","26","261","1458","pending","","The cited unit is not yet integrated into the coherent full reader; no printed or assembled PDF page is guessed.","Please double-check whether “సహజ సంఖ్య / పూర్ణ సంఖ్య / ధన పూర్ణ సంఖ్య” is idiomatic and technically standard for “natural number / integer / positive integer” in Telugu logic/mathematics across Andhra Pradesh and Telangana. If not, what exact replacement should be used while leaving the displayed definition, formulas and source scope unchanged?"
"te-Telu-IN-TE-T008","te-Telu-IN-TE-T008-OCC-003","terminology","retrospective","normal","medium","true","natural number / integer / positive integer","సహజ సంఖ్య / పూర్ణ సంఖ్య / ధన పూర్ణ సంఖ్య","te-Telu-IN","Telu","IN","standard formal Telugu","international logical and mathematical notation with Arabic decimal digits and Latin metavariables","OLP-0007","OLP-0007-B007","upstream/content/sets-functions-relations/sets/important-sets.tex","ec2115fa48ea6c6684a65bdf2f504102ca0a74b40cf88293dfc12f4ab97ada02","40","43","1578","1749","translation/content/sets-functions-relations/sets/important-sets.tex","47489278d2033324127e26c7e808c898fdf35fdee696bc68328dcfcb660ca3d9","41","43","2828","3136","pending","","The cited unit is not yet integrated into the coherent full reader; no printed or assembled PDF page is guessed.","Please double-check whether “సహజ సంఖ్య / పూర్ణ సంఖ్య / ధన పూర్ణ సంఖ్య” is idiomatic and technically standard for “natural number / integer / positive integer” in Telugu logic/mathematics across Andhra Pradesh and Telangana. If not, what exact replacement should be used while leaving the displayed definition, formulas and source scope unchanged?"
"te-Telu-IN-TE-T009","te-Telu-IN-TE-T009-OCC-001","terminology","retrospective","normal","medium","true","empty set / union / intersection / difference / disjoint","శూన్య సమితి / సమ్మేళనం / ఛేదనం / భేదం / వియుక్త","te-Telu-IN","Telu","IN","standard formal Telugu","international logical and mathematical notation with Arabic decimal digits and Latin metavariables","OLP-0008","OLP-0008-B008","upstream/content/sets-functions-relations/sets/unions-and-intersections.tex","e556ac6add69b1e6d41123eb05be4adb15f2dc120a3782a721caeab42dbc4529","34","40","1170","1383","translation/content/sets-functions-relations/sets/unions-and-intersections.tex","e2fefdf6eca168abf02f879ca72060350ce04f44b1897614533fe00634175c33","35","42","2098","2518","pending","","The cited unit is not yet integrated into the coherent full reader; no printed or assembled PDF page is guessed.","Please double-check whether “శూన్య సమితి / సమ్మేళనం / ఛేదనం / భేదం / వియుక్త” is idiomatic and technically standard for “empty set / union / intersection / difference / disjoint” in Telugu logic/mathematics across Andhra Pradesh and Telangana. If not, what exact replacement should be used while leaving the displayed definition, formulas and source scope unchanged?"
"te-Telu-IN-TE-T009","te-Telu-IN-TE-T009-OCC-002","terminology","retrospective","normal","medium","true","empty set / union / intersection / difference / disjoint","శూన్య సమితి / సమ్మేళనం / ఛేదనం / భేదం / వియుక్త","te-Telu-IN","Telu","IN","standard formal Telugu","international logical and mathematical notation with Arabic decimal digits and Latin metavariables","OLP-0008","OLP-0008-B014","upstream/content/sets-functions-relations/sets/unions-and-intersections.tex","e556ac6add69b1e6d41123eb05be4adb15f2dc120a3782a721caeab42dbc4529","71","79","2422","2765","translation/content/sets-functions-relations/sets/unions-and-intersections.tex","e2fefdf6eca168abf02f879ca72060350ce04f44b1897614533fe00634175c33","74","82","4493","5148","pending","","The cited unit is not yet integrated into the coherent full reader; no printed or assembled PDF page is guessed.","Please double-check whether “శూన్య సమితి / సమ్మేళనం / ఛేదనం / భేదం / వియుక్త” is idiomatic and technically standard for “empty set / union / intersection / difference / disjoint” in Telugu logic/mathematics across Andhra Pradesh and Telangana. If not, what exact replacement should be used while leaving the displayed definition, formulas and source scope unchanged?"
"te-Telu-IN-TE-T009","te-Telu-IN-TE-T009-OCC-003","terminology","retrospective","normal","medium","true","empty set / union / intersection / difference / disjoint","శూన్య సమితి / సమ్మేళనం / ఛేదనం / భేదం / వియుక్త","te-Telu-IN","Telu","IN","standard formal Telugu","international logical and mathematical notation with Arabic decimal digits and Latin metavariables","OLP-0008","OLP-0008-B014","upstream/content/sets-functions-relations/sets/unions-and-intersections.tex","e556ac6add69b1e6d41123eb05be4adb15f2dc120a3782a721caeab42dbc4529","71","79","2422","2765","translation/content/sets-functions-relations/sets/unions-and-intersections.tex","e2fefdf6eca168abf02f879ca72060350ce04f44b1897614533fe00634175c33","74","82","4493","5148","pending","","The cited unit is not yet integrated into the coherent full reader; no printed or assembled PDF page is guessed.","Please double-check whether “శూన్య సమితి / సమ్మేళనం / ఛేదనం / భేదం / వియుక్త” is idiomatic and technically standard for “empty set / union / intersection / difference / disjoint” in Telugu logic/mathematics across Andhra Pradesh and Telangana. If not, what exact replacement should be used while leaving the displayed definition, formulas and source scope unchanged?"
"te-Telu-IN-TE-T009","te-Telu-IN-TE-T009-OCC-004","terminology","retrospective","normal","medium","true","empty set / union / intersection / difference / disjoint","శూన్య సమితి / సమ్మేళనం / ఛేదనం / భేదం / వియుక్త","te-Telu-IN","Telu","IN","standard formal Telugu","international logical and mathematical notation with Arabic decimal digits and Latin metavariables","OLP-0008","OLP-0008-B028","upstream/content/sets-functions-relations/sets/unions-and-intersections.tex","e556ac6add69b1e6d41123eb05be4adb15f2dc120a3782a721caeab42dbc4529","162","168","5563","5790","translation/content/sets-functions-relations/sets/unions-and-intersections.tex","e2fefdf6eca168abf02f879ca72060350ce04f44b1897614533fe00634175c33","165","172","10163","10577","pending","","The cited unit is not yet integrated into the coherent full reader; no printed or assembled PDF page is guessed.","Please double-check whether “శూన్య సమితి / సమ్మేళనం / ఛేదనం / భేదం / వియుక్త” is idiomatic and technically standard for “empty set / union / intersection / difference / disjoint” in Telugu logic/mathematics across Andhra Pradesh and Telangana. If not, what exact replacement should be used while leaving the displayed definition, formulas and source scope unchanged?"
"te-Telu-IN-TE-T010","te-Telu-IN-TE-T010-OCC-001","terminology","retrospective","low","high","false","rational / irrational / real number","కరణీయ సంఖ్య / అకరణీయ సంఖ్య / వాస్తవ సంఖ్య","te-Telu-IN","Telu","IN","standard formal Telugu","international logical and mathematical notation with Arabic decimal digits and Latin metavariables","OLP-0007","OLP-0007-B005","upstream/content/sets-functions-relations/sets/important-sets.tex","ec2115fa48ea6c6684a65bdf2f504102ca0a74b40cf88293dfc12f4ab97ada02","12","27","215","916","translation/content/sets-functions-relations/sets/important-sets.tex","47489278d2033324127e26c7e808c898fdf35fdee696bc68328dcfcb660ca3d9","12","26","261","1458","pending","","The cited unit is not yet integrated into the coherent full reader; no printed or assembled PDF page is guessed.","Please double-check whether “కరణీయ సంఖ్య / అకరణీయ సంఖ్య / వాస్తవ సంఖ్య” is idiomatic and technically standard for “rational / irrational / real number” in Telugu logic/mathematics across Andhra Pradesh and Telangana. If not, what exact replacement should be used while leaving the displayed definition, formulas and source scope unchanged?"
"te-Telu-IN-TE-T010","te-Telu-IN-TE-T010-OCC-002","terminology","retrospective","low","high","false","rational / irrational / real number","కరణీయ సంఖ్య / అకరణీయ సంఖ్య / వాస్తవ సంఖ్య","te-Telu-IN","Telu","IN","standard formal Telugu","international logical and mathematical notation with Arabic decimal digits and Latin metavariables","OLP-0007","OLP-0007-B005","upstream/content/sets-functions-relations/sets/important-sets.tex","ec2115fa48ea6c6684a65bdf2f504102ca0a74b40cf88293dfc12f4ab97ada02","12","27","215","916","translation/content/sets-functions-relations/sets/important-sets.tex","47489278d2033324127e26c7e808c898fdf35fdee696bc68328dcfcb660ca3d9","12","26","261","1458","pending","","The cited unit is not yet integrated into the coherent full reader; no printed or assembled PDF page is guessed.","Please double-check whether “కరణీయ సంఖ్య / అకరణీయ సంఖ్య / వాస్తవ సంఖ్య” is idiomatic and technically standard for “rational / irrational / real number” in Telugu logic/mathematics across Andhra Pradesh and Telangana. If not, what exact replacement should be used while leaving the displayed definition, formulas and source scope unchanged?"
"te-Telu-IN-TE-T011","te-Telu-IN-TE-T011-OCC-001","terminology","retrospective","high","low","true","finite / infinite / string / sequence / alphabet","పరిమిత / అనంత (witness synonym అపరిమిత) / సంకేతమాల / క్రమం / వర్ణమాల","te-Telu-IN","Telu","IN","standard formal Telugu","international logical and mathematical notation with Arabic decimal digits and Latin metavariables","OLP-0007","OLP-0007-B008","upstream/content/sets-functions-relations/sets/important-sets.tex","ec2115fa48ea6c6684a65bdf2f504102ca0a74b40cf88293dfc12f4ab97ada02","45","60","1750","2361","translation/content/sets-functions-relations/sets/important-sets.tex","47489278d2033324127e26c7e808c898fdf35fdee696bc68328dcfcb660ca3d9","45","61","3137","4225","pending","","The cited unit is not yet integrated into the coherent full reader; no printed or assembled PDF page is guessed.","Please double-check whether “పరిమిత / అనంత (witness synonym అపరిమిత) / సంకేతమాల / క్రమం / వర్ణమాల” is idiomatic and technically standard for “finite / infinite / string / sequence / alphabet” in Telugu logic/mathematics across Andhra Pradesh and Telangana. If not, what exact replacement should be used while leaving the displayed definition, formulas and source scope unchanged?"
"te-Telu-IN-TE-T011","te-Telu-IN-TE-T011-OCC-002","terminology","retrospective","high","low","true","finite / infinite / string / sequence / alphabet","పరిమిత / అనంత (witness synonym అపరిమిత) / సంకేతమాల / క్రమం / వర్ణమాల","te-Telu-IN","Telu","IN","standard formal Telugu","international logical and mathematical notation with Arabic decimal digits and Latin metavariables","OLP-0007","OLP-0007-B009","upstream/content/sets-functions-relations/sets/important-sets.tex","ec2115fa48ea6c6684a65bdf2f504102ca0a74b40cf88293dfc12f4ab97ada02","62","67","2362","2635","translation/content/sets-functions-relations/sets/important-sets.tex","47489278d2033324127e26c7e808c898fdf35fdee696bc68328dcfcb660ca3d9","63","68","4226","4784","pending","","The cited unit is not yet integrated into the coherent full reader; no printed or assembled PDF page is guessed.","Please double-check whether “పరిమిత / అనంత (witness synonym అపరిమిత) / సంకేతమాల / క్రమం / వర్ణమాల” is idiomatic and technically standard for “finite / infinite / string / sequence / alphabet” in Telugu logic/mathematics across Andhra Pradesh and Telangana. If not, what exact replacement should be used while leaving the displayed definition, formulas and source scope unchanged?"
"te-Telu-IN-TE-T012","te-Telu-IN-TE-T012-OCC-001","terminology","retrospective","high","low","true","ordered pair / tuple / Cartesian product","క్రమయుగ్మం / క్రమిత బహుళకం / కార్టీజియన్ లబ్ధం","te-Telu-IN","Telu","IN","standard formal Telugu","international logical and mathematical notation with Arabic decimal digits and Latin metavariables","OLP-0009","OLP-0009-B005","upstream/content/sets-functions-relations/sets/pairs-and-products.tex","935f1e0e90dc783a1d5cb3298a38aa8df49af8b424e7282b27dc2ab4e9d85610","12","17","233","567","translation/content/sets-functions-relations/sets/pairs-and-products.tex","4f8371a8caf75230b0936997cd38bf7814ed13113a3f535a4c59c3c07c70a942","12","17","314","958","pending","","The cited unit is not yet integrated into the coherent full reader; no printed or assembled PDF page is guessed.","Please double-check whether “క్రమయుగ్మం / క్రమిత బహుళకం / కార్టీజియన్ లబ్ధం” is idiomatic and technically standard for “ordered pair / tuple / Cartesian product” in Telugu logic/mathematics across Andhra Pradesh and Telangana. If not, what exact replacement should be used while leaving the displayed definition, formulas and source scope unchanged?"
"te-Telu-IN-TE-T012","te-Telu-IN-TE-T012-OCC-002","terminology","retrospective","high","low","true","ordered pair / tuple / Cartesian product","క్రమయుగ్మం / క్రమిత బహుళకం / కార్టీజియన్ లబ్ధం","te-Telu-IN","Telu","IN","standard formal Telugu","international logical and mathematical notation with Arabic decimal digits and Latin metavariables","OLP-0009","OLP-0009-B009","upstream/content/sets-functions-relations/sets/pairs-and-products.tex","935f1e0e90dc783a1d5cb3298a38aa8df49af8b424e7282b27dc2ab4e9d85610","38","47","1193","1789","translation/content/sets-functions-relations/sets/pairs-and-products.tex","4f8371a8caf75230b0936997cd38bf7814ed13113a3f535a4c59c3c07c70a942","39","49","2291","3485","pending","","The cited unit is not yet integrated into the coherent full reader; no printed or assembled PDF page is guessed.","Please double-check whether “క్రమయుగ్మం / క్రమిత బహుళకం / కార్టీజియన్ లబ్ధం” is idiomatic and technically standard for “ordered pair / tuple / Cartesian product” in Telugu logic/mathematics across Andhra Pradesh and Telangana. If not, what exact replacement should be used while leaving the displayed definition, formulas and source scope unchanged?"
"te-Telu-IN-TE-T012","te-Telu-IN-TE-T012-OCC-003","terminology","retrospective","high","low","true","ordered pair / tuple / Cartesian product","క్రమయుగ్మం / క్రమిత బహుళకం / కార్టీజియన్ లబ్ధం","te-Telu-IN","Telu","IN","standard formal Telugu","international logical and mathematical notation with Arabic decimal digits and Latin metavariables","OLP-0009","OLP-0009-B011","upstream/content/sets-functions-relations/sets/pairs-and-products.tex","935f1e0e90dc783a1d5cb3298a38aa8df49af8b424e7282b27dc2ab4e9d85610","52","58","1881","2080","translation/content/sets-functions-relations/sets/pairs-and-products.tex","4f8371a8caf75230b0936997cd38bf7814ed13113a3f535a4c59c3c07c70a942","55","61","3723","4100","pending","","The cited unit is not yet integrated into the coherent full reader; no printed or assembled PDF page is guessed.","Please double-check whether “క్రమయుగ్మం / క్రమిత బహుళకం / కార్టీజియన్ లబ్ధం” is idiomatic and technically standard for “ordered pair / tuple / Cartesian product” in Telugu logic/mathematics across Andhra Pradesh and Telangana. If not, what exact replacement should be used while leaving the displayed definition, formulas and source scope unchanged?"
"te-Telu-IN-TE-T013","te-Telu-IN-TE-T013-OCC-001","terminology","retrospective","high","low","true","Russell's paradox / contradiction / comprehension / axiom","రసెల్ వైరుధ్యం / విరోధం / ధర్మసంగ్రహం / స్వీకృతం","te-Telu-IN","Telu","IN","standard formal Telugu","international logical and mathematical notation with Arabic decimal digits and Latin metavariables","OLP-0010","OLP-0010-B006","upstream/content/sets-functions-relations/sets/russells-paradox.tex","aa8e94675f56112d8952b81d17968545b54c33393bfc466745edcaca30f4453a","21","25","621","898","translation/content/sets-functions-relations/sets/russells-paradox.tex","c969836ffd90adacc77a526122e4bf2dface0663cb1decba90fabb73ff7e8768","22","26","1167","1779","pending","","The cited unit is not yet integrated into the coherent full reader; no printed or assembled PDF page is guessed.","Please double-check whether “రసెల్ వైరుధ్యం / విరోధం / ధర్మసంగ్రహం / స్వీకృతం” is idiomatic and technically standard for “Russell's paradox / contradiction / comprehension / axiom” in Telugu logic/mathematics across Andhra Pradesh and Telangana. If not, what exact replacement should be used while leaving the displayed definition, formulas and source scope unchanged?"
"te-Telu-IN-TE-T013","te-Telu-IN-TE-T013-OCC-002","terminology","retrospective","high","low","true","Russell's paradox / contradiction / comprehension / axiom","రసెల్ వైరుధ్యం / విరోధం / ధర్మసంగ్రహం / స్వీకృతం","te-Telu-IN","Telu","IN","standard formal Telugu","international logical and mathematical notation with Arabic decimal digits and Latin metavariables","OLP-0010","OLP-0010-B006","upstream/content/sets-functions-relations/sets/russells-paradox.tex","aa8e94675f56112d8952b81d17968545b54c33393bfc466745edcaca30f4453a","21","25","621","898","translation/content/sets-functions-relations/sets/russells-paradox.tex","c969836ffd90adacc77a526122e4bf2dface0663cb1decba90fabb73ff7e8768","22","26","1167","1779","pending","","The cited unit is not yet integrated into the coherent full reader; no printed or assembled PDF page is guessed.","Please double-check whether “రసెల్ వైరుధ్యం / విరోధం / ధర్మసంగ్రహం / స్వీకృతం” is idiomatic and technically standard for “Russell's paradox / contradiction / comprehension / axiom” in Telugu logic/mathematics across Andhra Pradesh and Telangana. If not, what exact replacement should be used while leaving the displayed definition, formulas and source scope unchanged?"
"te-Telu-IN-TE-T013","te-Telu-IN-TE-T013-OCC-003","terminology","retrospective","high","low","true","Russell's paradox / contradiction / comprehension / axiom","రసెల్ వైరుధ్యం / విరోధం / ధర్మసంగ్రహం / స్వీకృతం","te-Telu-IN","Telu","IN","standard formal Telugu","international logical and mathematical notation with Arabic decimal digits and Latin metavariables","OLP-0010","OLP-0010-B013","upstream/content/sets-functions-relations/sets/russells-paradox.tex","aa8e94675f56112d8952b81d17968545b54c33393bfc466745edcaca30f4453a","72","77","2867","3185","translation/content/sets-functions-relations/sets/russells-paradox.tex","c969836ffd90adacc77a526122e4bf2dface0663cb1decba90fabb73ff7e8768","77","82","6186","6853","pending","","The cited unit is not yet integrated into the coherent full reader; no printed or assembled PDF page is guessed.","Please double-check whether “రసెల్ వైరుధ్యం / విరోధం / ధర్మసంగ్రహం / స్వీకృతం” is idiomatic and technically standard for “Russell's paradox / contradiction / comprehension / axiom” in Telugu logic/mathematics across Andhra Pradesh and Telangana. If not, what exact replacement should be used while leaving the displayed definition, formulas and source scope unchanged?"
"te-Telu-IN-TE-T014","te-Telu-IN-TE-T014-OCC-001","terminology","retrospective","high","low","true","perfect number / proper divisor / continuum / induction / recursive","పరిపూర్ణ సంఖ్య / నిజ భాజకం / అవిచ్ఛిన్న సమితి / ఆగమనం / పునరావృత్త","te-Telu-IN","Telu","IN","standard formal Telugu","international logical and mathematical notation with Arabic decimal digits and Latin metavariables","OLP-0005","OLP-0005-B012","upstream/content/sets-functions-relations/sets/basics.tex","232ff51f51e74fcfee836650f3c597b54bf10ba5363c648a0c05fe8222e4a865","73","92","2555","3475","translation/content/sets-functions-relations/sets/basics.tex","9c53dd1f24d292aad1d5554b24ec18b39536cc488d43b0d399ecb72523218d8f","76","96","5647","7639","pending","","The cited unit is not yet integrated into the coherent full reader; no printed or assembled PDF page is guessed.","Please double-check whether “పరిపూర్ణ సంఖ్య / నిజ భాజకం / అవిచ్ఛిన్న సమితి / ఆగమనం / పునరావృత్త” is idiomatic and technically standard for “perfect number / proper divisor / continuum / induction / recursive” in Telugu logic/mathematics across Andhra Pradesh and Telangana. If not, what exact replacement should be used while leaving the displayed definition, formulas and source scope unchanged?"
"te-Telu-IN-TE-T014","te-Telu-IN-TE-T014-OCC-002","terminology","retrospective","high","low","true","perfect number / proper divisor / continuum / induction / recursive","పరిపూర్ణ సంఖ్య / నిజ భాజకం / అవిచ్ఛిన్న సమితి / ఆగమనం / పునరావృత్త","te-Telu-IN","Telu","IN","standard formal Telugu","international logical and mathematical notation with Arabic decimal digits and Latin metavariables","OLP-0005","OLP-0005-B012","upstream/content/sets-functions-relations/sets/basics.tex","232ff51f51e74fcfee836650f3c597b54bf10ba5363c648a0c05fe8222e4a865","73","92","2555","3475","translation/content/sets-functions-relations/sets/basics.tex","9c53dd1f24d292aad1d5554b24ec18b39536cc488d43b0d399ecb72523218d8f","76","96","5647","7639","pending","","The cited unit is not yet integrated into the coherent full reader; no printed or assembled PDF page is guessed.","Please double-check whether “పరిపూర్ణ సంఖ్య / నిజ భాజకం / అవిచ్ఛిన్న సమితి / ఆగమనం / పునరావృత్త” is idiomatic and technically standard for “perfect number / proper divisor / continuum / induction / recursive” in Telugu logic/mathematics across Andhra Pradesh and Telangana. If not, what exact replacement should be used while leaving the displayed definition, formulas and source scope unchanged?"
"te-Telu-IN-TE-T015","te-Telu-IN-TE-T015-OCC-001","terminology","retrospective","normal","medium","true","binary relation / domain / range / function / inverse / composition","ద్విస్థానిక సంబంధం / ప్రవేశం / వ్యాప్తి / ప్రమేయం / విలోమం / సంయుక్తం","te-Telu-IN","Telu","IN","standard formal Telugu","international logical and mathematical notation with Arabic decimal digits and Latin metavariables","OLP-0012","OLP-0012-B009","upstream/content/sets-functions-relations/relations/relations-as-sets.tex","2a67c6fb4846155e8e7cd8172fd1fb8214db96d508ceae5d70dec95d5dfcc1ff","55","59","2353","2588","translation/content/sets-functions-relations/relations/relations-as-sets.tex","929103a2198db1e68df87a1c862a41e1696d25d3dc01edb91d530e794cf5c304","54","59","4465","4983","pending","","The cited unit is not yet integrated into the coherent full reader; no printed or assembled PDF page is guessed.","Please double-check whether “ద్విస్థానిక సంబంధం / ప్రవేశం / వ్యాప్తి / ప్రమేయం / విలోమం / సంయుక్తం” is idiomatic and technically standard for “binary relation / domain / range / function / inverse / composition” in Telugu logic/mathematics across Andhra Pradesh and Telangana. If not, what exact replacement should be used while leaving the displayed definition, formulas and source scope unchanged?"
"te-Telu-IN-TE-T015","te-Telu-IN-TE-T015-OCC-002","terminology","retrospective","normal","medium","true","binary relation / domain / range / function / inverse / composition","ద్విస్థానిక సంబంధం / ప్రవేశం / వ్యాప్తి / ప్రమేయం / విలోమం / సంయుక్తం","te-Telu-IN","Telu","IN","standard formal Telugu","international logical and mathematical notation with Arabic decimal digits and Latin metavariables","OLP-0021","OLP-0021-B008","upstream/content/sets-functions-relations/functions/function-basics.tex","d1fa0923e303fc49a88d4e476c319d6e91a8088de44c232dcfba5878325faea3","28","30","906","1032","translation/content/sets-functions-relations/functions/function-basics.tex","07591f29fbe05fcfce40b2128ba2e2ce6bf13e74f2ff6a4a1ab0ac57041ecb37","28","30","1954","2280","pending","","The cited unit is not yet integrated into the coherent full reader; no printed or assembled PDF page is guessed.","Please double-check whether “ద్విస్థానిక సంబంధం / ప్రవేశం / వ్యాప్తి / ప్రమేయం / విలోమం / సంయుక్తం” is idiomatic and technically standard for “binary relation / domain / range / function / inverse / composition” in Telugu logic/mathematics across Andhra Pradesh and Telangana. If not, what exact replacement should be used while leaving the displayed definition, formulas and source scope unchanged?"
"te-Telu-IN-TE-T015","te-Telu-IN-TE-T015-OCC-003","terminology","retrospective","normal","medium","true","binary relation / domain / range / function / inverse / composition","ద్విస్థానిక సంబంధం / ప్రవేశం / వ్యాప్తి / ప్రమేయం / విలోమం / సంయుక్తం","te-Telu-IN","Telu","IN","standard formal Telugu","international logical and mathematical notation with Arabic decimal digits and Latin metavariables","OLP-0024","OLP-0024-B008","upstream/content/sets-functions-relations/functions/inverses.tex","96e36d8cd8dc4ec0e73e9507147ecfe33d7e4f368ecf46de92efb423a7d409c1","27","31","884","1060","translation/content/sets-functions-relations/functions/inverses.tex","ea432cb72969199e37c907f83a7f63b2f04375a1835a1a539a7ec1a600b077b8","27","31","1707","1967","pending","","The cited unit is not yet integrated into the coherent full reader; no printed or assembled PDF page is guessed.","Please double-check whether “ద్విస్థానిక సంబంధం / ప్రవేశం / వ్యాప్తి / ప్రమేయం / విలోమం / సంయుక్తం” is idiomatic and technically standard for “binary relation / domain / range / function / inverse / composition” in Telugu logic/mathematics across Andhra Pradesh and Telangana. If not, what exact replacement should be used while leaving the displayed definition, formulas and source scope unchanged?"
"te-Telu-IN-TE-T015","te-Telu-IN-TE-T015-OCC-004","terminology","retrospective","normal","medium","true","binary relation / domain / range / function / inverse / composition","ద్విస్థానిక సంబంధం / ప్రవేశం / వ్యాప్తి / ప్రమేయం / విలోమం / సంయుక్తం","te-Telu-IN","Telu","IN","standard formal Telugu","international logical and mathematical notation with Arabic decimal digits and Latin metavariables","OLP-0025","OLP-0025-B007","upstream/content/sets-functions-relations/functions/composition.tex","1733e9f6b7f1009f7d36cb47b3f11ec8cccc28ef173a379e4d69c3de352fcf28","39","43","1580","1783","translation/content/sets-functions-relations/functions/composition.tex","4ec9e4d1115aedaaa2c020583a8d1991949b75911f834febd5082764246fb30d","38","42","2844","3126","pending","","The cited unit is not yet integrated into the coherent full reader; no printed or assembled PDF page is guessed.","Please double-check whether “ద్విస్థానిక సంబంధం / ప్రవేశం / వ్యాప్తి / ప్రమేయం / విలోమం / సంయుక్తం” is idiomatic and technically standard for “binary relation / domain / range / function / inverse / composition” in Telugu logic/mathematics across Andhra Pradesh and Telangana. If not, what exact replacement should be used while leaving the displayed definition, formulas and source scope unchanged?"
"te-Telu-IN-TE-T016","te-Telu-IN-TE-T016-OCC-001","terminology","retrospective","high","low","true","reflexive / transitive / symmetric / antisymmetric / irreflexive / asymmetric / connected","స్వావర్తన / సంక్రామక / సౌష్ఠవ / ప్రతిసౌష్ఠవ / అస్వావర్తన / ఏకదిశ / సంయుక్త","te-Telu-IN","Telu","IN","standard formal Telugu","international logical and mathematical notation with Arabic decimal digits and Latin metavariables","OLP-0014","OLP-0014-B006","upstream/content/sets-functions-relations/relations/special-properties.tex","006f2ea0d65e5069ef1509de94dd35a477ea835c19962da22f4bef48caffbee7","23","26","804","923","translation/content/sets-functions-relations/relations/special-properties.tex","fd37f7663d542bd022a5a78bde478af4986eb6d66e3691931125a4ba48695f99","23","26","1460","1795","pending","","The cited unit is not yet integrated into the coherent full reader; no printed or assembled PDF page is guessed.","Please double-check whether “స్వావర్తన / సంక్రామక / సౌష్ఠవ / ప్రతిసౌష్ఠవ / అస్వావర్తన / ఏకదిశ / సంయుక్త” is idiomatic and technically standard for “reflexive / transitive / symmetric / antisymmetric / irreflexive / asymmetric / connected” in Telugu logic/mathematics across Andhra Pradesh and Telangana. If not, what exact replacement should be used while leaving the displayed definition, formulas and source scope unchanged?"
"te-Telu-IN-TE-T016","te-Telu-IN-TE-T016-OCC-002","terminology","retrospective","high","low","true","reflexive / transitive / symmetric / antisymmetric / irreflexive / asymmetric / connected","స్వావర్తన / సంక్రామక / సౌష్ఠవ / ప్రతిసౌష్ఠవ / అస్వావర్తన / ఏకదిశ / సంయుక్త","te-Telu-IN","Telu","IN","standard formal Telugu","international logical and mathematical notation with Arabic decimal digits and Latin metavariables","OLP-0014","OLP-0014-B007","upstream/content/sets-functions-relations/relations/special-properties.tex","006f2ea0d65e5069ef1509de94dd35a477ea835c19962da22f4bef48caffbee7","28","31","924","1060","translation/content/sets-functions-relations/relations/special-properties.tex","fd37f7663d542bd022a5a78bde478af4986eb6d66e3691931125a4ba48695f99","28","32","1796","2159","pending","","The cited unit is not yet integrated into the coherent full reader; no printed or assembled PDF page is guessed.","Please double-check whether “స్వావర్తన / సంక్రామక / సౌష్ఠవ / ప్రతిసౌష్ఠవ / అస్వావర్తన / ఏకదిశ / సంయుక్త” is idiomatic and technically standard for “reflexive / transitive / symmetric / antisymmetric / irreflexive / asymmetric / connected” in Telugu logic/mathematics across Andhra Pradesh and Telangana. If not, what exact replacement should be used while leaving the displayed definition, formulas and source scope unchanged?"
"te-Telu-IN-TE-T016","te-Telu-IN-TE-T016-OCC-003","terminology","retrospective","high","low","true","reflexive / transitive / symmetric / antisymmetric / irreflexive / asymmetric / connected","స్వావర్తన / సంక్రామక / సౌష్ఠవ / ప్రతిసౌష్ఠవ / అస్వావర్తన / ఏకదిశ / సంయుక్త","te-Telu-IN","Telu","IN","standard formal Telugu","international logical and mathematical notation with Arabic decimal digits and Latin metavariables","OLP-0014","OLP-0014-B008","upstream/content/sets-functions-relations/relations/special-properties.tex","006f2ea0d65e5069ef1509de94dd35a477ea835c19962da22f4bef48caffbee7","33","36","1061","1182","translation/content/sets-functions-relations/relations/special-properties.tex","fd37f7663d542bd022a5a78bde478af4986eb6d66e3691931125a4ba48695f99","34","38","2160","2495","pending","","The cited unit is not yet integrated into the coherent full reader; no printed or assembled PDF page is guessed.","Please double-check whether “స్వావర్తన / సంక్రామక / సౌష్ఠవ / ప్రతిసౌష్ఠవ / అస్వావర్తన / ఏకదిశ / సంయుక్త” is idiomatic and technically standard for “reflexive / transitive / symmetric / antisymmetric / irreflexive / asymmetric / connected” in Telugu logic/mathematics across Andhra Pradesh and Telangana. If not, what exact replacement should be used while leaving the displayed definition, formulas and source scope unchanged?"
"te-Telu-IN-TE-T016","te-Telu-IN-TE-T016-OCC-004","terminology","retrospective","high","low","true","reflexive / transitive / symmetric / antisymmetric / irreflexive / asymmetric / connected","స్వావర్తన / సంక్రామక / సౌష్ఠవ / ప్రతిసౌష్ఠవ / అస్వావర్తన / ఏకదిశ / సంయుక్త","te-Telu-IN","Telu","IN","standard formal Telugu","international logical and mathematical notation with Arabic decimal digits and Latin metavariables","OLP-0014","OLP-0014-B009","upstream/content/sets-functions-relations/relations/special-properties.tex","006f2ea0d65e5069ef1509de94dd35a477ea835c19962da22f4bef48caffbee7","38","42","1183","1402","translation/content/sets-functions-relations/relations/special-properties.tex","fd37f7663d542bd022a5a78bde478af4986eb6d66e3691931125a4ba48695f99","40","45","2496","2984","pending","","The cited unit is not yet integrated into the coherent full reader; no printed or assembled PDF page is guessed.","Please double-check whether “స్వావర్తన / సంక్రామక / సౌష్ఠవ / ప్రతిసౌష్ఠవ / అస్వావర్తన / ఏకదిశ / సంయుక్త” is idiomatic and technically standard for “reflexive / transitive / symmetric / antisymmetric / irreflexive / asymmetric / connected” in Telugu logic/mathematics across Andhra Pradesh and Telangana. If not, what exact replacement should be used while leaving the displayed definition, formulas and source scope unchanged?"
"te-Telu-IN-TE-T016","te-Telu-IN-TE-T016-OCC-005","terminology","retrospective","high","low","true","reflexive / transitive / symmetric / antisymmetric / irreflexive / asymmetric / connected","స్వావర్తన / సంక్రామక / సౌష్ఠవ / ప్రతిసౌష్ఠవ / అస్వావర్తన / ఏకదిశ / సంయుక్త","te-Telu-IN","Telu","IN","standard formal Telugu","international logical and mathematical notation with Arabic decimal digits and Latin metavariables","OLP-0014","OLP-0014-B011","upstream/content/sets-functions-relations/relations/special-properties.tex","006f2ea0d65e5069ef1509de94dd35a477ea835c19962da22f4bef48caffbee7","57","60","2051","2204","translation/content/sets-functions-relations/relations/special-properties.tex","fd37f7663d542bd022a5a78bde478af4986eb6d66e3691931125a4ba48695f99","59","63","4261","4561","pending","","The cited unit is not yet integrated into the coherent full reader; no printed or assembled PDF page is guessed.","Please double-check whether “స్వావర్తన / సంక్రామక / సౌష్ఠవ / ప్రతిసౌష్ఠవ / అస్వావర్తన / ఏకదిశ / సంయుక్త” is idiomatic and technically standard for “reflexive / transitive / symmetric / antisymmetric / irreflexive / asymmetric / connected” in Telugu logic/mathematics across Andhra Pradesh and Telangana. If not, what exact replacement should be used while leaving the displayed definition, formulas and source scope unchanged?"
"te-Telu-IN-TE-T016","te-Telu-IN-TE-T016-OCC-006","terminology","retrospective","high","low","true","reflexive / transitive / symmetric / antisymmetric / irreflexive / asymmetric / connected","స్వావర్తన / సంక్రామక / సౌష్ఠవ / ప్రతిసౌష్ఠవ / అస్వావర్తన / ఏకదిశ / సంయుక్త","te-Telu-IN","Telu","IN","standard formal Telugu","international logical and mathematical notation with Arabic decimal digits and Latin metavariables","OLP-0014","OLP-0014-B013","upstream/content/sets-functions-relations/relations/special-properties.tex","006f2ea0d65e5069ef1509de94dd35a477ea835c19962da22f4bef48caffbee7","69","72","2489","2621","translation/content/sets-functions-relations/relations/special-properties.tex","fd37f7663d542bd022a5a78bde478af4986eb6d66e3691931125a4ba48695f99","74","77","5376","5638","pending","","The cited unit is not yet integrated into the coherent full reader; no printed or assembled PDF page is guessed.","Please double-check whether “స్వావర్తన / సంక్రామక / సౌష్ఠవ / ప్రతిసౌష్ఠవ / అస్వావర్తన / ఏకదిశ / సంయుక్త” is idiomatic and technically standard for “reflexive / transitive / symmetric / antisymmetric / irreflexive / asymmetric / connected” in Telugu logic/mathematics across Andhra Pradesh and Telangana. If not, what exact replacement should be used while leaving the displayed definition, formulas and source scope unchanged?"
"te-Telu-IN-TE-T016","te-Telu-IN-TE-T016-OCC-007","terminology","retrospective","high","low","true","reflexive / transitive / symmetric / antisymmetric / irreflexive / asymmetric / connected","స్వావర్తన / సంక్రామక / సౌష్ఠవ / ప్రతిసౌష్ఠవ / అస్వావర్తన / ఏకదిశ / సంయుక్త","te-Telu-IN","Telu","IN","standard formal Telugu","international logical and mathematical notation with Arabic decimal digits and Latin metavariables","OLP-0014","OLP-0014-B014","upstream/content/sets-functions-relations/relations/special-properties.tex","006f2ea0d65e5069ef1509de94dd35a477ea835c19962da22f4bef48caffbee7","74","77","2622","2771","translation/content/sets-functions-relations/relations/special-properties.tex","fd37f7663d542bd022a5a78bde478af4986eb6d66e3691931125a4ba48695f99","79","82","5639","5890","pending","","The cited unit is not yet integrated into the coherent full reader; no printed or assembled PDF page is guessed.","Please double-check whether “స్వావర్తన / సంక్రామక / సౌష్ఠవ / ప్రతిసౌష్ఠవ / అస్వావర్తన / ఏకదిశ / సంయుక్త” is idiomatic and technically standard for “reflexive / transitive / symmetric / antisymmetric / irreflexive / asymmetric / connected” in Telugu logic/mathematics across Andhra Pradesh and Telangana. If not, what exact replacement should be used while leaving the displayed definition, formulas and source scope unchanged?"
"te-Telu-IN-TE-T017","te-Telu-IN-TE-T017-OCC-001","terminology","retrospective","high","low","true","identity / equivalence relation / equivalence class / quotient / preorder / partial order / linear order / strict order","తాదాత్మ్య / తుల్యతా సంబంధం / తుల్యతా వర్గం / వర్గీకృత సమితి / పూర్వక్రమం / పాక్షిక క్రమం / రేఖీయ క్రమం / కఠిన క్రమం","te-Telu-IN","Telu","IN","standard formal Telugu","international logical and mathematical notation with Arabic decimal digits and Latin metavariables","OLP-0015","OLP-0015-B007","upstream/content/sets-functions-relations/relations/equivalence-relations.tex","d9531aa5cd774c12090fbd5c9fb289181e93cf7e9a96ecf7d4fd3fcdf5d250c7","17","21","374","617","translation/content/sets-functions-relations/relations/equivalence-relations.tex","d8066a41b17bf50535fe18c2dc0d6f3fc98d628d80e6daeda70adf0880f7d8b5","16","21","617","1096","pending","","The cited unit is not yet integrated into the coherent full reader; no printed or assembled PDF page is guessed.","Please double-check whether “తాదాత్మ్య / తుల్యతా సంబంధం / తుల్యతా వర్గం / వర్గీకృత సమితి / పూర్వక్రమం / పాక్షిక క్రమం / రేఖీయ క్రమం / కఠిన క్రమం” is idiomatic and technically standard for “identity / equivalence relation / equivalence class / quotient / preorder / partial order / linear order / strict order” in Telugu logic/mathematics across Andhra Pradesh and Telangana. If not, what exact replacement should be used while leaving the displayed definition, formulas and source scope unchanged?"
"te-Telu-IN-TE-T017","te-Telu-IN-TE-T017-OCC-002","terminology","retrospective","high","low","true","identity / equivalence relation / equivalence class / quotient / preorder / partial order / linear order / strict order","తాదాత్మ్య / తుల్యతా సంబంధం / తుల్యతా వర్గం / వర్గీకృత సమితి / పూర్వక్రమం / పాక్షిక క్రమం / రేఖీయ క్రమం / కఠిన క్రమం","te-Telu-IN","Telu","IN","standard formal Telugu","international logical and mathematical notation with Arabic decimal digits and Latin metavariables","OLP-0015","OLP-0015-B009","upstream/content/sets-functions-relations/relations/equivalence-relations.tex","d9531aa5cd774c12090fbd5c9fb289181e93cf7e9a96ecf7d4fd3fcdf5d250c7","31","37","1021","1384","translation/content/sets-functions-relations/relations/equivalence-relations.tex","d8066a41b17bf50535fe18c2dc0d6f3fc98d628d80e6daeda70adf0880f7d8b5","30","37","2007","2576","pending","","The cited unit is not yet integrated into the coherent full reader; no printed or assembled PDF page is guessed.","Please double-check whether “తాదాత్మ్య / తుల్యతా సంబంధం / తుల్యతా వర్గం / వర్గీకృత సమితి / పూర్వక్రమం / పాక్షిక క్రమం / రేఖీయ క్రమం / కఠిన క్రమం” is idiomatic and technically standard for “identity / equivalence relation / equivalence class / quotient / preorder / partial order / linear order / strict order” in Telugu logic/mathematics across Andhra Pradesh and Telangana. If not, what exact replacement should be used while leaving the displayed definition, formulas and source scope unchanged?"
"te-Telu-IN-TE-T017","te-Telu-IN-TE-T017-OCC-003","terminology","retrospective","high","low","true","identity / equivalence relation / equivalence class / quotient / preorder / partial order / linear order / strict order","తాదాత్మ్య / తుల్యతా సంబంధం / తుల్యతా వర్గం / వర్గీకృత సమితి / పూర్వక్రమం / పాక్షిక క్రమం / రేఖీయ క్రమం / కఠిన క్రమం","te-Telu-IN","Telu","IN","standard formal Telugu","international logical and mathematical notation with Arabic decimal digits and Latin metavariables","OLP-0016","OLP-0016-B006","upstream/content/sets-functions-relations/relations/orders.tex","79593789022fef31c0609b9c94856e2aef5cd5e88e92864e782bb6e6e5f4bce4","22","25","654","769","translation/content/sets-functions-relations/relations/orders.tex","a25ff974f279ce616726ad534ae841df8e9c642f1c8b99123267d9af1fe8402b","23","26","1408","1655","pending","","The cited unit is not yet integrated into the coherent full reader; no printed or assembled PDF page is guessed.","Please double-check whether “తాదాత్మ్య / తుల్యతా సంబంధం / తుల్యతా వర్గం / వర్గీకృత సమితి / పూర్వక్రమం / పాక్షిక క్రమం / రేఖీయ క్రమం / కఠిన క్రమం” is idiomatic and technically standard for “identity / equivalence relation / equivalence class / quotient / preorder / partial order / linear order / strict order” in Telugu logic/mathematics across Andhra Pradesh and Telangana. If not, what exact replacement should be used while leaving the displayed definition, formulas and source scope unchanged?"
"te-Telu-IN-TE-T017","te-Telu-IN-TE-T017-OCC-004","terminology","retrospective","high","low","true","identity / equivalence relation / equivalence class / quotient / preorder / partial order / linear order / strict order","తాదాత్మ్య / తుల్యతా సంబంధం / తుల్యతా వర్గం / వర్గీకృత సమితి / పూర్వక్రమం / పాక్షిక క్రమం / రేఖీయ క్రమం / కఠిన క్రమం","te-Telu-IN","Telu","IN","standard formal Telugu","international logical and mathematical notation with Arabic decimal digits and Latin metavariables","OLP-0016","OLP-0016-B007","upstream/content/sets-functions-relations/relations/orders.tex","79593789022fef31c0609b9c94856e2aef5cd5e88e92864e782bb6e6e5f4bce4","27","30","770","883","translation/content/sets-functions-relations/relations/orders.tex","a25ff974f279ce616726ad534ae841df8e9c642f1c8b99123267d9af1fe8402b","28","31","1656","1900","pending","","The cited unit is not yet integrated into the coherent full reader; no printed or assembled PDF page is guessed.","Please double-check whether “తాదాత్మ్య / తుల్యతా సంబంధం / తుల్యతా వర్గం / వర్గీకృత సమితి / పూర్వక్రమం / పాక్షిక క్రమం / రేఖీయ క్రమం / కఠిన క్రమం” is idiomatic and technically standard for “identity / equivalence relation / equivalence class / quotient / preorder / partial order / linear order / strict order” in Telugu logic/mathematics across Andhra Pradesh and Telangana. If not, what exact replacement should be used while leaving the displayed definition, formulas and source scope unchanged?"
"te-Telu-IN-TE-T017","te-Telu-IN-TE-T017-OCC-005","terminology","retrospective","high","low","true","identity / equivalence relation / equivalence class / quotient / preorder / partial order / linear order / strict order","తాదాత్మ్య / తుల్యతా సంబంధం / తుల్యతా వర్గం / వర్గీకృత సమితి / పూర్వక్రమం / పాక్షిక క్రమం / రేఖీయ క్రమం / కఠిన క్రమం","te-Telu-IN","Telu","IN","standard formal Telugu","international logical and mathematical notation with Arabic decimal digits and Latin metavariables","OLP-0016","OLP-0016-B008","upstream/content/sets-functions-relations/relations/orders.tex","79593789022fef31c0609b9c94856e2aef5cd5e88e92864e782bb6e6e5f4bce4","32","35","884","1042","translation/content/sets-functions-relations/relations/orders.tex","a25ff974f279ce616726ad534ae841df8e9c642f1c8b99123267d9af1fe8402b","33","36","1901","2211","pending","","The cited unit is not yet integrated into the coherent full reader; no printed or assembled PDF page is guessed.","Please double-check whether “తాదాత్మ్య / తుల్యతా సంబంధం / తుల్యతా వర్గం / వర్గీకృత సమితి / పూర్వక్రమం / పాక్షిక క్రమం / రేఖీయ క్రమం / కఠిన క్రమం” is idiomatic and technically standard for “identity / equivalence relation / equivalence class / quotient / preorder / partial order / linear order / strict order” in Telugu logic/mathematics across Andhra Pradesh and Telangana. If not, what exact replacement should be used while leaving the displayed definition, formulas and source scope unchanged?"
"te-Telu-IN-TE-T017","te-Telu-IN-TE-T017-OCC-006","terminology","retrospective","high","low","true","identity / equivalence relation / equivalence class / quotient / preorder / partial order / linear order / strict order","తాదాత్మ్య / తుల్యతా సంబంధం / తుల్యతా వర్గం / వర్గీకృత సమితి / పూర్వక్రమం / పాక్షిక క్రమం / రేఖీయ క్రమం / కఠిన క్రమం","te-Telu-IN","Telu","IN","standard formal Telugu","international logical and mathematical notation with Arabic decimal digits and Latin metavariables","OLP-0016","OLP-0016-B014","upstream/content/sets-functions-relations/relations/orders.tex","79593789022fef31c0609b9c94856e2aef5cd5e88e92864e782bb6e6e5f4bce4","82","85","3048","3172","translation/content/sets-functions-relations/relations/orders.tex","a25ff974f279ce616726ad534ae841df8e9c642f1c8b99123267d9af1fe8402b","88","91","6331","6578","pending","","The cited unit is not yet integrated into the coherent full reader; no printed or assembled PDF page is guessed.","Please double-check whether “తాదాత్మ్య / తుల్యతా సంబంధం / తుల్యతా వర్గం / వర్గీకృత సమితి / పూర్వక్రమం / పాక్షిక క్రమం / రేఖీయ క్రమం / కఠిన క్రమం” is idiomatic and technically standard for “identity / equivalence relation / equivalence class / quotient / preorder / partial order / linear order / strict order” in Telugu logic/mathematics across Andhra Pradesh and Telangana. If not, what exact replacement should be used while leaving the displayed definition, formulas and source scope unchanged?"
"te-Telu-IN-TE-T018","te-Telu-IN-TE-T018-OCC-001","terminology","retrospective","high","low","true","predicate / proposition / singular term / set-theoretic reductionism / metaphysical identity","విధేయం / ప్రతిజ్ఞావాక్యం / ఏకవస్తు పదం / సమితి-సిద్ధాంత సంక్షేపణవాదం / అధిభౌతిక తాదాత్మ్యం","te-Telu-IN","Telu","IN","standard formal Telugu","international logical and mathematical notation with Arabic decimal digits and Latin metavariables","OLP-0013","OLP-0013-B004","upstream/content/sets-functions-relations/relations/reflections.tex","75047e8806a58c0a0c07ae2e55554d9ad2affb9d5297b1d5585ebe0b2f3de651","12","19","224","702","translation/content/sets-functions-relations/relations/reflections.tex","505479a15b596b4854ce76e92eaf72d5aea79d4869e2ff5ebf1205952f7e24e3","12","19","254","1262","pending","","The cited unit is not yet integrated into the coherent full reader; no printed or assembled PDF page is guessed.","Please double-check whether “విధేయం / ప్రతిజ్ఞావాక్యం / ఏకవస్తు పదం / సమితి-సిద్ధాంత సంక్షేపణవాదం / అధిభౌతిక తాదాత్మ్యం” is idiomatic and technically standard for “predicate / proposition / singular term / set-theoretic reductionism / metaphysical identity” in Telugu logic/mathematics across Andhra Pradesh and Telangana. If not, what exact replacement should be used while leaving the displayed definition, formulas and source scope unchanged?"
"te-Telu-IN-TE-T018","te-Telu-IN-TE-T018-OCC-002","terminology","retrospective","high","low","true","predicate / proposition / singular term / set-theoretic reductionism / metaphysical identity","విధేయం / ప్రతిజ్ఞావాక్యం / ఏకవస్తు పదం / సమితి-సిద్ధాంత సంక్షేపణవాదం / అధిభౌతిక తాదాత్మ్యం","te-Telu-IN","Telu","IN","standard formal Telugu","international logical and mathematical notation with Arabic decimal digits and Latin metavariables","OLP-0013","OLP-0013-B005","upstream/content/sets-functions-relations/relations/reflections.tex","75047e8806a58c0a0c07ae2e55554d9ad2affb9d5297b1d5585ebe0b2f3de651","21","39","703","1851","translation/content/sets-functions-relations/relations/reflections.tex","505479a15b596b4854ce76e92eaf72d5aea79d4869e2ff5ebf1205952f7e24e3","21","42","1263","3477","pending","","The cited unit is not yet integrated into the coherent full reader; no printed or assembled PDF page is guessed.","Please double-check whether “విధేయం / ప్రతిజ్ఞావాక్యం / ఏకవస్తు పదం / సమితి-సిద్ధాంత సంక్షేపణవాదం / అధిభౌతిక తాదాత్మ్యం” is idiomatic and technically standard for “predicate / proposition / singular term / set-theoretic reductionism / metaphysical identity” in Telugu logic/mathematics across Andhra Pradesh and Telangana. If not, what exact replacement should be used while leaving the displayed definition, formulas and source scope unchanged?"
"te-Telu-IN-TE-T018","te-Telu-IN-TE-T018-OCC-003","terminology","retrospective","high","low","true","predicate / proposition / singular term / set-theoretic reductionism / metaphysical identity","విధేయం / ప్రతిజ్ఞావాక్యం / ఏకవస్తు పదం / సమితి-సిద్ధాంత సంక్షేపణవాదం / అధిభౌతిక తాదాత్మ్యం","te-Telu-IN","Telu","IN","standard formal Telugu","international logical and mathematical notation with Arabic decimal digits and Latin metavariables","OLP-0013","OLP-0013-B007","upstream/content/sets-functions-relations/relations/reflections.tex","75047e8806a58c0a0c07ae2e55554d9ad2affb9d5297b1d5585ebe0b2f3de651","57","68","2788","3615","translation/content/sets-functions-relations/relations/reflections.tex","505479a15b596b4854ce76e92eaf72d5aea79d4869e2ff5ebf1205952f7e24e3","61","73","5608","7424","pending","","The cited unit is not yet integrated into the coherent full reader; no printed or assembled PDF page is guessed.","Please double-check whether “విధేయం / ప్రతిజ్ఞావాక్యం / ఏకవస్తు పదం / సమితి-సిద్ధాంత సంక్షేపణవాదం / అధిభౌతిక తాదాత్మ్యం” is idiomatic and technically standard for “predicate / proposition / singular term / set-theoretic reductionism / metaphysical identity” in Telugu logic/mathematics across Andhra Pradesh and Telangana. If not, what exact replacement should be used while leaving the displayed definition, formulas and source scope unchanged?"
"te-Telu-IN-TE-T019","te-Telu-IN-TE-T019-OCC-001","terminology","retrospective","normal","medium","true","graph / vertex / edge / tree / root / branch / well-order / successor / predecessor","గ్రాఫు / శీర్షం / అంచు / వృక్షం / వృక్షమూలం / శాఖ / సుక్రమం / ఉత్తరవర్తి / పూర్వవర్తి","te-Telu-IN","Telu","IN","standard formal Telugu","international logical and mathematical notation with Arabic decimal digits and Latin metavariables","OLP-0017","OLP-0017-B005","upstream/content/sets-functions-relations/relations/graphs.tex","dec624ef4e71903b72a9f0b5fcc6a15a2e0f897f9ebe881dd9c9e21333aeee75","12","22","199","936","translation/content/sets-functions-relations/relations/graphs.tex","3dc4cce85e8e9ae78a8d6566ddc77dbdd8e17008a031016eda22c3d051176aa4","12","22","217","1944","pending","","The cited unit is not yet integrated into the coherent full reader; no printed or assembled PDF page is guessed.","Please double-check whether “గ్రాఫు / శీర్షం / అంచు / వృక్షం / వృక్షమూలం / శాఖ / సుక్రమం / ఉత్తరవర్తి / పూర్వవర్తి” is idiomatic and technically standard for “graph / vertex / edge / tree / root / branch / well-order / successor / predecessor” in Telugu logic/mathematics across Andhra Pradesh and Telangana. If not, what exact replacement should be used while leaving the displayed definition, formulas and source scope unchanged?"
"te-Telu-IN-TE-T019","te-Telu-IN-TE-T019-OCC-002","terminology","retrospective","normal","medium","true","graph / vertex / edge / tree / root / branch / well-order / successor / predecessor","గ్రాఫు / శీర్షం / అంచు / వృక్షం / వృక్షమూలం / శాఖ / సుక్రమం / ఉత్తరవర్తి / పూర్వవర్తి","te-Telu-IN","Telu","IN","standard formal Telugu","international logical and mathematical notation with Arabic decimal digits and Latin metavariables","OLP-0018","OLP-0018-B008","upstream/content/sets-functions-relations/relations/trees.tex","a158f1ce5b84c8c3f681dd6347b22491d1b67a91e110138b9cb6833e3d9dc23c","37","40","1088","1363","translation/content/sets-functions-relations/relations/trees.tex","22cbcf51a23019057a88fe05299f1bb3a23ccd9b755acc6b120a43779131b7f2","36","40","2152","2880","pending","","The cited unit is not yet integrated into the coherent full reader; no printed or assembled PDF page is guessed.","Please double-check whether “గ్రాఫు / శీర్షం / అంచు / వృక్షం / వృక్షమూలం / శాఖ / సుక్రమం / ఉత్తరవర్తి / పూర్వవర్తి” is idiomatic and technically standard for “graph / vertex / edge / tree / root / branch / well-order / successor / predecessor” in Telugu logic/mathematics across Andhra Pradesh and Telangana. If not, what exact replacement should be used while leaving the displayed definition, formulas and source scope unchanged?"
"te-Telu-IN-TE-T019","te-Telu-IN-TE-T019-OCC-003","terminology","retrospective","normal","medium","true","graph / vertex / edge / tree / root / branch / well-order / successor / predecessor","గ్రాఫు / శీర్షం / అంచు / వృక్షం / వృక్షమూలం / శాఖ / సుక్రమం / ఉత్తరవర్తి / పూర్వవర్తి","te-Telu-IN","Telu","IN","standard formal Telugu","international logical and mathematical notation with Arabic decimal digits and Latin metavariables","OLP-0018","OLP-0018-B011","upstream/content/sets-functions-relations/relations/trees.tex","a158f1ce5b84c8c3f681dd6347b22491d1b67a91e110138b9cb6833e3d9dc23c","56","60","2024","2225","translation/content/sets-functions-relations/relations/trees.tex","22cbcf51a23019057a88fe05299f1bb3a23ccd9b755acc6b120a43779131b7f2","60","64","4383","4709","pending","","The cited unit is not yet integrated into the coherent full reader; no printed or assembled PDF page is guessed.","Please double-check whether “గ్రాఫు / శీర్షం / అంచు / వృక్షం / వృక్షమూలం / శాఖ / సుక్రమం / ఉత్తరవర్తి / పూర్వవర్తి” is idiomatic and technically standard for “graph / vertex / edge / tree / root / branch / well-order / successor / predecessor” in Telugu logic/mathematics across Andhra Pradesh and Telangana. If not, what exact replacement should be used while leaving the displayed definition, formulas and source scope unchanged?"
"te-Telu-IN-TE-T020","te-Telu-IN-TE-T020-OCC-001","terminology","retrospective","high","low","true","formula / derivation / propositional logic / first-order logic / completeness / computability","సూత్రం / వ్యుత్పత్తి / ప్రతిజ్ఞావాక్యాత్మక తర్కం / మొదటిస్థాయి విధేయ తర్కం / సంపూర్ణత / గణనీయత","te-Telu-IN","Telu","IN","standard formal Telugu","international logical and mathematical notation with Arabic decimal digits and Latin metavariables","OLP-0018","OLP-0018-B005","upstream/content/sets-functions-relations/relations/trees.tex","a158f1ce5b84c8c3f681dd6347b22491d1b67a91e110138b9cb6833e3d9dc23c","12","20","197","695","translation/content/sets-functions-relations/relations/trees.tex","22cbcf51a23019057a88fe05299f1bb3a23ccd9b755acc6b120a43779131b7f2","12","19","216","1576","pending","","The cited unit is not yet integrated into the coherent full reader; no printed or assembled PDF page is guessed.","Please double-check whether “సూత్రం / వ్యుత్పత్తి / ప్రతిజ్ఞావాక్యాత్మక తర్కం / మొదటిస్థాయి విధేయ తర్కం / సంపూర్ణత / గణనీయత” is idiomatic and technically standard for “formula / derivation / propositional logic / first-order logic / completeness / computability” in Telugu logic/mathematics across Andhra Pradesh and Telangana. If not, what exact replacement should be used while leaving the displayed definition, formulas and source scope unchanged?"
"te-Telu-IN-TE-T020","te-Telu-IN-TE-T020-OCC-002","terminology","retrospective","high","low","true","formula / derivation / propositional logic / first-order logic / completeness / computability","సూత్రం / వ్యుత్పత్తి / ప్రతిజ్ఞావాక్యాత్మక తర్కం / మొదటిస్థాయి విధేయ తర్కం / సంపూర్ణత / గణనీయత","te-Telu-IN","Telu","IN","standard formal Telugu","international logical and mathematical notation with Arabic decimal digits and Latin metavariables","OLP-0018","OLP-0018-B020","upstream/content/sets-functions-relations/relations/trees.tex","a158f1ce5b84c8c3f681dd6347b22491d1b67a91e110138b9cb6833e3d9dc23c","126","128","4895","5086","translation/content/sets-functions-relations/relations/trees.tex","22cbcf51a23019057a88fe05299f1bb3a23ccd9b755acc6b120a43779131b7f2","135","137","10016","10510","pending","","The cited unit is not yet integrated into the coherent full reader; no printed or assembled PDF page is guessed.","Please double-check whether “సూత్రం / వ్యుత్పత్తి / ప్రతిజ్ఞావాక్యాత్మక తర్కం / మొదటిస్థాయి విధేయ తర్కం / సంపూర్ణత / గణనీయత” is idiomatic and technically standard for “formula / derivation / propositional logic / first-order logic / completeness / computability” in Telugu logic/mathematics across Andhra Pradesh and Telangana. If not, what exact replacement should be used while leaving the displayed definition, formulas and source scope unchanged?"
"te-Telu-IN-TE-T021","te-Telu-IN-TE-T021-OCC-001","terminology","retrospective","high","low","true","closure / restriction / relational image / relative product","సంవృతం / పరిమితం చేసిన సంబంధం / వర్తింపజేసిన ఫలితం / సాపేక్ష లబ్ధం","te-Telu-IN","Telu","IN","standard formal Telugu","international logical and mathematical notation with Arabic decimal digits and Latin metavariables","OLP-0019","OLP-0019-B008","upstream/content/sets-functions-relations/relations/operations.tex","73c8bdb301aca93f687a06a045533d75d30088ae711f5e1dfd577b7864f8d3d5","25","26","785","891","translation/content/sets-functions-relations/relations/operations.tex","b4417daaffa078966a6785ad39858a42a2c62b80f2d470b6c8954e8513fba23a","25","26","1252","1369","pending","","The cited unit is not yet integrated into the coherent full reader; no printed or assembled PDF page is guessed.","Please double-check whether “సంవృతం / పరిమితం చేసిన సంబంధం / వర్తింపజేసిన ఫలితం / సాపేక్ష లబ్ధం” is idiomatic and technically standard for “closure / restriction / relational image / relative product” in Telugu logic/mathematics across Andhra Pradesh and Telangana. If not, what exact replacement should be used while leaving the displayed definition, formulas and source scope unchanged?"
"te-Telu-IN-TE-T021","te-Telu-IN-TE-T021-OCC-002","terminology","retrospective","high","low","true","closure / restriction / relational image / relative product","సంవృతం / పరిమితం చేసిన సంబంధం / వర్తింపజేసిన ఫలితం / సాపేక్ష లబ్ధం","te-Telu-IN","Telu","IN","standard formal Telugu","international logical and mathematical notation with Arabic decimal digits and Latin metavariables","OLP-0019","OLP-0019-B009","upstream/content/sets-functions-relations/relations/operations.tex","73c8bdb301aca93f687a06a045533d75d30088ae711f5e1dfd577b7864f8d3d5","28","29","892","971","translation/content/sets-functions-relations/relations/operations.tex","b4417daaffa078966a6785ad39858a42a2c62b80f2d470b6c8954e8513fba23a","28","29","1370","1493","pending","","The cited unit is not yet integrated into the coherent full reader; no printed or assembled PDF page is guessed.","Please double-check whether “సంవృతం / పరిమితం చేసిన సంబంధం / వర్తింపజేసిన ఫలితం / సాపేక్ష లబ్ధం” is idiomatic and technically standard for “closure / restriction / relational image / relative product” in Telugu logic/mathematics across Andhra Pradesh and Telangana. If not, what exact replacement should be used while leaving the displayed definition, formulas and source scope unchanged?"
"te-Telu-IN-TE-T021","te-Telu-IN-TE-T021-OCC-003","terminology","retrospective","high","low","true","closure / restriction / relational image / relative product","సంవృతం / పరిమితం చేసిన సంబంధం / వర్తింపజేసిన ఫలితం / సాపేక్ష లబ్ధం","te-Telu-IN","Telu","IN","standard formal Telugu","international logical and mathematical notation with Arabic decimal digits and Latin metavariables","OLP-0019","OLP-0019-B010","upstream/content/sets-functions-relations/relations/operations.tex","73c8bdb301aca93f687a06a045533d75d30088ae711f5e1dfd577b7864f8d3d5","31","33","972","1072","translation/content/sets-functions-relations/relations/operations.tex","b4417daaffa078966a6785ad39858a42a2c62b80f2d470b6c8954e8513fba23a","31","33","1494","1634","pending","","The cited unit is not yet integrated into the coherent full reader; no printed or assembled PDF page is guessed.","Please double-check whether “సంవృతం / పరిమితం చేసిన సంబంధం / వర్తింపజేసిన ఫలితం / సాపేక్ష లబ్ధం” is idiomatic and technically standard for “closure / restriction / relational image / relative product” in Telugu logic/mathematics across Andhra Pradesh and Telangana. If not, what exact replacement should be used while leaving the displayed definition, formulas and source scope unchanged?"
"te-Telu-IN-TE-T021","te-Telu-IN-TE-T021-OCC-004","terminology","retrospective","high","low","true","closure / restriction / relational image / relative product","సంవృతం / పరిమితం చేసిన సంబంధం / వర్తింపజేసిన ఫలితం / సాపేక్ష లబ్ధం","te-Telu-IN","Telu","IN","standard formal Telugu","international logical and mathematical notation with Arabic decimal digits and Latin metavariables","OLP-0019","OLP-0019-B016","upstream/content/sets-functions-relations/relations/operations.tex","73c8bdb301aca93f687a06a045533d75d30088ae711f5e1dfd577b7864f8d3d5","50","50","1511","1588","translation/content/sets-functions-relations/relations/operations.tex","b4417daaffa078966a6785ad39858a42a2c62b80f2d470b6c8954e8513fba23a","51","51","2376","2541","pending","","The cited unit is not yet integrated into the coherent full reader; no printed or assembled PDF page is guessed.","Please double-check whether “సంవృతం / పరిమితం చేసిన సంబంధం / వర్తింపజేసిన ఫలితం / సాపేక్ష లబ్ధం” is idiomatic and technically standard for “closure / restriction / relational image / relative product” in Telugu logic/mathematics across Andhra Pradesh and Telangana. If not, what exact replacement should be used while leaving the displayed definition, formulas and source scope unchanged?"
"te-Telu-IN-TE-T022","te-Telu-IN-TE-T022-OCC-001","terminology","retrospective","normal","medium","true","codomain / mapping / argument / value","సహప్రవేశం / ప్రతిచిత్రణం / ఆర్గ్యుమెంట్ / విలువ","te-Telu-IN","Telu","IN","standard formal Telugu","international logical and mathematical notation with Arabic decimal digits and Latin metavariables","OLP-0021","OLP-0021-B009","upstream/content/sets-functions-relations/functions/function-basics.tex","d1fa0923e303fc49a88d4e476c319d6e91a8088de44c232dcfba5878325faea3","32","36","1033","1315","translation/content/sets-functions-relations/functions/function-basics.tex","07591f29fbe05fcfce40b2128ba2e2ce6bf13e74f2ff6a4a1ab0ac57041ecb37","32","36","2281","2954","pending","","The cited unit is not yet integrated into the coherent full reader; no printed or assembled PDF page is guessed.","Please double-check whether “సహప్రవేశం / ప్రతిచిత్రణం / ఆర్గ్యుమెంట్ / విలువ” is idiomatic and technically standard for “codomain / mapping / argument / value” in Telugu logic/mathematics across Andhra Pradesh and Telangana. If not, what exact replacement should be used while leaving the displayed definition, formulas and source scope unchanged?"
"te-Telu-IN-TE-T023","te-Telu-IN-TE-T023-OCC-001","terminology","retrospective","normal","medium","true","injective / surjective / bijective; injection / surjection / bijection","ఒకటి-ఒకటి / సంగ్రస్త / ద్విగుణ; corresponding ప్రమేయం nouns","te-Telu-IN","Telu","IN","standard formal Telugu","international logical and mathematical notation with Arabic decimal digits and Latin metavariables","OLP-0022","OLP-0022-B008","upstream/content/sets-functions-relations/functions/function-kinds.tex","4d30902b7c66720afabb8b079294106a685aefba0dc02ca10d9921bb554db0ac","29","37","780","1131","translation/content/sets-functions-relations/functions/function-kinds.tex","2618ef4e96cde6580f95ec544a0cf569682924db58ab338ffdc1ab5fd5d0a3b9","28","37","1328","2073","pending","","The cited unit is not yet integrated into the coherent full reader; no printed or assembled PDF page is guessed.","Please double-check whether “ఒకటి-ఒకటి / సంగ్రస్త / ద్విగుణ; corresponding ప్రమేయం nouns” is idiomatic and technically standard for “injective / surjective / bijective; injection / surjection / bijection” in Telugu logic/mathematics across Andhra Pradesh and Telangana. If not, what exact replacement should be used while leaving the displayed definition, formulas and source scope unchanged?"
"te-Telu-IN-TE-T023","te-Telu-IN-TE-T023-OCC-002","terminology","retrospective","normal","medium","true","injective / surjective / bijective; injection / surjection / bijection","ఒకటి-ఒకటి / సంగ్రస్త / ద్విగుణ; corresponding ప్రమేయం nouns","te-Telu-IN","Telu","IN","standard formal Telugu","international logical and mathematical notation with Arabic decimal digits and Latin metavariables","OLP-0022","OLP-0022-B012","upstream/content/sets-functions-relations/functions/function-kinds.tex","4d30902b7c66720afabb8b079294106a685aefba0dc02ca10d9921bb554db0ac","64","68","2060","2304","translation/content/sets-functions-relations/functions/function-kinds.tex","2618ef4e96cde6580f95ec544a0cf569682924db58ab338ffdc1ab5fd5d0a3b9","63","67","4195","4733","pending","","The cited unit is not yet integrated into the coherent full reader; no printed or assembled PDF page is guessed.","Please double-check whether “ఒకటి-ఒకటి / సంగ్రస్త / ద్విగుణ; corresponding ప్రమేయం nouns” is idiomatic and technically standard for “injective / surjective / bijective; injection / surjection / bijection” in Telugu logic/mathematics across Andhra Pradesh and Telangana. If not, what exact replacement should be used while leaving the displayed definition, formulas and source scope unchanged?"
"te-Telu-IN-TE-T023","te-Telu-IN-TE-T023-OCC-003","terminology","retrospective","normal","medium","true","injective / surjective / bijective; injection / surjection / bijection","ఒకటి-ఒకటి / సంగ్రస్త / ద్విగుణ; corresponding ప్రమేయం nouns","te-Telu-IN","Telu","IN","standard formal Telugu","international logical and mathematical notation with Arabic decimal digits and Latin metavariables","OLP-0022","OLP-0022-B018","upstream/content/sets-functions-relations/functions/function-kinds.tex","4d30902b7c66720afabb8b079294106a685aefba0dc02ca10d9921bb554db0ac","97","110","3064","3652","translation/content/sets-functions-relations/functions/function-kinds.tex","2618ef4e96cde6580f95ec544a0cf569682924db58ab338ffdc1ab5fd5d0a3b9","95","107","6360","7657","pending","","The cited unit is not yet integrated into the coherent full reader; no printed or assembled PDF page is guessed.","Please double-check whether “ఒకటి-ఒకటి / సంగ్రస్త / ద్విగుణ; corresponding ప్రమేయం nouns” is idiomatic and technically standard for “injective / surjective / bijective; injection / surjection / bijection” in Telugu logic/mathematics across Andhra Pradesh and Telangana. If not, what exact replacement should be used while leaving the displayed definition, formulas and source scope unchanged?"
"te-Telu-IN-TE-T024","te-Telu-IN-TE-T024-OCC-001","terminology","retrospective","high","low","true","partial / total / defined / undefined / well-defined / serial / left inverse / right inverse / Axiom of Choice","పాక్షిక / సర్వత్ర నిర్వచిత / నిర్వచిత / అనిర్వచిత / సునిర్వచిత / సీరియల్ / ఎడమ విలోమం / కుడి విలోమం / ఎంపిక స్వీకృతం","te-Telu-IN","Telu","IN","standard formal Telugu","international logical and mathematical notation with Arabic decimal digits and Latin metavariables","OLP-0026","OLP-0026-B005","upstream/content/sets-functions-relations/functions/partial-functions.tex","0f638e25ad1f565b9256846fb8b293c03663072b69a2adc5f2cfea1e94d00933","12","12","192","222","translation/content/sets-functions-relations/functions/partial-functions.tex","24c5d3bf1900d36b2beac0746daeb68a0ec3d83e21d313fdf71d8d3c4016ac31","11","11","191","253","pending","","The cited unit is not yet integrated into the coherent full reader; no printed or assembled PDF page is guessed.","Please double-check whether “పాక్షిక / సర్వత్ర నిర్వచిత / నిర్వచిత / అనిర్వచిత / సునిర్వచిత / సీరియల్ / ఎడమ విలోమం / కుడి విలోమం / ఎంపిక స్వీకృతం” is idiomatic and technically standard for “partial / total / defined / undefined / well-defined / serial / left inverse / right inverse / Axiom of Choice” in Telugu logic/mathematics across Andhra Pradesh and Telangana. If not, what exact replacement should be used while leaving the displayed definition, formulas and source scope unchanged?"
"te-Telu-IN-TE-T024","te-Telu-IN-TE-T024-OCC-002","terminology","retrospective","high","low","true","partial / total / defined / undefined / well-defined / serial / left inverse / right inverse / Axiom of Choice","పాక్షిక / సర్వత్ర నిర్వచిత / నిర్వచిత / అనిర్వచిత / సునిర్వచిత / సీరియల్ / ఎడమ విలోమం / కుడి విలోమం / ఎంపిక స్వీకృతం","te-Telu-IN","Telu","IN","standard formal Telugu","international logical and mathematical notation with Arabic decimal digits and Latin metavariables","OLP-0026","OLP-0026-B012","upstream/content/sets-functions-relations/functions/partial-functions.tex","0f638e25ad1f565b9256846fb8b293c03663072b69a2adc5f2cfea1e94d00933","58","65","1885","2278","translation/content/sets-functions-relations/functions/partial-functions.tex","24c5d3bf1900d36b2beac0746daeb68a0ec3d83e21d313fdf71d8d3c4016ac31","60","68","3477","4200","pending","","The cited unit is not yet integrated into the coherent full reader; no printed or assembled PDF page is guessed.","Please double-check whether “పాక్షిక / సర్వత్ర నిర్వచిత / నిర్వచిత / అనిర్వచిత / సునిర్వచిత / సీరియల్ / ఎడమ విలోమం / కుడి విలోమం / ఎంపిక స్వీకృతం” is idiomatic and technically standard for “partial / total / defined / undefined / well-defined / serial / left inverse / right inverse / Axiom of Choice” in Telugu logic/mathematics across Andhra Pradesh and Telangana. If not, what exact replacement should be used while leaving the displayed definition, formulas and source scope unchanged?"
"te-Telu-IN-TE-T024","te-Telu-IN-TE-T024-OCC-003","terminology","retrospective","high","low","true","partial / total / defined / undefined / well-defined / serial / left inverse / right inverse / Axiom of Choice","పాక్షిక / సర్వత్ర నిర్వచిత / నిర్వచిత / అనిర్వచిత / సునిర్వచిత / సీరియల్ / ఎడమ విలోమం / కుడి విలోమం / ఎంపిక స్వీకృతం","te-Telu-IN","Telu","IN","standard formal Telugu","international logical and mathematical notation with Arabic decimal digits and Latin metavariables","OLP-0024","OLP-0024-B011","upstream/content/sets-functions-relations/functions/inverses.tex","96e36d8cd8dc4ec0e73e9507147ecfe33d7e4f368ecf46de92efb423a7d409c1","54","60","2048","2458","translation/content/sets-functions-relations/functions/inverses.tex","ea432cb72969199e37c907f83a7f63b2f04375a1835a1a539a7ec1a600b077b8","53","61","3968","4925","pending","","The cited unit is not yet integrated into the coherent full reader; no printed or assembled PDF page is guessed.","Please double-check whether “పాక్షిక / సర్వత్ర నిర్వచిత / నిర్వచిత / అనిర్వచిత / సునిర్వచిత / సీరియల్ / ఎడమ విలోమం / కుడి విలోమం / ఎంపిక స్వీకృతం” is idiomatic and technically standard for “partial / total / defined / undefined / well-defined / serial / left inverse / right inverse / Axiom of Choice” in Telugu logic/mathematics across Andhra Pradesh and Telangana. If not, what exact replacement should be used while leaving the displayed definition, formulas and source scope unchanged?"
"te-Telu-IN-TE-T024","te-Telu-IN-TE-T024-OCC-004","terminology","retrospective","high","low","true","partial / total / defined / undefined / well-defined / serial / left inverse / right inverse / Axiom of Choice","పాక్షిక / సర్వత్ర నిర్వచిత / నిర్వచిత / అనిర్వచిత / సునిర్వచిత / సీరియల్ / ఎడమ విలోమం / కుడి విలోమం / ఎంపిక స్వీకృతం","te-Telu-IN","Telu","IN","standard formal Telugu","international logical and mathematical notation with Arabic decimal digits and Latin metavariables","OLP-0024","OLP-0024-B016","upstream/content/sets-functions-relations/functions/inverses.tex","96e36d8cd8dc4ec0e73e9507147ecfe33d7e4f368ecf46de92efb423a7d409c1","97","114","3640","4869","translation/content/sets-functions-relations/functions/inverses.tex","ea432cb72969199e37c907f83a7f63b2f04375a1835a1a539a7ec1a600b077b8","104","126","7845","10692","pending","","The cited unit is not yet integrated into the coherent full reader; no printed or assembled PDF page is guessed.","Please double-check whether “పాక్షిక / సర్వత్ర నిర్వచిత / నిర్వచిత / అనిర్వచిత / సునిర్వచిత / సీరియల్ / ఎడమ విలోమం / కుడి విలోమం / ఎంపిక స్వీకృతం” is idiomatic and technically standard for “partial / total / defined / undefined / well-defined / serial / left inverse / right inverse / Axiom of Choice” in Telugu logic/mathematics across Andhra Pradesh and Telangana. If not, what exact replacement should be used while leaving the displayed definition, formulas and source scope unchanged?"
"te-Telu-IN-TE-T025","te-Telu-IN-TE-T025-OCC-001","terminology","retrospective","normal","medium","true","constant function / identity function","స్థిర ప్రమేయం / తాదాత్మ్య ప్రమేయం","te-Telu-IN","Telu","IN","standard formal Telugu","international logical and mathematical notation with Arabic decimal digits and Latin metavariables","OLP-0022","OLP-0022-B014","upstream/content/sets-functions-relations/functions/function-kinds.tex","4d30902b7c66720afabb8b079294106a685aefba0dc02ca10d9921bb554db0ac","76","78","2485","2608","translation/content/sets-functions-relations/functions/function-kinds.tex","2618ef4e96cde6580f95ec544a0cf569682924db58ab338ffdc1ab5fd5d0a3b9","74","76","5060","5323","pending","","The cited unit is not yet integrated into the coherent full reader; no printed or assembled PDF page is guessed.","Please double-check whether “స్థిర ప్రమేయం / తాదాత్మ్య ప్రమేయం” is idiomatic and technically standard for “constant function / identity function” in Telugu logic/mathematics across Andhra Pradesh and Telangana. If not, what exact replacement should be used while leaving the displayed definition, formulas and source scope unchanged?"
"te-Telu-IN-TE-T026","te-Telu-IN-TE-T026-OCC-001","terminology","retrospective","normal","medium","true","enumeration / enumerable / nonenumerable / countability","లెక్కింపు / లెక్కించదగిన / లెక్కించలేని / లెక్కించదగినతనం","te-Telu-IN","Telu","IN","standard formal Telugu","international logical and mathematical notation with Arabic decimal digits and Latin metavariables","OLP-0029","OLP-0029-B008","upstream/content/sets-functions-relations/size-of-sets/enumerability.tex","bf6be35c0e393cb6e1d227f8e9024df4216792e663f23beb7277045487acfa67","27","32","828","1130","translation/content/sets-functions-relations/size-of-sets/enumerability.tex","e5482064d686a0b8af9e352c994a7179c7dde882437d0dd5618492e1ace540fc","27","32","1668","2380","pending","","The cited unit is not yet integrated into the coherent full reader; no printed or assembled PDF page is guessed.","Please double-check whether “లెక్కింపు / లెక్కించదగిన / లెక్కించలేని / లెక్కించదగినతనం” is idiomatic and technically standard for “enumeration / enumerable / nonenumerable / countability” in Telugu logic/mathematics across Andhra Pradesh and Telangana. If not, what exact replacement should be used while leaving the displayed definition, formulas and source scope unchanged?"
"te-Telu-IN-TE-T026","te-Telu-IN-TE-T026-OCC-002","terminology","retrospective","normal","medium","true","enumeration / enumerable / nonenumerable / countability","లెక్కింపు / లెక్కించదగిన / లెక్కించలేని / లెక్కించదగినతనం","te-Telu-IN","Telu","IN","standard formal Telugu","international logical and mathematical notation with Arabic decimal digits and Latin metavariables","OLP-0038","OLP-0038-B009","upstream/content/sets-functions-relations/size-of-sets/enumerability-alt.tex","9a9060e57403586c0f8a81353c1d9c81049869e486b4dc032fbf32542023ba8f","39","43","1379","1635","translation/content/sets-functions-relations/size-of-sets/enumerability-alt.tex","3b9135eecddac72711cedea901aa8085f0d74fc2dd0a1f86be305fc0a034bb63","39","43","3107","3635","pending","","The cited unit is not yet integrated into the coherent full reader; no printed or assembled PDF page is guessed.","Please double-check whether “లెక్కింపు / లెక్కించదగిన / లెక్కించలేని / లెక్కించదగినతనం” is idiomatic and technically standard for “enumeration / enumerable / nonenumerable / countability” in Telugu logic/mathematics across Andhra Pradesh and Telangana. If not, what exact replacement should be used while leaving the displayed definition, formulas and source scope unchanged?"
"te-Telu-IN-TE-T027","te-Telu-IN-TE-T027-OCC-001","terminology","retrospective","normal","medium","true","equinumerous / equinumerosity / cardinality / no larger than / smaller than","సమసంఖ్యాక / సమసంఖ్యాకత / సమితి పరిమాణం / పరిమాణంలో మించని / పరిమాణంలో చిన్నది","te-Telu-IN","Telu","IN","standard formal Telugu","international logical and mathematical notation with Arabic decimal digits and Latin metavariables","OLP-0028","OLP-0028-B006","upstream/content/sets-functions-relations/size-of-sets/introduction.tex","bb5010906c4b4b95ef652f372efc49c44ca9feebbca1e50fecbb29b3ff6ce8aa","13","19","214","676","translation/content/sets-functions-relations/size-of-sets/introduction.tex","989e564d689a6197ad796a0f0b6504acc256c15d2817b1a2af3e62702589f26d","13","19","220","1308","pending","","The cited unit is not yet integrated into the coherent full reader; no printed or assembled PDF page is guessed.","Please double-check whether “సమసంఖ్యాక / సమసంఖ్యాకత / సమితి పరిమాణం / పరిమాణంలో మించని / పరిమాణంలో చిన్నది” is idiomatic and technically standard for “equinumerous / equinumerosity / cardinality / no larger than / smaller than” in Telugu logic/mathematics across Andhra Pradesh and Telangana. If not, what exact replacement should be used while leaving the displayed definition, formulas and source scope unchanged?"
"te-Telu-IN-TE-T027","te-Telu-IN-TE-T027-OCC-002","terminology","retrospective","normal","medium","true","equinumerous / equinumerosity / cardinality / no larger than / smaller than","సమసంఖ్యాక / సమసంఖ్యాకత / సమితి పరిమాణం / పరిమాణంలో మించని / పరిమాణంలో చిన్నది","te-Telu-IN","Telu","IN","standard formal Telugu","international logical and mathematical notation with Arabic decimal digits and Latin metavariables","OLP-0035","OLP-0035-B007","upstream/content/sets-functions-relations/size-of-sets/equinumerous-sets.tex","025a3fc368d6873825effcb07631913762edbf2d3f9a0711d57dcd9575361251","29","32","1023","1185","translation/content/sets-functions-relations/size-of-sets/equinumerous-sets.tex","86e1b86d6dac21f19e6e5e3b74a701b2e342f30d896f38cc0b52c0486f9dab71","28","31","2170","2474","pending","","The cited unit is not yet integrated into the coherent full reader; no printed or assembled PDF page is guessed.","Please double-check whether “సమసంఖ్యాక / సమసంఖ్యాకత / సమితి పరిమాణం / పరిమాణంలో మించని / పరిమాణంలో చిన్నది” is idiomatic and technically standard for “equinumerous / equinumerosity / cardinality / no larger than / smaller than” in Telugu logic/mathematics across Andhra Pradesh and Telangana. If not, what exact replacement should be used while leaving the displayed definition, formulas and source scope unchanged?"
"te-Telu-IN-TE-T028","te-Telu-IN-TE-T028-OCC-001","terminology","retrospective","high","low","true","Cantor zig-zag / pairing function / encode / code / diagonal method / diagonalization / reduction / Schröder-Bernstein","కాంటర్ జిగ్‌జాగ్ పద్ధతి / జతీకరణ ప్రమేయం / సంకేతీకరించు / సంకేత సంఖ్య / కాంటర్ వికర్ణ పద్ధతి / వికర్ణీకరణ / సమస్యా తగ్గింపు / ష్రోడర్–బెర్న్‌స్టైన్","te-Telu-IN","Telu","IN","standard formal Telugu","international logical and mathematical notation with Arabic decimal digits and Latin metavariables","OLP-0030","OLP-0030-B006","upstream/content/sets-functions-relations/size-of-sets/zig-zag.tex","514c709d325dd5496ee321828b0c4a0e7eea089a58d3f2ecde05128b9e7daf26","13","66","223","2269","translation/content/sets-functions-relations/size-of-sets/zig-zag.tex","f6a07117600265c69ded1b100841e81e4415f3407a1103da1311b2301959146e","13","66","265","3229","pending","","The cited unit is not yet integrated into the coherent full reader; no printed or assembled PDF page is guessed.","Please double-check whether “కాంటర్ జిగ్‌జాగ్ పద్ధతి / జతీకరణ ప్రమేయం / సంకేతీకరించు / సంకేత సంఖ్య / కాంటర్ వికర్ణ పద్ధతి / వికర్ణీకరణ / సమస్యా తగ్గింపు / ష్రోడర్–బెర్న్‌స్టైన్” is idiomatic and technically standard for “Cantor zig-zag / pairing function / encode / code / diagonal method / diagonalization / reduction / Schröder-Bernstein” in Telugu logic/mathematics across Andhra Pradesh and Telangana. If not, what exact replacement should be used while leaving the displayed definition, formulas and source scope unchanged?"
"te-Telu-IN-TE-T028","te-Telu-IN-TE-T028-OCC-002","terminology","retrospective","high","low","true","Cantor zig-zag / pairing function / encode / code / diagonal method / diagonalization / reduction / Schröder-Bernstein","కాంటర్ జిగ్‌జాగ్ పద్ధతి / జతీకరణ ప్రమేయం / సంకేతీకరించు / సంకేత సంఖ్య / కాంటర్ వికర్ణ పద్ధతి / వికర్ణీకరణ / సమస్యా తగ్గింపు / ష్రోడర్–బెర్న్‌స్టైన్","te-Telu-IN","Telu","IN","standard formal Telugu","international logical and mathematical notation with Arabic decimal digits and Latin metavariables","OLP-0031","OLP-0031-B008","upstream/content/sets-functions-relations/size-of-sets/pairing.tex","fb6cc1176e91e56cea5f5b9708723c59191813f8fe256aac8ed0457a0119a9bf","51","56","1906","2168","translation/content/sets-functions-relations/size-of-sets/pairing.tex","012e783b7ed0e5d28ac39dfa79b8201dce7ade1e1f462051ec18645141d35154","53","58","4005","4456","pending","","The cited unit is not yet integrated into the coherent full reader; no printed or assembled PDF page is guessed.","Please double-check whether “కాంటర్ జిగ్‌జాగ్ పద్ధతి / జతీకరణ ప్రమేయం / సంకేతీకరించు / సంకేత సంఖ్య / కాంటర్ వికర్ణ పద్ధతి / వికర్ణీకరణ / సమస్యా తగ్గింపు / ష్రోడర్–బెర్న్‌స్టైన్” is idiomatic and technically standard for “Cantor zig-zag / pairing function / encode / code / diagonal method / diagonalization / reduction / Schröder-Bernstein” in Telugu logic/mathematics across Andhra Pradesh and Telangana. If not, what exact replacement should be used while leaving the displayed definition, formulas and source scope unchanged?"
"te-Telu-IN-TE-T028","te-Telu-IN-TE-T028-OCC-003","terminology","retrospective","high","low","true","Cantor zig-zag / pairing function / encode / code / diagonal method / diagonalization / reduction / Schröder-Bernstein","కాంటర్ జిగ్‌జాగ్ పద్ధతి / జతీకరణ ప్రమేయం / సంకేతీకరించు / సంకేత సంఖ్య / కాంటర్ వికర్ణ పద్ధతి / వికర్ణీకరణ / సమస్యా తగ్గింపు / ష్రోడర్–బెర్న్‌స్టైన్","te-Telu-IN","Telu","IN","standard formal Telugu","international logical and mathematical notation with Arabic decimal digits and Latin metavariables","OLP-0033","OLP-0033-B009","upstream/content/sets-functions-relations/size-of-sets/non-enumerability.tex","4471def29c2da48dcb01635adf692cd0bc89cb6885636db149f4b2d86ff4e9fa","33","41","1217","1831","translation/content/sets-functions-relations/size-of-sets/non-enumerability.tex","c8c78d23cc7ffa5b11450e48e9e4e18ddfe6b4f6a71ed5fa33da786b2bc19777","33","40","2369","3745","pending","","The cited unit is not yet integrated into the coherent full reader; no printed or assembled PDF page is guessed.","Please double-check whether “కాంటర్ జిగ్‌జాగ్ పద్ధతి / జతీకరణ ప్రమేయం / సంకేతీకరించు / సంకేత సంఖ్య / కాంటర్ వికర్ణ పద్ధతి / వికర్ణీకరణ / సమస్యా తగ్గింపు / ష్రోడర్–బెర్న్‌స్టైన్” is idiomatic and technically standard for “Cantor zig-zag / pairing function / encode / code / diagonal method / diagonalization / reduction / Schröder-Bernstein” in Telugu logic/mathematics across Andhra Pradesh and Telangana. If not, what exact replacement should be used while leaving the displayed definition, formulas and source scope unchanged?"
"te-Telu-IN-TE-T028","te-Telu-IN-TE-T028-OCC-004","terminology","retrospective","high","low","true","Cantor zig-zag / pairing function / encode / code / diagonal method / diagonalization / reduction / Schröder-Bernstein","కాంటర్ జిగ్‌జాగ్ పద్ధతి / జతీకరణ ప్రమేయం / సంకేతీకరించు / సంకేత సంఖ్య / కాంటర్ వికర్ణ పద్ధతి / వికర్ణీకరణ / సమస్యా తగ్గింపు / ష్రోడర్–బెర్న్‌స్టైన్","te-Telu-IN","Telu","IN","standard formal Telugu","international logical and mathematical notation with Arabic decimal digits and Latin metavariables","OLP-0034","OLP-0034-B007","upstream/content/sets-functions-relations/size-of-sets/reduction.tex","0d6d2e3280698668b837cef6dcf3134b86d2a4b48831ae516e6e33e42898c79a","20","31","467","1230","translation/content/sets-functions-relations/size-of-sets/reduction.tex","9c96b50802b697307158e929dd817d923d12e1134c410043bf25b321c15a77a5","20","31","761","2413","pending","","The cited unit is not yet integrated into the coherent full reader; no printed or assembled PDF page is guessed.","Please double-check whether “కాంటర్ జిగ్‌జాగ్ పద్ధతి / జతీకరణ ప్రమేయం / సంకేతీకరించు / సంకేత సంఖ్య / కాంటర్ వికర్ణ పద్ధతి / వికర్ణీకరణ / సమస్యా తగ్గింపు / ష్రోడర్–బెర్న్‌స్టైన్” is idiomatic and technically standard for “Cantor zig-zag / pairing function / encode / code / diagonal method / diagonalization / reduction / Schröder-Bernstein” in Telugu logic/mathematics across Andhra Pradesh and Telangana. If not, what exact replacement should be used while leaving the displayed definition, formulas and source scope unchanged?"
"te-Telu-IN-TE-T028","te-Telu-IN-TE-T028-OCC-005","terminology","retrospective","high","low","true","Cantor zig-zag / pairing function / encode / code / diagonal method / diagonalization / reduction / Schröder-Bernstein","కాంటర్ జిగ్‌జాగ్ పద్ధతి / జతీకరణ ప్రమేయం / సంకేతీకరించు / సంకేత సంఖ్య / కాంటర్ వికర్ణ పద్ధతి / వికర్ణీకరణ / సమస్యా తగ్గింపు / ష్రోడర్–బెర్న్‌స్టైన్","te-Telu-IN","Telu","IN","standard formal Telugu","international logical and mathematical notation with Arabic decimal digits and Latin metavariables","OLP-0037","OLP-0037-B005","upstream/content/sets-functions-relations/size-of-sets/schroder-bernstein.tex","7b99b3e032e24e425383734ce80ad9a5cc37d018c09205e02f37b927d50bb56a","11","11","195","253","translation/content/sets-functions-relations/size-of-sets/schroder-bernstein.tex","30819ca9588b6a34c6a5357a0f0eca5819cfa2193b64a87293adb8819501d1e6","11","11","193","301","pending","","The cited unit is not yet integrated into the coherent full reader; no printed or assembled PDF page is guessed.","Please double-check whether “కాంటర్ జిగ్‌జాగ్ పద్ధతి / జతీకరణ ప్రమేయం / సంకేతీకరించు / సంకేత సంఖ్య / కాంటర్ వికర్ణ పద్ధతి / వికర్ణీకరణ / సమస్యా తగ్గింపు / ష్రోడర్–బెర్న్‌స్టైన్” is idiomatic and technically standard for “Cantor zig-zag / pairing function / encode / code / diagonal method / diagonalization / reduction / Schröder-Bernstein” in Telugu logic/mathematics across Andhra Pradesh and Telangana. If not, what exact replacement should be used while leaving the displayed definition, formulas and source scope unchanged?"
"te-Telu-IN-TE-T029","te-Telu-IN-TE-T029-OCC-001","terminology","retrospective","high","low","true","arithmetization / embedding / commutative ring / ordered ring / ordered field","అంకగణితీకరణ / అంతఃస్థాపన / వినిమయ వలయం / క్రమిత వలయం / క్రమిత క్షేత్రం","te-Telu-IN","Telu","IN","standard formal Telugu","international logical and mathematical notation with Arabic decimal digits and Latin metavariables","OLP-0041","OLP-0041-B004","upstream/content/sets-functions-relations/arithmetization/arithmetization.tex","66101685650a7c53c6bdd3913ec5211699b0c747857882953e3413ef5f305331","8","8","143","183","translation/content/sets-functions-relations/arithmetization/arithmetization.tex","f91d9b7c1f57a95c99eae79c46459dd28ab49cff2c1352b44a5f3ccdf428bca7","8","8","142","200","pending","","The cited unit is not yet integrated into the coherent full reader; no printed or assembled PDF page is guessed.","Please double-check whether “అంకగణితీకరణ / అంతఃస్థాపన / వినిమయ వలయం / క్రమిత వలయం / క్రమిత క్షేత్రం” is idiomatic and technically standard for “arithmetization / embedding / commutative ring / ordered ring / ordered field” in Telugu logic/mathematics across Andhra Pradesh and Telangana. If not, what exact replacement should be used while leaving the displayed definition, formulas and source scope unchanged?"
"te-Telu-IN-TE-T029","te-Telu-IN-TE-T029-OCC-002","terminology","retrospective","high","low","true","arithmetization / embedding / commutative ring / ordered ring / ordered field","అంకగణితీకరణ / అంతఃస్థాపన / వినిమయ వలయం / క్రమిత వలయం / క్రమిత క్షేత్రం","te-Telu-IN","Telu","IN","standard formal Telugu","international logical and mathematical notation with Arabic decimal digits and Latin metavariables","OLP-0047","OLP-0047-B006","upstream/content/sets-functions-relations/arithmetization/checking-details.tex","d791c146f159c8e43368c12cd1a10e61a53f501baf9f3d2c606c7bd589c0ae01","23","36","727","1488","translation/content/sets-functions-relations/arithmetization/checking-details.tex","f70445b4721b04558737ca4146a4c92a149caa441a58d8dc020372c71881e414","22","39","1309","2448","pending","","The cited unit is not yet integrated into the coherent full reader; no printed or assembled PDF page is guessed.","Please double-check whether “అంకగణితీకరణ / అంతఃస్థాపన / వినిమయ వలయం / క్రమిత వలయం / క్రమిత క్షేత్రం” is idiomatic and technically standard for “arithmetization / embedding / commutative ring / ordered ring / ordered field” in Telugu logic/mathematics across Andhra Pradesh and Telangana. If not, what exact replacement should be used while leaving the displayed definition, formulas and source scope unchanged?"
"te-Telu-IN-TE-T029","te-Telu-IN-TE-T029-OCC-003","terminology","retrospective","high","low","true","arithmetization / embedding / commutative ring / ordered ring / ordered field","అంకగణితీకరణ / అంతఃస్థాపన / వినిమయ వలయం / క్రమిత వలయం / క్రమిత క్షేత్రం","te-Telu-IN","Telu","IN","standard formal Telugu","international logical and mathematical notation with Arabic decimal digits and Latin metavariables","OLP-0047","OLP-0047-B019","upstream/content/sets-functions-relations/arithmetization/checking-details.tex","d791c146f159c8e43368c12cd1a10e61a53f501baf9f3d2c606c7bd589c0ae01","127","136","5440","5926","translation/content/sets-functions-relations/arithmetization/checking-details.tex","f70445b4721b04558737ca4146a4c92a149caa441a58d8dc020372c71881e414","131","140","8698","9611","pending","","The cited unit is not yet integrated into the coherent full reader; no printed or assembled PDF page is guessed.","Please double-check whether “అంకగణితీకరణ / అంతఃస్థాపన / వినిమయ వలయం / క్రమిత వలయం / క్రమిత క్షేత్రం” is idiomatic and technically standard for “arithmetization / embedding / commutative ring / ordered ring / ordered field” in Telugu logic/mathematics across Andhra Pradesh and Telangana. If not, what exact replacement should be used while leaving the displayed definition, formulas and source scope unchanged?"
"te-Telu-IN-TE-T030","te-Telu-IN-TE-T030-OCC-001","terminology","retrospective","high","low","true","upper bound / least upper bound / greatest lower bound / Completeness Property / Dedekind cut / initial segment / Cauchy sequence / limit","ఊర్ధ్వ అవధి / కనిష్ఠ ఊర్ధ్వ అవధి / గరిష్ఠ అధో అవధి / సంపూర్ణతా ధర్మం / డెడెకిండ్ కోత / ఆద్య ఖండం / కౌషీ క్రమం / పరిమితి","te-Telu-IN","Telu","IN","standard formal Telugu","international logical and mathematical notation with Arabic decimal digits and Latin metavariables","OLP-0044","OLP-0044-B011","upstream/content/sets-functions-relations/arithmetization/reals.tex","3df30161417b836178ff701aa3d778b9ec7c1ba8e3a8a54f98b5584a7960f453","74","74","3323","3725","translation/content/sets-functions-relations/arithmetization/reals.tex","57152c80e37885a558cf6fb25d4d26033725e88d9dae4cc074afbe968789ea02","76","81","6259","7200","pending","","The cited unit is not yet integrated into the coherent full reader; no printed or assembled PDF page is guessed.","Please double-check whether “ఊర్ధ్వ అవధి / కనిష్ఠ ఊర్ధ్వ అవధి / గరిష్ఠ అధో అవధి / సంపూర్ణతా ధర్మం / డెడెకిండ్ కోత / ఆద్య ఖండం / కౌషీ క్రమం / పరిమితి” is idiomatic and technically standard for “upper bound / least upper bound / greatest lower bound / Completeness Property / Dedekind cut / initial segment / Cauchy sequence / limit” in Telugu logic/mathematics across Andhra Pradesh and Telangana. If not, what exact replacement should be used while leaving the displayed definition, formulas and source scope unchanged?"
"te-Telu-IN-TE-T030","te-Telu-IN-TE-T030-OCC-002","terminology","retrospective","high","low","true","upper bound / least upper bound / greatest lower bound / Completeness Property / Dedekind cut / initial segment / Cauchy sequence / limit","ఊర్ధ్వ అవధి / కనిష్ఠ ఊర్ధ్వ అవధి / గరిష్ఠ అధో అవధి / సంపూర్ణతా ధర్మం / డెడెకిండ్ కోత / ఆద్య ఖండం / కౌషీ క్రమం / పరిమితి","te-Telu-IN","Telu","IN","standard formal Telugu","international logical and mathematical notation with Arabic decimal digits and Latin metavariables","OLP-0045","OLP-0045-B006","upstream/content/sets-functions-relations/arithmetization/cuts.tex","e7cb1029bcb0f0f1ac677c005af8d4e6a10df84bfff50c7483447b972324b44c","26","36","999","1502","translation/content/sets-functions-relations/arithmetization/cuts.tex","1c88716ed0e4777af4cca389cb367a45a15872a20e5f0391680277469d6a72d2","26","36","1999","2841","pending","","The cited unit is not yet integrated into the coherent full reader; no printed or assembled PDF page is guessed.","Please double-check whether “ఊర్ధ్వ అవధి / కనిష్ఠ ఊర్ధ్వ అవధి / గరిష్ఠ అధో అవధి / సంపూర్ణతా ధర్మం / డెడెకిండ్ కోత / ఆద్య ఖండం / కౌషీ క్రమం / పరిమితి” is idiomatic and technically standard for “upper bound / least upper bound / greatest lower bound / Completeness Property / Dedekind cut / initial segment / Cauchy sequence / limit” in Telugu logic/mathematics across Andhra Pradesh and Telangana. If not, what exact replacement should be used while leaving the displayed definition, formulas and source scope unchanged?"
"te-Telu-IN-TE-T030","te-Telu-IN-TE-T030-OCC-003","terminology","retrospective","high","low","true","upper bound / least upper bound / greatest lower bound / Completeness Property / Dedekind cut / initial segment / Cauchy sequence / limit","ఊర్ధ్వ అవధి / కనిష్ఠ ఊర్ధ్వ అవధి / గరిష్ఠ అధో అవధి / సంపూర్ణతా ధర్మం / డెడెకిండ్ కోత / ఆద్య ఖండం / కౌషీ క్రమం / పరిమితి","te-Telu-IN","Telu","IN","standard formal Telugu","international logical and mathematical notation with Arabic decimal digits and Latin metavariables","OLP-0048","OLP-0048-B009","upstream/content/sets-functions-relations/arithmetization/cauchy.tex","35d0a39913340eadcab7fb9d7742b56aef0d0f29868cd65eeca9dc53694e8ac2","75","87","3164","3947","translation/content/sets-functions-relations/arithmetization/cauchy.tex","d7bd1194aa5bab6eb7b9d92feefc8df30f35dca17d5ec46df2c63fd08c66b995","70","82","6505","7992","pending","","The cited unit is not yet integrated into the coherent full reader; no printed or assembled PDF page is guessed.","Please double-check whether “ఊర్ధ్వ అవధి / కనిష్ఠ ఊర్ధ్వ అవధి / గరిష్ఠ అధో అవధి / సంపూర్ణతా ధర్మం / డెడెకిండ్ కోత / ఆద్య ఖండం / కౌషీ క్రమం / పరిమితి” is idiomatic and technically standard for “upper bound / least upper bound / greatest lower bound / Completeness Property / Dedekind cut / initial segment / Cauchy sequence / limit” in Telugu logic/mathematics across Andhra Pradesh and Telangana. If not, what exact replacement should be used while leaving the displayed definition, formulas and source scope unchanged?"
"te-Telu-IN-TE-T031","te-Telu-IN-TE-T031-OCC-001","terminology","retrospective","high","low","true","Dedekind infinite / Dedekind algebra / f-closed / arithmetical induction / isomorphic","డెడెకిండ్ అనంతం / డెడెకిండ్ బీజగణితం / f-సంవృతం / అంకగణిత ఆగమనం / సమరూపం","te-Telu-IN","Telu","IN","standard formal Telugu","international logical and mathematical notation with Arabic decimal digits and Latin metavariables","OLP-0051","OLP-0051-B013","upstream/content/sets-functions-relations/infinite/dedekind-algebra.tex","9cee716bb8cb3bfd507ed5c17bbd4477d05995af6f8f8d411087793bdaa86036","81","89","3259","3602","translation/content/sets-functions-relations/infinite/dedekind-algebra.tex","6c21001b9772885daf96999b0a14730bea9cda98ab7066967e6f8803a99781c5","94","102","7290","7854","pending","","The cited unit is not yet integrated into the coherent full reader; no printed or assembled PDF page is guessed.","Please double-check whether “డెడెకిండ్ అనంతం / డెడెకిండ్ బీజగణితం / f-సంవృతం / అంకగణిత ఆగమనం / సమరూపం” is idiomatic and technically standard for “Dedekind infinite / Dedekind algebra / f-closed / arithmetical induction / isomorphic” in Telugu logic/mathematics across Andhra Pradesh and Telangana. If not, what exact replacement should be used while leaving the displayed definition, formulas and source scope unchanged?"
"te-Telu-IN-TE-T031","te-Telu-IN-TE-T031-OCC-002","terminology","retrospective","high","low","true","Dedekind infinite / Dedekind algebra / f-closed / arithmetical induction / isomorphic","డెడెకిండ్ అనంతం / డెడెకిండ్ బీజగణితం / f-సంవృతం / అంకగణిత ఆగమనం / సమరూపం","te-Telu-IN","Telu","IN","standard formal Telugu","international logical and mathematical notation with Arabic decimal digits and Latin metavariables","OLP-0051","OLP-0051-B014","upstream/content/sets-functions-relations/infinite/dedekind-algebra.tex","9cee716bb8cb3bfd507ed5c17bbd4477d05995af6f8f8d411087793bdaa86036","91","96","3604","3974","translation/content/sets-functions-relations/infinite/dedekind-algebra.tex","6c21001b9772885daf96999b0a14730bea9cda98ab7066967e6f8803a99781c5","104","109","7855","8661","pending","","The cited unit is not yet integrated into the coherent full reader; no printed or assembled PDF page is guessed.","Please double-check whether “డెడెకిండ్ అనంతం / డెడెకిండ్ బీజగణితం / f-సంవృతం / అంకగణిత ఆగమనం / సమరూపం” is idiomatic and technically standard for “Dedekind infinite / Dedekind algebra / f-closed / arithmetical induction / isomorphic” in Telugu logic/mathematics across Andhra Pradesh and Telangana. If not, what exact replacement should be used while leaving the displayed definition, formulas and source scope unchanged?"
"te-Telu-IN-TE-T031","te-Telu-IN-TE-T031-OCC-003","terminology","retrospective","high","low","true","Dedekind infinite / Dedekind algebra / f-closed / arithmetical induction / isomorphic","డెడెకిండ్ అనంతం / డెడెకిండ్ బీజగణితం / f-సంవృతం / అంకగణిత ఆగమనం / సమరూపం","te-Telu-IN","Telu","IN","standard formal Telugu","international logical and mathematical notation with Arabic decimal digits and Latin metavariables","OLP-0051","OLP-0051-B006","upstream/content/sets-functions-relations/infinite/dedekind-algebra.tex","9cee716bb8cb3bfd507ed5c17bbd4477d05995af6f8f8d411087793bdaa86036","41","46","1585","1842","translation/content/sets-functions-relations/infinite/dedekind-algebra.tex","6c21001b9772885daf96999b0a14730bea9cda98ab7066967e6f8803a99781c5","45","56","3803","4919","pending","","The cited unit is not yet integrated into the coherent full reader; no printed or assembled PDF page is guessed.","Please double-check whether “డెడెకిండ్ అనంతం / డెడెకిండ్ బీజగణితం / f-సంవృతం / అంకగణిత ఆగమనం / సమరూపం” is idiomatic and technically standard for “Dedekind infinite / Dedekind algebra / f-closed / arithmetical induction / isomorphic” in Telugu logic/mathematics across Andhra Pradesh and Telangana. If not, what exact replacement should be used while leaving the displayed definition, formulas and source scope unchanged?"
"te-Telu-IN-TE-T031","te-Telu-IN-TE-T031-OCC-004","terminology","retrospective","high","low","true","Dedekind infinite / Dedekind algebra / f-closed / arithmetical induction / isomorphic","డెడెకిండ్ అనంతం / డెడెకిండ్ బీజగణితం / f-సంవృతం / అంకగణిత ఆగమనం / సమరూపం","te-Telu-IN","Telu","IN","standard formal Telugu","international logical and mathematical notation with Arabic decimal digits and Latin metavariables","OLP-0052","OLP-0052-B006","upstream/content/sets-functions-relations/infinite/dedekind-induction.tex","ea5f6c80d70abca6f5598de3e221c2f60524c40cbf533ae8a5336d5bb7186537","16","21","478","748","translation/content/sets-functions-relations/infinite/dedekind-induction.tex","7fd385dc7fbf2700c76424e02f23ba0aed31ba7462817e79749b28b3a31864b4","16","22","741","1169","pending","","The cited unit is not yet integrated into the coherent full reader; no printed or assembled PDF page is guessed.","Please double-check whether “డెడెకిండ్ అనంతం / డెడెకిండ్ బీజగణితం / f-సంవృతం / అంకగణిత ఆగమనం / సమరూపం” is idiomatic and technically standard for “Dedekind infinite / Dedekind algebra / f-closed / arithmetical induction / isomorphic” in Telugu logic/mathematics across Andhra Pradesh and Telangana. If not, what exact replacement should be used while leaving the displayed definition, formulas and source scope unchanged?"
"te-Telu-IN-TE-T031","te-Telu-IN-TE-T031-OCC-005","terminology","retrospective","high","low","true","Dedekind infinite / Dedekind algebra / f-closed / arithmetical induction / isomorphic","డెడెకిండ్ అనంతం / డెడెకిండ్ బీజగణితం / f-సంవృతం / అంకగణిత ఆగమనం / సమరూపం","te-Telu-IN","Telu","IN","standard formal Telugu","international logical and mathematical notation with Arabic decimal digits and Latin metavariables","OLP-0053","OLP-0053-B007","upstream/content/sets-functions-relations/infinite/dedekinds-proof.tex","a7c41cebb6b7b0e2bed0d187777be4ba69fecdb17baa070975a0ca5c5c55b8bf","28","40","1022","1896","translation/content/sets-functions-relations/infinite/dedekinds-proof.tex","8c5e9923ff0138a5f4845e8bff1261a32997ec52667ed49884a2134defab3702","26","38","1884","3734","pending","","The cited unit is not yet integrated into the coherent full reader; no printed or assembled PDF page is guessed.","Please double-check whether “డెడెకిండ్ అనంతం / డెడెకిండ్ బీజగణితం / f-సంవృతం / అంకగణిత ఆగమనం / సమరూపం” is idiomatic and technically standard for “Dedekind infinite / Dedekind algebra / f-closed / arithmetical induction / isomorphic” in Telugu logic/mathematics across Andhra Pradesh and Telangana. If not, what exact replacement should be used while leaving the displayed definition, formulas and source scope unchanged?"
"te-Telu-IN-TE-T032","te-Telu-IN-TE-T032-OCC-001","terminology","retrospective","high","low","true","syntax / semantics / propositional variable / logical connective / negation / conjunction / disjunction / conditional / biconditional / atomic formula / syntactic identity / formation sequence / unique readability / uniform substitution","వాక్యనిర్మాణం / అర్థవిచారం / ప్రతిజ్ఞావాక్య చరం / తార్కిక సంయోజకం / నిషేధం / సంయోగం / వికల్పం / సోపాధికం / ద్విసోపాధికం / పరమాణు సూత్రం / వాక్యనిర్మాణ తాదాత్మ్యం / నిర్మాణ క్రమం / ఏకైక పఠనీయత / ఏకరీతి ప్రతిస్థాపన","te-Telu-IN","Telu","IN","standard formal Telugu","international logical and mathematical notation with Arabic decimal digits and Latin metavariables","OLP-0056","OLP-0056-B004","upstream/content/propositional-logic/syntax-and-semantics/syntax-and-semantics.tex","d99022091f0fa2b689b3a3e845c3908dd45c8a9c36c74f3d9c589d17d629f805","8","8","142","184","translation/content/propositional-logic/syntax-and-semantics/syntax-and-semantics.tex","34f88b591779c7b8e55f6dcd16bd466e9c3c191a603973201656eaebef347f59","8","8","142","250","pending","","The cited unit is not yet integrated into the coherent full reader; no printed or assembled PDF page is guessed.","Please double-check whether “వాక్యనిర్మాణం / అర్థవిచారం / ప్రతిజ్ఞావాక్య చరం / తార్కిక సంయోజకం / నిషేధం / సంయోగం / వికల్పం / సోపాధికం / ద్విసోపాధికం / పరమాణు సూత్రం / వాక్యనిర్మాణ తాదాత్మ్యం / నిర్మాణ క్రమం / ఏకైక పఠనీయత / ఏకరీతి ప్రతిస్థాపన” is idiomatic and technically standard for “syntax / semantics / propositional variable / logical connective / negation / conjunction / disjunction / conditional / biconditional / atomic formula / syntactic identity / formation sequence / unique readability / uniform substitution” in Telugu logic/mathematics across Andhra Pradesh and Telangana. If not, what exact replacement should be used while leaving the displayed definition, formulas and source scope unchanged?"
"te-Telu-IN-TE-T032","te-Telu-IN-TE-T032-OCC-002","terminology","retrospective","high","low","true","syntax / semantics / propositional variable / logical connective / negation / conjunction / disjunction / conditional / biconditional / atomic formula / syntactic identity / formation sequence / unique readability / uniform substitution","వాక్యనిర్మాణం / అర్థవిచారం / ప్రతిజ్ఞావాక్య చరం / తార్కిక సంయోజకం / నిషేధం / సంయోగం / వికల్పం / సోపాధికం / ద్విసోపాధికం / పరమాణు సూత్రం / వాక్యనిర్మాణ తాదాత్మ్యం / నిర్మాణ క్రమం / ఏకైక పఠనీయత / ఏకరీతి ప్రతిస్థాపన","te-Telu-IN","Telu","IN","standard formal Telugu","international logical and mathematical notation with Arabic decimal digits and Latin metavariables","OLP-0058","OLP-0058-B007","upstream/content/propositional-logic/syntax-and-semantics/formulas.tex","f05ab9c5e23b362dbee9f6063f096f52ebc9e7f97b29acc9c07f18788f1f8f48","20","33","533","1168","translation/content/propositional-logic/syntax-and-semantics/formulas.tex","0a7d4aece28630215f7ddb3c3496a9bd0707d357580bed575b834ca99fa5c9b8","19","32","933","2068","pending","","The cited unit is not yet integrated into the coherent full reader; no printed or assembled PDF page is guessed.","Please double-check whether “వాక్యనిర్మాణం / అర్థవిచారం / ప్రతిజ్ఞావాక్య చరం / తార్కిక సంయోజకం / నిషేధం / సంయోగం / వికల్పం / సోపాధికం / ద్విసోపాధికం / పరమాణు సూత్రం / వాక్యనిర్మాణ తాదాత్మ్యం / నిర్మాణ క్రమం / ఏకైక పఠనీయత / ఏకరీతి ప్రతిస్థాపన” is idiomatic and technically standard for “syntax / semantics / propositional variable / logical connective / negation / conjunction / disjunction / conditional / biconditional / atomic formula / syntactic identity / formation sequence / unique readability / uniform substitution” in Telugu logic/mathematics across Andhra Pradesh and Telangana. If not, what exact replacement should be used while leaving the displayed definition, formulas and source scope unchanged?"
"te-Telu-IN-TE-T032","te-Telu-IN-TE-T032-OCC-003","terminology","retrospective","high","low","true","syntax / semantics / propositional variable / logical connective / negation / conjunction / disjunction / conditional / biconditional / atomic formula / syntactic identity / formation sequence / unique readability / uniform substitution","వాక్యనిర్మాణం / అర్థవిచారం / ప్రతిజ్ఞావాక్య చరం / తార్కిక సంయోజకం / నిషేధం / సంయోగం / వికల్పం / సోపాధికం / ద్విసోపాధికం / పరమాణు సూత్రం / వాక్యనిర్మాణ తాదాత్మ్యం / నిర్మాణ క్రమం / ఏకైక పఠనీయత / ఏకరీతి ప్రతిస్థాపన","te-Telu-IN","Telu","IN","standard formal Telugu","international logical and mathematical notation with Arabic decimal digits and Latin metavariables","OLP-0058","OLP-0058-B034","upstream/content/propositional-logic/syntax-and-semantics/formulas.tex","f05ab9c5e23b362dbee9f6063f096f52ebc9e7f97b29acc9c07f18788f1f8f48","167","171","6239","6490","translation/content/propositional-logic/syntax-and-semantics/formulas.tex","0a7d4aece28630215f7ddb3c3496a9bd0707d357580bed575b834ca99fa5c9b8","177","182","13012","13607","pending","","The cited unit is not yet integrated into the coherent full reader; no printed or assembled PDF page is guessed.","Please double-check whether “వాక్యనిర్మాణం / అర్థవిచారం / ప్రతిజ్ఞావాక్య చరం / తార్కిక సంయోజకం / నిషేధం / సంయోగం / వికల్పం / సోపాధికం / ద్విసోపాధికం / పరమాణు సూత్రం / వాక్యనిర్మాణ తాదాత్మ్యం / నిర్మాణ క్రమం / ఏకైక పఠనీయత / ఏకరీతి ప్రతిస్థాపన” is idiomatic and technically standard for “syntax / semantics / propositional variable / logical connective / negation / conjunction / disjunction / conditional / biconditional / atomic formula / syntactic identity / formation sequence / unique readability / uniform substitution” in Telugu logic/mathematics across Andhra Pradesh and Telangana. If not, what exact replacement should be used while leaving the displayed definition, formulas and source scope unchanged?"
"te-Telu-IN-TE-T032","te-Telu-IN-TE-T032-OCC-004","terminology","retrospective","high","low","true","syntax / semantics / propositional variable / logical connective / negation / conjunction / disjunction / conditional / biconditional / atomic formula / syntactic identity / formation sequence / unique readability / uniform substitution","వాక్యనిర్మాణం / అర్థవిచారం / ప్రతిజ్ఞావాక్య చరం / తార్కిక సంయోజకం / నిషేధం / సంయోగం / వికల్పం / సోపాధికం / ద్విసోపాధికం / పరమాణు సూత్రం / వాక్యనిర్మాణ తాదాత్మ్యం / నిర్మాణ క్రమం / ఏకైక పఠనీయత / ఏకరీతి ప్రతిస్థాపన","te-Telu-IN","Telu","IN","standard formal Telugu","international logical and mathematical notation with Arabic decimal digits and Latin metavariables","OLP-0060","OLP-0060-B006","upstream/content/propositional-logic/syntax-and-semantics/formation-sequences.tex","fff70555c1ef515d9092e72c91496aa898f74e4dd41e4cadc82f49a30c5850f5","13","18","230","590","translation/content/propositional-logic/syntax-and-semantics/formation-sequences.tex","0ef97730a1938c2018208a862cad550b97d16b7ca1f7545368f6d0122bac62a2","13","17","254","1068","pending","","The cited unit is not yet integrated into the coherent full reader; no printed or assembled PDF page is guessed.","Please double-check whether “వాక్యనిర్మాణం / అర్థవిచారం / ప్రతిజ్ఞావాక్య చరం / తార్కిక సంయోజకం / నిషేధం / సంయోగం / వికల్పం / సోపాధికం / ద్విసోపాధికం / పరమాణు సూత్రం / వాక్యనిర్మాణ తాదాత్మ్యం / నిర్మాణ క్రమం / ఏకైక పఠనీయత / ఏకరీతి ప్రతిస్థాపన” is idiomatic and technically standard for “syntax / semantics / propositional variable / logical connective / negation / conjunction / disjunction / conditional / biconditional / atomic formula / syntactic identity / formation sequence / unique readability / uniform substitution” in Telugu logic/mathematics across Andhra Pradesh and Telangana. If not, what exact replacement should be used while leaving the displayed definition, formulas and source scope unchanged?"
"te-Telu-IN-TE-T032","te-Telu-IN-TE-T032-OCC-005","terminology","retrospective","high","low","true","syntax / semantics / propositional variable / logical connective / negation / conjunction / disjunction / conditional / biconditional / atomic formula / syntactic identity / formation sequence / unique readability / uniform substitution","వాక్యనిర్మాణం / అర్థవిచారం / ప్రతిజ్ఞావాక్య చరం / తార్కిక సంయోజకం / నిషేధం / సంయోగం / వికల్పం / సోపాధికం / ద్విసోపాధికం / పరమాణు సూత్రం / వాక్యనిర్మాణ తాదాత్మ్యం / నిర్మాణ క్రమం / ఏకైక పఠనీయత / ఏకరీతి ప్రతిస్థాపన","te-Telu-IN","Telu","IN","standard formal Telugu","international logical and mathematical notation with Arabic decimal digits and Latin metavariables","OLP-0059","OLP-0059-B021","upstream/content/propositional-logic/syntax-and-semantics/preliminaries.tex","32b55f3fdc69170d1c4856c5abd86e8845d1d4993b8e649a0501475ad0c5a9dc","91","98","2838","3289","translation/content/propositional-logic/syntax-and-semantics/preliminaries.tex","3bb2b76854818189e48ae4cf58a61a085e17490324576de009f7645487df5651","96","104","5168","5999","pending","","The cited unit is not yet integrated into the coherent full reader; no printed or assembled PDF page is guessed.","Please double-check whether “వాక్యనిర్మాణం / అర్థవిచారం / ప్రతిజ్ఞావాక్య చరం / తార్కిక సంయోజకం / నిషేధం / సంయోగం / వికల్పం / సోపాధికం / ద్విసోపాధికం / పరమాణు సూత్రం / వాక్యనిర్మాణ తాదాత్మ్యం / నిర్మాణ క్రమం / ఏకైక పఠనీయత / ఏకరీతి ప్రతిస్థాపన” is idiomatic and technically standard for “syntax / semantics / propositional variable / logical connective / negation / conjunction / disjunction / conditional / biconditional / atomic formula / syntactic identity / formation sequence / unique readability / uniform substitution” in Telugu logic/mathematics across Andhra Pradesh and Telangana. If not, what exact replacement should be used while leaving the displayed definition, formulas and source scope unchanged?"
"te-Telu-IN-TE-T033","te-Telu-IN-TE-T033-OCC-001","terminology","retrospective","high","low","true","truth value / valuation / evaluation / satisfaction / tautology / entailment / satisfiable / unsatisfiable / contingent / Local Determination / Semantic Deduction Theorem","సత్యమూల్యం / మూల్యనిర్ణయం / మూల్యాంకనం / సంతృప్తి / సర్వసత్యం / అర్థపర అనుగమనం / సంతృప్తిపరచదగిన / సంతృప్తిపరచలేని / పరిస్థిత్యాధీన / స్థానిక నిర్ణయితత్వం / అర్థపర నిగమన సిద్ధాంతం","te-Telu-IN","Telu","IN","standard formal Telugu","international logical and mathematical notation with Arabic decimal digits and Latin metavariables","OLP-0061","OLP-0061-B006","upstream/content/propositional-logic/syntax-and-semantics/valuations-sat.tex","9f0b5ecd5a8462ab5d970546602a1a0b0e46e5908c6a0f46369f93543583f882","13","19","247","586","translation/content/propositional-logic/syntax-and-semantics/valuations-sat.tex","cc30d2ec1c186a1aec89a6548e173511bb70e017dd6d186cbf0ab96babb2cfa7","13","19","271","973","pending","","The cited unit is not yet integrated into the coherent full reader; no printed or assembled PDF page is guessed.","Please double-check whether “సత్యమూల్యం / మూల్యనిర్ణయం / మూల్యాంకనం / సంతృప్తి / సర్వసత్యం / అర్థపర అనుగమనం / సంతృప్తిపరచదగిన / సంతృప్తిపరచలేని / పరిస్థిత్యాధీన / స్థానిక నిర్ణయితత్వం / అర్థపర నిగమన సిద్ధాంతం” is idiomatic and technically standard for “truth value / valuation / evaluation / satisfaction / tautology / entailment / satisfiable / unsatisfiable / contingent / Local Determination / Semantic Deduction Theorem” in Telugu logic/mathematics across Andhra Pradesh and Telangana. If not, what exact replacement should be used while leaving the displayed definition, formulas and source scope unchanged?"
"te-Telu-IN-TE-T033","te-Telu-IN-TE-T033-OCC-002","terminology","retrospective","high","low","true","truth value / valuation / evaluation / satisfaction / tautology / entailment / satisfiable / unsatisfiable / contingent / Local Determination / Semantic Deduction Theorem","సత్యమూల్యం / మూల్యనిర్ణయం / మూల్యాంకనం / సంతృప్తి / సర్వసత్యం / అర్థపర అనుగమనం / సంతృప్తిపరచదగిన / సంతృప్తిపరచలేని / పరిస్థిత్యాధీన / స్థానిక నిర్ణయితత్వం / అర్థపర నిగమన సిద్ధాంతం","te-Telu-IN","Telu","IN","standard formal Telugu","international logical and mathematical notation with Arabic decimal digits and Latin metavariables","OLP-0061","OLP-0061-B010","upstream/content/propositional-logic/syntax-and-semantics/valuations-sat.tex","9f0b5ecd5a8462ab5d970546602a1a0b0e46e5908c6a0f46369f93543583f882","133","140","4006","4430","translation/content/propositional-logic/syntax-and-semantics/valuations-sat.tex","cc30d2ec1c186a1aec89a6548e173511bb70e017dd6d186cbf0ab96babb2cfa7","134","148","4905","6497","pending","","The cited unit is not yet integrated into the coherent full reader; no printed or assembled PDF page is guessed.","Please double-check whether “సత్యమూల్యం / మూల్యనిర్ణయం / మూల్యాంకనం / సంతృప్తి / సర్వసత్యం / అర్థపర అనుగమనం / సంతృప్తిపరచదగిన / సంతృప్తిపరచలేని / పరిస్థిత్యాధీన / స్థానిక నిర్ణయితత్వం / అర్థపర నిగమన సిద్ధాంతం” is idiomatic and technically standard for “truth value / valuation / evaluation / satisfaction / tautology / entailment / satisfiable / unsatisfiable / contingent / Local Determination / Semantic Deduction Theorem” in Telugu logic/mathematics across Andhra Pradesh and Telangana. If not, what exact replacement should be used while leaving the displayed definition, formulas and source scope unchanged?"
"te-Telu-IN-TE-T033","te-Telu-IN-TE-T033-OCC-003","terminology","retrospective","high","low","true","truth value / valuation / evaluation / satisfaction / tautology / entailment / satisfiable / unsatisfiable / contingent / Local Determination / Semantic Deduction Theorem","సత్యమూల్యం / మూల్యనిర్ణయం / మూల్యాంకనం / సంతృప్తి / సర్వసత్యం / అర్థపర అనుగమనం / సంతృప్తిపరచదగిన / సంతృప్తిపరచలేని / పరిస్థిత్యాధీన / స్థానిక నిర్ణయితత్వం / అర్థపర నిగమన సిద్ధాంతం","te-Telu-IN","Telu","IN","standard formal Telugu","international logical and mathematical notation with Arabic decimal digits and Latin metavariables","OLP-0062","OLP-0062-B007","upstream/content/propositional-logic/syntax-and-semantics/semantic-notions.tex","992456e01aa355799eabea11dc7d2a49a5f1a0f0ebeef05d36f86603c0f06d39","15","32","268","1080","translation/content/propositional-logic/syntax-and-semantics/semantic-notions.tex","409684bc1f601d130cc74b84cd98e525707ff9853fba4423a12efbfe23fef648","15","34","342","2145","pending","","The cited unit is not yet integrated into the coherent full reader; no printed or assembled PDF page is guessed.","Please double-check whether “సత్యమూల్యం / మూల్యనిర్ణయం / మూల్యాంకనం / సంతృప్తి / సర్వసత్యం / అర్థపర అనుగమనం / సంతృప్తిపరచదగిన / సంతృప్తిపరచలేని / పరిస్థిత్యాధీన / స్థానిక నిర్ణయితత్వం / అర్థపర నిగమన సిద్ధాంతం” is idiomatic and technically standard for “truth value / valuation / evaluation / satisfaction / tautology / entailment / satisfiable / unsatisfiable / contingent / Local Determination / Semantic Deduction Theorem” in Telugu logic/mathematics across Andhra Pradesh and Telangana. If not, what exact replacement should be used while leaving the displayed definition, formulas and source scope unchanged?"
"te-Telu-IN-TE-T033","te-Telu-IN-TE-T033-OCC-004","terminology","retrospective","high","low","true","truth value / valuation / evaluation / satisfaction / tautology / entailment / satisfiable / unsatisfiable / contingent / Local Determination / Semantic Deduction Theorem","సత్యమూల్యం / మూల్యనిర్ణయం / మూల్యాంకనం / సంతృప్తి / సర్వసత్యం / అర్థపర అనుగమనం / సంతృప్తిపరచదగిన / సంతృప్తిపరచలేని / పరిస్థిత్యాధీన / స్థానిక నిర్ణయితత్వం / అర్థపర నిగమన సిద్ధాంతం","te-Telu-IN","Telu","IN","standard formal Telugu","international logical and mathematical notation with Arabic decimal digits and Latin metavariables","OLP-0062","OLP-0062-B015","upstream/content/propositional-logic/syntax-and-semantics/semantic-notions.tex","992456e01aa355799eabea11dc7d2a49a5f1a0f0ebeef05d36f86603c0f06d39","83","86","2678","2838","translation/content/propositional-logic/syntax-and-semantics/semantic-notions.tex","409684bc1f601d130cc74b84cd98e525707ff9853fba4423a12efbfe23fef648","85","88","4379","4636","pending","","The cited unit is not yet integrated into the coherent full reader; no printed or assembled PDF page is guessed.","Please double-check whether “సత్యమూల్యం / మూల్యనిర్ణయం / మూల్యాంకనం / సంతృప్తి / సర్వసత్యం / అర్థపర అనుగమనం / సంతృప్తిపరచదగిన / సంతృప్తిపరచలేని / పరిస్థిత్యాధీన / స్థానిక నిర్ణయితత్వం / అర్థపర నిగమన సిద్ధాంతం” is idiomatic and technically standard for “truth value / valuation / evaluation / satisfaction / tautology / entailment / satisfiable / unsatisfiable / contingent / Local Determination / Semantic Deduction Theorem” in Telugu logic/mathematics across Andhra Pradesh and Telangana. If not, what exact replacement should be used while leaving the displayed definition, formulas and source scope unchanged?"
"te-Telu-IN-TE-T034","te-Telu-IN-TE-T034-OCC-001","terminology","retrospective","high","low","true","derivation system / derivable / theorem / validity / soundness / completeness / consistency / inconsistency / axiom / inference rule","వ్యుత్పత్తి వ్యవస్థ / వ్యుత్పాదించదగిన / సిద్ధాంతం / చెల్లుబాటుతనం / నిర్దుష్టత / సంపూర్ణత / అవైరుధ్యం / వైరుధ్యం / స్వీకృతం / నిగమన నియమం","te-Telu-IN","Telu","IN","standard formal Telugu","international logical and mathematical notation with Arabic decimal digits and Latin metavariables","OLP-0064","OLP-0064-B009","upstream/content/first-order-logic/proof-systems/introduction.tex","148266281cc87fcd3e454249b9f6c42a117a9aed0733cc5a5f2e954ffd60bb58","50","71","2304","3557","translation/content/first-order-logic/proof-systems/introduction.tex","c89bcae85d4f46d0a2a6bd8ccfa1291b4788ba6ef6796ebcb3761a1f2c876f6e","51","76","5957","9674","pending","","The cited unit is not yet integrated into the coherent full reader; no printed or assembled PDF page is guessed.","Please double-check whether “వ్యుత్పత్తి వ్యవస్థ / వ్యుత్పాదించదగిన / సిద్ధాంతం / చెల్లుబాటుతనం / నిర్దుష్టత / సంపూర్ణత / అవైరుధ్యం / వైరుధ్యం / స్వీకృతం / నిగమన నియమం” is idiomatic and technically standard for “derivation system / derivable / theorem / validity / soundness / completeness / consistency / inconsistency / axiom / inference rule” in Telugu logic/mathematics across Andhra Pradesh and Telangana. If not, what exact replacement should be used while leaving the displayed definition, formulas and source scope unchanged?"
"te-Telu-IN-TE-T034","te-Telu-IN-TE-T034-OCC-002","terminology","retrospective","high","low","true","derivation system / derivable / theorem / validity / soundness / completeness / consistency / inconsistency / axiom / inference rule","వ్యుత్పత్తి వ్యవస్థ / వ్యుత్పాదించదగిన / సిద్ధాంతం / చెల్లుబాటుతనం / నిర్దుష్టత / సంపూర్ణత / అవైరుధ్యం / వైరుధ్యం / స్వీకృతం / నిగమన నియమం","te-Telu-IN","Telu","IN","standard formal Telugu","international logical and mathematical notation with Arabic decimal digits and Latin metavariables","OLP-0064","OLP-0064-B010","upstream/content/first-order-logic/proof-systems/introduction.tex","148266281cc87fcd3e454249b9f6c42a117a9aed0733cc5a5f2e954ffd60bb58","73","80","3558","4051","translation/content/first-order-logic/proof-systems/introduction.tex","c89bcae85d4f46d0a2a6bd8ccfa1291b4788ba6ef6796ebcb3761a1f2c876f6e","78","85","9675","10997","pending","","The cited unit is not yet integrated into the coherent full reader; no printed or assembled PDF page is guessed.","Please double-check whether “వ్యుత్పత్తి వ్యవస్థ / వ్యుత్పాదించదగిన / సిద్ధాంతం / చెల్లుబాటుతనం / నిర్దుష్టత / సంపూర్ణత / అవైరుధ్యం / వైరుధ్యం / స్వీకృతం / నిగమన నియమం” is idiomatic and technically standard for “derivation system / derivable / theorem / validity / soundness / completeness / consistency / inconsistency / axiom / inference rule” in Telugu logic/mathematics across Andhra Pradesh and Telangana. If not, what exact replacement should be used while leaving the displayed definition, formulas and source scope unchanged?"
"te-Telu-IN-TE-T034","te-Telu-IN-TE-T034-OCC-003","terminology","retrospective","high","low","true","derivation system / derivable / theorem / validity / soundness / completeness / consistency / inconsistency / axiom / inference rule","వ్యుత్పత్తి వ్యవస్థ / వ్యుత్పాదించదగిన / సిద్ధాంతం / చెల్లుబాటుతనం / నిర్దుష్టత / సంపూర్ణత / అవైరుధ్యం / వైరుధ్యం / స్వీకృతం / నిగమన నియమం","te-Telu-IN","Telu","IN","standard formal Telugu","international logical and mathematical notation with Arabic decimal digits and Latin metavariables","OLP-0064","OLP-0064-B011","upstream/content/first-order-logic/proof-systems/introduction.tex","148266281cc87fcd3e454249b9f6c42a117a9aed0733cc5a5f2e954ffd60bb58","82","99","4052","5187","translation/content/first-order-logic/proof-systems/introduction.tex","c89bcae85d4f46d0a2a6bd8ccfa1291b4788ba6ef6796ebcb3761a1f2c876f6e","87","103","10998","13940","pending","","The cited unit is not yet integrated into the coherent full reader; no printed or assembled PDF page is guessed.","Please double-check whether “వ్యుత్పత్తి వ్యవస్థ / వ్యుత్పాదించదగిన / సిద్ధాంతం / చెల్లుబాటుతనం / నిర్దుష్టత / సంపూర్ణత / అవైరుధ్యం / వైరుధ్యం / స్వీకృతం / నిగమన నియమం” is idiomatic and technically standard for “derivation system / derivable / theorem / validity / soundness / completeness / consistency / inconsistency / axiom / inference rule” in Telugu logic/mathematics across Andhra Pradesh and Telangana. If not, what exact replacement should be used while leaving the displayed definition, formulas and source scope unchanged?"
"te-Telu-IN-TE-T035","te-Telu-IN-TE-T035-OCC-001","terminology","retrospective","high","low","true","sequent / sequent calculus / natural deduction / introduction rule / elimination rule / assumption / discharge / tableau / signed formula / closed branch / open branch / axiomatic derivation / axiom schema / modus ponens / resolution / proof-theoretic semantics","సీక్వెంట్ / సీక్వెంట్ కలనం / సహజ నిగమనం / ప్రవేశ నియమం / తొలగింపు నియమం / పరికల్పన / ఉపసంహరణ / టాబ్లో / చిహ్నిత సూత్రం / సంవృత శాఖ / వివృత శాఖ / స్వీకృతాధారిత నిగమనం / స్వీకృత నమూనా / మోడస్ పోనెన్స్ / రిజల్యూషన్ / నిరూపణ-సిద్ధాంత అర్థవిచారం","te-Telu-IN","Telu","IN","standard formal Telugu","international logical and mathematical notation with Arabic decimal digits and Latin metavariables","OLP-0065","OLP-0065-B005","upstream/content/first-order-logic/proof-systems/sequent-calculus.tex","5448a91da184ef1d41e40ec2d56b74db63d49412d8b96b3f2a39a101b0191bad","13","13","239","272","translation/content/first-order-logic/proof-systems/sequent-calculus.tex","d8850e4374ab629953fed31e1c453f9526264f82f0f98285d029d844228633b6","13","13","239","292","pending","","The cited unit is not yet integrated into the coherent full reader; no printed or assembled PDF page is guessed.","Please double-check whether “సీక్వెంట్ / సీక్వెంట్ కలనం / సహజ నిగమనం / ప్రవేశ నియమం / తొలగింపు నియమం / పరికల్పన / ఉపసంహరణ / టాబ్లో / చిహ్నిత సూత్రం / సంవృత శాఖ / వివృత శాఖ / స్వీకృతాధారిత నిగమనం / స్వీకృత నమూనా / మోడస్ పోనెన్స్ / రిజల్యూషన్ / నిరూపణ-సిద్ధాంత అర్థవిచారం” is idiomatic and technically standard for “sequent / sequent calculus / natural deduction / introduction rule / elimination rule / assumption / discharge / tableau / signed formula / closed branch / open branch / axiomatic derivation / axiom schema / modus ponens / resolution / proof-theoretic semantics” in Telugu logic/mathematics across Andhra Pradesh and Telangana. If not, what exact replacement should be used while leaving the displayed definition, formulas and source scope unchanged?"
"te-Telu-IN-TE-T035","te-Telu-IN-TE-T035-OCC-002","terminology","retrospective","high","low","true","sequent / sequent calculus / natural deduction / introduction rule / elimination rule / assumption / discharge / tableau / signed formula / closed branch / open branch / axiomatic derivation / axiom schema / modus ponens / resolution / proof-theoretic semantics","సీక్వెంట్ / సీక్వెంట్ కలనం / సహజ నిగమనం / ప్రవేశ నియమం / తొలగింపు నియమం / పరికల్పన / ఉపసంహరణ / టాబ్లో / చిహ్నిత సూత్రం / సంవృత శాఖ / వివృత శాఖ / స్వీకృతాధారిత నిగమనం / స్వీకృత నమూనా / మోడస్ పోనెన్స్ / రిజల్యూషన్ / నిరూపణ-సిద్ధాంత అర్థవిచారం","te-Telu-IN","Telu","IN","standard formal Telugu","international logical and mathematical notation with Arabic decimal digits and Latin metavariables","OLP-0066","OLP-0066-B005","upstream/content/first-order-logic/proof-systems/natural-deduction.tex","77b5d31c7b63f657e0d5492d83810bfdc21af0169a9b38ccd5302e0e4cdefdfe","13","13","240","270","translation/content/first-order-logic/proof-systems/natural-deduction.tex","c4776c9df1ce2d4a7ad62fcb4fd8d6f0c397133d78111bdc3b5b1a294cbcc3c0","13","13","240","281","pending","","The cited unit is not yet integrated into the coherent full reader; no printed or assembled PDF page is guessed.","Please double-check whether “సీక్వెంట్ / సీక్వెంట్ కలనం / సహజ నిగమనం / ప్రవేశ నియమం / తొలగింపు నియమం / పరికల్పన / ఉపసంహరణ / టాబ్లో / చిహ్నిత సూత్రం / సంవృత శాఖ / వివృత శాఖ / స్వీకృతాధారిత నిగమనం / స్వీకృత నమూనా / మోడస్ పోనెన్స్ / రిజల్యూషన్ / నిరూపణ-సిద్ధాంత అర్థవిచారం” is idiomatic and technically standard for “sequent / sequent calculus / natural deduction / introduction rule / elimination rule / assumption / discharge / tableau / signed formula / closed branch / open branch / axiomatic derivation / axiom schema / modus ponens / resolution / proof-theoretic semantics” in Telugu logic/mathematics across Andhra Pradesh and Telangana. If not, what exact replacement should be used while leaving the displayed definition, formulas and source scope unchanged?"
"te-Telu-IN-TE-T035","te-Telu-IN-TE-T035-OCC-003","terminology","retrospective","high","low","true","sequent / sequent calculus / natural deduction / introduction rule / elimination rule / assumption / discharge / tableau / signed formula / closed branch / open branch / axiomatic derivation / axiom schema / modus ponens / resolution / proof-theoretic semantics","సీక్వెంట్ / సీక్వెంట్ కలనం / సహజ నిగమనం / ప్రవేశ నియమం / తొలగింపు నియమం / పరికల్పన / ఉపసంహరణ / టాబ్లో / చిహ్నిత సూత్రం / సంవృత శాఖ / వివృత శాఖ / స్వీకృతాధారిత నిగమనం / స్వీకృత నమూనా / మోడస్ పోనెన్స్ / రిజల్యూషన్ / నిరూపణ-సిద్ధాంత అర్థవిచారం","te-Telu-IN","Telu","IN","standard formal Telugu","international logical and mathematical notation with Arabic decimal digits and Latin metavariables","OLP-0066","OLP-0066-B007","upstream/content/first-order-logic/proof-systems/natural-deduction.tex","77b5d31c7b63f657e0d5492d83810bfdc21af0169a9b38ccd5302e0e4cdefdfe","33","58","1370","3102","translation/content/first-order-logic/proof-systems/natural-deduction.tex","c4776c9df1ce2d4a7ad62fcb4fd8d6f0c397133d78111bdc3b5b1a294cbcc3c0","32","55","2859","7015","pending","","The cited unit is not yet integrated into the coherent full reader; no printed or assembled PDF page is guessed.","Please double-check whether “సీక్వెంట్ / సీక్వెంట్ కలనం / సహజ నిగమనం / ప్రవేశ నియమం / తొలగింపు నియమం / పరికల్పన / ఉపసంహరణ / టాబ్లో / చిహ్నిత సూత్రం / సంవృత శాఖ / వివృత శాఖ / స్వీకృతాధారిత నిగమనం / స్వీకృత నమూనా / మోడస్ పోనెన్స్ / రిజల్యూషన్ / నిరూపణ-సిద్ధాంత అర్థవిచారం” is idiomatic and technically standard for “sequent / sequent calculus / natural deduction / introduction rule / elimination rule / assumption / discharge / tableau / signed formula / closed branch / open branch / axiomatic derivation / axiom schema / modus ponens / resolution / proof-theoretic semantics” in Telugu logic/mathematics across Andhra Pradesh and Telangana. If not, what exact replacement should be used while leaving the displayed definition, formulas and source scope unchanged?"
"te-Telu-IN-TE-T035","te-Telu-IN-TE-T035-OCC-004","terminology","retrospective","high","low","true","sequent / sequent calculus / natural deduction / introduction rule / elimination rule / assumption / discharge / tableau / signed formula / closed branch / open branch / axiomatic derivation / axiom schema / modus ponens / resolution / proof-theoretic semantics","సీక్వెంట్ / సీక్వెంట్ కలనం / సహజ నిగమనం / ప్రవేశ నియమం / తొలగింపు నియమం / పరికల్పన / ఉపసంహరణ / టాబ్లో / చిహ్నిత సూత్రం / సంవృత శాఖ / వివృత శాఖ / స్వీకృతాధారిత నిగమనం / స్వీకృత నమూనా / మోడస్ పోనెన్స్ / రిజల్యూషన్ / నిరూపణ-సిద్ధాంత అర్థవిచారం","te-Telu-IN","Telu","IN","standard formal Telugu","international logical and mathematical notation with Arabic decimal digits and Latin metavariables","OLP-0067","OLP-0067-B006","upstream/content/first-order-logic/proof-systems/tableaux.tex","8c9db50bcbc7a4aa757b8d57796b2e51df04b1cabb61f46756a79f72a1780b8f","15","29","266","1065","translation/content/first-order-logic/proof-systems/tableaux.tex","9c5f5bf1adbf436f65f688104d36a59b633fd05a8b411c5ec39ba2a115eec4c0","15","29","266","2584","pending","","The cited unit is not yet integrated into the coherent full reader; no printed or assembled PDF page is guessed.","Please double-check whether “సీక్వెంట్ / సీక్వెంట్ కలనం / సహజ నిగమనం / ప్రవేశ నియమం / తొలగింపు నియమం / పరికల్పన / ఉపసంహరణ / టాబ్లో / చిహ్నిత సూత్రం / సంవృత శాఖ / వివృత శాఖ / స్వీకృతాధారిత నిగమనం / స్వీకృత నమూనా / మోడస్ పోనెన్స్ / రిజల్యూషన్ / నిరూపణ-సిద్ధాంత అర్థవిచారం” is idiomatic and technically standard for “sequent / sequent calculus / natural deduction / introduction rule / elimination rule / assumption / discharge / tableau / signed formula / closed branch / open branch / axiomatic derivation / axiom schema / modus ponens / resolution / proof-theoretic semantics” in Telugu logic/mathematics across Andhra Pradesh and Telangana. If not, what exact replacement should be used while leaving the displayed definition, formulas and source scope unchanged?"
"te-Telu-IN-TE-T035","te-Telu-IN-TE-T035-OCC-005","terminology","retrospective","high","low","true","sequent / sequent calculus / natural deduction / introduction rule / elimination rule / assumption / discharge / tableau / signed formula / closed branch / open branch / axiomatic derivation / axiom schema / modus ponens / resolution / proof-theoretic semantics","సీక్వెంట్ / సీక్వెంట్ కలనం / సహజ నిగమనం / ప్రవేశ నియమం / తొలగింపు నియమం / పరికల్పన / ఉపసంహరణ / టాబ్లో / చిహ్నిత సూత్రం / సంవృత శాఖ / వివృత శాఖ / స్వీకృతాధారిత నిగమనం / స్వీకృత నమూనా / మోడస్ పోనెన్స్ / రిజల్యూషన్ / నిరూపణ-సిద్ధాంత అర్థవిచారం","te-Telu-IN","Telu","IN","standard formal Telugu","international logical and mathematical notation with Arabic decimal digits and Latin metavariables","OLP-0068","OLP-0068-B005","upstream/content/first-order-logic/proof-systems/axiomatic-deduction.tex","b9637a6a1cee29ebba2f8d2cdf238d4567d8ec4b7995607abcb0ee1aef0570b9","13","13","242","289","translation/content/first-order-logic/proof-systems/axiomatic-deduction.tex","e0a6b9a1e575abf62323e0ced218c4180de46fa49de046dad5e1bc210b54ff44","13","13","242","319","pending","","The cited unit is not yet integrated into the coherent full reader; no printed or assembled PDF page is guessed.","Please double-check whether “సీక్వెంట్ / సీక్వెంట్ కలనం / సహజ నిగమనం / ప్రవేశ నియమం / తొలగింపు నియమం / పరికల్పన / ఉపసంహరణ / టాబ్లో / చిహ్నిత సూత్రం / సంవృత శాఖ / వివృత శాఖ / స్వీకృతాధారిత నిగమనం / స్వీకృత నమూనా / మోడస్ పోనెన్స్ / రిజల్యూషన్ / నిరూపణ-సిద్ధాంత అర్థవిచారం” is idiomatic and technically standard for “sequent / sequent calculus / natural deduction / introduction rule / elimination rule / assumption / discharge / tableau / signed formula / closed branch / open branch / axiomatic derivation / axiom schema / modus ponens / resolution / proof-theoretic semantics” in Telugu logic/mathematics across Andhra Pradesh and Telangana. If not, what exact replacement should be used while leaving the displayed definition, formulas and source scope unchanged?"
"te-Telu-IN-TE-T035","te-Telu-IN-TE-T035-OCC-006","terminology","retrospective","high","low","true","sequent / sequent calculus / natural deduction / introduction rule / elimination rule / assumption / discharge / tableau / signed formula / closed branch / open branch / axiomatic derivation / axiom schema / modus ponens / resolution / proof-theoretic semantics","సీక్వెంట్ / సీక్వెంట్ కలనం / సహజ నిగమనం / ప్రవేశ నియమం / తొలగింపు నియమం / పరికల్పన / ఉపసంహరణ / టాబ్లో / చిహ్నిత సూత్రం / సంవృత శాఖ / వివృత శాఖ / స్వీకృతాధారిత నిగమనం / స్వీకృత నమూనా / మోడస్ పోనెన్స్ / రిజల్యూషన్ / నిరూపణ-సిద్ధాంత అర్థవిచారం","te-Telu-IN","Telu","IN","standard formal Telugu","international logical and mathematical notation with Arabic decimal digits and Latin metavariables","OLP-0068","OLP-0068-B007","upstream/content/first-order-logic/proof-systems/axiomatic-deduction.tex","b9637a6a1cee29ebba2f8d2cdf238d4567d8ec4b7995607abcb0ee1aef0570b9","38","44","1388","1852","translation/content/first-order-logic/proof-systems/axiomatic-deduction.tex","e0a6b9a1e575abf62323e0ced218c4180de46fa49de046dad5e1bc210b54ff44","39","45","3121","4161","pending","","The cited unit is not yet integrated into the coherent full reader; no printed or assembled PDF page is guessed.","Please double-check whether “సీక్వెంట్ / సీక్వెంట్ కలనం / సహజ నిగమనం / ప్రవేశ నియమం / తొలగింపు నియమం / పరికల్పన / ఉపసంహరణ / టాబ్లో / చిహ్నిత సూత్రం / సంవృత శాఖ / వివృత శాఖ / స్వీకృతాధారిత నిగమనం / స్వీకృత నమూనా / మోడస్ పోనెన్స్ / రిజల్యూషన్ / నిరూపణ-సిద్ధాంత అర్థవిచారం” is idiomatic and technically standard for “sequent / sequent calculus / natural deduction / introduction rule / elimination rule / assumption / discharge / tableau / signed formula / closed branch / open branch / axiomatic derivation / axiom schema / modus ponens / resolution / proof-theoretic semantics” in Telugu logic/mathematics across Andhra Pradesh and Telangana. If not, what exact replacement should be used while leaving the displayed definition, formulas and source scope unchanged?"
"te-Telu-IN-TE-T036","te-Telu-IN-TE-T036-OCC-001","terminology","retrospective","high","low","true","antecedent / succedent / initial sequent / end-sequent / logical rule / structural rule / eigenvariable / weakening / contraction / exchange / cut","పూర్వాంగం / ఉత్తరాంగం / ప్రారంభ సీక్వెంట్ / అంత్య సీక్వెంట్ / తార్కిక నియమం / నిర్మాణాత్మక నియమం / ఐగెన్ చరరాశి / బలహీనీకరణ / సంకోచనం / మార్పిడి / కట్","te-Telu-IN","Telu","IN","standard formal Telugu","international logical and mathematical notation with Arabic decimal digits and Latin metavariables","OLP-0070","OLP-0070-B007","upstream/content/first-order-logic/sequent-calculus/rules-and-proofs.tex","73a554964d7a3fc35a116f63e658340a8c89f9915c3f27e23f7ebd762df35859","18","26","390","690","translation/content/first-order-logic/sequent-calculus/rules-and-proofs.tex","18013da366a3fb95a2aacf0b8a4a6f9d063f414f194cde0f6859547d125a47a7","18","26","549","1129","pending","","The cited unit is not yet integrated into the coherent full reader; no printed or assembled PDF page is guessed.","Please double-check whether “పూర్వాంగం / ఉత్తరాంగం / ప్రారంభ సీక్వెంట్ / అంత్య సీక్వెంట్ / తార్కిక నియమం / నిర్మాణాత్మక నియమం / ఐగెన్ చరరాశి / బలహీనీకరణ / సంకోచనం / మార్పిడి / కట్” is idiomatic and technically standard for “antecedent / succedent / initial sequent / end-sequent / logical rule / structural rule / eigenvariable / weakening / contraction / exchange / cut” in Telugu logic/mathematics across Andhra Pradesh and Telangana. If not, what exact replacement should be used while leaving the displayed definition, formulas and source scope unchanged?"
"te-Telu-IN-TE-T036","te-Telu-IN-TE-T036-OCC-002","terminology","retrospective","high","low","true","antecedent / succedent / initial sequent / end-sequent / logical rule / structural rule / eigenvariable / weakening / contraction / exchange / cut","పూర్వాంగం / ఉత్తరాంగం / ప్రారంభ సీక్వెంట్ / అంత్య సీక్వెంట్ / తార్కిక నియమం / నిర్మాణాత్మక నియమం / ఐగెన్ చరరాశి / బలహీనీకరణ / సంకోచనం / మార్పిడి / కట్","te-Telu-IN","Telu","IN","standard formal Telugu","international logical and mathematical notation with Arabic decimal digits and Latin metavariables","OLP-0070","OLP-0070-B010","upstream/content/first-order-logic/sequent-calculus/rules-and-proofs.tex","73a554964d7a3fc35a116f63e658340a8c89f9915c3f27e23f7ebd762df35859","52","61","1787","2163","translation/content/first-order-logic/sequent-calculus/rules-and-proofs.tex","18013da366a3fb95a2aacf0b8a4a6f9d063f414f194cde0f6859547d125a47a7","52","62","3442","4038","pending","","The cited unit is not yet integrated into the coherent full reader; no printed or assembled PDF page is guessed.","Please double-check whether “పూర్వాంగం / ఉత్తరాంగం / ప్రారంభ సీక్వెంట్ / అంత్య సీక్వెంట్ / తార్కిక నియమం / నిర్మాణాత్మక నియమం / ఐగెన్ చరరాశి / బలహీనీకరణ / సంకోచనం / మార్పిడి / కట్” is idiomatic and technically standard for “antecedent / succedent / initial sequent / end-sequent / logical rule / structural rule / eigenvariable / weakening / contraction / exchange / cut” in Telugu logic/mathematics across Andhra Pradesh and Telangana. If not, what exact replacement should be used while leaving the displayed definition, formulas and source scope unchanged?"
"te-Telu-IN-TE-T036","te-Telu-IN-TE-T036-OCC-003","terminology","retrospective","high","low","true","antecedent / succedent / initial sequent / end-sequent / logical rule / structural rule / eigenvariable / weakening / contraction / exchange / cut","పూర్వాంగం / ఉత్తరాంగం / ప్రారంభ సీక్వెంట్ / అంత్య సీక్వెంట్ / తార్కిక నియమం / నిర్మాణాత్మక నియమం / ఐగెన్ చరరాశి / బలహీనీకరణ / సంకోచనం / మార్పిడి / కట్","te-Telu-IN","Telu","IN","standard formal Telugu","international logical and mathematical notation with Arabic decimal digits and Latin metavariables","OLP-0070","OLP-0070-B011","upstream/content/first-order-logic/sequent-calculus/rules-and-proofs.tex","73a554964d7a3fc35a116f63e658340a8c89f9915c3f27e23f7ebd762df35859","63","72","2164","2794","translation/content/first-order-logic/sequent-calculus/rules-and-proofs.tex","18013da366a3fb95a2aacf0b8a4a6f9d063f414f194cde0f6859547d125a47a7","64","74","4039","5848","pending","","The cited unit is not yet integrated into the coherent full reader; no printed or assembled PDF page is guessed.","Please double-check whether “పూర్వాంగం / ఉత్తరాంగం / ప్రారంభ సీక్వెంట్ / అంత్య సీక్వెంట్ / తార్కిక నియమం / నిర్మాణాత్మక నియమం / ఐగెన్ చరరాశి / బలహీనీకరణ / సంకోచనం / మార్పిడి / కట్” is idiomatic and technically standard for “antecedent / succedent / initial sequent / end-sequent / logical rule / structural rule / eigenvariable / weakening / contraction / exchange / cut” in Telugu logic/mathematics across Andhra Pradesh and Telangana. If not, what exact replacement should be used while leaving the displayed definition, formulas and source scope unchanged?"
"te-Telu-IN-TE-T036","te-Telu-IN-TE-T036-OCC-004","terminology","retrospective","high","low","true","antecedent / succedent / initial sequent / end-sequent / logical rule / structural rule / eigenvariable / weakening / contraction / exchange / cut","పూర్వాంగం / ఉత్తరాంగం / ప్రారంభ సీక్వెంట్ / అంత్య సీక్వెంట్ / తార్కిక నియమం / నిర్మాణాత్మక నియమం / ఐగెన్ చరరాశి / బలహీనీకరణ / సంకోచనం / మార్పిడి / కట్","te-Telu-IN","Telu","IN","standard formal Telugu","international logical and mathematical notation with Arabic decimal digits and Latin metavariables","OLP-0074","OLP-0074-B007","upstream/content/first-order-logic/sequent-calculus/derivations.tex","25897d850b211443621f31a1166f443c1e00c6bcbf13002bc1b9281ca4300371","23","35","602","1238","translation/content/first-order-logic/sequent-calculus/derivations.tex","036b7620a0b9f0fbd831d7965765e253117f24803764455d3d0ecd071c3ef92d","23","35","1129","2580","pending","","The cited unit is not yet integrated into the coherent full reader; no printed or assembled PDF page is guessed.","Please double-check whether “పూర్వాంగం / ఉత్తరాంగం / ప్రారంభ సీక్వెంట్ / అంత్య సీక్వెంట్ / తార్కిక నియమం / నిర్మాణాత్మక నియమం / ఐగెన్ చరరాశి / బలహీనీకరణ / సంకోచనం / మార్పిడి / కట్” is idiomatic and technically standard for “antecedent / succedent / initial sequent / end-sequent / logical rule / structural rule / eigenvariable / weakening / contraction / exchange / cut” in Telugu logic/mathematics across Andhra Pradesh and Telangana. If not, what exact replacement should be used while leaving the displayed definition, formulas and source scope unchanged?"
"te-Telu-IN-TE-T036","te-Telu-IN-TE-T036-OCC-005","terminology","retrospective","high","low","true","antecedent / succedent / initial sequent / end-sequent / logical rule / structural rule / eigenvariable / weakening / contraction / exchange / cut","పూర్వాంగం / ఉత్తరాంగం / ప్రారంభ సీక్వెంట్ / అంత్య సీక్వెంట్ / తార్కిక నియమం / నిర్మాణాత్మక నియమం / ఐగెన్ చరరాశి / బలహీనీకరణ / సంకోచనం / మార్పిడి / కట్","te-Telu-IN","Telu","IN","standard formal Telugu","international logical and mathematical notation with Arabic decimal digits and Latin metavariables","OLP-0072","OLP-0072-B008","upstream/content/first-order-logic/sequent-calculus/quantifier-rules.tex","e0047087b88b91ba65c23a76f7c8f230c4161785f4d83f07d14461341b66d90e","27","32","568","963","translation/content/first-order-logic/sequent-calculus/quantifier-rules.tex","bb32cd9ae545190b0a1a69ca04382d9ad5ed76314bfa5f1578d9dc3db35f3725","27","32","622","1440","pending","","The cited unit is not yet integrated into the coherent full reader; no printed or assembled PDF page is guessed.","Please double-check whether “పూర్వాంగం / ఉత్తరాంగం / ప్రారంభ సీక్వెంట్ / అంత్య సీక్వెంట్ / తార్కిక నియమం / నిర్మాణాత్మక నియమం / ఐగెన్ చరరాశి / బలహీనీకరణ / సంకోచనం / మార్పిడి / కట్” is idiomatic and technically standard for “antecedent / succedent / initial sequent / end-sequent / logical rule / structural rule / eigenvariable / weakening / contraction / exchange / cut” in Telugu logic/mathematics across Andhra Pradesh and Telangana. If not, what exact replacement should be used while leaving the displayed definition, formulas and source scope unchanged?"
"te-Telu-IN-TE-T036","te-Telu-IN-TE-T036-OCC-006","terminology","retrospective","high","low","true","antecedent / succedent / initial sequent / end-sequent / logical rule / structural rule / eigenvariable / weakening / contraction / exchange / cut","పూర్వాంగం / ఉత్తరాంగం / ప్రారంభ సీక్వెంట్ / అంత్య సీక్వెంట్ / తార్కిక నియమం / నిర్మాణాత్మక నియమం / ఐగెన్ చరరాశి / బలహీనీకరణ / సంకోచనం / మార్పిడి / కట్","te-Telu-IN","Telu","IN","standard formal Telugu","international logical and mathematical notation with Arabic decimal digits and Latin metavariables","OLP-0073","OLP-0073-B007","upstream/content/first-order-logic/sequent-calculus/structural-rules.tex","5c13d5312a8b2287b54d67d2fadc6247ba499bd9b6a71255ea04891307689b06","23","23","747","770","translation/content/first-order-logic/sequent-calculus/structural-rules.tex","c950b6b950ad588549ca092296f739faee7691a76285a943237bfe1a66127c05","23","23","1520","1561","pending","","The cited unit is not yet integrated into the coherent full reader; no printed or assembled PDF page is guessed.","Please double-check whether “పూర్వాంగం / ఉత్తరాంగం / ప్రారంభ సీక్వెంట్ / అంత్య సీక్వెంట్ / తార్కిక నియమం / నిర్మాణాత్మక నియమం / ఐగెన్ చరరాశి / బలహీనీకరణ / సంకోచనం / మార్పిడి / కట్” is idiomatic and technically standard for “antecedent / succedent / initial sequent / end-sequent / logical rule / structural rule / eigenvariable / weakening / contraction / exchange / cut” in Telugu logic/mathematics across Andhra Pradesh and Telangana. If not, what exact replacement should be used while leaving the displayed definition, formulas and source scope unchanged?"
"te-Telu-IN-TE-T036","te-Telu-IN-TE-T036-OCC-007","terminology","retrospective","high","low","true","antecedent / succedent / initial sequent / end-sequent / logical rule / structural rule / eigenvariable / weakening / contraction / exchange / cut","పూర్వాంగం / ఉత్తరాంగం / ప్రారంభ సీక్వెంట్ / అంత్య సీక్వెంట్ / తార్కిక నియమం / నిర్మాణాత్మక నియమం / ఐగెన్ చరరాశి / బలహీనీకరణ / సంకోచనం / మార్పిడి / కట్","te-Telu-IN","Telu","IN","standard formal Telugu","international logical and mathematical notation with Arabic decimal digits and Latin metavariables","OLP-0073","OLP-0073-B009","upstream/content/first-order-logic/sequent-calculus/structural-rules.tex","5c13d5312a8b2287b54d67d2fadc6247ba499bd9b6a71255ea04891307689b06","37","37","1043","1068","translation/content/first-order-logic/sequent-calculus/structural-rules.tex","c950b6b950ad588549ca092296f739faee7691a76285a943237bfe1a66127c05","37","37","1834","1869","pending","","The cited unit is not yet integrated into the coherent full reader; no printed or assembled PDF page is guessed.","Please double-check whether “పూర్వాంగం / ఉత్తరాంగం / ప్రారంభ సీక్వెంట్ / అంత్య సీక్వెంట్ / తార్కిక నియమం / నిర్మాణాత్మక నియమం / ఐగెన్ చరరాశి / బలహీనీకరణ / సంకోచనం / మార్పిడి / కట్” is idiomatic and technically standard for “antecedent / succedent / initial sequent / end-sequent / logical rule / structural rule / eigenvariable / weakening / contraction / exchange / cut” in Telugu logic/mathematics across Andhra Pradesh and Telangana. If not, what exact replacement should be used while leaving the displayed definition, formulas and source scope unchanged?"
"te-Telu-IN-TE-T036","te-Telu-IN-TE-T036-OCC-008","terminology","retrospective","high","low","true","antecedent / succedent / initial sequent / end-sequent / logical rule / structural rule / eigenvariable / weakening / contraction / exchange / cut","పూర్వాంగం / ఉత్తరాంగం / ప్రారంభ సీక్వెంట్ / అంత్య సీక్వెంట్ / తార్కిక నియమం / నిర్మాణాత్మక నియమం / ఐగెన్ చరరాశి / బలహీనీకరణ / సంకోచనం / మార్పిడి / కట్","te-Telu-IN","Telu","IN","standard formal Telugu","international logical and mathematical notation with Arabic decimal digits and Latin metavariables","OLP-0073","OLP-0073-B011","upstream/content/first-order-logic/sequent-calculus/structural-rules.tex","5c13d5312a8b2287b54d67d2fadc6247ba499bd9b6a71255ea04891307689b06","51","51","1361","1383","translation/content/first-order-logic/sequent-calculus/structural-rules.tex","c950b6b950ad588549ca092296f739faee7691a76285a943237bfe1a66127c05","51","51","2162","2200","pending","","The cited unit is not yet integrated into the coherent full reader; no printed or assembled PDF page is guessed.","Please double-check whether “పూర్వాంగం / ఉత్తరాంగం / ప్రారంభ సీక్వెంట్ / అంత్య సీక్వెంట్ / తార్కిక నియమం / నిర్మాణాత్మక నియమం / ఐగెన్ చరరాశి / బలహీనీకరణ / సంకోచనం / మార్పిడి / కట్” is idiomatic and technically standard for “antecedent / succedent / initial sequent / end-sequent / logical rule / structural rule / eigenvariable / weakening / contraction / exchange / cut” in Telugu logic/mathematics across Andhra Pradesh and Telangana. If not, what exact replacement should be used while leaving the displayed definition, formulas and source scope unchanged?"
"te-Telu-IN-TE-T036","te-Telu-IN-TE-T036-OCC-009","terminology","retrospective","high","low","true","antecedent / succedent / initial sequent / end-sequent / logical rule / structural rule / eigenvariable / weakening / contraction / exchange / cut","పూర్వాంగం / ఉత్తరాంగం / ప్రారంభ సీక్వెంట్ / అంత్య సీక్వెంట్ / తార్కిక నియమం / నిర్మాణాత్మక నియమం / ఐగెన్ చరరాశి / బలహీనీకరణ / సంకోచనం / మార్పిడి / కట్","te-Telu-IN","Telu","IN","standard formal Telugu","international logical and mathematical notation with Arabic decimal digits and Latin metavariables","OLP-0073","OLP-0073-B014","upstream/content/first-order-logic/sequent-calculus/structural-rules.tex","5c13d5312a8b2287b54d67d2fadc6247ba499bd9b6a71255ea04891307689b06","68","78","1818","2141","translation/content/first-order-logic/sequent-calculus/structural-rules.tex","c950b6b950ad588549ca092296f739faee7691a76285a943237bfe1a66127c05","68","78","2747","3315","pending","","The cited unit is not yet integrated into the coherent full reader; no printed or assembled PDF page is guessed.","Please double-check whether “పూర్వాంగం / ఉత్తరాంగం / ప్రారంభ సీక్వెంట్ / అంత్య సీక్వెంట్ / తార్కిక నియమం / నిర్మాణాత్మక నియమం / ఐగెన్ చరరాశి / బలహీనీకరణ / సంకోచనం / మార్పిడి / కట్” is idiomatic and technically standard for “antecedent / succedent / initial sequent / end-sequent / logical rule / structural rule / eigenvariable / weakening / contraction / exchange / cut” in Telugu logic/mathematics across Andhra Pradesh and Telangana. If not, what exact replacement should be used while leaving the displayed definition, formulas and source scope unchanged?"
"te-Telu-IN-TE-T037","te-Telu-IN-TE-T037-OCC-001","terminology","retrospective","high","low","true","reflexivity / monotonicity / transitivity / compactness (of derivability)","స్వావర్తనత్వం / ఏకదిశత / సంక్రామకత్వం / సంహతత్వం","te-Telu-IN","Telu","IN","standard formal Telugu","international logical and mathematical notation with Arabic decimal digits and Latin metavariables","OLP-0077","OLP-0077-B012","upstream/content/first-order-logic/sequent-calculus/proof-theoretic-notions.tex","91c07ed071c2f9c18d3f10665b163b35dcc8636e7e0f27b4586aa9df63177a53","78","81","3037","3147","translation/content/first-order-logic/sequent-calculus/proof-theoretic-notions.tex","d5658796e651d4da2fcb3cc5fc089eec4762b50ae52a19f49a5eae63494d9f8b","84","87","6892","7037","pending","","The cited unit is not yet integrated into the coherent full reader; no printed or assembled PDF page is guessed.","Please double-check whether “స్వావర్తనత్వం / ఏకదిశత / సంక్రామకత్వం / సంహతత్వం” is idiomatic and technically standard for “reflexivity / monotonicity / transitivity / compactness (of derivability)” in Telugu logic/mathematics across Andhra Pradesh and Telangana. If not, what exact replacement should be used while leaving the displayed definition, formulas and source scope unchanged?"
"te-Telu-IN-TE-T037","te-Telu-IN-TE-T037-OCC-002","terminology","retrospective","high","low","true","reflexivity / monotonicity / transitivity / compactness (of derivability)","స్వావర్తనత్వం / ఏకదిశత / సంక్రామకత్వం / సంహతత్వం","te-Telu-IN","Telu","IN","standard formal Telugu","international logical and mathematical notation with Arabic decimal digits and Latin metavariables","OLP-0077","OLP-0077-B014","upstream/content/first-order-logic/sequent-calculus/proof-theoretic-notions.tex","91c07ed071c2f9c18d3f10665b163b35dcc8636e7e0f27b4586aa9df63177a53","88","92","3263","3409","translation/content/first-order-logic/sequent-calculus/proof-theoretic-notions.tex","d5658796e651d4da2fcb3cc5fc089eec4762b50ae52a19f49a5eae63494d9f8b","94","98","7272","7428","pending","","The cited unit is not yet integrated into the coherent full reader; no printed or assembled PDF page is guessed.","Please double-check whether “స్వావర్తనత్వం / ఏకదిశత / సంక్రామకత్వం / సంహతత్వం” is idiomatic and technically standard for “reflexivity / monotonicity / transitivity / compactness (of derivability)” in Telugu logic/mathematics across Andhra Pradesh and Telangana. If not, what exact replacement should be used while leaving the displayed definition, formulas and source scope unchanged?"
"te-Telu-IN-TE-T037","te-Telu-IN-TE-T037-OCC-003","terminology","retrospective","high","low","true","reflexivity / monotonicity / transitivity / compactness (of derivability)","స్వావర్తనత్వం / ఏకదిశత / సంక్రామకత్వం / సంహతత్వం","te-Telu-IN","Telu","IN","standard formal Telugu","international logical and mathematical notation with Arabic decimal digits and Latin metavariables","OLP-0077","OLP-0077-B016","upstream/content/first-order-logic/sequent-calculus/proof-theoretic-notions.tex","91c07ed071c2f9c18d3f10665b163b35dcc8636e7e0f27b4586aa9df63177a53","102","106","3737","3901","translation/content/first-order-logic/sequent-calculus/proof-theoretic-notions.tex","d5658796e651d4da2fcb3cc5fc089eec4762b50ae52a19f49a5eae63494d9f8b","108","112","8056","8248","pending","","The cited unit is not yet integrated into the coherent full reader; no printed or assembled PDF page is guessed.","Please double-check whether “స్వావర్తనత్వం / ఏకదిశత / సంక్రామకత్వం / సంహతత్వం” is idiomatic and technically standard for “reflexivity / monotonicity / transitivity / compactness (of derivability)” in Telugu logic/mathematics across Andhra Pradesh and Telangana. If not, what exact replacement should be used while leaving the displayed definition, formulas and source scope unchanged?"
"te-Telu-IN-TE-T037","te-Telu-IN-TE-T037-OCC-004","terminology","retrospective","high","low","true","reflexivity / monotonicity / transitivity / compactness (of derivability)","స్వావర్తనత్వం / ఏకదిశత / సంక్రామకత్వం / సంహతత్వం","te-Telu-IN","Telu","IN","standard formal Telugu","international logical and mathematical notation with Arabic decimal digits and Latin metavariables","OLP-0077","OLP-0077-B022","upstream/content/first-order-logic/sequent-calculus/proof-theoretic-notions.tex","91c07ed071c2f9c18d3f10665b163b35dcc8636e7e0f27b4586aa9df63177a53","147","155","5053","5377","translation/content/first-order-logic/sequent-calculus/proof-theoretic-notions.tex","d5658796e651d4da2fcb3cc5fc089eec4762b50ae52a19f49a5eae63494d9f8b","153","161","10070","10573","pending","","The cited unit is not yet integrated into the coherent full reader; no printed or assembled PDF page is guessed.","Please double-check whether “స్వావర్తనత్వం / ఏకదిశత / సంక్రామకత్వం / సంహతత్వం” is idiomatic and technically standard for “reflexivity / monotonicity / transitivity / compactness (of derivability)” in Telugu logic/mathematics across Andhra Pradesh and Telangana. If not, what exact replacement should be used while leaving the displayed definition, formulas and source scope unchanged?"
"te-Telu-IN-TE-T038","te-Telu-IN-TE-T038-OCC-001","terminology","retrospective","high","low","true","assumption / premise / conclusion / introduction rule / elimination rule / discharged / undischarged / subderivation","పరికల్పన / పూర్వాధారం / నిష్కర్ష / ప్రవేశ నియమం / తొలగింపు నియమం / ఉపసంహరించిన / ఉపసంహరించని / ఉప-నిరూపణ","te-Telu-IN","Telu","IN","standard formal Telugu","international logical and mathematical notation with Arabic decimal digits and Latin metavariables","OLP-0085","OLP-0085-B006","upstream/content/first-order-logic/natural-deduction/rules-and-proofs.tex","e6e8bed6816bd64ac24342fd4d591ca0e7c1ddf82fc056b452aa87c45d810506","15","24","291","790","translation/content/first-order-logic/natural-deduction/rules-and-proofs.tex","0747fbc6fe53c177ddaab906a1ca7da5727407ca635d4d5ac00c151803aa4006","15","23","319","1420","pending","","The cited unit is not yet integrated into the coherent full reader; no printed or assembled PDF page is guessed.","Please double-check whether “పరికల్పన / పూర్వాధారం / నిష్కర్ష / ప్రవేశ నియమం / తొలగింపు నియమం / ఉపసంహరించిన / ఉపసంహరించని / ఉప-నిరూపణ” is idiomatic and technically standard for “assumption / premise / conclusion / introduction rule / elimination rule / discharged / undischarged / subderivation” in Telugu logic/mathematics across Andhra Pradesh and Telangana. If not, what exact replacement should be used while leaving the displayed definition, formulas and source scope unchanged?"
"te-Telu-IN-TE-T038","te-Telu-IN-TE-T038-OCC-002","terminology","retrospective","high","low","true","assumption / premise / conclusion / introduction rule / elimination rule / discharged / undischarged / subderivation","పరికల్పన / పూర్వాధారం / నిష్కర్ష / ప్రవేశ నియమం / తొలగింపు నియమం / ఉపసంహరించిన / ఉపసంహరించని / ఉప-నిరూపణ","te-Telu-IN","Telu","IN","standard formal Telugu","international logical and mathematical notation with Arabic decimal digits and Latin metavariables","OLP-0088","OLP-0088-B007","upstream/content/first-order-logic/natural-deduction/derivations.tex","f238e4c13bb97940ff82f8016aed565b9388d475721f9b6ff132166bf628aa5e","23","37","597","1325","translation/content/first-order-logic/natural-deduction/derivations.tex","e617a43fc351b487824005585b9dd031b246dde00bd506e55f3359087e790ca5","22","36","1070","2795","pending","","The cited unit is not yet integrated into the coherent full reader; no printed or assembled PDF page is guessed.","Please double-check whether “పరికల్పన / పూర్వాధారం / నిష్కర్ష / ప్రవేశ నియమం / తొలగింపు నియమం / ఉపసంహరించిన / ఉపసంహరించని / ఉప-నిరూపణ” is idiomatic and technically standard for “assumption / premise / conclusion / introduction rule / elimination rule / discharged / undischarged / subderivation” in Telugu logic/mathematics across Andhra Pradesh and Telangana. If not, what exact replacement should be used while leaving the displayed definition, formulas and source scope unchanged?"
"te-Telu-IN-TE-T038","te-Telu-IN-TE-T038-OCC-003","terminology","retrospective","high","low","true","assumption / premise / conclusion / introduction rule / elimination rule / discharged / undischarged / subderivation","పరికల్పన / పూర్వాధారం / నిష్కర్ష / ప్రవేశ నియమం / తొలగింపు నియమం / ఉపసంహరించిన / ఉపసంహరించని / ఉప-నిరూపణ","te-Telu-IN","Telu","IN","standard formal Telugu","international logical and mathematical notation with Arabic decimal digits and Latin metavariables","OLP-0095","OLP-0095-B010","upstream/content/first-order-logic/natural-deduction/soundness.tex","8b90318e1a2ed38568fb61cd5529d496cdfd17f322fd9c731a194e2d08e0a4b9","52","59","1877","2371","translation/content/first-order-logic/natural-deduction/soundness.tex","33f9c3385e54429c43bb09932742e06569d587a55c760f4dc664dbd9ebf739a1","52","58","4371","5644","pending","","The cited unit is not yet integrated into the coherent full reader; no printed or assembled PDF page is guessed.","Please double-check whether “పరికల్పన / పూర్వాధారం / నిష్కర్ష / ప్రవేశ నియమం / తొలగింపు నియమం / ఉపసంహరించిన / ఉపసంహరించని / ఉప-నిరూపణ” is idiomatic and technically standard for “assumption / premise / conclusion / introduction rule / elimination rule / discharged / undischarged / subderivation” in Telugu logic/mathematics across Andhra Pradesh and Telangana. If not, what exact replacement should be used while leaving the displayed definition, formulas and source scope unchanged?"
"te-Telu-IN-TE-T039","te-Telu-IN-TE-T039-OCC-001","terminology","retrospective","high","low","true","signed formula / truth-value sign / tableau / closed branch / open branch / checkmark / eigenvariable condition / cut rule","చిహ్నిత సూత్రం / సత్యమూల్య సంకేతం / టాబ్లో / సంవృత శాఖ / వివృత శాఖ / తనిఖీ గుర్తు / ఐగెన్ చరరాశి షరతు / కట్ నియమం","te-Telu-IN","Telu","IN","standard formal Telugu","international logical and mathematical notation with Arabic decimal digits and Latin metavariables","OLP-0099","OLP-0099-B006","upstream/content/first-order-logic/tableaux/rules-and-proofs.tex","312d16775a4a86acf5772c8d02db03233101014ef0ee9a77e3c39b5ca6815a8c","15","19","279","589","translation/content/first-order-logic/tableaux/rules-and-proofs.tex","a2eab7542ffbaf19fa2a72adfb81603ecc360fa907c24ab7557d69bfaec3c50e","15","19","307","1144","pending","","The cited unit is not yet integrated into the coherent full reader; no printed or assembled PDF page is guessed.","Please double-check whether “చిహ్నిత సూత్రం / సత్యమూల్య సంకేతం / టాబ్లో / సంవృత శాఖ / వివృత శాఖ / తనిఖీ గుర్తు / ఐగెన్ చరరాశి షరతు / కట్ నియమం” is idiomatic and technically standard for “signed formula / truth-value sign / tableau / closed branch / open branch / checkmark / eigenvariable condition / cut rule” in Telugu logic/mathematics across Andhra Pradesh and Telangana. If not, what exact replacement should be used while leaving the displayed definition, formulas and source scope unchanged?"
"te-Telu-IN-TE-T039","te-Telu-IN-TE-T039-OCC-002","terminology","retrospective","high","low","true","signed formula / truth-value sign / tableau / closed branch / open branch / checkmark / eigenvariable condition / cut rule","చిహ్నిత సూత్రం / సత్యమూల్య సంకేతం / టాబ్లో / సంవృత శాఖ / వివృత శాఖ / తనిఖీ గుర్తు / ఐగెన్ చరరాశి షరతు / కట్ నియమం","te-Telu-IN","Telu","IN","standard formal Telugu","international logical and mathematical notation with Arabic decimal digits and Latin metavariables","OLP-0099","OLP-0099-B006","upstream/content/first-order-logic/tableaux/rules-and-proofs.tex","312d16775a4a86acf5772c8d02db03233101014ef0ee9a77e3c39b5ca6815a8c","15","19","279","589","translation/content/first-order-logic/tableaux/rules-and-proofs.tex","a2eab7542ffbaf19fa2a72adfb81603ecc360fa907c24ab7557d69bfaec3c50e","15","19","307","1144","pending","","The cited unit is not yet integrated into the coherent full reader; no printed or assembled PDF page is guessed.","Please double-check whether “చిహ్నిత సూత్రం / సత్యమూల్య సంకేతం / టాబ్లో / సంవృత శాఖ / వివృత శాఖ / తనిఖీ గుర్తు / ఐగెన్ చరరాశి షరతు / కట్ నియమం” is idiomatic and technically standard for “signed formula / truth-value sign / tableau / closed branch / open branch / checkmark / eigenvariable condition / cut rule” in Telugu logic/mathematics across Andhra Pradesh and Telangana. If not, what exact replacement should be used while leaving the displayed definition, formulas and source scope unchanged?"
"te-Telu-IN-TE-T039","te-Telu-IN-TE-T039-OCC-003","terminology","retrospective","high","low","true","signed formula / truth-value sign / tableau / closed branch / open branch / checkmark / eigenvariable condition / cut rule","చిహ్నిత సూత్రం / సత్యమూల్య సంకేతం / టాబ్లో / సంవృత శాఖ / వివృత శాఖ / తనిఖీ గుర్తు / ఐగెన్ చరరాశి షరతు / కట్ నియమం","te-Telu-IN","Telu","IN","standard formal Telugu","international logical and mathematical notation with Arabic decimal digits and Latin metavariables","OLP-0099","OLP-0099-B010","upstream/content/first-order-logic/tableaux/rules-and-proofs.tex","312d16775a4a86acf5772c8d02db03233101014ef0ee9a77e3c39b5ca6815a8c","44","52","1597","2211","translation/content/first-order-logic/tableaux/rules-and-proofs.tex","a2eab7542ffbaf19fa2a72adfb81603ecc360fa907c24ab7557d69bfaec3c50e","44","52","3675","4900","pending","","The cited unit is not yet integrated into the coherent full reader; no printed or assembled PDF page is guessed.","Please double-check whether “చిహ్నిత సూత్రం / సత్యమూల్య సంకేతం / టాబ్లో / సంవృత శాఖ / వివృత శాఖ / తనిఖీ గుర్తు / ఐగెన్ చరరాశి షరతు / కట్ నియమం” is idiomatic and technically standard for “signed formula / truth-value sign / tableau / closed branch / open branch / checkmark / eigenvariable condition / cut rule” in Telugu logic/mathematics across Andhra Pradesh and Telangana. If not, what exact replacement should be used while leaving the displayed definition, formulas and source scope unchanged?"
"te-Telu-IN-TE-T039","te-Telu-IN-TE-T039-OCC-004","terminology","retrospective","high","low","true","signed formula / truth-value sign / tableau / closed branch / open branch / checkmark / eigenvariable condition / cut rule","చిహ్నిత సూత్రం / సత్యమూల్య సంకేతం / టాబ్లో / సంవృత శాఖ / వివృత శాఖ / తనిఖీ గుర్తు / ఐగెన్ చరరాశి షరతు / కట్ నియమం","te-Telu-IN","Telu","IN","standard formal Telugu","international logical and mathematical notation with Arabic decimal digits and Latin metavariables","OLP-0102","OLP-0102-B007","upstream/content/first-order-logic/tableaux/derivations.tex","2cb9a2b6c144eb8b53c4a4d9c52daab60bcd3491dbc909cdd5ccf42300fe5452","23","40","591","1494","translation/content/first-order-logic/tableaux/derivations.tex","fd00d105064329ba61fd54ae45a853430b69c8ee06ffe0c8909463a333315241","23","41","1084","3115","pending","","The cited unit is not yet integrated into the coherent full reader; no printed or assembled PDF page is guessed.","Please double-check whether “చిహ్నిత సూత్రం / సత్యమూల్య సంకేతం / టాబ్లో / సంవృత శాఖ / వివృత శాఖ / తనిఖీ గుర్తు / ఐగెన్ చరరాశి షరతు / కట్ నియమం” is idiomatic and technically standard for “signed formula / truth-value sign / tableau / closed branch / open branch / checkmark / eigenvariable condition / cut rule” in Telugu logic/mathematics across Andhra Pradesh and Telangana. If not, what exact replacement should be used while leaving the displayed definition, formulas and source scope unchanged?"
"te-Telu-IN-TE-T039","te-Telu-IN-TE-T039-OCC-005","terminology","retrospective","high","low","true","signed formula / truth-value sign / tableau / closed branch / open branch / checkmark / eigenvariable condition / cut rule","చిహ్నిత సూత్రం / సత్యమూల్య సంకేతం / టాబ్లో / సంవృత శాఖ / వివృత శాఖ / తనిఖీ గుర్తు / ఐగెన్ చరరాశి షరతు / కట్ నియమం","te-Telu-IN","Telu","IN","standard formal Telugu","international logical and mathematical notation with Arabic decimal digits and Latin metavariables","OLP-0103","OLP-0103-B008","upstream/content/first-order-logic/tableaux/proving-things.tex","6940ff2f8466cfb9dc740a4e7aa2cf9551c9a3d3304aa8ebe93217d11e451e90","25","47","571","1766","translation/content/first-order-logic/tableaux/proving-things.tex","12cb53fba3432e413ee8b3395949049052fcdf134c391617179ffec1e6d07d12","25","47","768","3361","pending","","The cited unit is not yet integrated into the coherent full reader; no printed or assembled PDF page is guessed.","Please double-check whether “చిహ్నిత సూత్రం / సత్యమూల్య సంకేతం / టాబ్లో / సంవృత శాఖ / వివృత శాఖ / తనిఖీ గుర్తు / ఐగెన్ చరరాశి షరతు / కట్ నియమం” is idiomatic and technically standard for “signed formula / truth-value sign / tableau / closed branch / open branch / checkmark / eigenvariable condition / cut rule” in Telugu logic/mathematics across Andhra Pradesh and Telangana. If not, what exact replacement should be used while leaving the displayed definition, formulas and source scope unchanged?"
"te-Telu-IN-TE-T039","te-Telu-IN-TE-T039-OCC-006","terminology","retrospective","high","low","true","signed formula / truth-value sign / tableau / closed branch / open branch / checkmark / eigenvariable condition / cut rule","చిహ్నిత సూత్రం / సత్యమూల్య సంకేతం / టాబ్లో / సంవృత శాఖ / వివృత శాఖ / తనిఖీ గుర్తు / ఐగెన్ చరరాశి షరతు / కట్ నియమం","te-Telu-IN","Telu","IN","standard formal Telugu","international logical and mathematical notation with Arabic decimal digits and Latin metavariables","OLP-0101","OLP-0101-B012","upstream/content/first-order-logic/tableaux/quantifier-rules.tex","682b3f1de2569dc63657243b83a3daa8966cc1786fa44d5d2fa34da2658e2bb0","53","55","1492","1670","translation/content/first-order-logic/tableaux/quantifier-rules.tex","dcea0d65bd69335122d131ff3b3c4bbb7f2360053b7587b7e6127a6c304bacb1","54","56","2200","2485","pending","","The cited unit is not yet integrated into the coherent full reader; no printed or assembled PDF page is guessed.","Please double-check whether “చిహ్నిత సూత్రం / సత్యమూల్య సంకేతం / టాబ్లో / సంవృత శాఖ / వివృత శాఖ / తనిఖీ గుర్తు / ఐగెన్ చరరాశి షరతు / కట్ నియమం” is idiomatic and technically standard for “signed formula / truth-value sign / tableau / closed branch / open branch / checkmark / eigenvariable condition / cut rule” in Telugu logic/mathematics across Andhra Pradesh and Telangana. If not, what exact replacement should be used while leaving the displayed definition, formulas and source scope unchanged?"
"te-Telu-IN-TE-T039","te-Telu-IN-TE-T039-OCC-007","terminology","retrospective","high","low","true","signed formula / truth-value sign / tableau / closed branch / open branch / checkmark / eigenvariable condition / cut rule","చిహ్నిత సూత్రం / సత్యమూల్య సంకేతం / టాబ్లో / సంవృత శాఖ / వివృత శాఖ / తనిఖీ గుర్తు / ఐగెన్ చరరాశి షరతు / కట్ నియమం","te-Telu-IN","Telu","IN","standard formal Telugu","international logical and mathematical notation with Arabic decimal digits and Latin metavariables","OLP-0100","OLP-0100-B014","upstream/content/first-order-logic/tableaux/propositional-rules.tex","dcf0dc5fbdbfd79a7cf8c4b07a3d3d51aedc9ac424416d205ee5a8fd0877a8f4","77","77","1687","1713","translation/content/first-order-logic/tableaux/propositional-rules.tex","c601b12e537ec4cffa107aada05c8b19327d3cbfa4c0d2cbe467a5f3be90dcc5","77","77","1804","1843","pending","","The cited unit is not yet integrated into the coherent full reader; no printed or assembled PDF page is guessed.","Please double-check whether “చిహ్నిత సూత్రం / సత్యమూల్య సంకేతం / టాబ్లో / సంవృత శాఖ / వివృత శాఖ / తనిఖీ గుర్తు / ఐగెన్ చరరాశి షరతు / కట్ నియమం” is idiomatic and technically standard for “signed formula / truth-value sign / tableau / closed branch / open branch / checkmark / eigenvariable condition / cut rule” in Telugu logic/mathematics across Andhra Pradesh and Telangana. If not, what exact replacement should be used while leaving the displayed definition, formulas and source scope unchanged?"
"te-Telu-IN-TE-T040","te-Telu-IN-TE-T040-OCC-001","terminology","retrospective","high","low","true","axiom / axiom instance / axiomatic derivation / inference rule / modus ponens / quantifier rule / derivability relation / proof-theoretic notion / deduction theorem","స్వీకృతం / స్వీకృత రూపం / స్వీకృతాధారిత నిరూపణ / నిగమన నియమం / మోడస్ పోనెన్స్ / పరిమాణీకరణిక నియమం / నిరూప్యతా సంబంధం / నిరూపణ-సిద్ధాంత భావన / నిగమన సిద్ధాంతం","te-Telu-IN","Telu","IN","standard formal Telugu","international logical and mathematical notation with Arabic decimal digits and Latin metavariables","OLP-0113","OLP-0113-B006","upstream/content/first-order-logic/axiomatic-deduction/rules-and-proofs.tex","8b5cf02fabe434821d3a74db8fa803d25c772e38254c391edf03186b3dc23257","15","22","295","730","translation/content/first-order-logic/axiomatic-deduction/rules-and-proofs.tex","7665ce3323897baeb604859b793836d83301ce1e690af43f3debed7252b1f736","15","22","321","1583","pending","","The cited unit is not yet integrated into the coherent full reader; no printed or assembled PDF page is guessed.","Please double-check whether “స్వీకృతం / స్వీకృత రూపం / స్వీకృతాధారిత నిరూపణ / నిగమన నియమం / మోడస్ పోనెన్స్ / పరిమాణీకరణిక నియమం / నిరూప్యతా సంబంధం / నిరూపణ-సిద్ధాంత భావన / నిగమన సిద్ధాంతం” is idiomatic and technically standard for “axiom / axiom instance / axiomatic derivation / inference rule / modus ponens / quantifier rule / derivability relation / proof-theoretic notion / deduction theorem” in Telugu logic/mathematics across Andhra Pradesh and Telangana. If not, what exact replacement should be used while leaving the displayed definition, formulas and source scope unchanged?"
"te-Telu-IN-TE-T040","te-Telu-IN-TE-T040-OCC-002","terminology","retrospective","high","low","true","axiom / axiom instance / axiomatic derivation / inference rule / modus ponens / quantifier rule / derivability relation / proof-theoretic notion / deduction theorem","స్వీకృతం / స్వీకృత రూపం / స్వీకృతాధారిత నిరూపణ / నిగమన నియమం / మోడస్ పోనెన్స్ / పరిమాణీకరణిక నియమం / నిరూప్యతా సంబంధం / నిరూపణ-సిద్ధాంత భావన / నిగమన సిద్ధాంతం","te-Telu-IN","Telu","IN","standard formal Telugu","international logical and mathematical notation with Arabic decimal digits and Latin metavariables","OLP-0113","OLP-0113-B008","upstream/content/first-order-logic/axiomatic-deduction/rules-and-proofs.tex","8b5cf02fabe434821d3a74db8fa803d25c772e38254c391edf03186b3dc23257","37","41","1175","1454","translation/content/first-order-logic/axiomatic-deduction/rules-and-proofs.tex","7665ce3323897baeb604859b793836d83301ce1e690af43f3debed7252b1f736","37","41","2484","3278","pending","","The cited unit is not yet integrated into the coherent full reader; no printed or assembled PDF page is guessed.","Please double-check whether “స్వీకృతం / స్వీకృత రూపం / స్వీకృతాధారిత నిరూపణ / నిగమన నియమం / మోడస్ పోనెన్స్ / పరిమాణీకరణిక నియమం / నిరూప్యతా సంబంధం / నిరూపణ-సిద్ధాంత భావన / నిగమన సిద్ధాంతం” is idiomatic and technically standard for “axiom / axiom instance / axiomatic derivation / inference rule / modus ponens / quantifier rule / derivability relation / proof-theoretic notion / deduction theorem” in Telugu logic/mathematics across Andhra Pradesh and Telangana. If not, what exact replacement should be used while leaving the displayed definition, formulas and source scope unchanged?"
"te-Telu-IN-TE-T040","te-Telu-IN-TE-T040-OCC-003","terminology","retrospective","high","low","true","axiom / axiom instance / axiomatic derivation / inference rule / modus ponens / quantifier rule / derivability relation / proof-theoretic notion / deduction theorem","స్వీకృతం / స్వీకృత రూపం / స్వీకృతాధారిత నిరూపణ / నిగమన నియమం / మోడస్ పోనెన్స్ / పరిమాణీకరణిక నియమం / నిరూప్యతా సంబంధం / నిరూపణ-సిద్ధాంత భావన / నిగమన సిద్ధాంతం","te-Telu-IN","Telu","IN","standard formal Telugu","international logical and mathematical notation with Arabic decimal digits and Latin metavariables","OLP-0114","OLP-0114-B006","upstream/content/first-order-logic/axiomatic-deduction/axioms-rules-propositional.tex","c6332d0af2635bb1c79d1f0e418f26472cdf1022ed23818ca51e9e1226889810","15","34","319","1260","translation/content/first-order-logic/axiomatic-deduction/axioms-rules-propositional.tex","65b360f08029ce51aa1c8949f795024d4b700fe49cfbe99bfdc6957de990bbfa","15","34","402","1526","pending","","The cited unit is not yet integrated into the coherent full reader; no printed or assembled PDF page is guessed.","Please double-check whether “స్వీకృతం / స్వీకృత రూపం / స్వీకృతాధారిత నిరూపణ / నిగమన నియమం / మోడస్ పోనెన్స్ / పరిమాణీకరణిక నియమం / నిరూప్యతా సంబంధం / నిరూపణ-సిద్ధాంత భావన / నిగమన సిద్ధాంతం” is idiomatic and technically standard for “axiom / axiom instance / axiomatic derivation / inference rule / modus ponens / quantifier rule / derivability relation / proof-theoretic notion / deduction theorem” in Telugu logic/mathematics across Andhra Pradesh and Telangana. If not, what exact replacement should be used while leaving the displayed definition, formulas and source scope unchanged?"
"te-Telu-IN-TE-T040","te-Telu-IN-TE-T040-OCC-004","terminology","retrospective","high","low","true","axiom / axiom instance / axiomatic derivation / inference rule / modus ponens / quantifier rule / derivability relation / proof-theoretic notion / deduction theorem","స్వీకృతం / స్వీకృత రూపం / స్వీకృతాధారిత నిరూపణ / నిగమన నియమం / మోడస్ పోనెన్స్ / పరిమాణీకరణిక నియమం / నిరూప్యతా సంబంధం / నిరూపణ-సిద్ధాంత భావన / నిగమన సిద్ధాంతం","te-Telu-IN","Telu","IN","standard formal Telugu","international logical and mathematical notation with Arabic decimal digits and Latin metavariables","OLP-0114","OLP-0114-B007","upstream/content/first-order-logic/axiomatic-deduction/axioms-rules-propositional.tex","c6332d0af2635bb1c79d1f0e418f26472cdf1022ed23818ca51e9e1226889810","36","39","1261","1401","translation/content/first-order-logic/axiomatic-deduction/axioms-rules-propositional.tex","65b360f08029ce51aa1c8949f795024d4b700fe49cfbe99bfdc6957de990bbfa","36","39","1527","1793","pending","","The cited unit is not yet integrated into the coherent full reader; no printed or assembled PDF page is guessed.","Please double-check whether “స్వీకృతం / స్వీకృత రూపం / స్వీకృతాధారిత నిరూపణ / నిగమన నియమం / మోడస్ పోనెన్స్ / పరిమాణీకరణిక నియమం / నిరూప్యతా సంబంధం / నిరూపణ-సిద్ధాంత భావన / నిగమన సిద్ధాంతం” is idiomatic and technically standard for “axiom / axiom instance / axiomatic derivation / inference rule / modus ponens / quantifier rule / derivability relation / proof-theoretic notion / deduction theorem” in Telugu logic/mathematics across Andhra Pradesh and Telangana. If not, what exact replacement should be used while leaving the displayed definition, formulas and source scope unchanged?"
"te-Telu-IN-TE-T040","te-Telu-IN-TE-T040-OCC-005","terminology","retrospective","high","low","true","axiom / axiom instance / axiomatic derivation / inference rule / modus ponens / quantifier rule / derivability relation / proof-theoretic notion / deduction theorem","స్వీకృతం / స్వీకృత రూపం / స్వీకృతాధారిత నిరూపణ / నిగమన నియమం / మోడస్ పోనెన్స్ / పరిమాణీకరణిక నియమం / నిరూప్యతా సంబంధం / నిరూపణ-సిద్ధాంత భావన / నిగమన సిద్ధాంతం","te-Telu-IN","Telu","IN","standard formal Telugu","international logical and mathematical notation with Arabic decimal digits and Latin metavariables","OLP-0115","OLP-0115-B007","upstream/content/first-order-logic/axiomatic-deduction/axioms-rules-quantifiers.tex","fa0af48f98b58f2c7b5df8aa80cf2e4981936e237594ddce342e826bbca2ddc8","23","30","518","911","translation/content/first-order-logic/axiomatic-deduction/axioms-rules-quantifiers.tex","16f15f295b0ae9521d91625846ff81b0ea0e5b097c21dbbe5a79cc03fed8d61c","23","30","808","1564","pending","","The cited unit is not yet integrated into the coherent full reader; no printed or assembled PDF page is guessed.","Please double-check whether “స్వీకృతం / స్వీకృత రూపం / స్వీకృతాధారిత నిరూపణ / నిగమన నియమం / మోడస్ పోనెన్స్ / పరిమాణీకరణిక నియమం / నిరూప్యతా సంబంధం / నిరూపణ-సిద్ధాంత భావన / నిగమన సిద్ధాంతం” is idiomatic and technically standard for “axiom / axiom instance / axiomatic derivation / inference rule / modus ponens / quantifier rule / derivability relation / proof-theoretic notion / deduction theorem” in Telugu logic/mathematics across Andhra Pradesh and Telangana. If not, what exact replacement should be used while leaving the displayed definition, formulas and source scope unchanged?"
"te-Telu-IN-TE-T040","te-Telu-IN-TE-T040-OCC-006","terminology","retrospective","high","low","true","axiom / axiom instance / axiomatic derivation / inference rule / modus ponens / quantifier rule / derivability relation / proof-theoretic notion / deduction theorem","స్వీకృతం / స్వీకృత రూపం / స్వీకృతాధారిత నిరూపణ / నిగమన నియమం / మోడస్ పోనెన్స్ / పరిమాణీకరణిక నియమం / నిరూప్యతా సంబంధం / నిరూపణ-సిద్ధాంత భావన / నిగమన సిద్ధాంతం","te-Telu-IN","Telu","IN","standard formal Telugu","international logical and mathematical notation with Arabic decimal digits and Latin metavariables","OLP-0118","OLP-0118-B005","upstream/content/first-order-logic/axiomatic-deduction/proof-theoretic-notions.tex","0afb9df4b5f0f5c1e892cf411d126f45acce94cfbdc9087e4bd37cb851cc370b","13","13","252","288","translation/content/first-order-logic/axiomatic-deduction/proof-theoretic-notions.tex","00798339b8199d9c7b8cca5e27f4a1d28234acdbc35835fc8445b1e68feeb474","13","13","252","327","pending","","The cited unit is not yet integrated into the coherent full reader; no printed or assembled PDF page is guessed.","Please double-check whether “స్వీకృతం / స్వీకృత రూపం / స్వీకృతాధారిత నిరూపణ / నిగమన నియమం / మోడస్ పోనెన్స్ / పరిమాణీకరణిక నియమం / నిరూప్యతా సంబంధం / నిరూపణ-సిద్ధాంత భావన / నిగమన సిద్ధాంతం” is idiomatic and technically standard for “axiom / axiom instance / axiomatic derivation / inference rule / modus ponens / quantifier rule / derivability relation / proof-theoretic notion / deduction theorem” in Telugu logic/mathematics across Andhra Pradesh and Telangana. If not, what exact replacement should be used while leaving the displayed definition, formulas and source scope unchanged?"
"te-Telu-IN-TE-T040","te-Telu-IN-TE-T040-OCC-007","terminology","retrospective","high","low","true","axiom / axiom instance / axiomatic derivation / inference rule / modus ponens / quantifier rule / derivability relation / proof-theoretic notion / deduction theorem","స్వీకృతం / స్వీకృత రూపం / స్వీకృతాధారిత నిరూపణ / నిగమన నియమం / మోడస్ పోనెన్స్ / పరిమాణీకరణిక నియమం / నిరూప్యతా సంబంధం / నిరూపణ-సిద్ధాంత భావన / నిగమన సిద్ధాంతం","te-Telu-IN","Telu","IN","standard formal Telugu","international logical and mathematical notation with Arabic decimal digits and Latin metavariables","OLP-0121","OLP-0121-B006","upstream/content/first-order-logic/axiomatic-deduction/provability-consistency.tex","22a6a04d9ab4298d762efd6bf2041fa9bf3f2d91c6803b744458812c232cdacc","15","17","308","492","translation/content/first-order-logic/axiomatic-deduction/provability-consistency.tex","74a3b30f2b374f0666193dda4c6208535ec72c4c9a367f02f969311b1e79ced1","15","17","336","806","pending","","The cited unit is not yet integrated into the coherent full reader; no printed or assembled PDF page is guessed.","Please double-check whether “స్వీకృతం / స్వీకృత రూపం / స్వీకృతాధారిత నిరూపణ / నిగమన నియమం / మోడస్ పోనెన్స్ / పరిమాణీకరణిక నియమం / నిరూప్యతా సంబంధం / నిరూపణ-సిద్ధాంత భావన / నిగమన సిద్ధాంతం” is idiomatic and technically standard for “axiom / axiom instance / axiomatic derivation / inference rule / modus ponens / quantifier rule / derivability relation / proof-theoretic notion / deduction theorem” in Telugu logic/mathematics across Andhra Pradesh and Telangana. If not, what exact replacement should be used while leaving the displayed definition, formulas and source scope unchanged?"
"te-Telu-IN-TE-T040","te-Telu-IN-TE-T040-OCC-008","terminology","retrospective","high","low","true","axiom / axiom instance / axiomatic derivation / inference rule / modus ponens / quantifier rule / derivability relation / proof-theoretic notion / deduction theorem","స్వీకృతం / స్వీకృత రూపం / స్వీకృతాధారిత నిరూపణ / నిగమన నియమం / మోడస్ పోనెన్స్ / పరిమాణీకరణిక నియమం / నిరూప్యతా సంబంధం / నిరూపణ-సిద్ధాంత భావన / నిగమన సిద్ధాంతం","te-Telu-IN","Telu","IN","standard formal Telugu","international logical and mathematical notation with Arabic decimal digits and Latin metavariables","OLP-0119","OLP-0119-B011","upstream/content/first-order-logic/axiomatic-deduction/deduction-theorem.tex","ef122fcfc1a8c24e89cf5abe30efa11bcd0a1cc3ed9fca2426618e9174481780","49","52","1591","1736","translation/content/first-order-logic/axiomatic-deduction/deduction-theorem.tex","fa3a2cef9c176cdc9daa9e65284d3d7fdf586675138409845da0b6dad274b31f","48","51","2639","2856","pending","","The cited unit is not yet integrated into the coherent full reader; no printed or assembled PDF page is guessed.","Please double-check whether “స్వీకృతం / స్వీకృత రూపం / స్వీకృతాధారిత నిరూపణ / నిగమన నియమం / మోడస్ పోనెన్స్ / పరిమాణీకరణిక నియమం / నిరూప్యతా సంబంధం / నిరూపణ-సిద్ధాంత భావన / నిగమన సిద్ధాంతం” is idiomatic and technically standard for “axiom / axiom instance / axiomatic derivation / inference rule / modus ponens / quantifier rule / derivability relation / proof-theoretic notion / deduction theorem” in Telugu logic/mathematics across Andhra Pradesh and Telangana. If not, what exact replacement should be used while leaving the displayed definition, formulas and source scope unchanged?"
"te-Telu-IN-TE-T041","te-Telu-IN-TE-T041-OCC-001","terminology","retrospective","high","low","true","complete set / saturated set / Henkin expansion / Lindenbaum's Lemma / term model / Truth Lemma / factoring / finitely satisfiable / Compactness Theorem / Lowenheim--Skolem Theorem / Skolem's Paradox","సంపూర్ణ సమితి / సంతృప్తీకృత సమితి / హెన్కిన్ విస్తరణ / లిండెన్‌బామ్ ఉపసిద్ధాంతం / పద నమూనా / సత్య ఉపసిద్ధాంతం / వర్గీకరణ / పరిమితంగా సంతృప్తిపరచదగిన / సంహతత్వ సిద్ధాంతం / లొవెన్‌హైమ్--స్కోలెమ్ సిద్ధాంతం / స్కోలెమ్ విరోధాభాసం","te-Telu-IN","Telu","IN","standard formal Telugu","international logical and mathematical notation with Arabic decimal digits and Latin metavariables","OLP-0129","OLP-0129-B007","upstream/content/first-order-logic/completeness/complete-consistent-sets.tex","6473c646a48e854478ef1388de877eb61bcd8b912179347703f86b655de0ae4f","19","23","477","677","translation/content/first-order-logic/completeness/complete-consistent-sets.tex","ecd1f1a025afe11b5f6195098f4af0bbc070971a9e94c2154e321a9b33663f5f","19","23","515","917","pending","","The cited unit is not yet integrated into the coherent full reader; no printed or assembled PDF page is guessed.","Please double-check whether “సంపూర్ణ సమితి / సంతృప్తీకృత సమితి / హెన్కిన్ విస్తరణ / లిండెన్‌బామ్ ఉపసిద్ధాంతం / పద నమూనా / సత్య ఉపసిద్ధాంతం / వర్గీకరణ / పరిమితంగా సంతృప్తిపరచదగిన / సంహతత్వ సిద్ధాంతం / లొవెన్‌హైమ్--స్కోలెమ్ సిద్ధాంతం / స్కోలెమ్ విరోధాభాసం” is idiomatic and technically standard for “complete set / saturated set / Henkin expansion / Lindenbaum's Lemma / term model / Truth Lemma / factoring / finitely satisfiable / Compactness Theorem / Lowenheim--Skolem Theorem / Skolem's Paradox” in Telugu logic/mathematics across Andhra Pradesh and Telangana. If not, what exact replacement should be used while leaving the displayed definition, formulas and source scope unchanged?"
"te-Telu-IN-TE-T041","te-Telu-IN-TE-T041-OCC-002","terminology","retrospective","high","low","true","complete set / saturated set / Henkin expansion / Lindenbaum's Lemma / term model / Truth Lemma / factoring / finitely satisfiable / Compactness Theorem / Lowenheim--Skolem Theorem / Skolem's Paradox","సంపూర్ణ సమితి / సంతృప్తీకృత సమితి / హెన్కిన్ విస్తరణ / లిండెన్‌బామ్ ఉపసిద్ధాంతం / పద నమూనా / సత్య ఉపసిద్ధాంతం / వర్గీకరణ / పరిమితంగా సంతృప్తిపరచదగిన / సంహతత్వ సిద్ధాంతం / లొవెన్‌హైమ్--స్కోలెమ్ సిద్ధాంతం / స్కోలెమ్ విరోధాభాసం","te-Telu-IN","Telu","IN","standard formal Telugu","international logical and mathematical notation with Arabic decimal digits and Latin metavariables","OLP-0130","OLP-0130-B005","upstream/content/first-order-logic/completeness/henkin-expansions.tex","353b1ea300b6d916be92a5100dfa2e2f4cf9ad9f44e9506c96f028acea3b1ec8","11","11","186","215","translation/content/first-order-logic/completeness/henkin-expansions.tex","0d3f64f37e18e8fb1b0c1ead74d1acd8d6b6071ae19ca58983bbf085469b676f","11","11","186","245","pending","","The cited unit is not yet integrated into the coherent full reader; no printed or assembled PDF page is guessed.","Please double-check whether “సంపూర్ణ సమితి / సంతృప్తీకృత సమితి / హెన్కిన్ విస్తరణ / లిండెన్‌బామ్ ఉపసిద్ధాంతం / పద నమూనా / సత్య ఉపసిద్ధాంతం / వర్గీకరణ / పరిమితంగా సంతృప్తిపరచదగిన / సంహతత్వ సిద్ధాంతం / లొవెన్‌హైమ్--స్కోలెమ్ సిద్ధాంతం / స్కోలెమ్ విరోధాభాసం” is idiomatic and technically standard for “complete set / saturated set / Henkin expansion / Lindenbaum's Lemma / term model / Truth Lemma / factoring / finitely satisfiable / Compactness Theorem / Lowenheim--Skolem Theorem / Skolem's Paradox” in Telugu logic/mathematics across Andhra Pradesh and Telangana. If not, what exact replacement should be used while leaving the displayed definition, formulas and source scope unchanged?"
"te-Telu-IN-TE-T041","te-Telu-IN-TE-T041-OCC-003","terminology","retrospective","high","low","true","complete set / saturated set / Henkin expansion / Lindenbaum's Lemma / term model / Truth Lemma / factoring / finitely satisfiable / Compactness Theorem / Lowenheim--Skolem Theorem / Skolem's Paradox","సంపూర్ణ సమితి / సంతృప్తీకృత సమితి / హెన్కిన్ విస్తరణ / లిండెన్‌బామ్ ఉపసిద్ధాంతం / పద నమూనా / సత్య ఉపసిద్ధాంతం / వర్గీకరణ / పరిమితంగా సంతృప్తిపరచదగిన / సంహతత్వ సిద్ధాంతం / లొవెన్‌హైమ్--స్కోలెమ్ సిద్ధాంతం / స్కోలెమ్ విరోధాభాసం","te-Telu-IN","Telu","IN","standard formal Telugu","international logical and mathematical notation with Arabic decimal digits and Latin metavariables","OLP-0130","OLP-0130-B008","upstream/content/first-order-logic/completeness/henkin-expansions.tex","353b1ea300b6d916be92a5100dfa2e2f4cf9ad9f44e9506c96f028acea3b1ec8","39","47","1303","1673","translation/content/first-order-logic/completeness/henkin-expansions.tex","0d3f64f37e18e8fb1b0c1ead74d1acd8d6b6071ae19ca58983bbf085469b676f","40","48","2742","3454","pending","","The cited unit is not yet integrated into the coherent full reader; no printed or assembled PDF page is guessed.","Please double-check whether “సంపూర్ణ సమితి / సంతృప్తీకృత సమితి / హెన్కిన్ విస్తరణ / లిండెన్‌బామ్ ఉపసిద్ధాంతం / పద నమూనా / సత్య ఉపసిద్ధాంతం / వర్గీకరణ / పరిమితంగా సంతృప్తిపరచదగిన / సంహతత్వ సిద్ధాంతం / లొవెన్‌హైమ్--స్కోలెమ్ సిద్ధాంతం / స్కోలెమ్ విరోధాభాసం” is idiomatic and technically standard for “complete set / saturated set / Henkin expansion / Lindenbaum's Lemma / term model / Truth Lemma / factoring / finitely satisfiable / Compactness Theorem / Lowenheim--Skolem Theorem / Skolem's Paradox” in Telugu logic/mathematics across Andhra Pradesh and Telangana. If not, what exact replacement should be used while leaving the displayed definition, formulas and source scope unchanged?"
"te-Telu-IN-TE-T041","te-Telu-IN-TE-T041-OCC-004","terminology","retrospective","high","low","true","complete set / saturated set / Henkin expansion / Lindenbaum's Lemma / term model / Truth Lemma / factoring / finitely satisfiable / Compactness Theorem / Lowenheim--Skolem Theorem / Skolem's Paradox","సంపూర్ణ సమితి / సంతృప్తీకృత సమితి / హెన్కిన్ విస్తరణ / లిండెన్‌బామ్ ఉపసిద్ధాంతం / పద నమూనా / సత్య ఉపసిద్ధాంతం / వర్గీకరణ / పరిమితంగా సంతృప్తిపరచదగిన / సంహతత్వ సిద్ధాంతం / లొవెన్‌హైమ్--స్కోలెమ్ సిద్ధాంతం / స్కోలెమ్ విరోధాభాసం","te-Telu-IN","Telu","IN","standard formal Telugu","international logical and mathematical notation with Arabic decimal digits and Latin metavariables","OLP-0131","OLP-0131-B005","upstream/content/first-order-logic/completeness/lindenbaums-lemma.tex","096a854cefe8f47251e7ad20747bda7e3832a0272a8e38ba71d732d913a9be47","13","13","239","270","translation/content/first-order-logic/completeness/lindenbaums-lemma.tex","71dadc8c0d6713d51c1abb9e4df49daa84c21faeed8c0eca4cac066204d79556","13","13","239","322","pending","","The cited unit is not yet integrated into the coherent full reader; no printed or assembled PDF page is guessed.","Please double-check whether “సంపూర్ణ సమితి / సంతృప్తీకృత సమితి / హెన్కిన్ విస్తరణ / లిండెన్‌బామ్ ఉపసిద్ధాంతం / పద నమూనా / సత్య ఉపసిద్ధాంతం / వర్గీకరణ / పరిమితంగా సంతృప్తిపరచదగిన / సంహతత్వ సిద్ధాంతం / లొవెన్‌హైమ్--స్కోలెమ్ సిద్ధాంతం / స్కోలెమ్ విరోధాభాసం” is idiomatic and technically standard for “complete set / saturated set / Henkin expansion / Lindenbaum's Lemma / term model / Truth Lemma / factoring / finitely satisfiable / Compactness Theorem / Lowenheim--Skolem Theorem / Skolem's Paradox” in Telugu logic/mathematics across Andhra Pradesh and Telangana. If not, what exact replacement should be used while leaving the displayed definition, formulas and source scope unchanged?"
"te-Telu-IN-TE-T041","te-Telu-IN-TE-T041-OCC-005","terminology","retrospective","high","low","true","complete set / saturated set / Henkin expansion / Lindenbaum's Lemma / term model / Truth Lemma / factoring / finitely satisfiable / Compactness Theorem / Lowenheim--Skolem Theorem / Skolem's Paradox","సంపూర్ణ సమితి / సంతృప్తీకృత సమితి / హెన్కిన్ విస్తరణ / లిండెన్‌బామ్ ఉపసిద్ధాంతం / పద నమూనా / సత్య ఉపసిద్ధాంతం / వర్గీకరణ / పరిమితంగా సంతృప్తిపరచదగిన / సంహతత్వ సిద్ధాంతం / లొవెన్‌హైమ్--స్కోలెమ్ సిద్ధాంతం / స్కోలెమ్ విరోధాభాసం","te-Telu-IN","Telu","IN","standard formal Telugu","international logical and mathematical notation with Arabic decimal digits and Latin metavariables","OLP-0132","OLP-0132-B007","upstream/content/first-order-logic/completeness/construction-of-model.tex","4eefa87745fd3f79045f8f49b82dcd2c0a9c3268148150863870c82401c60702","36","73","1483","2664","translation/content/first-order-logic/completeness/construction-of-model.tex","d73cf1f0000be7e67910d11d52b49414e61927d05b2e2929ce694292cbbb65d7","37","75","3156","5230","pending","","The cited unit is not yet integrated into the coherent full reader; no printed or assembled PDF page is guessed.","Please double-check whether “సంపూర్ణ సమితి / సంతృప్తీకృత సమితి / హెన్కిన్ విస్తరణ / లిండెన్‌బామ్ ఉపసిద్ధాంతం / పద నమూనా / సత్య ఉపసిద్ధాంతం / వర్గీకరణ / పరిమితంగా సంతృప్తిపరచదగిన / సంహతత్వ సిద్ధాంతం / లొవెన్‌హైమ్--స్కోలెమ్ సిద్ధాంతం / స్కోలెమ్ విరోధాభాసం” is idiomatic and technically standard for “complete set / saturated set / Henkin expansion / Lindenbaum's Lemma / term model / Truth Lemma / factoring / finitely satisfiable / Compactness Theorem / Lowenheim--Skolem Theorem / Skolem's Paradox” in Telugu logic/mathematics across Andhra Pradesh and Telangana. If not, what exact replacement should be used while leaving the displayed definition, formulas and source scope unchanged?"
"te-Telu-IN-TE-T041","te-Telu-IN-TE-T041-OCC-006","terminology","retrospective","high","low","true","complete set / saturated set / Henkin expansion / Lindenbaum's Lemma / term model / Truth Lemma / factoring / finitely satisfiable / Compactness Theorem / Lowenheim--Skolem Theorem / Skolem's Paradox","సంపూర్ణ సమితి / సంతృప్తీకృత సమితి / హెన్కిన్ విస్తరణ / లిండెన్‌బామ్ ఉపసిద్ధాంతం / పద నమూనా / సత్య ఉపసిద్ధాంతం / వర్గీకరణ / పరిమితంగా సంతృప్తిపరచదగిన / సంహతత్వ సిద్ధాంతం / లొవెన్‌హైమ్--స్కోలెమ్ సిద్ధాంతం / స్కోలెమ్ విరోధాభాసం","te-Telu-IN","Telu","IN","standard formal Telugu","international logical and mathematical notation with Arabic decimal digits and Latin metavariables","OLP-0132","OLP-0132-B014","upstream/content/first-order-logic/completeness/construction-of-model.tex","4eefa87745fd3f79045f8f49b82dcd2c0a9c3268148150863870c82401c60702","163","166","6403","6595","translation/content/first-order-logic/completeness/construction-of-model.tex","d73cf1f0000be7e67910d11d52b49414e61927d05b2e2929ce694292cbbb65d7","174","178","12322","12663","pending","","The cited unit is not yet integrated into the coherent full reader; no printed or assembled PDF page is guessed.","Please double-check whether “సంపూర్ణ సమితి / సంతృప్తీకృత సమితి / హెన్కిన్ విస్తరణ / లిండెన్‌బామ్ ఉపసిద్ధాంతం / పద నమూనా / సత్య ఉపసిద్ధాంతం / వర్గీకరణ / పరిమితంగా సంతృప్తిపరచదగిన / సంహతత్వ సిద్ధాంతం / లొవెన్‌హైమ్--స్కోలెమ్ సిద్ధాంతం / స్కోలెమ్ విరోధాభాసం” is idiomatic and technically standard for “complete set / saturated set / Henkin expansion / Lindenbaum's Lemma / term model / Truth Lemma / factoring / finitely satisfiable / Compactness Theorem / Lowenheim--Skolem Theorem / Skolem's Paradox” in Telugu logic/mathematics across Andhra Pradesh and Telangana. If not, what exact replacement should be used while leaving the displayed definition, formulas and source scope unchanged?"
"te-Telu-IN-TE-T041","te-Telu-IN-TE-T041-OCC-007","terminology","retrospective","high","low","true","complete set / saturated set / Henkin expansion / Lindenbaum's Lemma / term model / Truth Lemma / factoring / finitely satisfiable / Compactness Theorem / Lowenheim--Skolem Theorem / Skolem's Paradox","సంపూర్ణ సమితి / సంతృప్తీకృత సమితి / హెన్కిన్ విస్తరణ / లిండెన్‌బామ్ ఉపసిద్ధాంతం / పద నమూనా / సత్య ఉపసిద్ధాంతం / వర్గీకరణ / పరిమితంగా సంతృప్తిపరచదగిన / సంహతత్వ సిద్ధాంతం / లొవెన్‌హైమ్--స్కోలెమ్ సిద్ధాంతం / స్కోలెమ్ విరోధాభాసం","te-Telu-IN","Telu","IN","standard formal Telugu","international logical and mathematical notation with Arabic decimal digits and Latin metavariables","OLP-0133","OLP-0133-B005","upstream/content/first-order-logic/completeness/identity.tex","bc3391e4db38b0552ee8429b14f32124cdb7ee71e766ce17a5eaa2422126aa71","12","24","199","929","translation/content/first-order-logic/completeness/identity.tex","44daccd450370a2ae565f56cff08db35973725e105c02c212e1b56584cbecc26","12","22","221","1588","pending","","The cited unit is not yet integrated into the coherent full reader; no printed or assembled PDF page is guessed.","Please double-check whether “సంపూర్ణ సమితి / సంతృప్తీకృత సమితి / హెన్కిన్ విస్తరణ / లిండెన్‌బామ్ ఉపసిద్ధాంతం / పద నమూనా / సత్య ఉపసిద్ధాంతం / వర్గీకరణ / పరిమితంగా సంతృప్తిపరచదగిన / సంహతత్వ సిద్ధాంతం / లొవెన్‌హైమ్--స్కోలెమ్ సిద్ధాంతం / స్కోలెమ్ విరోధాభాసం” is idiomatic and technically standard for “complete set / saturated set / Henkin expansion / Lindenbaum's Lemma / term model / Truth Lemma / factoring / finitely satisfiable / Compactness Theorem / Lowenheim--Skolem Theorem / Skolem's Paradox” in Telugu logic/mathematics across Andhra Pradesh and Telangana. If not, what exact replacement should be used while leaving the displayed definition, formulas and source scope unchanged?"
"te-Telu-IN-TE-T041","te-Telu-IN-TE-T041-OCC-008","terminology","retrospective","high","low","true","complete set / saturated set / Henkin expansion / Lindenbaum's Lemma / term model / Truth Lemma / factoring / finitely satisfiable / Compactness Theorem / Lowenheim--Skolem Theorem / Skolem's Paradox","సంపూర్ణ సమితి / సంతృప్తీకృత సమితి / హెన్కిన్ విస్తరణ / లిండెన్‌బామ్ ఉపసిద్ధాంతం / పద నమూనా / సత్య ఉపసిద్ధాంతం / వర్గీకరణ / పరిమితంగా సంతృప్తిపరచదగిన / సంహతత్వ సిద్ధాంతం / లొవెన్‌హైమ్--స్కోలెమ్ సిద్ధాంతం / స్కోలెమ్ విరోధాభాసం","te-Telu-IN","Telu","IN","standard formal Telugu","international logical and mathematical notation with Arabic decimal digits and Latin metavariables","OLP-0135","OLP-0135-B007","upstream/content/first-order-logic/completeness/compactness.tex","427e195e6bab0024f56954406ec4d9303573e4c2c796e8bf7446c45fcf253407","29","31","1110","1259","translation/content/first-order-logic/completeness/compactness.tex","19f761c4eb6211938ffa7dddb5fcd3e8033127561a2b3366f9d45d324dfad3bc","28","32","2398","2810","pending","","The cited unit is not yet integrated into the coherent full reader; no printed or assembled PDF page is guessed.","Please double-check whether “సంపూర్ణ సమితి / సంతృప్తీకృత సమితి / హెన్కిన్ విస్తరణ / లిండెన్‌బామ్ ఉపసిద్ధాంతం / పద నమూనా / సత్య ఉపసిద్ధాంతం / వర్గీకరణ / పరిమితంగా సంతృప్తిపరచదగిన / సంహతత్వ సిద్ధాంతం / లొవెన్‌హైమ్--స్కోలెమ్ సిద్ధాంతం / స్కోలెమ్ విరోధాభాసం” is idiomatic and technically standard for “complete set / saturated set / Henkin expansion / Lindenbaum's Lemma / term model / Truth Lemma / factoring / finitely satisfiable / Compactness Theorem / Lowenheim--Skolem Theorem / Skolem's Paradox” in Telugu logic/mathematics across Andhra Pradesh and Telangana. If not, what exact replacement should be used while leaving the displayed definition, formulas and source scope unchanged?"
"te-Telu-IN-TE-T041","te-Telu-IN-TE-T041-OCC-009","terminology","retrospective","high","low","true","complete set / saturated set / Henkin expansion / Lindenbaum's Lemma / term model / Truth Lemma / factoring / finitely satisfiable / Compactness Theorem / Lowenheim--Skolem Theorem / Skolem's Paradox","సంపూర్ణ సమితి / సంతృప్తీకృత సమితి / హెన్కిన్ విస్తరణ / లిండెన్‌బామ్ ఉపసిద్ధాంతం / పద నమూనా / సత్య ఉపసిద్ధాంతం / వర్గీకరణ / పరిమితంగా సంతృప్తిపరచదగిన / సంహతత్వ సిద్ధాంతం / లొవెన్‌హైమ్--స్కోలెమ్ సిద్ధాంతం / స్కోలెమ్ విరోధాభాసం","te-Telu-IN","Telu","IN","standard formal Telugu","international logical and mathematical notation with Arabic decimal digits and Latin metavariables","OLP-0135","OLP-0135-B005","upstream/content/first-order-logic/completeness/compactness.tex","427e195e6bab0024f56954406ec4d9303573e4c2c796e8bf7446c45fcf253407","13","13","233","269","translation/content/first-order-logic/completeness/compactness.tex","19f761c4eb6211938ffa7dddb5fcd3e8033127561a2b3366f9d45d324dfad3bc","13","13","233","295","pending","","The cited unit is not yet integrated into the coherent full reader; no printed or assembled PDF page is guessed.","Please double-check whether “సంపూర్ణ సమితి / సంతృప్తీకృత సమితి / హెన్కిన్ విస్తరణ / లిండెన్‌బామ్ ఉపసిద్ధాంతం / పద నమూనా / సత్య ఉపసిద్ధాంతం / వర్గీకరణ / పరిమితంగా సంతృప్తిపరచదగిన / సంహతత్వ సిద్ధాంతం / లొవెన్‌హైమ్--స్కోలెమ్ సిద్ధాంతం / స్కోలెమ్ విరోధాభాసం” is idiomatic and technically standard for “complete set / saturated set / Henkin expansion / Lindenbaum's Lemma / term model / Truth Lemma / factoring / finitely satisfiable / Compactness Theorem / Lowenheim--Skolem Theorem / Skolem's Paradox” in Telugu logic/mathematics across Andhra Pradesh and Telangana. If not, what exact replacement should be used while leaving the displayed definition, formulas and source scope unchanged?"
"te-Telu-IN-TE-T041","te-Telu-IN-TE-T041-OCC-010","terminology","retrospective","high","low","true","complete set / saturated set / Henkin expansion / Lindenbaum's Lemma / term model / Truth Lemma / factoring / finitely satisfiable / Compactness Theorem / Lowenheim--Skolem Theorem / Skolem's Paradox","సంపూర్ణ సమితి / సంతృప్తీకృత సమితి / హెన్కిన్ విస్తరణ / లిండెన్‌బామ్ ఉపసిద్ధాంతం / పద నమూనా / సత్య ఉపసిద్ధాంతం / వర్గీకరణ / పరిమితంగా సంతృప్తిపరచదగిన / సంహతత్వ సిద్ధాంతం / లొవెన్‌హైమ్--స్కోలెమ్ సిద్ధాంతం / స్కోలెమ్ విరోధాభాసం","te-Telu-IN","Telu","IN","standard formal Telugu","international logical and mathematical notation with Arabic decimal digits and Latin metavariables","OLP-0137","OLP-0137-B004","upstream/content/first-order-logic/completeness/downward-ls.tex","31e60aefb151429d7af1e982f1d44a05c4a4b37b8ea03d8163016fdf6d6058d3","9","10","155","224","translation/content/first-order-logic/completeness/downward-ls.tex","2b1a24d53d30998f7e3325ebff6614a0d2eea29c4b7f33259c350617b66680ec","9","10","155","280","pending","","The cited unit is not yet integrated into the coherent full reader; no printed or assembled PDF page is guessed.","Please double-check whether “సంపూర్ణ సమితి / సంతృప్తీకృత సమితి / హెన్కిన్ విస్తరణ / లిండెన్‌బామ్ ఉపసిద్ధాంతం / పద నమూనా / సత్య ఉపసిద్ధాంతం / వర్గీకరణ / పరిమితంగా సంతృప్తిపరచదగిన / సంహతత్వ సిద్ధాంతం / లొవెన్‌హైమ్--స్కోలెమ్ సిద్ధాంతం / స్కోలెమ్ విరోధాభాసం” is idiomatic and technically standard for “complete set / saturated set / Henkin expansion / Lindenbaum's Lemma / term model / Truth Lemma / factoring / finitely satisfiable / Compactness Theorem / Lowenheim--Skolem Theorem / Skolem's Paradox” in Telugu logic/mathematics across Andhra Pradesh and Telangana. If not, what exact replacement should be used while leaving the displayed definition, formulas and source scope unchanged?"
"te-Telu-IN-TE-T041","te-Telu-IN-TE-T041-OCC-011","terminology","retrospective","high","low","true","complete set / saturated set / Henkin expansion / Lindenbaum's Lemma / term model / Truth Lemma / factoring / finitely satisfiable / Compactness Theorem / Lowenheim--Skolem Theorem / Skolem's Paradox","సంపూర్ణ సమితి / సంతృప్తీకృత సమితి / హెన్కిన్ విస్తరణ / లిండెన్‌బామ్ ఉపసిద్ధాంతం / పద నమూనా / సత్య ఉపసిద్ధాంతం / వర్గీకరణ / పరిమితంగా సంతృప్తిపరచదగిన / సంహతత్వ సిద్ధాంతం / లొవెన్‌హైమ్--స్కోలెమ్ సిద్ధాంతం / స్కోలెమ్ విరోధాభాసం","te-Telu-IN","Telu","IN","standard formal Telugu","international logical and mathematical notation with Arabic decimal digits and Latin metavariables","OLP-0137","OLP-0137-B010","upstream/content/first-order-logic/completeness/downward-ls.tex","31e60aefb151429d7af1e982f1d44a05c4a4b37b8ea03d8163016fdf6d6058d3","48","61","1722","2579","translation/content/first-order-logic/completeness/downward-ls.tex","2b1a24d53d30998f7e3325ebff6614a0d2eea29c4b7f33259c350617b66680ec","47","59","3937","5950","pending","","The cited unit is not yet integrated into the coherent full reader; no printed or assembled PDF page is guessed.","Please double-check whether “సంపూర్ణ సమితి / సంతృప్తీకృత సమితి / హెన్కిన్ విస్తరణ / లిండెన్‌బామ్ ఉపసిద్ధాంతం / పద నమూనా / సత్య ఉపసిద్ధాంతం / వర్గీకరణ / పరిమితంగా సంతృప్తిపరచదగిన / సంహతత్వ సిద్ధాంతం / లొవెన్‌హైమ్--స్కోలెమ్ సిద్ధాంతం / స్కోలెమ్ విరోధాభాసం” is idiomatic and technically standard for “complete set / saturated set / Henkin expansion / Lindenbaum's Lemma / term model / Truth Lemma / factoring / finitely satisfiable / Compactness Theorem / Lowenheim--Skolem Theorem / Skolem's Paradox” in Telugu logic/mathematics across Andhra Pradesh and Telangana. If not, what exact replacement should be used while leaving the displayed definition, formulas and source scope unchanged?"
"te-Telu-IN-TE-T042","te-Telu-IN-TE-T042-OCC-001","terminology","retrospective","normal","medium","true","OpenLogic !! configuration token realization in OLP-0004--OLP-0148","41-key Telugu reader-surface mapping in translation/TELUGU_TOKENS.json","te-Telu-IN","Telu","IN","standard formal Telugu","international logical and mathematical notation with Arabic decimal digits and Latin metavariables","OLP-0005","OLP-0005-B005","upstream/content/sets-functions-relations/sets/basics.tex","232ff51f51e74fcfee836650f3c597b54bf10ba5363c648a0c05fe8222e4a865","12","17","202","545","translation/content/sets-functions-relations/sets/basics.tex","9c53dd1f24d292aad1d5554b24ec18b39536cc488d43b0d399ecb72523218d8f","12","17","264","1086","pending","","The cited unit is not yet integrated into the coherent full reader; no printed or assembled PDF page is guessed.","Please double-check whether “41-key Telugu reader-surface mapping in translation/TELUGU_TOKENS.json” is idiomatic and technically standard for “OpenLogic !! configuration token realization in OLP-0004--OLP-0148” in Telugu logic/mathematics across Andhra Pradesh and Telangana. If not, what exact replacement should be used while leaving the displayed definition, formulas and source scope unchanged?"
"te-Telu-IN-TE-T043","te-Telu-IN-TE-T043-OCC-001","terminology","retrospective","high","low","true","First-order syntax register: term, string, formation sequence, syntactic identity, unique readability, main operator, subformula, scope, free/bound variable, sentence and substitution","పదం / సంకేతమాల / నిర్మాణ క్రమం / వాక్యనిర్మాణ తాదాత్మ్యం / ఏకార్థ పఠనీయత / ప్రధాన సంయోజకం / ఉపసూత్రం / పరిధి / స్వేచ్ఛా-బద్ధ చరం / వాక్యం / ప్రతిస్థాపన","te-Telu-IN","Telu","IN","standard formal Telugu","international logical and mathematical notation with Arabic decimal digits and Latin metavariables","OLP-0150","OLP-0150-B006","upstream/content/first-order-logic/syntax-and-semantics/intro-syntax.tex","471a1c986e2c701856bc6bec91cfe741242434d9a933420e279002792e2da1ec","13","31","202","1424","translation/content/first-order-logic/syntax-and-semantics/intro-syntax.tex","01e6e1cca9e9bfb23714ca3ae9e71e44874bdeed196f239f0d16053b2fb8d685","13","31","208","3503","pending","","The cited unit is not yet integrated into the coherent full reader; no printed or assembled PDF page is guessed.","Please double-check whether “పదం / సంకేతమాల / నిర్మాణ క్రమం / వాక్యనిర్మాణ తాదాత్మ్యం / ఏకార్థ పఠనీయత / ప్రధాన సంయోజకం / ఉపసూత్రం / పరిధి / స్వేచ్ఛా-బద్ధ చరం / వాక్యం / ప్రతిస్థాపన” is idiomatic and technically standard for “First-order syntax register: term, string, formation sequence, syntactic identity, unique readability, main operator, subformula, scope, free/bound variable, sentence and substitution” in Telugu logic/mathematics across Andhra Pradesh and Telangana. If not, what exact replacement should be used while leaving the displayed definition, formulas and source scope unchanged?"
"te-Telu-IN-TE-T043","te-Telu-IN-TE-T043-OCC-002","terminology","retrospective","high","low","true","First-order syntax register: term, string, formation sequence, syntactic identity, unique readability, main operator, subformula, scope, free/bound variable, sentence and substitution","పదం / సంకేతమాల / నిర్మాణ క్రమం / వాక్యనిర్మాణ తాదాత్మ్యం / ఏకార్థ పఠనీయత / ప్రధాన సంయోజకం / ఉపసూత్రం / పరిధి / స్వేచ్ఛా-బద్ధ చరం / వాక్యం / ప్రతిస్థాపన","te-Telu-IN","Telu","IN","standard formal Telugu","international logical and mathematical notation with Arabic decimal digits and Latin metavariables","OLP-0151","OLP-0151-B006","upstream/content/first-order-logic/syntax-and-semantics/first-order-languages.tex","12389cc260a1209a3b4db95aa795df350026c94576bb0e62653229438ada136d","14","19","235","583","translation/content/first-order-logic/syntax-and-semantics/first-order-languages.tex","1e705735bc0b1277170dd0db769eae1bc03010e938d558f2b61a48494f65262c","14","19","279","1208","pending","","The cited unit is not yet integrated into the coherent full reader; no printed or assembled PDF page is guessed.","Please double-check whether “పదం / సంకేతమాల / నిర్మాణ క్రమం / వాక్యనిర్మాణ తాదాత్మ్యం / ఏకార్థ పఠనీయత / ప్రధాన సంయోజకం / ఉపసూత్రం / పరిధి / స్వేచ్ఛా-బద్ధ చరం / వాక్యం / ప్రతిస్థాపన” is idiomatic and technically standard for “First-order syntax register: term, string, formation sequence, syntactic identity, unique readability, main operator, subformula, scope, free/bound variable, sentence and substitution” in Telugu logic/mathematics across Andhra Pradesh and Telangana. If not, what exact replacement should be used while leaving the displayed definition, formulas and source scope unchanged?"
"te-Telu-IN-TE-T043","te-Telu-IN-TE-T043-OCC-003","terminology","retrospective","high","low","true","First-order syntax register: term, string, formation sequence, syntactic identity, unique readability, main operator, subformula, scope, free/bound variable, sentence and substitution","పదం / సంకేతమాల / నిర్మాణ క్రమం / వాక్యనిర్మాణ తాదాత్మ్యం / ఏకార్థ పఠనీయత / ప్రధాన సంయోజకం / ఉపసూత్రం / పరిధి / స్వేచ్ఛా-బద్ధ చరం / వాక్యం / ప్రతిస్థాపన","te-Telu-IN","Telu","IN","standard formal Telugu","international logical and mathematical notation with Arabic decimal digits and Latin metavariables","OLP-0152","OLP-0152-B006","upstream/content/first-order-logic/syntax-and-semantics/terms-formulas.tex","8a31bcb40fff1de629e4bb540c781a6b49d32c412cb87cb2bc5a29efd32461e3","13","15","239","429","translation/content/first-order-logic/syntax-and-semantics/terms-formulas.tex","2b3386a3a2c8802d491d68e1f13f1c7bf737ff43f4c3d9544d765c1e6d8b2b88","13","15","261","728","pending","","The cited unit is not yet integrated into the coherent full reader; no printed or assembled PDF page is guessed.","Please double-check whether “పదం / సంకేతమాల / నిర్మాణ క్రమం / వాక్యనిర్మాణ తాదాత్మ్యం / ఏకార్థ పఠనీయత / ప్రధాన సంయోజకం / ఉపసూత్రం / పరిధి / స్వేచ్ఛా-బద్ధ చరం / వాక్యం / ప్రతిస్థాపన” is idiomatic and technically standard for “First-order syntax register: term, string, formation sequence, syntactic identity, unique readability, main operator, subformula, scope, free/bound variable, sentence and substitution” in Telugu logic/mathematics across Andhra Pradesh and Telangana. If not, what exact replacement should be used while leaving the displayed definition, formulas and source scope unchanged?"
"te-Telu-IN-TE-T043","te-Telu-IN-TE-T043-OCC-004","terminology","retrospective","high","low","true","First-order syntax register: term, string, formation sequence, syntactic identity, unique readability, main operator, subformula, scope, free/bound variable, sentence and substitution","పదం / సంకేతమాల / నిర్మాణ క్రమం / వాక్యనిర్మాణ తాదాత్మ్యం / ఏకార్థ పఠనీయత / ప్రధాన సంయోజకం / ఉపసూత్రం / పరిధి / స్వేచ్ఛా-బద్ధ చరం / వాక్యం / ప్రతిస్థాపన","te-Telu-IN","Telu","IN","standard formal Telugu","international logical and mathematical notation with Arabic decimal digits and Latin metavariables","OLP-0153","OLP-0153-B006","upstream/content/first-order-logic/syntax-and-semantics/unique-readability.tex","6965d26327ea625a4697236ead340f76d3d83acdd087dc6cbe2bde3eebe33833","13","21","228","790","translation/content/first-order-logic/syntax-and-semantics/unique-readability.tex","912e3b885c01bc4aafb54697302b818866aa90acd4de3e96e05f6564c71c34c2","13","21","247","1597","pending","","The cited unit is not yet integrated into the coherent full reader; no printed or assembled PDF page is guessed.","Please double-check whether “పదం / సంకేతమాల / నిర్మాణ క్రమం / వాక్యనిర్మాణ తాదాత్మ్యం / ఏకార్థ పఠనీయత / ప్రధాన సంయోజకం / ఉపసూత్రం / పరిధి / స్వేచ్ఛా-బద్ధ చరం / వాక్యం / ప్రతిస్థాపన” is idiomatic and technically standard for “First-order syntax register: term, string, formation sequence, syntactic identity, unique readability, main operator, subformula, scope, free/bound variable, sentence and substitution” in Telugu logic/mathematics across Andhra Pradesh and Telangana. If not, what exact replacement should be used while leaving the displayed definition, formulas and source scope unchanged?"
"te-Telu-IN-TE-T043","te-Telu-IN-TE-T043-OCC-005","terminology","retrospective","high","low","true","First-order syntax register: term, string, formation sequence, syntactic identity, unique readability, main operator, subformula, scope, free/bound variable, sentence and substitution","పదం / సంకేతమాల / నిర్మాణ క్రమం / వాక్యనిర్మాణ తాదాత్మ్యం / ఏకార్థ పఠనీయత / ప్రధాన సంయోజకం / ఉపసూత్రం / పరిధి / స్వేచ్ఛా-బద్ధ చరం / వాక్యం / ప్రతిస్థాపన","te-Telu-IN","Telu","IN","standard formal Telugu","international logical and mathematical notation with Arabic decimal digits and Latin metavariables","OLP-0154","OLP-0154-B006","upstream/content/first-order-logic/syntax-and-semantics/main-operator.tex","788d271215826c823cfcc63c0b54ab7ef65a42a50cde27b27542f2072de2d786","13","19","247","593","translation/content/first-order-logic/syntax-and-semantics/main-operator.tex","be88d7000e8f87fd2616874cbba19b53685171278422071f985f08c2a2e9c601","13","19","263","1042","pending","","The cited unit is not yet integrated into the coherent full reader; no printed or assembled PDF page is guessed.","Please double-check whether “పదం / సంకేతమాల / నిర్మాణ క్రమం / వాక్యనిర్మాణ తాదాత్మ్యం / ఏకార్థ పఠనీయత / ప్రధాన సంయోజకం / ఉపసూత్రం / పరిధి / స్వేచ్ఛా-బద్ధ చరం / వాక్యం / ప్రతిస్థాపన” is idiomatic and technically standard for “First-order syntax register: term, string, formation sequence, syntactic identity, unique readability, main operator, subformula, scope, free/bound variable, sentence and substitution” in Telugu logic/mathematics across Andhra Pradesh and Telangana. If not, what exact replacement should be used while leaving the displayed definition, formulas and source scope unchanged?"
"te-Telu-IN-TE-T043","te-Telu-IN-TE-T043-OCC-006","terminology","retrospective","high","low","true","First-order syntax register: term, string, formation sequence, syntactic identity, unique readability, main operator, subformula, scope, free/bound variable, sentence and substitution","పదం / సంకేతమాల / నిర్మాణ క్రమం / వాక్యనిర్మాణ తాదాత్మ్యం / ఏకార్థ పఠనీయత / ప్రధాన సంయోజకం / ఉపసూత్రం / పరిధి / స్వేచ్ఛా-బద్ధ చరం / వాక్యం / ప్రతిస్థాపన","te-Telu-IN","Telu","IN","standard formal Telugu","international logical and mathematical notation with Arabic decimal digits and Latin metavariables","OLP-0155","OLP-0155-B006","upstream/content/first-order-logic/syntax-and-semantics/subformulas.tex","6e287a941dee45c936517925a0db269918b5020ac24892a03342dc7678f6c938","13","18","229","523","translation/content/first-order-logic/syntax-and-semantics/subformulas.tex","12d27b0982dd916aa48a5b36540f6f3e6e831831acfa1fb0519f6bee8e88e529","13","18","229","999","pending","","The cited unit is not yet integrated into the coherent full reader; no printed or assembled PDF page is guessed.","Please double-check whether “పదం / సంకేతమాల / నిర్మాణ క్రమం / వాక్యనిర్మాణ తాదాత్మ్యం / ఏకార్థ పఠనీయత / ప్రధాన సంయోజకం / ఉపసూత్రం / పరిధి / స్వేచ్ఛా-బద్ధ చరం / వాక్యం / ప్రతిస్థాపన” is idiomatic and technically standard for “First-order syntax register: term, string, formation sequence, syntactic identity, unique readability, main operator, subformula, scope, free/bound variable, sentence and substitution” in Telugu logic/mathematics across Andhra Pradesh and Telangana. If not, what exact replacement should be used while leaving the displayed definition, formulas and source scope unchanged?"
"te-Telu-IN-TE-T043","te-Telu-IN-TE-T043-OCC-007","terminology","retrospective","high","low","true","First-order syntax register: term, string, formation sequence, syntactic identity, unique readability, main operator, subformula, scope, free/bound variable, sentence and substitution","పదం / సంకేతమాల / నిర్మాణ క్రమం / వాక్యనిర్మాణ తాదాత్మ్యం / ఏకార్థ పఠనీయత / ప్రధాన సంయోజకం / ఉపసూత్రం / పరిధి / స్వేచ్ఛా-బద్ధ చరం / వాక్యం / ప్రతిస్థాపన","te-Telu-IN","Telu","IN","standard formal Telugu","international logical and mathematical notation with Arabic decimal digits and Latin metavariables","OLP-0156","OLP-0156-B006","upstream/content/first-order-logic/syntax-and-semantics/formation-sequences.tex","b691c379c8dbebebf080199aa11279ab2666880334bf6b7818f385c4855eea01","13","23","231","815","translation/content/first-order-logic/syntax-and-semantics/formation-sequences.tex","d81b0a79c050b3a3471d55c53689a955d1ffdf22733f558e844b31e672e9abea","13","21","255","1619","pending","","The cited unit is not yet integrated into the coherent full reader; no printed or assembled PDF page is guessed.","Please double-check whether “పదం / సంకేతమాల / నిర్మాణ క్రమం / వాక్యనిర్మాణ తాదాత్మ్యం / ఏకార్థ పఠనీయత / ప్రధాన సంయోజకం / ఉపసూత్రం / పరిధి / స్వేచ్ఛా-బద్ధ చరం / వాక్యం / ప్రతిస్థాపన” is idiomatic and technically standard for “First-order syntax register: term, string, formation sequence, syntactic identity, unique readability, main operator, subformula, scope, free/bound variable, sentence and substitution” in Telugu logic/mathematics across Andhra Pradesh and Telangana. If not, what exact replacement should be used while leaving the displayed definition, formulas and source scope unchanged?"
"te-Telu-IN-TE-T043","te-Telu-IN-TE-T043-OCC-008","terminology","retrospective","high","low","true","First-order syntax register: term, string, formation sequence, syntactic identity, unique readability, main operator, subformula, scope, free/bound variable, sentence and substitution","పదం / సంకేతమాల / నిర్మాణ క్రమం / వాక్యనిర్మాణ తాదాత్మ్యం / ఏకార్థ పఠనీయత / ప్రధాన సంయోజకం / ఉపసూత్రం / పరిధి / స్వేచ్ఛా-బద్ధ చరం / వాక్యం / ప్రతిస్థాపన","te-Telu-IN","Telu","IN","standard formal Telugu","international logical and mathematical notation with Arabic decimal digits and Latin metavariables","OLP-0157","OLP-0157-B006","upstream/content/first-order-logic/syntax-and-semantics/free-vars-sentences.tex","b04a358a03907e8e42caa4b1cee49c217db77e1ca2c742da21c6eb6d7051edde","13","19","269","547","translation/content/first-order-logic/syntax-and-semantics/free-vars-sentences.tex","2d7233aa130de91cc6a94d85e3dfd56cd933c2a1ea4cf3f4f54aec70eaa6d78d","13","19","286","897","pending","","The cited unit is not yet integrated into the coherent full reader; no printed or assembled PDF page is guessed.","Please double-check whether “పదం / సంకేతమాల / నిర్మాణ క్రమం / వాక్యనిర్మాణ తాదాత్మ్యం / ఏకార్థ పఠనీయత / ప్రధాన సంయోజకం / ఉపసూత్రం / పరిధి / స్వేచ్ఛా-బద్ధ చరం / వాక్యం / ప్రతిస్థాపన” is idiomatic and technically standard for “First-order syntax register: term, string, formation sequence, syntactic identity, unique readability, main operator, subformula, scope, free/bound variable, sentence and substitution” in Telugu logic/mathematics across Andhra Pradesh and Telangana. If not, what exact replacement should be used while leaving the displayed definition, formulas and source scope unchanged?"
"te-Telu-IN-TE-T043","te-Telu-IN-TE-T043-OCC-009","terminology","retrospective","high","low","true","First-order syntax register: term, string, formation sequence, syntactic identity, unique readability, main operator, subformula, scope, free/bound variable, sentence and substitution","పదం / సంకేతమాల / నిర్మాణ క్రమం / వాక్యనిర్మాణ తాదాత్మ్యం / ఏకార్థ పఠనీయత / ప్రధాన సంయోజకం / ఉపసూత్రం / పరిధి / స్వేచ్ఛా-బద్ధ చరం / వాక్యం / ప్రతిస్థాపన","te-Telu-IN","Telu","IN","standard formal Telugu","international logical and mathematical notation with Arabic decimal digits and Latin metavariables","OLP-0158","OLP-0158-B006","upstream/content/first-order-logic/syntax-and-semantics/substitution.tex","3db5cd0e374edb0ba4cff9f6f849272190d5fc5420e5132e1237adcd64619fae","13","17","216","446","translation/content/first-order-logic/syntax-and-semantics/substitution.tex","e14628d57586a165b987c4bc2fc06e2e152526d96a58d03b156f93a1f9869ee3","13","18","237","705","pending","","The cited unit is not yet integrated into the coherent full reader; no printed or assembled PDF page is guessed.","Please double-check whether “పదం / సంకేతమాల / నిర్మాణ క్రమం / వాక్యనిర్మాణ తాదాత్మ్యం / ఏకార్థ పఠనీయత / ప్రధాన సంయోజకం / ఉపసూత్రం / పరిధి / స్వేచ్ఛా-బద్ధ చరం / వాక్యం / ప్రతిస్థాపన” is idiomatic and technically standard for “First-order syntax register: term, string, formation sequence, syntactic identity, unique readability, main operator, subformula, scope, free/bound variable, sentence and substitution” in Telugu logic/mathematics across Andhra Pradesh and Telangana. If not, what exact replacement should be used while leaving the displayed definition, formulas and source scope unchanged?"
"te-Telu-IN-TE-T044","te-Telu-IN-TE-T044-OCC-001","terminology","retrospective","high","low","true","First-order semantic register: structure, domain, interpretation, variable assignment, satisfaction, validity, entailment, satisfiability, covered structure and model","నిర్మాణం / వ్యక్తి క్షేత్రం / అర్థనిర్దేశం / చర నిర్దేశం / సంతృప్తి / చెల్లుబాటుతనం / అర్థపర అనుగమనం / సంతృప్తిపరచదగినతనం / ఆవృత నిర్మాణం / నమూనా","te-Telu-IN","Telu","IN","standard formal Telugu","international logical and mathematical notation with Arabic decimal digits and Latin metavariables","OLP-0160","OLP-0160-B006","upstream/content/first-order-logic/syntax-and-semantics/intro-semantics.tex","0c17fd8bd7b0a2218229c8f217581bf09cde11ec08a602019f46b20f174a4722","13","33","208","1604","translation/content/first-order-logic/syntax-and-semantics/intro-semantics.tex","5a747702a975f832e862e3776ca3a2a09ecf0d53cb8b74bf9c95c594dfa32213","13","32","214","3996","pending","","The cited unit is not yet integrated into the coherent full reader; no printed or assembled PDF page is guessed.","Please double-check whether “నిర్మాణం / వ్యక్తి క్షేత్రం / అర్థనిర్దేశం / చర నిర్దేశం / సంతృప్తి / చెల్లుబాటుతనం / అర్థపర అనుగమనం / సంతృప్తిపరచదగినతనం / ఆవృత నిర్మాణం / నమూనా” is idiomatic and technically standard for “First-order semantic register: structure, domain, interpretation, variable assignment, satisfaction, validity, entailment, satisfiability, covered structure and model” in Telugu logic/mathematics across Andhra Pradesh and Telangana. If not, what exact replacement should be used while leaving the displayed definition, formulas and source scope unchanged?"
"te-Telu-IN-TE-T044","te-Telu-IN-TE-T044-OCC-002","terminology","retrospective","high","low","true","First-order semantic register: structure, domain, interpretation, variable assignment, satisfaction, validity, entailment, satisfiability, covered structure and model","నిర్మాణం / వ్యక్తి క్షేత్రం / అర్థనిర్దేశం / చర నిర్దేశం / సంతృప్తి / చెల్లుబాటుతనం / అర్థపర అనుగమనం / సంతృప్తిపరచదగినతనం / ఆవృత నిర్మాణం / నమూనా","te-Telu-IN","Telu","IN","standard formal Telugu","international logical and mathematical notation with Arabic decimal digits and Latin metavariables","OLP-0162","OLP-0162-B008","upstream/content/first-order-logic/syntax-and-semantics/covered-structures.tex","50975f7de07ff4167fcf30249770ab3a4eaac7df0ae1f38d0c8f15ca7f87d530","31","34","842","992","translation/content/first-order-logic/syntax-and-semantics/covered-structures.tex","13a68ac093651e55f54a49b6ab9aa820fa5696bc305a4c48d37b8510e9c0f05e","31","34","1321","1747","pending","","The cited unit is not yet integrated into the coherent full reader; no printed or assembled PDF page is guessed.","Please double-check whether “నిర్మాణం / వ్యక్తి క్షేత్రం / అర్థనిర్దేశం / చర నిర్దేశం / సంతృప్తి / చెల్లుబాటుతనం / అర్థపర అనుగమనం / సంతృప్తిపరచదగినతనం / ఆవృత నిర్మాణం / నమూనా” is idiomatic and technically standard for “First-order semantic register: structure, domain, interpretation, variable assignment, satisfaction, validity, entailment, satisfiability, covered structure and model” in Telugu logic/mathematics across Andhra Pradesh and Telangana. If not, what exact replacement should be used while leaving the displayed definition, formulas and source scope unchanged?"
"te-Telu-IN-TE-T045","te-Telu-IN-TE-T045-OCC-001","terminology","retrospective","normal","medium","true","x-variant of a variable assignment","x-భేదరూపం","te-Telu-IN","Telu","IN","standard formal Telugu","international logical and mathematical notation with Arabic decimal digits and Latin metavariables","OLP-0163","OLP-0163-B011","upstream/content/first-order-logic/syntax-and-semantics/satisfaction.tex","1345318ddf4f4df715f3cb3403b5a457eaf5d2941b0c745593d4a0001ade7ace","74","79","3078","3400","translation/content/first-order-logic/syntax-and-semantics/satisfaction.tex","62464ea24cf0839849fb8808d695c66d0d091fefad102eb56d38123b97a708df","70","76","7066","7785","pending","","The cited unit is not yet integrated into the coherent full reader; no printed or assembled PDF page is guessed.","Please double-check whether “x-భేదరూపం” is idiomatic and technically standard for “x-variant of a variable assignment” in Telugu logic/mathematics across Andhra Pradesh and Telangana. If not, what exact replacement should be used while leaving the displayed definition, formulas and source scope unchanged?"
"te-Telu-IN-TE-T046","te-Telu-IN-TE-T046-OCC-001","terminology","retrospective","high","low","true","extensionality (also called relevance) in first-order semantics","విస్తారత (సంబద్ధత అని కూడా పిలుస్తారు)","te-Telu-IN","Telu","IN","standard formal Telugu","international logical and mathematical notation with Arabic decimal digits and Latin metavariables","OLP-0165","OLP-0165-B005","upstream/content/first-order-logic/syntax-and-semantics/extensionality.tex","50a329405f437b78605cafd811dbf3837efa0fde17069d1dee208bff49a20fda","11","11","190","217","translation/content/first-order-logic/syntax-and-semantics/extensionality.tex","15a47de0c446d52f8ae433eaaa18ee6758271fd3780fe59a676afc9a923a2e8d","11","11","190","227","pending","","The cited unit is not yet integrated into the coherent full reader; no printed or assembled PDF page is guessed.","Please double-check whether “విస్తారత (సంబద్ధత అని కూడా పిలుస్తారు)” is idiomatic and technically standard for “extensionality (also called relevance) in first-order semantics” in Telugu logic/mathematics across Andhra Pradesh and Telangana. If not, what exact replacement should be used while leaving the displayed definition, formulas and source scope unchanged?"
"te-Telu-IN-TE-T047","te-Telu-IN-TE-T047-OCC-001","terminology","retrospective","high","low","true","axiomatic method / theory / axiom system / axiomatized by / closure / model / definability / explicit definition","స్వీకృతాధార పద్ధతి / సిద్ధాంతం / స్వీకృత వ్యవస్థ / స్వీకృతీకరించబడిన / సంవృతి / నమూనా / నిర్వచనీయత / స్పష్ట నిర్వచనం","te-Telu-IN","Telu","IN","standard formal Telugu","international logical and mathematical notation with Arabic decimal digits and Latin metavariables","OLP-0168","OLP-0168-B007","upstream/content/first-order-logic/models-theories/introduction.tex","af9e91c4a4e19debfa137b696a280723e3de5779d7b65cc32ff0d0bcbac377a1","28","31","995","1207","translation/content/first-order-logic/models-theories/introduction.tex","84d64cebfda72c7bfef801bb5d4ded2096b0ea4e8859950694049fbcdb460b0f","28","32","2264","2692","pending","","The cited unit is not yet integrated into the coherent full reader; no printed or assembled PDF page is guessed.","Please double-check whether “స్వీకృతాధార పద్ధతి / సిద్ధాంతం / స్వీకృత వ్యవస్థ / స్వీకృతీకరించబడిన / సంవృతి / నమూనా / నిర్వచనీయత / స్పష్ట నిర్వచనం” is idiomatic and technically standard for “axiomatic method / theory / axiom system / axiomatized by / closure / model / definability / explicit definition” in Telugu logic/mathematics across Andhra Pradesh and Telangana. If not, what exact replacement should be used while leaving the displayed definition, formulas and source scope unchanged?"
"te-Telu-IN-TE-T047","te-Telu-IN-TE-T047-OCC-002","terminology","retrospective","high","low","true","axiomatic method / theory / axiom system / axiomatized by / closure / model / definability / explicit definition","స్వీకృతాధార పద్ధతి / సిద్ధాంతం / స్వీకృత వ్యవస్థ / స్వీకృతీకరించబడిన / సంవృతి / నమూనా / నిర్వచనీయత / స్పష్ట నిర్వచనం","te-Telu-IN","Telu","IN","standard formal Telugu","international logical and mathematical notation with Arabic decimal digits and Latin metavariables","OLP-0169","OLP-0169-B007","upstream/content/first-order-logic/models-theories/expressing-props-of-structures.tex","feb12b7951795d4ad220ee97941e52fef3469bcfe363ec6a3660992225154f9e","39","43","1771","1987","translation/content/first-order-logic/models-theories/expressing-props-of-structures.tex","08f79260dadc32fd1bff7155f08d1d1ba04b7c02720fa52fb54d7128da16cb6d","36","40","3938","4352","pending","","The cited unit is not yet integrated into the coherent full reader; no printed or assembled PDF page is guessed.","Please double-check whether “స్వీకృతాధార పద్ధతి / సిద్ధాంతం / స్వీకృత వ్యవస్థ / స్వీకృతీకరించబడిన / సంవృతి / నమూనా / నిర్వచనీయత / స్పష్ట నిర్వచనం” is idiomatic and technically standard for “axiomatic method / theory / axiom system / axiomatized by / closure / model / definability / explicit definition” in Telugu logic/mathematics across Andhra Pradesh and Telangana. If not, what exact replacement should be used while leaving the displayed definition, formulas and source scope unchanged?"
"te-Telu-IN-TE-T047","te-Telu-IN-TE-T047-OCC-003","terminology","retrospective","high","low","true","axiomatic method / theory / axiom system / axiomatized by / closure / model / definability / explicit definition","స్వీకృతాధార పద్ధతి / సిద్ధాంతం / స్వీకృత వ్యవస్థ / స్వీకృతీకరించబడిన / సంవృతి / నమూనా / నిర్వచనీయత / స్పష్ట నిర్వచనం","te-Telu-IN","Telu","IN","standard formal Telugu","international logical and mathematical notation with Arabic decimal digits and Latin metavariables","OLP-0171","OLP-0171-B010","upstream/content/first-order-logic/models-theories/expressing-relations.tex","37f0dcfda647cea12a9e3182a4e868092993f1d928faca29225f8e6efb82f87b","69","78","2922","3480","translation/content/first-order-logic/models-theories/expressing-relations.tex","73957080816bd80674dc99db8954e58f1cac54fb5f233fd1ce763e1b09f837a5","71","80","6042","7513","pending","","The cited unit is not yet integrated into the coherent full reader; no printed or assembled PDF page is guessed.","Please double-check whether “స్వీకృతాధార పద్ధతి / సిద్ధాంతం / స్వీకృత వ్యవస్థ / స్వీకృతీకరించబడిన / సంవృతి / నమూనా / నిర్వచనీయత / స్పష్ట నిర్వచనం” is idiomatic and technically standard for “axiomatic method / theory / axiom system / axiomatized by / closure / model / definability / explicit definition” in Telugu logic/mathematics across Andhra Pradesh and Telangana. If not, what exact replacement should be used while leaving the displayed definition, formulas and source scope unchanged?"
"te-Telu-IN-TE-T048","te-Telu-IN-TE-T048-OCC-001","terminology","retrospective","high","low","true","pure set / urelement / axiom of extensionality / naive comprehension scheme / comprehension principle / separation principle / Russell's Paradox / Zermelo--Fraenkel set theory","శుద్ధ సమితి / యూర్-ఎలిమెంట్ / విస్తారతా స్వీకృతం / అమాయక ధర్మసంగ్రహ పథకం / ధర్మసంగ్రహ సూత్రం / వేరుచేయు సూత్రం / రసెల్ వైరుధ్యం / జెర్మెలో--ఫ్రెంకెల్ సమితి సిద్ధాంతం","te-Telu-IN","Telu","IN","standard formal Telugu","international logical and mathematical notation with Arabic decimal digits and Latin metavariables","OLP-0170","OLP-0170-B010","upstream/content/first-order-logic/models-theories/theories.tex","5ce32448dbe95d0b37477a6c343ae3a976bb299c955f50ae206b0f150f09ccd5","62","69","2138","2573","translation/content/first-order-logic/models-theories/theories.tex","3d26fb8886139618d0a2192d1267d89c06849f50c048f3aeb08286a54951dffd","61","68","3443","4570","pending","","The cited unit is not yet integrated into the coherent full reader; no printed or assembled PDF page is guessed.","Please double-check whether “శుద్ధ సమితి / యూర్-ఎలిమెంట్ / విస్తారతా స్వీకృతం / అమాయక ధర్మసంగ్రహ పథకం / ధర్మసంగ్రహ సూత్రం / వేరుచేయు సూత్రం / రసెల్ వైరుధ్యం / జెర్మెలో--ఫ్రెంకెల్ సమితి సిద్ధాంతం” is idiomatic and technically standard for “pure set / urelement / axiom of extensionality / naive comprehension scheme / comprehension principle / separation principle / Russell's Paradox / Zermelo--Fraenkel set theory” in Telugu logic/mathematics across Andhra Pradesh and Telangana. If not, what exact replacement should be used while leaving the displayed definition, formulas and source scope unchanged?"
"te-Telu-IN-TE-T048","te-Telu-IN-TE-T048-OCC-002","terminology","retrospective","high","low","true","pure set / urelement / axiom of extensionality / naive comprehension scheme / comprehension principle / separation principle / Russell's Paradox / Zermelo--Fraenkel set theory","శుద్ధ సమితి / యూర్-ఎలిమెంట్ / విస్తారతా స్వీకృతం / అమాయక ధర్మసంగ్రహ పథకం / ధర్మసంగ్రహ సూత్రం / వేరుచేయు సూత్రం / రసెల్ వైరుధ్యం / జెర్మెలో--ఫ్రెంకెల్ సమితి సిద్ధాంతం","te-Telu-IN","Telu","IN","standard formal Telugu","international logical and mathematical notation with Arabic decimal digits and Latin metavariables","OLP-0172","OLP-0172-B006","upstream/content/first-order-logic/models-theories/set-theory.tex","e85d5beac63c3e6a5c44bec12aabbfe05e0b2af8f2604d6d79bb5220587eaeaf","13","29","215","1292","translation/content/first-order-logic/models-theories/set-theory.tex","c43795a166b9982fc1e479cdbb08018b3534979afdd57dfecc36b97ab85bc2a9","13","27","243","2884","pending","","The cited unit is not yet integrated into the coherent full reader; no printed or assembled PDF page is guessed.","Please double-check whether “శుద్ధ సమితి / యూర్-ఎలిమెంట్ / విస్తారతా స్వీకృతం / అమాయక ధర్మసంగ్రహ పథకం / ధర్మసంగ్రహ సూత్రం / వేరుచేయు సూత్రం / రసెల్ వైరుధ్యం / జెర్మెలో--ఫ్రెంకెల్ సమితి సిద్ధాంతం” is idiomatic and technically standard for “pure set / urelement / axiom of extensionality / naive comprehension scheme / comprehension principle / separation principle / Russell's Paradox / Zermelo--Fraenkel set theory” in Telugu logic/mathematics across Andhra Pradesh and Telangana. If not, what exact replacement should be used while leaving the displayed definition, formulas and source scope unchanged?"
"te-Telu-IN-TE-T048","te-Telu-IN-TE-T048-OCC-003","terminology","retrospective","high","low","true","pure set / urelement / axiom of extensionality / naive comprehension scheme / comprehension principle / separation principle / Russell's Paradox / Zermelo--Fraenkel set theory","శుద్ధ సమితి / యూర్-ఎలిమెంట్ / విస్తారతా స్వీకృతం / అమాయక ధర్మసంగ్రహ పథకం / ధర్మసంగ్రహ సూత్రం / వేరుచేయు సూత్రం / రసెల్ వైరుధ్యం / జెర్మెలో--ఫ్రెంకెల్ సమితి సిద్ధాంతం","te-Telu-IN","Telu","IN","standard formal Telugu","international logical and mathematical notation with Arabic decimal digits and Latin metavariables","OLP-0172","OLP-0172-B013","upstream/content/first-order-logic/models-theories/set-theory.tex","e85d5beac63c3e6a5c44bec12aabbfe05e0b2af8f2604d6d79bb5220587eaeaf","149","171","7025","8016","translation/content/first-order-logic/models-theories/set-theory.tex","c43795a166b9982fc1e479cdbb08018b3534979afdd57dfecc36b97ab85bc2a9","147","169","13842","15964","pending","","The cited unit is not yet integrated into the coherent full reader; no printed or assembled PDF page is guessed.","Please double-check whether “శుద్ధ సమితి / యూర్-ఎలిమెంట్ / విస్తారతా స్వీకృతం / అమాయక ధర్మసంగ్రహ పథకం / ధర్మసంగ్రహ సూత్రం / వేరుచేయు సూత్రం / రసెల్ వైరుధ్యం / జెర్మెలో--ఫ్రెంకెల్ సమితి సిద్ధాంతం” is idiomatic and technically standard for “pure set / urelement / axiom of extensionality / naive comprehension scheme / comprehension principle / separation principle / Russell's Paradox / Zermelo--Fraenkel set theory” in Telugu logic/mathematics across Andhra Pradesh and Telangana. If not, what exact replacement should be used while leaving the displayed definition, formulas and source scope unchanged?"
"te-Telu-IN-TE-T049","te-Telu-IN-TE-T049-OCC-001","terminology","retrospective","high","low","true","mereology / parthood / parthood structure / improper part / proper part / mereological sum / fusion","భాగతత్త్వం (మీరియాలజీ) / భాగత్వం / భాగత్వ నిర్మాణం / క్రమేతర భాగం / క్రమ భాగం / భాగతాత్త్విక మొత్తం / సంలీనం","te-Telu-IN","Telu","IN","standard formal Telugu","international logical and mathematical notation with Arabic decimal digits and Latin metavariables","OLP-0170","OLP-0170-B013","upstream/content/first-order-logic/models-theories/theories.tex","5ce32448dbe95d0b37477a6c343ae3a976bb299c955f50ae206b0f150f09ccd5","102","106","3956","4197","translation/content/first-order-logic/models-theories/theories.tex","3d26fb8886139618d0a2192d1267d89c06849f50c048f3aeb08286a54951dffd","101","105","7312","7861","pending","","The cited unit is not yet integrated into the coherent full reader; no printed or assembled PDF page is guessed.","Please double-check whether “భాగతత్త్వం (మీరియాలజీ) / భాగత్వం / భాగత్వ నిర్మాణం / క్రమేతర భాగం / క్రమ భాగం / భాగతాత్త్విక మొత్తం / సంలీనం” is idiomatic and technically standard for “mereology / parthood / parthood structure / improper part / proper part / mereological sum / fusion” in Telugu logic/mathematics across Andhra Pradesh and Telangana. If not, what exact replacement should be used while leaving the displayed definition, formulas and source scope unchanged?"
"te-Telu-IN-TE-T050","te-Telu-IN-TE-T050-OCC-001","terminology","retrospective","high","low","true","many-sorted logic / sort / type / arity / sort-restricted quantifier","బహు-రక తర్కం / రకం / టైపు / స్థానసంఖ్య (అరిటీ) / రక-పరిమాణకం","te-Telu-IN","Telu","IN","standard formal Telugu","international logical and mathematical notation with Arabic decimal digits and Latin metavariables","OLP-0176","OLP-0176-B007","upstream/content/first-order-logic/beyond/many-sorted-logic.tex","5a6abcd66e91868de97e0c1ec44cdf848396655cc6995adc05d6771844ecfac7","19","26","543","1033","translation/content/first-order-logic/beyond/many-sorted-logic.tex","57aba22e87125b3451399ec41ec14315afbe383fe0bd00b9284837380452bf3b","20","26","1325","2523","pending","","The cited unit is not yet integrated into the coherent full reader; no printed or assembled PDF page is guessed.","Please double-check whether “బహు-రక తర్కం / రకం / టైపు / స్థానసంఖ్య (అరిటీ) / రక-పరిమాణకం” is idiomatic and technically standard for “many-sorted logic / sort / type / arity / sort-restricted quantifier” in Telugu logic/mathematics across Andhra Pradesh and Telangana. If not, what exact replacement should be used while leaving the displayed definition, formulas and source scope unchanged?"
"te-Telu-IN-TE-T051","te-Telu-IN-TE-T051-OCC-001","terminology","retrospective","high","low","true","second-order logic / higher-order logic / comprehension schema / predicative / impredicative / full and weak semantics / categorical / finite type / functional / lambda term / application / projection / simple theory of types","ద్వితీయ-స్థాయి తర్కం / ఉన్నత-స్థాయి తర్కం / ధర్మసంగ్రహ పథకం / ప్రెడికేటివ్ / ఇంప్రెడికేటివ్ / పూర్ణ, బలహీన అర్థవిచారం / సమరూపత వరకు ఏకైకమైన (కేటగారికల్) / పరిమిత టైపు / ప్రమేయకం / లాంబ్డా పదం / ప్రయోగం / ప్రక్షేపం / సరళ టైపుల సిద్ధాంతం","te-Telu-IN","Telu","IN","standard formal Telugu","international logical and mathematical notation with Arabic decimal digits and Latin metavariables","OLP-0177","OLP-0177-B006","upstream/content/first-order-logic/beyond/second-order-logic.tex","944e224c99309c16e3303d6688fe0bf070e9ad8a68a1207ef6b8d6add08fe16d","13","28","214","1114","translation/content/first-order-logic/beyond/second-order-logic.tex","0880aced16a46d7051834d99b9666aae294a89c5dfaaad54eeb630bdfce9d99c","13","27","252","2262","pending","","The cited unit is not yet integrated into the coherent full reader; no printed or assembled PDF page is guessed.","Please double-check whether “ద్వితీయ-స్థాయి తర్కం / ఉన్నత-స్థాయి తర్కం / ధర్మసంగ్రహ పథకం / ప్రెడికేటివ్ / ఇంప్రెడికేటివ్ / పూర్ణ, బలహీన అర్థవిచారం / సమరూపత వరకు ఏకైకమైన (కేటగారికల్) / పరిమిత టైపు / ప్రమేయకం / లాంబ్డా పదం / ప్రయోగం / ప్రక్షేపం / సరళ టైపుల సిద్ధాంతం” is idiomatic and technically standard for “second-order logic / higher-order logic / comprehension schema / predicative / impredicative / full and weak semantics / categorical / finite type / functional / lambda term / application / projection / simple theory of types” in Telugu logic/mathematics across Andhra Pradesh and Telangana. If not, what exact replacement should be used while leaving the displayed definition, formulas and source scope unchanged?"
"te-Telu-IN-TE-T051","te-Telu-IN-TE-T051-OCC-002","terminology","retrospective","high","low","true","second-order logic / higher-order logic / comprehension schema / predicative / impredicative / full and weak semantics / categorical / finite type / functional / lambda term / application / projection / simple theory of types","ద్వితీయ-స్థాయి తర్కం / ఉన్నత-స్థాయి తర్కం / ధర్మసంగ్రహ పథకం / ప్రెడికేటివ్ / ఇంప్రెడికేటివ్ / పూర్ణ, బలహీన అర్థవిచారం / సమరూపత వరకు ఏకైకమైన (కేటగారికల్) / పరిమిత టైపు / ప్రమేయకం / లాంబ్డా పదం / ప్రయోగం / ప్రక్షేపం / సరళ టైపుల సిద్ధాంతం","te-Telu-IN","Telu","IN","standard formal Telugu","international logical and mathematical notation with Arabic decimal digits and Latin metavariables","OLP-0178","OLP-0178-B007","upstream/content/first-order-logic/beyond/higher-order-logic.tex","38ced5d3bad860479a37abcc7745229561d26bbfdbe77a5b2a1c6dece2a455b1","21","38","679","1740","translation/content/first-order-logic/beyond/higher-order-logic.tex","1c17e93ad9b17bdafbab64d044c4d9495cecc3669e31ba67ba3ef9d38f6a9974","22","40","1564","3876","pending","","The cited unit is not yet integrated into the coherent full reader; no printed or assembled PDF page is guessed.","Please double-check whether “ద్వితీయ-స్థాయి తర్కం / ఉన్నత-స్థాయి తర్కం / ధర్మసంగ్రహ పథకం / ప్రెడికేటివ్ / ఇంప్రెడికేటివ్ / పూర్ణ, బలహీన అర్థవిచారం / సమరూపత వరకు ఏకైకమైన (కేటగారికల్) / పరిమిత టైపు / ప్రమేయకం / లాంబ్డా పదం / ప్రయోగం / ప్రక్షేపం / సరళ టైపుల సిద్ధాంతం” is idiomatic and technically standard for “second-order logic / higher-order logic / comprehension schema / predicative / impredicative / full and weak semantics / categorical / finite type / functional / lambda term / application / projection / simple theory of types” in Telugu logic/mathematics across Andhra Pradesh and Telangana. If not, what exact replacement should be used while leaving the displayed definition, formulas and source scope unchanged?"
"te-Telu-IN-TE-T052","te-Telu-IN-TE-T052-OCC-001","terminology","retrospective","high","low","true","intuitionistic logic / classical logic / constructive reasoning / law of excluded middle / double-negation translation / BHK interpretation / Curry--Howard isomorphism / forcing / monotone assignment / state of knowledge","అంతఃప్రజ్ఞావాద తర్కం / సాంప్రదాయిక తర్కం / నిర్మాణాత్మక హేతుచింతన / బహిష్కృత మధ్యమ సూత్రం / ద్వినిషేధ అనువాదం / BHK అర్థనిర్దేశం / కరీ--హోవర్డ్ సమరూపత / ఫోర్సింగ్ సంబంధం / క్రమ-ఏకదిశ (మోనోటోన్) కేటాయింపు / జ్ఞానస్థితి","te-Telu-IN","Telu","IN","standard formal Telugu","international logical and mathematical notation with Arabic decimal digits and Latin metavariables","OLP-0179","OLP-0179-B006","upstream/content/first-order-logic/beyond/intuitionistic-logic.tex","063ba3b9be092a262c09554ac0377b8f2a74d4042736588b30435c95a4740e98","13","17","217","497","translation/content/first-order-logic/beyond/intuitionistic-logic.tex","772b96a170597aa509b23e4d1229ce16bb961ddf7f5ca202134f15248b7e6600","13","17","255","936","pending","","The cited unit is not yet integrated into the coherent full reader; no printed or assembled PDF page is guessed.","Please double-check whether “అంతఃప్రజ్ఞావాద తర్కం / సాంప్రదాయిక తర్కం / నిర్మాణాత్మక హేతుచింతన / బహిష్కృత మధ్యమ సూత్రం / ద్వినిషేధ అనువాదం / BHK అర్థనిర్దేశం / కరీ--హోవర్డ్ సమరూపత / ఫోర్సింగ్ సంబంధం / క్రమ-ఏకదిశ (మోనోటోన్) కేటాయింపు / జ్ఞానస్థితి” is idiomatic and technically standard for “intuitionistic logic / classical logic / constructive reasoning / law of excluded middle / double-negation translation / BHK interpretation / Curry--Howard isomorphism / forcing / monotone assignment / state of knowledge” in Telugu logic/mathematics across Andhra Pradesh and Telangana. If not, what exact replacement should be used while leaving the displayed definition, formulas and source scope unchanged?"
"te-Telu-IN-TE-T052","te-Telu-IN-TE-T052-OCC-002","terminology","retrospective","high","low","true","intuitionistic logic / classical logic / constructive reasoning / law of excluded middle / double-negation translation / BHK interpretation / Curry--Howard isomorphism / forcing / monotone assignment / state of knowledge","అంతఃప్రజ్ఞావాద తర్కం / సాంప్రదాయిక తర్కం / నిర్మాణాత్మక హేతుచింతన / బహిష్కృత మధ్యమ సూత్రం / ద్వినిషేధ అనువాదం / BHK అర్థనిర్దేశం / కరీ--హోవర్డ్ సమరూపత / ఫోర్సింగ్ సంబంధం / క్రమ-ఏకదిశ (మోనోటోన్) కేటాయింపు / జ్ఞానస్థితి","te-Telu-IN","Telu","IN","standard formal Telugu","international logical and mathematical notation with Arabic decimal digits and Latin metavariables","OLP-0179","OLP-0179-B016","upstream/content/first-order-logic/beyond/intuitionistic-logic.tex","063ba3b9be092a262c09554ac0377b8f2a74d4042736588b30435c95a4740e98","97","112","4133","5208","translation/content/first-order-logic/beyond/intuitionistic-logic.tex","772b96a170597aa509b23e4d1229ce16bb961ddf7f5ca202134f15248b7e6600","91","104","8633","10865","pending","","The cited unit is not yet integrated into the coherent full reader; no printed or assembled PDF page is guessed.","Please double-check whether “అంతఃప్రజ్ఞావాద తర్కం / సాంప్రదాయిక తర్కం / నిర్మాణాత్మక హేతుచింతన / బహిష్కృత మధ్యమ సూత్రం / ద్వినిషేధ అనువాదం / BHK అర్థనిర్దేశం / కరీ--హోవర్డ్ సమరూపత / ఫోర్సింగ్ సంబంధం / క్రమ-ఏకదిశ (మోనోటోన్) కేటాయింపు / జ్ఞానస్థితి” is idiomatic and technically standard for “intuitionistic logic / classical logic / constructive reasoning / law of excluded middle / double-negation translation / BHK interpretation / Curry--Howard isomorphism / forcing / monotone assignment / state of knowledge” in Telugu logic/mathematics across Andhra Pradesh and Telangana. If not, what exact replacement should be used while leaving the displayed definition, formulas and source scope unchanged?"
"te-Telu-IN-TE-T053","te-Telu-IN-TE-T053-OCC-001","terminology","retrospective","high","low","true","modal logic / modality / possible world / accessibility relation / extensional / intensional / provability logic / epistemic logic / temporal logic","మోడల్ తర్కం / మోడాలిటీ / సాధ్యమైన లోకం / ప్రాప్యత సంబంధం / విస్తారాత్మక (ఎక్స్టెన్షనల్) / అంతర్భావాత్మక (ఇంటెన్షనల్) / నిరూప్యతా తర్కం / జ్ఞానమీమాంసాత్మక తర్కం / కాలిక తర్కం","te-Telu-IN","Telu","IN","standard formal Telugu","international logical and mathematical notation with Arabic decimal digits and Latin metavariables","OLP-0180","OLP-0180-B007","upstream/content/first-order-logic/beyond/modal-logics.tex","8dff5692c79c06aa452bc0e20871109f3334a9232bd18997062196e872539881","31","39","1132","1661","translation/content/first-order-logic/beyond/modal-logics.tex","df1ede230c43c6b491e84db7bccd72476ae3489e596756511b3459dfedda9196","29","36","2244","3517","pending","","The cited unit is not yet integrated into the coherent full reader; no printed or assembled PDF page is guessed.","Please double-check whether “మోడల్ తర్కం / మోడాలిటీ / సాధ్యమైన లోకం / ప్రాప్యత సంబంధం / విస్తారాత్మక (ఎక్స్టెన్షనల్) / అంతర్భావాత్మక (ఇంటెన్షనల్) / నిరూప్యతా తర్కం / జ్ఞానమీమాంసాత్మక తర్కం / కాలిక తర్కం” is idiomatic and technically standard for “modal logic / modality / possible world / accessibility relation / extensional / intensional / provability logic / epistemic logic / temporal logic” in Telugu logic/mathematics across Andhra Pradesh and Telangana. If not, what exact replacement should be used while leaving the displayed definition, formulas and source scope unchanged?"
"te-Telu-IN-TE-T053","te-Telu-IN-TE-T053-OCC-002","terminology","retrospective","high","low","true","modal logic / modality / possible world / accessibility relation / extensional / intensional / provability logic / epistemic logic / temporal logic","మోడల్ తర్కం / మోడాలిటీ / సాధ్యమైన లోకం / ప్రాప్యత సంబంధం / విస్తారాత్మక (ఎక్స్టెన్షనల్) / అంతర్భావాత్మక (ఇంటెన్షనల్) / నిరూప్యతా తర్కం / జ్ఞానమీమాంసాత్మక తర్కం / కాలిక తర్కం","te-Telu-IN","Telu","IN","standard formal Telugu","international logical and mathematical notation with Arabic decimal digits and Latin metavariables","OLP-0180","OLP-0180-B008","upstream/content/first-order-logic/beyond/modal-logics.tex","8dff5692c79c06aa452bc0e20871109f3334a9232bd18997062196e872539881","41","48","1662","2173","translation/content/first-order-logic/beyond/modal-logics.tex","df1ede230c43c6b491e84db7bccd72476ae3489e596756511b3459dfedda9196","38","45","3518","4694","pending","","The cited unit is not yet integrated into the coherent full reader; no printed or assembled PDF page is guessed.","Please double-check whether “మోడల్ తర్కం / మోడాలిటీ / సాధ్యమైన లోకం / ప్రాప్యత సంబంధం / విస్తారాత్మక (ఎక్స్టెన్షనల్) / అంతర్భావాత్మక (ఇంటెన్షనల్) / నిరూప్యతా తర్కం / జ్ఞానమీమాంసాత్మక తర్కం / కాలిక తర్కం” is idiomatic and technically standard for “modal logic / modality / possible world / accessibility relation / extensional / intensional / provability logic / epistemic logic / temporal logic” in Telugu logic/mathematics across Andhra Pradesh and Telangana. If not, what exact replacement should be used while leaving the displayed definition, formulas and source scope unchanged?"
"te-Telu-IN-TE-T054","te-Telu-IN-TE-T054-OCC-001","terminology","retrospective","high","low","true","fuzzy logic / probabilistic logic / default logic / defeasible reasoning / nonmonotonic logic / epistemic logic / causal logic / deontic logic","ఫజీ తర్కం / సంభావ్యతా తర్కం / డిఫాల్ట్ తర్కం / రద్దుచేయదగిన హేతుచింతన / ఏకదిశేతర తర్కం / జ్ఞానమీమాంసాత్మక తర్కం / కారణ తర్కం / కర్తవ్యాత్మక (డియాంటిక్) తర్కం","te-Telu-IN","Telu","IN","standard formal Telugu","international logical and mathematical notation with Arabic decimal digits and Latin metavariables","OLP-0181","OLP-0181-B007","upstream/content/first-order-logic/beyond/other-logics.tex","025f94f3d087242ea1cf63543ab32c653ca6960c89ea7c321f9805a3b14f3350","22","36","706","1636","translation/content/first-order-logic/beyond/other-logics.tex","c23149d28ea7e16f54a275aef98a0dea81ef73fa28cc550ad90160ba6dfc0623","22","35","1519","3849","pending","","The cited unit is not yet integrated into the coherent full reader; no printed or assembled PDF page is guessed.","Please double-check whether “ఫజీ తర్కం / సంభావ్యతా తర్కం / డిఫాల్ట్ తర్కం / రద్దుచేయదగిన హేతుచింతన / ఏకదిశేతర తర్కం / జ్ఞానమీమాంసాత్మక తర్కం / కారణ తర్కం / కర్తవ్యాత్మక (డియాంటిక్) తర్కం” is idiomatic and technically standard for “fuzzy logic / probabilistic logic / default logic / defeasible reasoning / nonmonotonic logic / epistemic logic / causal logic / deontic logic” in Telugu logic/mathematics across Andhra Pradesh and Telangana. If not, what exact replacement should be used while leaving the displayed definition, formulas and source scope unchanged?"
"te-Telu-IN-TE-T055","te-Telu-IN-TE-T055-OCC-001","terminology","retrospective","high","low","true","model theory / reduct / expansion / substructure / extension / theory of a structure","నమూనా సిద్ధాంతం / సంకుచిత రూపం / విస్తరణ / ఉపనిర్మాణం / విస్తృత నిర్మాణం / నిర్మాణపు సిద్ధాంతం","te-Telu-IN","Telu","IN","standard formal Telugu","international logical and mathematical notation with Arabic decimal digits and Latin metavariables","OLP-0184","OLP-0184-B006","upstream/content/model-theory/basics/reducts-and-expansions.tex","8ba69b70aa9f9ce0d2cdd1e468906bd1f2d06ab97e5dd448a9e062edc3822205","24","39","926","1551","translation/content/model-theory/basics/reducts-and-expansions.tex","49d310253c1c740d8b74aaa7a3716cee593d52805f885a52db3eac309033b9ba","24","41","1675","2840","pending","","The cited unit is not yet integrated into the coherent full reader; no printed or assembled PDF page is guessed.","Please double-check whether “నమూనా సిద్ధాంతం / సంకుచిత రూపం / విస్తరణ / ఉపనిర్మాణం / విస్తృత నిర్మాణం / నిర్మాణపు సిద్ధాంతం” is idiomatic and technically standard for “model theory / reduct / expansion / substructure / extension / theory of a structure” in Telugu logic/mathematics across Andhra Pradesh and Telangana. If not, what exact replacement should be used while leaving the displayed definition, formulas and source scope unchanged?"
"te-Telu-IN-TE-T055","te-Telu-IN-TE-T055-OCC-002","terminology","retrospective","high","low","true","model theory / reduct / expansion / substructure / extension / theory of a structure","నమూనా సిద్ధాంతం / సంకుచిత రూపం / విస్తరణ / ఉపనిర్మాణం / విస్తృత నిర్మాణం / నిర్మాణపు సిద్ధాంతం","te-Telu-IN","Telu","IN","standard formal Telugu","international logical and mathematical notation with Arabic decimal digits and Latin metavariables","OLP-0185","OLP-0185-B006","upstream/content/model-theory/basics/substructures.tex","7e887827ad7a38da3e8c86043ea0cf6d94ddb1512241c44f4c4cdd3f3db61904","19","37","578","1420","translation/content/model-theory/basics/substructures.tex","ab25867451ef34e8582b7f0e65b12854d0aa917110be514954d86d2d6e463e11","20","40","1010","2475","pending","","The cited unit is not yet integrated into the coherent full reader; no printed or assembled PDF page is guessed.","Please double-check whether “నమూనా సిద్ధాంతం / సంకుచిత రూపం / విస్తరణ / ఉపనిర్మాణం / విస్తృత నిర్మాణం / నిర్మాణపు సిద్ధాంతం” is idiomatic and technically standard for “model theory / reduct / expansion / substructure / extension / theory of a structure” in Telugu logic/mathematics across Andhra Pradesh and Telangana. If not, what exact replacement should be used while leaving the displayed definition, formulas and source scope unchanged?"
"te-Telu-IN-TE-T056","te-Telu-IN-TE-T056-OCC-001","terminology","retrospective","normal","medium","true","elementary equivalence / isomorphism / automorphism / partial isomorphism / back-and-forth property","మొదటిస్థాయి-వాక్య తుల్యత / సమరూపత / స్వసమరూపత / పాక్షిక సమరూపత / ముందుకు-వెనుకకు ధర్మం","te-Telu-IN","Telu","IN","standard formal Telugu","international logical and mathematical notation with Arabic decimal digits and Latin metavariables","OLP-0187","OLP-0187-B005","upstream/content/model-theory/basics/isomorphism.tex","bc20c7ae117da49ae395fe60f41be8baa408de9f1e0ccb78bb4356b40626861f","12","24","215","1102","translation/content/model-theory/basics/isomorphism.tex","39d149e0e26ea0082848dda825a41f8d6fac73a7ae2a72d1516340b8ae8aec55","12","24","240","2365","pending","","The cited unit is not yet integrated into the coherent full reader; no printed or assembled PDF page is guessed.","Please double-check whether “మొదటిస్థాయి-వాక్య తుల్యత / సమరూపత / స్వసమరూపత / పాక్షిక సమరూపత / ముందుకు-వెనుకకు ధర్మం” is idiomatic and technically standard for “elementary equivalence / isomorphism / automorphism / partial isomorphism / back-and-forth property” in Telugu logic/mathematics across Andhra Pradesh and Telangana. If not, what exact replacement should be used while leaving the displayed definition, formulas and source scope unchanged?"
"te-Telu-IN-TE-T056","te-Telu-IN-TE-T056-OCC-002","terminology","retrospective","normal","medium","true","elementary equivalence / isomorphism / automorphism / partial isomorphism / back-and-forth property","మొదటిస్థాయి-వాక్య తుల్యత / సమరూపత / స్వసమరూపత / పాక్షిక సమరూపత / ముందుకు-వెనుకకు ధర్మం","te-Telu-IN","Telu","IN","standard formal Telugu","international logical and mathematical notation with Arabic decimal digits and Latin metavariables","OLP-0189","OLP-0189-B005","upstream/content/model-theory/basics/partial-iso.tex","ff448c61f49d8375e1fcd7835e1ba9e8f2697e23c2e046336c78a02da280965d","12","31","212","1211","translation/content/model-theory/basics/partial-iso.tex","a4a6deb43d9540768c1723d5b46b5c2525e270676a194c50233aabf8d9251500","12","34","238","2083","pending","","The cited unit is not yet integrated into the coherent full reader; no printed or assembled PDF page is guessed.","Please double-check whether “మొదటిస్థాయి-వాక్య తుల్యత / సమరూపత / స్వసమరూపత / పాక్షిక సమరూపత / ముందుకు-వెనుకకు ధర్మం” is idiomatic and technically standard for “elementary equivalence / isomorphism / automorphism / partial isomorphism / back-and-forth property” in Telugu logic/mathematics across Andhra Pradesh and Telangana. If not, what exact replacement should be used while leaving the displayed definition, formulas and source scope unchanged?"
"te-Telu-IN-TE-T057","te-Telu-IN-TE-T057-OCC-001","terminology","retrospective","high","low","true","overspill / quantifier rank / n-equivalence / concatenation / dense linear order without endpoints","అధిప్రసరణ (ఓవర్‌స్పిల్) / పరిమాణక ర్యాంకు / n-తుల్యత / అనుసంధానం / అంత్యబిందువులు లేని సాంద్ర రేఖీయ క్రమం","te-Telu-IN","Telu","IN","standard formal Telugu","international logical and mathematical notation with Arabic decimal digits and Latin metavariables","OLP-0186","OLP-0186-B004","upstream/content/model-theory/basics/overspill.tex","e45ee9f5556ac6d7e9c55c8be3d568a03a6cdbce8d1969d7c8b025bea058e99a","9","10","153","200","translation/content/model-theory/basics/overspill.tex","079d4db45f95dbe3879abae4532c7e26347d57a7010414fb176560266e40e29f","9","10","153","254","pending","","The cited unit is not yet integrated into the coherent full reader; no printed or assembled PDF page is guessed.","Please double-check whether “అధిప్రసరణ (ఓవర్‌స్పిల్) / పరిమాణక ర్యాంకు / n-తుల్యత / అనుసంధానం / అంత్యబిందువులు లేని సాంద్ర రేఖీయ క్రమం” is idiomatic and technically standard for “overspill / quantifier rank / n-equivalence / concatenation / dense linear order without endpoints” in Telugu logic/mathematics across Andhra Pradesh and Telangana. If not, what exact replacement should be used while leaving the displayed definition, formulas and source scope unchanged?"
"te-Telu-IN-TE-T057","te-Telu-IN-TE-T057-OCC-002","terminology","retrospective","high","low","true","overspill / quantifier rank / n-equivalence / concatenation / dense linear order without endpoints","అధిప్రసరణ (ఓవర్‌స్పిల్) / పరిమాణక ర్యాంకు / n-తుల్యత / అనుసంధానం / అంత్యబిందువులు లేని సాంద్ర రేఖీయ క్రమం","te-Telu-IN","Telu","IN","standard formal Telugu","international logical and mathematical notation with Arabic decimal digits and Latin metavariables","OLP-0189","OLP-0189-B015","upstream/content/model-theory/basics/partial-iso.tex","ff448c61f49d8375e1fcd7835e1ba9e8f2697e23c2e046336c78a02da280965d","113","120","4363","4776","translation/content/model-theory/basics/partial-iso.tex","a4a6deb43d9540768c1723d5b46b5c2525e270676a194c50233aabf8d9251500","120","129","8469","9357","pending","","The cited unit is not yet integrated into the coherent full reader; no printed or assembled PDF page is guessed.","Please double-check whether “అధిప్రసరణ (ఓవర్‌స్పిల్) / పరిమాణక ర్యాంకు / n-తుల్యత / అనుసంధానం / అంత్యబిందువులు లేని సాంద్ర రేఖీయ క్రమం” is idiomatic and technically standard for “overspill / quantifier rank / n-equivalence / concatenation / dense linear order without endpoints” in Telugu logic/mathematics across Andhra Pradesh and Telangana. If not, what exact replacement should be used while leaving the displayed definition, formulas and source scope unchanged?"
"te-Telu-IN-TE-T057","te-Telu-IN-TE-T057-OCC-003","terminology","retrospective","high","low","true","overspill / quantifier rank / n-equivalence / concatenation / dense linear order without endpoints","అధిప్రసరణ (ఓవర్‌స్పిల్) / పరిమాణక ర్యాంకు / n-తుల్యత / అనుసంధానం / అంత్యబిందువులు లేని సాంద్ర రేఖీయ క్రమం","te-Telu-IN","Telu","IN","standard formal Telugu","international logical and mathematical notation with Arabic decimal digits and Latin metavariables","OLP-0190","OLP-0190-B005","upstream/content/model-theory/basics/dlo.tex","9c7bd2cbee65556d3edc1316632fa5714527901ee0aed70ee76e2c4db7c03531","12","26","211","830","translation/content/model-theory/basics/dlo.tex","155efdcc6472a9c6eeb30941ecaf447bee3b2fd96cc76fd718d4ecc9ebaf0af6","12","27","248","1154","pending","","The cited unit is not yet integrated into the coherent full reader; no printed or assembled PDF page is guessed.","Please double-check whether “అధిప్రసరణ (ఓవర్‌స్పిల్) / పరిమాణక ర్యాంకు / n-తుల్యత / అనుసంధానం / అంత్యబిందువులు లేని సాంద్ర రేఖీయ క్రమం” is idiomatic and technically standard for “overspill / quantifier rank / n-equivalence / concatenation / dense linear order without endpoints” in Telugu logic/mathematics across Andhra Pradesh and Telangana. If not, what exact replacement should be used while leaving the displayed definition, formulas and source scope unchanged?"
"te-Telu-IN-TE-T058","te-Telu-IN-TE-T058-OCC-001","terminology","retrospective","normal","medium","true","standard model / non-standard model / standard number / non-standard number / standard numeral / true arithmetic / Peano arithmetic","ప్రామాణిక నమూనా / అప్రామాణిక నమూనా / ప్రామాణిక సంఖ్య / అప్రామాణిక సంఖ్య / ప్రామాణిక సంఖ్యాపదం / నిజ అంకగణితం / పియానో అంకగణితం","te-Telu-IN","Telu","IN","standard formal Telugu","international logical and mathematical notation with Arabic decimal digits and Latin metavariables","OLP-0192","OLP-0192-B005","upstream/content/model-theory/models-of-arithmetic/introduction.tex","b574af9c4ae632a5a5b121e4a404fd16d43fc60450162fe8b8bc9d0ca70ed9f6","12","39","208","1476","translation/content/model-theory/models-of-arithmetic/introduction.tex","e8d76e729e3953bffa72e122f0b7402254a188f4834255b894d88d4dd616e139","12","51","214","3278","pending","","The cited unit is not yet integrated into the coherent full reader; no printed or assembled PDF page is guessed.","Please double-check whether “ప్రామాణిక నమూనా / అప్రామాణిక నమూనా / ప్రామాణిక సంఖ్య / అప్రామాణిక సంఖ్య / ప్రామాణిక సంఖ్యాపదం / నిజ అంకగణితం / పియానో అంకగణితం” is idiomatic and technically standard for “standard model / non-standard model / standard number / non-standard number / standard numeral / true arithmetic / Peano arithmetic” in Telugu logic/mathematics across Andhra Pradesh and Telangana. If not, what exact replacement should be used while leaving the displayed definition, formulas and source scope unchanged?"
"te-Telu-IN-TE-T058","te-Telu-IN-TE-T058-OCC-002","terminology","retrospective","normal","medium","true","standard model / non-standard model / standard number / non-standard number / standard numeral / true arithmetic / Peano arithmetic","ప్రామాణిక నమూనా / అప్రామాణిక నమూనా / ప్రామాణిక సంఖ్య / అప్రామాణిక సంఖ్య / ప్రామాణిక సంఖ్యాపదం / నిజ అంకగణితం / పియానో అంకగణితం","te-Telu-IN","Telu","IN","standard formal Telugu","international logical and mathematical notation with Arabic decimal digits and Latin metavariables","OLP-0194","OLP-0194-B006","upstream/content/model-theory/models-of-arithmetic/non-standard-models.tex","2780ea77577e4e5b2430c282fd0cef5f4a017823036dbed116474bccf600cea1","18","24","418","748","translation/content/model-theory/models-of-arithmetic/non-standard-models.tex","68198360c4d9c7050f94529f9991755f60a09447ec3fc6d4bb87a8e8ea2d4fd8","19","26","676","1263","pending","","The cited unit is not yet integrated into the coherent full reader; no printed or assembled PDF page is guessed.","Please double-check whether “ప్రామాణిక నమూనా / అప్రామాణిక నమూనా / ప్రామాణిక సంఖ్య / అప్రామాణిక సంఖ్య / ప్రామాణిక సంఖ్యాపదం / నిజ అంకగణితం / పియానో అంకగణితం” is idiomatic and technically standard for “standard model / non-standard model / standard number / non-standard number / standard numeral / true arithmetic / Peano arithmetic” in Telugu logic/mathematics across Andhra Pradesh and Telangana. If not, what exact replacement should be used while leaving the displayed definition, formulas and source scope unchanged?"
"te-Telu-IN-TE-T059","te-Telu-IN-TE-T059-OCC-001","terminology","retrospective","high","low","true","successor / predecessor / arithmetic block / discrete order / order of non-standard blocks","ఉత్తరాధికారి / పూర్వాధికారి / అంకగణిత ఖండం / వివిక్త క్రమం / అప్రామాణిక ఖండాల క్రమం","te-Telu-IN","Telu","IN","standard formal Telugu","international logical and mathematical notation with Arabic decimal digits and Latin metavariables","OLP-0196","OLP-0196-B010","upstream/content/model-theory/models-of-arithmetic/models-of-pa.tex","1aedec586a50a24471318214a8a7d0e8f3a3caa62733e2259c951efe927873a4","60","67","2298","2685","translation/content/model-theory/models-of-arithmetic/models-of-pa.tex","0a7223dbf6de9f1394fd25ee9fa12f4429f158cdda0a1e2d71f2043dc080aca2","64","77","3883","5197","pending","","The cited unit is not yet integrated into the coherent full reader; no printed or assembled PDF page is guessed.","Please double-check whether “ఉత్తరాధికారి / పూర్వాధికారి / అంకగణిత ఖండం / వివిక్త క్రమం / అప్రామాణిక ఖండాల క్రమం” is idiomatic and technically standard for “successor / predecessor / arithmetic block / discrete order / order of non-standard blocks” in Telugu logic/mathematics across Andhra Pradesh and Telangana. If not, what exact replacement should be used while leaving the displayed definition, formulas and source scope unchanged?"
"te-Telu-IN-TE-T059","te-Telu-IN-TE-T059-OCC-002","terminology","retrospective","high","low","true","successor / predecessor / arithmetic block / discrete order / order of non-standard blocks","ఉత్తరాధికారి / పూర్వాధికారి / అంకగణిత ఖండం / వివిక్త క్రమం / అప్రామాణిక ఖండాల క్రమం","te-Telu-IN","Telu","IN","standard formal Telugu","international logical and mathematical notation with Arabic decimal digits and Latin metavariables","OLP-0196","OLP-0196-B015","upstream/content/model-theory/models-of-arithmetic/models-of-pa.tex","1aedec586a50a24471318214a8a7d0e8f3a3caa62733e2259c951efe927873a4","97","108","3688","4229","translation/content/model-theory/models-of-arithmetic/models-of-pa.tex","0a7223dbf6de9f1394fd25ee9fa12f4429f158cdda0a1e2d71f2043dc080aca2","111","123","6928","7779","pending","","The cited unit is not yet integrated into the coherent full reader; no printed or assembled PDF page is guessed.","Please double-check whether “ఉత్తరాధికారి / పూర్వాధికారి / అంకగణిత ఖండం / వివిక్త క్రమం / అప్రామాణిక ఖండాల క్రమం” is idiomatic and technically standard for “successor / predecessor / arithmetic block / discrete order / order of non-standard blocks” in Telugu logic/mathematics across Andhra Pradesh and Telangana. If not, what exact replacement should be used while leaving the displayed definition, formulas and source scope unchanged?"
"te-Telu-IN-TE-T060","te-Telu-IN-TE-T060-OCC-001","terminology","retrospective","normal","medium","true","computable structure / computable model / computable function / decidable relation / Tennenbaum's Theorem","గణనీయ నిర్మాణం / గణనీయ నమూనా / గణనీయ ప్రమేయం / నిర్ణయించదగిన సంబంధం / టెన్నెన్‌బామ్ సిద్ధాంతం","te-Telu-IN","Telu","IN","standard formal Telugu","international logical and mathematical notation with Arabic decimal digits and Latin metavariables","OLP-0197","OLP-0197-B007","upstream/content/model-theory/models-of-arithmetic/computable-models.tex","f1c4b345068d3e682305016ad13ac443c498c95d0cae14dca0c07322ca970b89","35","40","1494","1749","translation/content/model-theory/models-of-arithmetic/computable-models.tex","3226bf84c4d0cde20a3a52bd0ca2a4d7c075acb51354eb66f683eea7a8ea5e87","38","44","3125","3566","pending","","The cited unit is not yet integrated into the coherent full reader; no printed or assembled PDF page is guessed.","Please double-check whether “గణనీయ నిర్మాణం / గణనీయ నమూనా / గణనీయ ప్రమేయం / నిర్ణయించదగిన సంబంధం / టెన్నెన్‌బామ్ సిద్ధాంతం” is idiomatic and technically standard for “computable structure / computable model / computable function / decidable relation / Tennenbaum's Theorem” in Telugu logic/mathematics across Andhra Pradesh and Telangana. If not, what exact replacement should be used while leaving the displayed definition, formulas and source scope unchanged?"
"te-Telu-IN-TE-T060","te-Telu-IN-TE-T060-OCC-002","terminology","retrospective","normal","medium","true","computable structure / computable model / computable function / decidable relation / Tennenbaum's Theorem","గణనీయ నిర్మాణం / గణనీయ నమూనా / గణనీయ ప్రమేయం / నిర్ణయించదగిన సంబంధం / టెన్నెన్‌బామ్ సిద్ధాంతం","te-Telu-IN","Telu","IN","standard formal Telugu","international logical and mathematical notation with Arabic decimal digits and Latin metavariables","OLP-0197","OLP-0197-B013","upstream/content/model-theory/models-of-arithmetic/computable-models.tex","f1c4b345068d3e682305016ad13ac443c498c95d0cae14dca0c07322ca970b89","119","121","4518","4618","translation/content/model-theory/models-of-arithmetic/computable-models.tex","3226bf84c4d0cde20a3a52bd0ca2a4d7c075acb51354eb66f683eea7a8ea5e87","135","144","9678","10804","pending","","The cited unit is not yet integrated into the coherent full reader; no printed or assembled PDF page is guessed.","Please double-check whether “గణనీయ నిర్మాణం / గణనీయ నమూనా / గణనీయ ప్రమేయం / నిర్ణయించదగిన సంబంధం / టెన్నెన్‌బామ్ సిద్ధాంతం” is idiomatic and technically standard for “computable structure / computable model / computable function / decidable relation / Tennenbaum's Theorem” in Telugu logic/mathematics across Andhra Pradesh and Telangana. If not, what exact replacement should be used while leaving the displayed definition, formulas and source scope unchanged?"
"te-Telu-IN-TE-T061","te-Telu-IN-TE-T061-OCC-001","terminology","retrospective","high","low","true","interpolation theorem / interpolant / separation / inseparable / maximally inseparable pair / joint consistency theorem","అంతర్వేశ సిద్ధాంతం / అంతర్వేశకం (ఇంటర్‌పోలంట్) / వేరుపరచడం / వేరుపరచలేని / గరిష్ఠంగా వేరుపరచలేని జత / ఉమ్మడి అవైరుధ్య సిద్ధాంతం","te-Telu-IN","Telu","IN","standard formal Telugu","international logical and mathematical notation with Arabic decimal digits and Latin metavariables","OLP-0199","OLP-0199-B006","upstream/content/model-theory/interpolation/introduction.tex","dc7041742d24a32a13406867779feaaf6dd21db030f78d94a3e9621778846882","13","18","204","570","translation/content/model-theory/interpolation/introduction.tex","436dcaf43d2777d32ff5c3b0e6f39d4b5c22c2604d3f0988ff86a0d7e182746e","13","20","210","1011","pending","","The cited unit is not yet integrated into the coherent full reader; no printed or assembled PDF page is guessed.","Please double-check whether “అంతర్వేశ సిద్ధాంతం / అంతర్వేశకం (ఇంటర్‌పోలంట్) / వేరుపరచడం / వేరుపరచలేని / గరిష్ఠంగా వేరుపరచలేని జత / ఉమ్మడి అవైరుధ్య సిద్ధాంతం” is idiomatic and technically standard for “interpolation theorem / interpolant / separation / inseparable / maximally inseparable pair / joint consistency theorem” in Telugu logic/mathematics across Andhra Pradesh and Telangana. If not, what exact replacement should be used while leaving the displayed definition, formulas and source scope unchanged?"
"te-Telu-IN-TE-T061","te-Telu-IN-TE-T061-OCC-002","terminology","retrospective","high","low","true","interpolation theorem / interpolant / separation / inseparable / maximally inseparable pair / joint consistency theorem","అంతర్వేశ సిద్ధాంతం / అంతర్వేశకం (ఇంటర్‌పోలంట్) / వేరుపరచడం / వేరుపరచలేని / గరిష్ఠంగా వేరుపరచలేని జత / ఉమ్మడి అవైరుధ్య సిద్ధాంతం","te-Telu-IN","Telu","IN","standard formal Telugu","international logical and mathematical notation with Arabic decimal digits and Latin metavariables","OLP-0199","OLP-0199-B007","upstream/content/model-theory/interpolation/introduction.tex","dc7041742d24a32a13406867779feaaf6dd21db030f78d94a3e9621778846882","20","25","571","948","translation/content/model-theory/interpolation/introduction.tex","436dcaf43d2777d32ff5c3b0e6f39d4b5c22c2604d3f0988ff86a0d7e182746e","22","27","1012","1980","pending","","The cited unit is not yet integrated into the coherent full reader; no printed or assembled PDF page is guessed.","Please double-check whether “అంతర్వేశ సిద్ధాంతం / అంతర్వేశకం (ఇంటర్‌పోలంట్) / వేరుపరచడం / వేరుపరచలేని / గరిష్ఠంగా వేరుపరచలేని జత / ఉమ్మడి అవైరుధ్య సిద్ధాంతం” is idiomatic and technically standard for “interpolation theorem / interpolant / separation / inseparable / maximally inseparable pair / joint consistency theorem” in Telugu logic/mathematics across Andhra Pradesh and Telangana. If not, what exact replacement should be used while leaving the displayed definition, formulas and source scope unchanged?"
"te-Telu-IN-TE-T061","te-Telu-IN-TE-T061-OCC-003","terminology","retrospective","high","low","true","interpolation theorem / interpolant / separation / inseparable / maximally inseparable pair / joint consistency theorem","అంతర్వేశ సిద్ధాంతం / అంతర్వేశకం (ఇంటర్‌పోలంట్) / వేరుపరచడం / వేరుపరచలేని / గరిష్ఠంగా వేరుపరచలేని జత / ఉమ్మడి అవైరుధ్య సిద్ధాంతం","te-Telu-IN","Telu","IN","standard formal Telugu","international logical and mathematical notation with Arabic decimal digits and Latin metavariables","OLP-0200","OLP-0200-B007","upstream/content/model-theory/interpolation/separation.tex","169acacd363892790848d7a4c51119a3f123f6e997e137f584fe88eea1062a6d","23","28","824","1072","translation/content/model-theory/interpolation/separation.tex","f7056cc7467bb50215f027cb5bf921855add1d6bee5a11eac748d7c0b760978c","25","30","1605","2064","pending","","The cited unit is not yet integrated into the coherent full reader; no printed or assembled PDF page is guessed.","Please double-check whether “అంతర్వేశ సిద్ధాంతం / అంతర్వేశకం (ఇంటర్‌పోలంట్) / వేరుపరచడం / వేరుపరచలేని / గరిష్ఠంగా వేరుపరచలేని జత / ఉమ్మడి అవైరుధ్య సిద్ధాంతం” is idiomatic and technically standard for “interpolation theorem / interpolant / separation / inseparable / maximally inseparable pair / joint consistency theorem” in Telugu logic/mathematics across Andhra Pradesh and Telangana. If not, what exact replacement should be used while leaving the displayed definition, formulas and source scope unchanged?"
"te-Telu-IN-TE-T061","te-Telu-IN-TE-T061-OCC-004","terminology","retrospective","high","low","true","interpolation theorem / interpolant / separation / inseparable / maximally inseparable pair / joint consistency theorem","అంతర్వేశ సిద్ధాంతం / అంతర్వేశకం (ఇంటర్‌పోలంట్) / వేరుపరచడం / వేరుపరచలేని / గరిష్ఠంగా వేరుపరచలేని జత / ఉమ్మడి అవైరుధ్య సిద్ధాంతం","te-Telu-IN","Telu","IN","standard formal Telugu","international logical and mathematical notation with Arabic decimal digits and Latin metavariables","OLP-0201","OLP-0201-B010","upstream/content/model-theory/interpolation/interpolation-proof.tex","702a67f4ca1d4cc9f9e7de64621e6a73a9fdda40c8976d452493a98e2d87a931","39","98","1380","4647","translation/content/model-theory/interpolation/interpolation-proof.tex","d6de2eb462bf1eecc24e8c6375ba987d552c8e85fc16cd51eca7f0f3a0243989","42","122","2461","9908","pending","","The cited unit is not yet integrated into the coherent full reader; no printed or assembled PDF page is guessed.","Please double-check whether “అంతర్వేశ సిద్ధాంతం / అంతర్వేశకం (ఇంటర్‌పోలంట్) / వేరుపరచడం / వేరుపరచలేని / గరిష్ఠంగా వేరుపరచలేని జత / ఉమ్మడి అవైరుధ్య సిద్ధాంతం” is idiomatic and technically standard for “interpolation theorem / interpolant / separation / inseparable / maximally inseparable pair / joint consistency theorem” in Telugu logic/mathematics across Andhra Pradesh and Telangana. If not, what exact replacement should be used while leaving the displayed definition, formulas and source scope unchanged?"
"te-Telu-IN-TE-T062","te-Telu-IN-TE-T062-OCC-001","terminology","retrospective","normal","medium","true","definability / explicitly defines / implicitly defines / Beth definability theorem","నిర్వచనీయత / స్పష్టంగా నిర్వచిస్తుంది / అవ్యక్తంగా నిర్వచిస్తుంది / బెత్ నిర్వచనీయతా సిద్ధాంతం","te-Telu-IN","Telu","IN","standard formal Telugu","international logical and mathematical notation with Arabic decimal digits and Latin metavariables","OLP-0202","OLP-0202-B006","upstream/content/model-theory/interpolation/definability.tex","9e62aced717792940ae792b2c6af8ab5a57802f60ebc911276e9065847184c29","13","32","216","1252","translation/content/model-theory/interpolation/definability.tex","553a87a16a855e4f80b8baf38a753d947cce7f654014d89c4fc2024a73014942","13","34","253","2675","pending","","The cited unit is not yet integrated into the coherent full reader; no printed or assembled PDF page is guessed.","Please double-check whether “నిర్వచనీయత / స్పష్టంగా నిర్వచిస్తుంది / అవ్యక్తంగా నిర్వచిస్తుంది / బెత్ నిర్వచనీయతా సిద్ధాంతం” is idiomatic and technically standard for “definability / explicitly defines / implicitly defines / Beth definability theorem” in Telugu logic/mathematics across Andhra Pradesh and Telangana. If not, what exact replacement should be used while leaving the displayed definition, formulas and source scope unchanged?"
"te-Telu-IN-TE-T062","te-Telu-IN-TE-T062-OCC-002","terminology","retrospective","normal","medium","true","definability / explicitly defines / implicitly defines / Beth definability theorem","నిర్వచనీయత / స్పష్టంగా నిర్వచిస్తుంది / అవ్యక్తంగా నిర్వచిస్తుంది / బెత్ నిర్వచనీయతా సిద్ధాంతం","te-Telu-IN","Telu","IN","standard formal Telugu","international logical and mathematical notation with Arabic decimal digits and Latin metavariables","OLP-0202","OLP-0202-B007","upstream/content/model-theory/interpolation/definability.tex","9e62aced717792940ae792b2c6af8ab5a57802f60ebc911276e9065847184c29","34","44","1253","1646","translation/content/model-theory/interpolation/definability.tex","553a87a16a855e4f80b8baf38a753d947cce7f654014d89c4fc2024a73014942","36","48","2676","3387","pending","","The cited unit is not yet integrated into the coherent full reader; no printed or assembled PDF page is guessed.","Please double-check whether “నిర్వచనీయత / స్పష్టంగా నిర్వచిస్తుంది / అవ్యక్తంగా నిర్వచిస్తుంది / బెత్ నిర్వచనీయతా సిద్ధాంతం” is idiomatic and technically standard for “definability / explicitly defines / implicitly defines / Beth definability theorem” in Telugu logic/mathematics across Andhra Pradesh and Telangana. If not, what exact replacement should be used while leaving the displayed definition, formulas and source scope unchanged?"
"te-Telu-IN-TE-T062","te-Telu-IN-TE-T062-OCC-003","terminology","retrospective","normal","medium","true","definability / explicitly defines / implicitly defines / Beth definability theorem","నిర్వచనీయత / స్పష్టంగా నిర్వచిస్తుంది / అవ్యక్తంగా నిర్వచిస్తుంది / బెత్ నిర్వచనీయతా సిద్ధాంతం","te-Telu-IN","Telu","IN","standard formal Telugu","international logical and mathematical notation with Arabic decimal digits and Latin metavariables","OLP-0202","OLP-0202-B008","upstream/content/model-theory/interpolation/definability.tex","9e62aced717792940ae792b2c6af8ab5a57802f60ebc911276e9065847184c29","46","57","1647","2092","translation/content/model-theory/interpolation/definability.tex","553a87a16a855e4f80b8baf38a753d947cce7f654014d89c4fc2024a73014942","50","62","3388","4173","pending","","The cited unit is not yet integrated into the coherent full reader; no printed or assembled PDF page is guessed.","Please double-check whether “నిర్వచనీయత / స్పష్టంగా నిర్వచిస్తుంది / అవ్యక్తంగా నిర్వచిస్తుంది / బెత్ నిర్వచనీయతా సిద్ధాంతం” is idiomatic and technically standard for “definability / explicitly defines / implicitly defines / Beth definability theorem” in Telugu logic/mathematics across Andhra Pradesh and Telangana. If not, what exact replacement should be used while leaving the displayed definition, formulas and source scope unchanged?"
"te-Telu-IN-TE-T063","te-Telu-IN-TE-T063-OCC-001","terminology","retrospective","high","low","true","abstract logic / normal logic / L-monotonicity / Expansion Property / Isomorphism Property / Renaming Property / Boolean Property / Quantifier Property / Relativization Property / Lindström characterization","నైరూప్య తర్కం / సాధారణ నైరూప్య తర్కం / L-ఏకదిశత / విస్తరణ ధర్మం / సమరూపతా ధర్మం / పునర్నామకరణ ధర్మం / బూలియన్ ధర్మం / పరిమాణక ధర్మం / సాపేక్షీకరణ ధర్మం / లిండ్‌స్ట్రోమ్ లక్షణీకరణ","te-Telu-IN","Telu","IN","standard formal Telugu","international logical and mathematical notation with Arabic decimal digits and Latin metavariables","OLP-0205","OLP-0205-B005","upstream/content/model-theory/lindstrom/abstract-logics.tex","5ab9d1c3b8861e71c3691c3333e5824f9467ecd5747e67edcd3b31ca3790b678","12","22","210","796","translation/content/model-theory/lindstrom/abstract-logics.tex","1014f8ee8f2d77bedcd0f250e3e6247ee78067d5ee46bf2ac46407df3a3fbdab","12","31","238","2318","pending","","The cited unit is not yet integrated into the coherent full reader; no printed or assembled PDF page is guessed.","Please double-check whether “నైరూప్య తర్కం / సాధారణ నైరూప్య తర్కం / L-ఏకదిశత / విస్తరణ ధర్మం / సమరూపతా ధర్మం / పునర్నామకరణ ధర్మం / బూలియన్ ధర్మం / పరిమాణక ధర్మం / సాపేక్షీకరణ ధర్మం / లిండ్‌స్ట్రోమ్ లక్షణీకరణ” is idiomatic and technically standard for “abstract logic / normal logic / L-monotonicity / Expansion Property / Isomorphism Property / Renaming Property / Boolean Property / Quantifier Property / Relativization Property / Lindström characterization” in Telugu logic/mathematics across Andhra Pradesh and Telangana. If not, what exact replacement should be used while leaving the displayed definition, formulas and source scope unchanged?"
"te-Telu-IN-TE-T063","te-Telu-IN-TE-T063-OCC-002","terminology","retrospective","high","low","true","abstract logic / normal logic / L-monotonicity / Expansion Property / Isomorphism Property / Renaming Property / Boolean Property / Quantifier Property / Relativization Property / Lindström characterization","నైరూప్య తర్కం / సాధారణ నైరూప్య తర్కం / L-ఏకదిశత / విస్తరణ ధర్మం / సమరూపతా ధర్మం / పునర్నామకరణ ధర్మం / బూలియన్ ధర్మం / పరిమాణక ధర్మం / సాపేక్షీకరణ ధర్మం / లిండ్‌స్ట్రోమ్ లక్షణీకరణ","te-Telu-IN","Telu","IN","standard formal Telugu","international logical and mathematical notation with Arabic decimal digits and Latin metavariables","OLP-0205","OLP-0205-B008","upstream/content/model-theory/lindstrom/abstract-logics.tex","5ab9d1c3b8861e71c3691c3333e5824f9467ecd5747e67edcd3b31ca3790b678","48","106","2149","5226","translation/content/model-theory/lindstrom/abstract-logics.tex","1014f8ee8f2d77bedcd0f250e3e6247ee78067d5ee46bf2ac46407df3a3fbdab","61","162","5266","15600","pending","","The cited unit is not yet integrated into the coherent full reader; no printed or assembled PDF page is guessed.","Please double-check whether “నైరూప్య తర్కం / సాధారణ నైరూప్య తర్కం / L-ఏకదిశత / విస్తరణ ధర్మం / సమరూపతా ధర్మం / పునర్నామకరణ ధర్మం / బూలియన్ ధర్మం / పరిమాణక ధర్మం / సాపేక్షీకరణ ధర్మం / లిండ్‌స్ట్రోమ్ లక్షణీకరణ” is idiomatic and technically standard for “abstract logic / normal logic / L-monotonicity / Expansion Property / Isomorphism Property / Renaming Property / Boolean Property / Quantifier Property / Relativization Property / Lindström characterization” in Telugu logic/mathematics across Andhra Pradesh and Telangana. If not, what exact replacement should be used while leaving the displayed definition, formulas and source scope unchanged?"
"te-Telu-IN-TE-T064","te-Telu-IN-TE-T064-OCC-001","terminology","retrospective","high","low","true","primitive recursion / primitive recursive function / composition / projection function / arity / characteristic function / zero function / successor function / primitive-recursion notation","ఆదిమ పునరావృత్తి / ఆదిమ పునరావృత్త ప్రమేయం / సంయుక్తం / ప్రక్షేప ప్రమేయం / స్థానసంఖ్య (అరిటీ) / లక్షణ ప్రమేయం / శూన్య ప్రమేయం / ఉత్తరగామి ప్రమేయం / ఆదిమ పునరావృత్తి సంకేతనం","te-Telu-IN","Telu","IN","standard formal Telugu","international logical and mathematical notation with Arabic decimal digits and Latin metavariables","OLP-0211","OLP-0211-B004","upstream/content/computability/recursive-functions/primitive-recursion.tex","97d3f46ebb20b4b14aea28616d16869c138c56b6a2b4128e378f8f35cef806af","9","10","166","223","translation/content/computability/recursive-functions/primitive-recursion.tex","5bb38a50e4af8115022732f9eff13fd5b8af3a7dfcbbe7c7ed301012981a8d8b","9","10","166","250","pending","","The cited unit is not yet integrated into the coherent full reader; no printed or assembled PDF page is guessed.","Please double-check whether “ఆదిమ పునరావృత్తి / ఆదిమ పునరావృత్త ప్రమేయం / సంయుక్తం / ప్రక్షేప ప్రమేయం / స్థానసంఖ్య (అరిటీ) / లక్షణ ప్రమేయం / శూన్య ప్రమేయం / ఉత్తరగామి ప్రమేయం / ఆదిమ పునరావృత్తి సంకేతనం” is idiomatic and technically standard for “primitive recursion / primitive recursive function / composition / projection function / arity / characteristic function / zero function / successor function / primitive-recursion notation” in Telugu logic/mathematics across Andhra Pradesh and Telangana. If not, what exact replacement should be used while leaving the displayed definition, formulas and source scope unchanged?"
"te-Telu-IN-TE-T064","te-Telu-IN-TE-T064-OCC-002","terminology","retrospective","high","low","true","primitive recursion / primitive recursive function / composition / projection function / arity / characteristic function / zero function / successor function / primitive-recursion notation","ఆదిమ పునరావృత్తి / ఆదిమ పునరావృత్త ప్రమేయం / సంయుక్తం / ప్రక్షేప ప్రమేయం / స్థానసంఖ్య (అరిటీ) / లక్షణ ప్రమేయం / శూన్య ప్రమేయం / ఉత్తరగామి ప్రమేయం / ఆదిమ పునరావృత్తి సంకేతనం","te-Telu-IN","Telu","IN","standard formal Telugu","international logical and mathematical notation with Arabic decimal digits and Latin metavariables","OLP-0212","OLP-0212-B004","upstream/content/computability/recursive-functions/composition.tex","a9cd5dc0f4ae4fa06879d81b829b0ae4b57473bc00b801ba6532a98dbdb1dc4a","9","10","158","207","translation/content/computability/recursive-functions/composition.tex","e640f2ecf2c830672d95477366337cc37837c83be5c777c0e56406bfa62445a8","9","10","158","220","pending","","The cited unit is not yet integrated into the coherent full reader; no printed or assembled PDF page is guessed.","Please double-check whether “ఆదిమ పునరావృత్తి / ఆదిమ పునరావృత్త ప్రమేయం / సంయుక్తం / ప్రక్షేప ప్రమేయం / స్థానసంఖ్య (అరిటీ) / లక్షణ ప్రమేయం / శూన్య ప్రమేయం / ఉత్తరగామి ప్రమేయం / ఆదిమ పునరావృత్తి సంకేతనం” is idiomatic and technically standard for “primitive recursion / primitive recursive function / composition / projection function / arity / characteristic function / zero function / successor function / primitive-recursion notation” in Telugu logic/mathematics across Andhra Pradesh and Telangana. If not, what exact replacement should be used while leaving the displayed definition, formulas and source scope unchanged?"
"te-Telu-IN-TE-T064","te-Telu-IN-TE-T064-OCC-003","terminology","retrospective","high","low","true","primitive recursion / primitive recursive function / composition / projection function / arity / characteristic function / zero function / successor function / primitive-recursion notation","ఆదిమ పునరావృత్తి / ఆదిమ పునరావృత్త ప్రమేయం / సంయుక్తం / ప్రక్షేప ప్రమేయం / స్థానసంఖ్య (అరిటీ) / లక్షణ ప్రమేయం / శూన్య ప్రమేయం / ఉత్తరగామి ప్రమేయం / ఆదిమ పునరావృత్తి సంకేతనం","te-Telu-IN","Telu","IN","standard formal Telugu","international logical and mathematical notation with Arabic decimal digits and Latin metavariables","OLP-0212","OLP-0212-B010","upstream/content/computability/recursive-functions/composition.tex","a9cd5dc0f4ae4fa06879d81b829b0ae4b57473bc00b801ba6532a98dbdb1dc4a","67","88","2591","3429","translation/content/computability/recursive-functions/composition.tex","e640f2ecf2c830672d95477366337cc37837c83be5c777c0e56406bfa62445a8","70","90","5679","7160","pending","","The cited unit is not yet integrated into the coherent full reader; no printed or assembled PDF page is guessed.","Please double-check whether “ఆదిమ పునరావృత్తి / ఆదిమ పునరావృత్త ప్రమేయం / సంయుక్తం / ప్రక్షేప ప్రమేయం / స్థానసంఖ్య (అరిటీ) / లక్షణ ప్రమేయం / శూన్య ప్రమేయం / ఉత్తరగామి ప్రమేయం / ఆదిమ పునరావృత్తి సంకేతనం” is idiomatic and technically standard for “primitive recursion / primitive recursive function / composition / projection function / arity / characteristic function / zero function / successor function / primitive-recursion notation” in Telugu logic/mathematics across Andhra Pradesh and Telangana. If not, what exact replacement should be used while leaving the displayed definition, formulas and source scope unchanged?"
"te-Telu-IN-TE-T064","te-Telu-IN-TE-T064-OCC-004","terminology","retrospective","high","low","true","primitive recursion / primitive recursive function / composition / projection function / arity / characteristic function / zero function / successor function / primitive-recursion notation","ఆదిమ పునరావృత్తి / ఆదిమ పునరావృత్త ప్రమేయం / సంయుక్తం / ప్రక్షేప ప్రమేయం / స్థానసంఖ్య (అరిటీ) / లక్షణ ప్రమేయం / శూన్య ప్రమేయం / ఉత్తరగామి ప్రమేయం / ఆదిమ పునరావృత్తి సంకేతనం","te-Telu-IN","Telu","IN","standard formal Telugu","international logical and mathematical notation with Arabic decimal digits and Latin metavariables","OLP-0213","OLP-0213-B009","upstream/content/computability/recursive-functions/pr-functions.tex","893f3c79391b6a02b0af25282b921b2a06db27f5b94b4a6e0fed0c807e1e0ee1","44","61","1410","2205","translation/content/computability/recursive-functions/pr-functions.tex","cc6adf42cc9b3c8daa965b49ba5c77d1ed41f2a0d7aa21844d90927e10d38795","46","62","2725","4268","pending","","The cited unit is not yet integrated into the coherent full reader; no printed or assembled PDF page is guessed.","Please double-check whether “ఆదిమ పునరావృత్తి / ఆదిమ పునరావృత్త ప్రమేయం / సంయుక్తం / ప్రక్షేప ప్రమేయం / స్థానసంఖ్య (అరిటీ) / లక్షణ ప్రమేయం / శూన్య ప్రమేయం / ఉత్తరగామి ప్రమేయం / ఆదిమ పునరావృత్తి సంకేతనం” is idiomatic and technically standard for “primitive recursion / primitive recursive function / composition / projection function / arity / characteristic function / zero function / successor function / primitive-recursion notation” in Telugu logic/mathematics across Andhra Pradesh and Telangana. If not, what exact replacement should be used while leaving the displayed definition, formulas and source scope unchanged?"
"te-Telu-IN-TE-T064","te-Telu-IN-TE-T064-OCC-005","terminology","retrospective","high","low","true","primitive recursion / primitive recursive function / composition / projection function / arity / characteristic function / zero function / successor function / primitive-recursion notation","ఆదిమ పునరావృత్తి / ఆదిమ పునరావృత్త ప్రమేయం / సంయుక్తం / ప్రక్షేప ప్రమేయం / స్థానసంఖ్య (అరిటీ) / లక్షణ ప్రమేయం / శూన్య ప్రమేయం / ఉత్తరగామి ప్రమేయం / ఆదిమ పునరావృత్తి సంకేతనం","te-Telu-IN","Telu","IN","standard formal Telugu","international logical and mathematical notation with Arabic decimal digits and Latin metavariables","OLP-0215","OLP-0215-B006","upstream/content/computability/recursive-functions/pr-functions-computable.tex","3e21459528e5bc5a33625412ccc06cef21f44bc6c1a32b3f05bbf7d320731b3a","32","35","1336","1564","translation/content/computability/recursive-functions/pr-functions-computable.tex","1506ee826a9ad09b589943b06c7f5467de9bb50c079836ba5e81f02285dfed46","33","35","1942","2344","pending","","The cited unit is not yet integrated into the coherent full reader; no printed or assembled PDF page is guessed.","Please double-check whether “ఆదిమ పునరావృత్తి / ఆదిమ పునరావృత్త ప్రమేయం / సంయుక్తం / ప్రక్షేప ప్రమేయం / స్థానసంఖ్య (అరిటీ) / లక్షణ ప్రమేయం / శూన్య ప్రమేయం / ఉత్తరగామి ప్రమేయం / ఆదిమ పునరావృత్తి సంకేతనం” is idiomatic and technically standard for “primitive recursion / primitive recursive function / composition / projection function / arity / characteristic function / zero function / successor function / primitive-recursion notation” in Telugu logic/mathematics across Andhra Pradesh and Telangana. If not, what exact replacement should be used while leaving the displayed definition, formulas and source scope unchanged?"
"te-Telu-IN-TE-T065","te-Telu-IN-TE-T065-OCC-001","terminology","retrospective","high","low","true","primitive recursive relation / bounded quantification / bounded minimization / conditional function / prime number / sequence coding / tree coding / simultaneous recursion / course-of-values recursion / partial recursive function / unbounded search / Kleene normal form / index / halting problem / regular function / general recursive function","ఆదిమ పునరావృత్త సంబంధం / పరిమిత పరిమాణీకరణ / పరిమిత కనిష్ఠీకరణ / షరతు ప్రమేయం / ప్రధాన సంఖ్య / క్రమ సంకేతీకరణ / వృక్ష సంకేతీకరణ / సమకాల పునరావృత్తి / పూర్వవిలువల పునరావృత్తి / పాక్షిక పునరావృత్త ప్రమేయం / అపరిమిత అన్వేషణ / క్లీనీ నియత రూపం / సూచిక / నిలుపు సమస్య (హాల్టింగ్ సమస్య) / సక్రమ ప్రమేయం / సామాన్య పునరావృత్త ప్రమేయం","te-Telu-IN","Telu","IN","standard formal Telugu","international logical and mathematical notation with Arabic decimal digits and Latin metavariables","OLP-0217","OLP-0217-B004","upstream/content/computability/recursive-functions/pr-relations.tex","9ab1255a55ef04404aadcde303e86a6d245f8d92c42f096de134658aebf82f97","9","10","159","226","translation/content/computability/recursive-functions/pr-relations.tex","2f45347368741cd21260afcfe85944324047786ad731c9cf1590f614942f78d8","9","10","159","265","pending","","The cited unit is not yet integrated into the coherent full reader; no printed or assembled PDF page is guessed.","Please double-check whether “ఆదిమ పునరావృత్త సంబంధం / పరిమిత పరిమాణీకరణ / పరిమిత కనిష్ఠీకరణ / షరతు ప్రమేయం / ప్రధాన సంఖ్య / క్రమ సంకేతీకరణ / వృక్ష సంకేతీకరణ / సమకాల పునరావృత్తి / పూర్వవిలువల పునరావృత్తి / పాక్షిక పునరావృత్త ప్రమేయం / అపరిమిత అన్వేషణ / క్లీనీ నియత రూపం / సూచిక / నిలుపు సమస్య (హాల్టింగ్ సమస్య) / సక్రమ ప్రమేయం / సామాన్య పునరావృత్త ప్రమేయం” is idiomatic and technically standard for “primitive recursive relation / bounded quantification / bounded minimization / conditional function / prime number / sequence coding / tree coding / simultaneous recursion / course-of-values recursion / partial recursive function / unbounded search / Kleene normal form / index / halting problem / regular function / general recursive function” in Telugu logic/mathematics across Andhra Pradesh and Telangana. If not, what exact replacement should be used while leaving the displayed definition, formulas and source scope unchanged?"
"te-Telu-IN-TE-T065","te-Telu-IN-TE-T065-OCC-002","terminology","retrospective","high","low","true","primitive recursive relation / bounded quantification / bounded minimization / conditional function / prime number / sequence coding / tree coding / simultaneous recursion / course-of-values recursion / partial recursive function / unbounded search / Kleene normal form / index / halting problem / regular function / general recursive function","ఆదిమ పునరావృత్త సంబంధం / పరిమిత పరిమాణీకరణ / పరిమిత కనిష్ఠీకరణ / షరతు ప్రమేయం / ప్రధాన సంఖ్య / క్రమ సంకేతీకరణ / వృక్ష సంకేతీకరణ / సమకాల పునరావృత్తి / పూర్వవిలువల పునరావృత్తి / పాక్షిక పునరావృత్త ప్రమేయం / అపరిమిత అన్వేషణ / క్లీనీ నియత రూపం / సూచిక / నిలుపు సమస్య (హాల్టింగ్ సమస్య) / సక్రమ ప్రమేయం / సామాన్య పునరావృత్త ప్రమేయం","te-Telu-IN","Telu","IN","standard formal Telugu","international logical and mathematical notation with Arabic decimal digits and Latin metavariables","OLP-0218","OLP-0218-B004","upstream/content/computability/recursive-functions/bounded-minimization.tex","682737f7312e08999a21f07a0a6859e4e0b4ed81ec5c9094789f774f1596bda6","9","10","167","225","translation/content/computability/recursive-functions/bounded-minimization.tex","71f6458734cd024507ca4292ccabb4d88f0377a52937eeb644cf53cfb1970872","9","10","167","254","pending","","The cited unit is not yet integrated into the coherent full reader; no printed or assembled PDF page is guessed.","Please double-check whether “ఆదిమ పునరావృత్త సంబంధం / పరిమిత పరిమాణీకరణ / పరిమిత కనిష్ఠీకరణ / షరతు ప్రమేయం / ప్రధాన సంఖ్య / క్రమ సంకేతీకరణ / వృక్ష సంకేతీకరణ / సమకాల పునరావృత్తి / పూర్వవిలువల పునరావృత్తి / పాక్షిక పునరావృత్త ప్రమేయం / అపరిమిత అన్వేషణ / క్లీనీ నియత రూపం / సూచిక / నిలుపు సమస్య (హాల్టింగ్ సమస్య) / సక్రమ ప్రమేయం / సామాన్య పునరావృత్త ప్రమేయం” is idiomatic and technically standard for “primitive recursive relation / bounded quantification / bounded minimization / conditional function / prime number / sequence coding / tree coding / simultaneous recursion / course-of-values recursion / partial recursive function / unbounded search / Kleene normal form / index / halting problem / regular function / general recursive function” in Telugu logic/mathematics across Andhra Pradesh and Telangana. If not, what exact replacement should be used while leaving the displayed definition, formulas and source scope unchanged?"
"te-Telu-IN-TE-T065","te-Telu-IN-TE-T065-OCC-003","terminology","retrospective","high","low","true","primitive recursive relation / bounded quantification / bounded minimization / conditional function / prime number / sequence coding / tree coding / simultaneous recursion / course-of-values recursion / partial recursive function / unbounded search / Kleene normal form / index / halting problem / regular function / general recursive function","ఆదిమ పునరావృత్త సంబంధం / పరిమిత పరిమాణీకరణ / పరిమిత కనిష్ఠీకరణ / షరతు ప్రమేయం / ప్రధాన సంఖ్య / క్రమ సంకేతీకరణ / వృక్ష సంకేతీకరణ / సమకాల పునరావృత్తి / పూర్వవిలువల పునరావృత్తి / పాక్షిక పునరావృత్త ప్రమేయం / అపరిమిత అన్వేషణ / క్లీనీ నియత రూపం / సూచిక / నిలుపు సమస్య (హాల్టింగ్ సమస్య) / సక్రమ ప్రమేయం / సామాన్య పునరావృత్త ప్రమేయం","te-Telu-IN","Telu","IN","standard formal Telugu","international logical and mathematical notation with Arabic decimal digits and Latin metavariables","OLP-0219","OLP-0219-B004","upstream/content/computability/recursive-functions/primes.tex","76fc5fb7d628c14a52d6a8b0e9fbad24fe15fa49f170e89f8982d79043daa1b4","9","10","153","197","translation/content/computability/recursive-functions/primes.tex","9bb82454da738fc678aa0092c486f633d88c69169952ac2ceb88ba34304ce362","9","10","153","231","pending","","The cited unit is not yet integrated into the coherent full reader; no printed or assembled PDF page is guessed.","Please double-check whether “ఆదిమ పునరావృత్త సంబంధం / పరిమిత పరిమాణీకరణ / పరిమిత కనిష్ఠీకరణ / షరతు ప్రమేయం / ప్రధాన సంఖ్య / క్రమ సంకేతీకరణ / వృక్ష సంకేతీకరణ / సమకాల పునరావృత్తి / పూర్వవిలువల పునరావృత్తి / పాక్షిక పునరావృత్త ప్రమేయం / అపరిమిత అన్వేషణ / క్లీనీ నియత రూపం / సూచిక / నిలుపు సమస్య (హాల్టింగ్ సమస్య) / సక్రమ ప్రమేయం / సామాన్య పునరావృత్త ప్రమేయం” is idiomatic and technically standard for “primitive recursive relation / bounded quantification / bounded minimization / conditional function / prime number / sequence coding / tree coding / simultaneous recursion / course-of-values recursion / partial recursive function / unbounded search / Kleene normal form / index / halting problem / regular function / general recursive function” in Telugu logic/mathematics across Andhra Pradesh and Telangana. If not, what exact replacement should be used while leaving the displayed definition, formulas and source scope unchanged?"
"te-Telu-IN-TE-T065","te-Telu-IN-TE-T065-OCC-004","terminology","retrospective","high","low","true","primitive recursive relation / bounded quantification / bounded minimization / conditional function / prime number / sequence coding / tree coding / simultaneous recursion / course-of-values recursion / partial recursive function / unbounded search / Kleene normal form / index / halting problem / regular function / general recursive function","ఆదిమ పునరావృత్త సంబంధం / పరిమిత పరిమాణీకరణ / పరిమిత కనిష్ఠీకరణ / షరతు ప్రమేయం / ప్రధాన సంఖ్య / క్రమ సంకేతీకరణ / వృక్ష సంకేతీకరణ / సమకాల పునరావృత్తి / పూర్వవిలువల పునరావృత్తి / పాక్షిక పునరావృత్త ప్రమేయం / అపరిమిత అన్వేషణ / క్లీనీ నియత రూపం / సూచిక / నిలుపు సమస్య (హాల్టింగ్ సమస్య) / సక్రమ ప్రమేయం / సామాన్య పునరావృత్త ప్రమేయం","te-Telu-IN","Telu","IN","standard formal Telugu","international logical and mathematical notation with Arabic decimal digits and Latin metavariables","OLP-0220","OLP-0220-B006","upstream/content/computability/recursive-functions/sequences.tex","044570a5499177a994d08baaa6109db5db40c6d69dda2d8961909cdce945b8ae","27","36","905","1376","translation/content/computability/recursive-functions/sequences.tex","27e4a7e5e3175a2a62ed12a713ecf26d2e845c234fda82bb2fdfc04c3ad0afce","26","35","1474","2729","pending","","The cited unit is not yet integrated into the coherent full reader; no printed or assembled PDF page is guessed.","Please double-check whether “ఆదిమ పునరావృత్త సంబంధం / పరిమిత పరిమాణీకరణ / పరిమిత కనిష్ఠీకరణ / షరతు ప్రమేయం / ప్రధాన సంఖ్య / క్రమ సంకేతీకరణ / వృక్ష సంకేతీకరణ / సమకాల పునరావృత్తి / పూర్వవిలువల పునరావృత్తి / పాక్షిక పునరావృత్త ప్రమేయం / అపరిమిత అన్వేషణ / క్లీనీ నియత రూపం / సూచిక / నిలుపు సమస్య (హాల్టింగ్ సమస్య) / సక్రమ ప్రమేయం / సామాన్య పునరావృత్త ప్రమేయం” is idiomatic and technically standard for “primitive recursive relation / bounded quantification / bounded minimization / conditional function / prime number / sequence coding / tree coding / simultaneous recursion / course-of-values recursion / partial recursive function / unbounded search / Kleene normal form / index / halting problem / regular function / general recursive function” in Telugu logic/mathematics across Andhra Pradesh and Telangana. If not, what exact replacement should be used while leaving the displayed definition, formulas and source scope unchanged?"
"te-Telu-IN-TE-T065","te-Telu-IN-TE-T065-OCC-005","terminology","retrospective","high","low","true","primitive recursive relation / bounded quantification / bounded minimization / conditional function / prime number / sequence coding / tree coding / simultaneous recursion / course-of-values recursion / partial recursive function / unbounded search / Kleene normal form / index / halting problem / regular function / general recursive function","ఆదిమ పునరావృత్త సంబంధం / పరిమిత పరిమాణీకరణ / పరిమిత కనిష్ఠీకరణ / షరతు ప్రమేయం / ప్రధాన సంఖ్య / క్రమ సంకేతీకరణ / వృక్ష సంకేతీకరణ / సమకాల పునరావృత్తి / పూర్వవిలువల పునరావృత్తి / పాక్షిక పునరావృత్త ప్రమేయం / అపరిమిత అన్వేషణ / క్లీనీ నియత రూపం / సూచిక / నిలుపు సమస్య (హాల్టింగ్ సమస్య) / సక్రమ ప్రమేయం / సామాన్య పునరావృత్త ప్రమేయం","te-Telu-IN","Telu","IN","standard formal Telugu","international logical and mathematical notation with Arabic decimal digits and Latin metavariables","OLP-0222","OLP-0222-B005","upstream/content/computability/recursive-functions/other-recursions.tex","ecd3dc5f6ffbfcbf812e75ed5b87ed9b1f9aa49b779a9e3a6c3a6f491d691400","12","47","218","1872","translation/content/computability/recursive-functions/other-recursions.tex","b387074104297ea60bd54e2108c6474dce9dd2f3f471b79ceaa9bde58d68097a","12","46","251","3116","pending","","The cited unit is not yet integrated into the coherent full reader; no printed or assembled PDF page is guessed.","Please double-check whether “ఆదిమ పునరావృత్త సంబంధం / పరిమిత పరిమాణీకరణ / పరిమిత కనిష్ఠీకరణ / షరతు ప్రమేయం / ప్రధాన సంఖ్య / క్రమ సంకేతీకరణ / వృక్ష సంకేతీకరణ / సమకాల పునరావృత్తి / పూర్వవిలువల పునరావృత్తి / పాక్షిక పునరావృత్త ప్రమేయం / అపరిమిత అన్వేషణ / క్లీనీ నియత రూపం / సూచిక / నిలుపు సమస్య (హాల్టింగ్ సమస్య) / సక్రమ ప్రమేయం / సామాన్య పునరావృత్త ప్రమేయం” is idiomatic and technically standard for “primitive recursive relation / bounded quantification / bounded minimization / conditional function / prime number / sequence coding / tree coding / simultaneous recursion / course-of-values recursion / partial recursive function / unbounded search / Kleene normal form / index / halting problem / regular function / general recursive function” in Telugu logic/mathematics across Andhra Pradesh and Telangana. If not, what exact replacement should be used while leaving the displayed definition, formulas and source scope unchanged?"
"te-Telu-IN-TE-T065","te-Telu-IN-TE-T065-OCC-006","terminology","retrospective","high","low","true","primitive recursive relation / bounded quantification / bounded minimization / conditional function / prime number / sequence coding / tree coding / simultaneous recursion / course-of-values recursion / partial recursive function / unbounded search / Kleene normal form / index / halting problem / regular function / general recursive function","ఆదిమ పునరావృత్త సంబంధం / పరిమిత పరిమాణీకరణ / పరిమిత కనిష్ఠీకరణ / షరతు ప్రమేయం / ప్రధాన సంఖ్య / క్రమ సంకేతీకరణ / వృక్ష సంకేతీకరణ / సమకాల పునరావృత్తి / పూర్వవిలువల పునరావృత్తి / పాక్షిక పునరావృత్త ప్రమేయం / అపరిమిత అన్వేషణ / క్లీనీ నియత రూపం / సూచిక / నిలుపు సమస్య (హాల్టింగ్ సమస్య) / సక్రమ ప్రమేయం / సామాన్య పునరావృత్త ప్రమేయం","te-Telu-IN","Telu","IN","standard formal Telugu","international logical and mathematical notation with Arabic decimal digits and Latin metavariables","OLP-0224","OLP-0224-B004","upstream/content/computability/recursive-functions/partial-functions.tex","a30626b08ef610b2da04defc5b41f53ff48c62da6a30587a048278625d5f318d","9","10","164","229","translation/content/computability/recursive-functions/partial-functions.tex","cb29c9593d9e7a69db5621f69e9a9bb25bc9153127d03c9ce515f6e3947e534f","9","10","164","282","pending","","The cited unit is not yet integrated into the coherent full reader; no printed or assembled PDF page is guessed.","Please double-check whether “ఆదిమ పునరావృత్త సంబంధం / పరిమిత పరిమాణీకరణ / పరిమిత కనిష్ఠీకరణ / షరతు ప్రమేయం / ప్రధాన సంఖ్య / క్రమ సంకేతీకరణ / వృక్ష సంకేతీకరణ / సమకాల పునరావృత్తి / పూర్వవిలువల పునరావృత్తి / పాక్షిక పునరావృత్త ప్రమేయం / అపరిమిత అన్వేషణ / క్లీనీ నియత రూపం / సూచిక / నిలుపు సమస్య (హాల్టింగ్ సమస్య) / సక్రమ ప్రమేయం / సామాన్య పునరావృత్త ప్రమేయం” is idiomatic and technically standard for “primitive recursive relation / bounded quantification / bounded minimization / conditional function / prime number / sequence coding / tree coding / simultaneous recursion / course-of-values recursion / partial recursive function / unbounded search / Kleene normal form / index / halting problem / regular function / general recursive function” in Telugu logic/mathematics across Andhra Pradesh and Telangana. If not, what exact replacement should be used while leaving the displayed definition, formulas and source scope unchanged?"
"te-Telu-IN-TE-T065","te-Telu-IN-TE-T065-OCC-007","terminology","retrospective","high","low","true","primitive recursive relation / bounded quantification / bounded minimization / conditional function / prime number / sequence coding / tree coding / simultaneous recursion / course-of-values recursion / partial recursive function / unbounded search / Kleene normal form / index / halting problem / regular function / general recursive function","ఆదిమ పునరావృత్త సంబంధం / పరిమిత పరిమాణీకరణ / పరిమిత కనిష్ఠీకరణ / షరతు ప్రమేయం / ప్రధాన సంఖ్య / క్రమ సంకేతీకరణ / వృక్ష సంకేతీకరణ / సమకాల పునరావృత్తి / పూర్వవిలువల పునరావృత్తి / పాక్షిక పునరావృత్త ప్రమేయం / అపరిమిత అన్వేషణ / క్లీనీ నియత రూపం / సూచిక / నిలుపు సమస్య (హాల్టింగ్ సమస్య) / సక్రమ ప్రమేయం / సామాన్య పునరావృత్త ప్రమేయం","te-Telu-IN","Telu","IN","standard formal Telugu","international logical and mathematical notation with Arabic decimal digits and Latin metavariables","OLP-0225","OLP-0225-B005","upstream/content/computability/recursive-functions/normal-form.tex","b8c31bf729df2372640c16b1b3eb4e64256b0b59e2caaf9a7e3bb6a4f2fe93db","12","21","220","539","translation/content/computability/recursive-functions/normal-form.tex","3b910d13a5c34942a5530da6262153ec6e3348c5ab5c05bf77a92354dac08bb1","12","21","247","793","pending","","The cited unit is not yet integrated into the coherent full reader; no printed or assembled PDF page is guessed.","Please double-check whether “ఆదిమ పునరావృత్త సంబంధం / పరిమిత పరిమాణీకరణ / పరిమిత కనిష్ఠీకరణ / షరతు ప్రమేయం / ప్రధాన సంఖ్య / క్రమ సంకేతీకరణ / వృక్ష సంకేతీకరణ / సమకాల పునరావృత్తి / పూర్వవిలువల పునరావృత్తి / పాక్షిక పునరావృత్త ప్రమేయం / అపరిమిత అన్వేషణ / క్లీనీ నియత రూపం / సూచిక / నిలుపు సమస్య (హాల్టింగ్ సమస్య) / సక్రమ ప్రమేయం / సామాన్య పునరావృత్త ప్రమేయం” is idiomatic and technically standard for “primitive recursive relation / bounded quantification / bounded minimization / conditional function / prime number / sequence coding / tree coding / simultaneous recursion / course-of-values recursion / partial recursive function / unbounded search / Kleene normal form / index / halting problem / regular function / general recursive function” in Telugu logic/mathematics across Andhra Pradesh and Telangana. If not, what exact replacement should be used while leaving the displayed definition, formulas and source scope unchanged?"
"te-Telu-IN-TE-T065","te-Telu-IN-TE-T065-OCC-008","terminology","retrospective","high","low","true","primitive recursive relation / bounded quantification / bounded minimization / conditional function / prime number / sequence coding / tree coding / simultaneous recursion / course-of-values recursion / partial recursive function / unbounded search / Kleene normal form / index / halting problem / regular function / general recursive function","ఆదిమ పునరావృత్త సంబంధం / పరిమిత పరిమాణీకరణ / పరిమిత కనిష్ఠీకరణ / షరతు ప్రమేయం / ప్రధాన సంఖ్య / క్రమ సంకేతీకరణ / వృక్ష సంకేతీకరణ / సమకాల పునరావృత్తి / పూర్వవిలువల పునరావృత్తి / పాక్షిక పునరావృత్త ప్రమేయం / అపరిమిత అన్వేషణ / క్లీనీ నియత రూపం / సూచిక / నిలుపు సమస్య (హాల్టింగ్ సమస్య) / సక్రమ ప్రమేయం / సామాన్య పునరావృత్త ప్రమేయం","te-Telu-IN","Telu","IN","standard formal Telugu","international logical and mathematical notation with Arabic decimal digits and Latin metavariables","OLP-0226","OLP-0226-B004","upstream/content/computability/recursive-functions/halting-problem.tex","08569f88dbc93bf89320bc9e7ea3224dabcfc2d0af8125edf9dd22f37220483e","9","10","162","219","translation/content/computability/recursive-functions/halting-problem.tex","1d1f1edcb2f53131b3e0fe4883eb00f691a977c80120b6ab82f150122050db92","9","10","162","280","pending","","The cited unit is not yet integrated into the coherent full reader; no printed or assembled PDF page is guessed.","Please double-check whether “ఆదిమ పునరావృత్త సంబంధం / పరిమిత పరిమాణీకరణ / పరిమిత కనిష్ఠీకరణ / షరతు ప్రమేయం / ప్రధాన సంఖ్య / క్రమ సంకేతీకరణ / వృక్ష సంకేతీకరణ / సమకాల పునరావృత్తి / పూర్వవిలువల పునరావృత్తి / పాక్షిక పునరావృత్త ప్రమేయం / అపరిమిత అన్వేషణ / క్లీనీ నియత రూపం / సూచిక / నిలుపు సమస్య (హాల్టింగ్ సమస్య) / సక్రమ ప్రమేయం / సామాన్య పునరావృత్త ప్రమేయం” is idiomatic and technically standard for “primitive recursive relation / bounded quantification / bounded minimization / conditional function / prime number / sequence coding / tree coding / simultaneous recursion / course-of-values recursion / partial recursive function / unbounded search / Kleene normal form / index / halting problem / regular function / general recursive function” in Telugu logic/mathematics across Andhra Pradesh and Telangana. If not, what exact replacement should be used while leaving the displayed definition, formulas and source scope unchanged?"
"te-Telu-IN-TE-T065","te-Telu-IN-TE-T065-OCC-009","terminology","retrospective","high","low","true","primitive recursive relation / bounded quantification / bounded minimization / conditional function / prime number / sequence coding / tree coding / simultaneous recursion / course-of-values recursion / partial recursive function / unbounded search / Kleene normal form / index / halting problem / regular function / general recursive function","ఆదిమ పునరావృత్త సంబంధం / పరిమిత పరిమాణీకరణ / పరిమిత కనిష్ఠీకరణ / షరతు ప్రమేయం / ప్రధాన సంఖ్య / క్రమ సంకేతీకరణ / వృక్ష సంకేతీకరణ / సమకాల పునరావృత్తి / పూర్వవిలువల పునరావృత్తి / పాక్షిక పునరావృత్త ప్రమేయం / అపరిమిత అన్వేషణ / క్లీనీ నియత రూపం / సూచిక / నిలుపు సమస్య (హాల్టింగ్ సమస్య) / సక్రమ ప్రమేయం / సామాన్య పునరావృత్త ప్రమేయం","te-Telu-IN","Telu","IN","standard formal Telugu","international logical and mathematical notation with Arabic decimal digits and Latin metavariables","OLP-0227","OLP-0227-B004","upstream/content/computability/recursive-functions/general-recursive-functions.tex","e055df19289a2f5db360cc644656c3f6269a026cb26f9a62853a23a9ace7afcf","9","10","174","239","translation/content/computability/recursive-functions/general-recursive-functions.tex","24dd0cf61b06f02ddb055eee287d7a7675ad55f1a64d7b13914e57521de0d321","9","10","174","292","pending","","The cited unit is not yet integrated into the coherent full reader; no printed or assembled PDF page is guessed.","Please double-check whether “ఆదిమ పునరావృత్త సంబంధం / పరిమిత పరిమాణీకరణ / పరిమిత కనిష్ఠీకరణ / షరతు ప్రమేయం / ప్రధాన సంఖ్య / క్రమ సంకేతీకరణ / వృక్ష సంకేతీకరణ / సమకాల పునరావృత్తి / పూర్వవిలువల పునరావృత్తి / పాక్షిక పునరావృత్త ప్రమేయం / అపరిమిత అన్వేషణ / క్లీనీ నియత రూపం / సూచిక / నిలుపు సమస్య (హాల్టింగ్ సమస్య) / సక్రమ ప్రమేయం / సామాన్య పునరావృత్త ప్రమేయం” is idiomatic and technically standard for “primitive recursive relation / bounded quantification / bounded minimization / conditional function / prime number / sequence coding / tree coding / simultaneous recursion / course-of-values recursion / partial recursive function / unbounded search / Kleene normal form / index / halting problem / regular function / general recursive function” in Telugu logic/mathematics across Andhra Pradesh and Telangana. If not, what exact replacement should be used while leaving the displayed definition, formulas and source scope unchanged?"
"te-Telu-IN-TE-T066","te-Telu-IN-TE-T066-OCC-001","terminology","retrospective","high","low","true","computability theory / recursion theory / partial computable function / universal partial computable function / effective enumeration / uniform enumeration / s-m-n theorem / computably enumerable / recursively enumerable / decidable / semi-decidable / undecidable","గణనీయతా సిద్ధాంతం / పునరావృత్త సిద్ధాంతం / పాక్షిక గణనీయ ప్రమేయం / సార్వత్రిక పాక్షిక గణనీయ ప్రమేయం / కార్యసాధ్య లెక్కింపు / ఏకరీతి లెక్కింపు / s-m-n సిద్ధాంతం / గణనీయంగా లెక్కించదగిన / పునరావృత్తంగా లెక్కించదగిన / నిర్ణయించదగిన / అర్ధ-నిర్ణయించదగిన / అనిర్ణయనీయ","te-Telu-IN","Telu","IN","standard formal Telugu","international logical and mathematical notation with Arabic decimal digits and Latin metavariables","OLP-0228","OLP-0228-B004","upstream/content/computability/computability-theory/computability-theory.tex","de85020d2628f48f4e3f76cdcc1e31630f9a1e4a5f6581312c6ee4711ad3bcba","8","8","136","179","translation/content/computability/computability-theory/computability-theory.tex","b408956bf30908eb21e025d465384a04af98c86bb5361e93d9b3444a075d1e90","8","8","136","208","pending","","The cited unit is not yet integrated into the coherent full reader; no printed or assembled PDF page is guessed.","Please double-check whether “గణనీయతా సిద్ధాంతం / పునరావృత్త సిద్ధాంతం / పాక్షిక గణనీయ ప్రమేయం / సార్వత్రిక పాక్షిక గణనీయ ప్రమేయం / కార్యసాధ్య లెక్కింపు / ఏకరీతి లెక్కింపు / s-m-n సిద్ధాంతం / గణనీయంగా లెక్కించదగిన / పునరావృత్తంగా లెక్కించదగిన / నిర్ణయించదగిన / అర్ధ-నిర్ణయించదగిన / అనిర్ణయనీయ” is idiomatic and technically standard for “computability theory / recursion theory / partial computable function / universal partial computable function / effective enumeration / uniform enumeration / s-m-n theorem / computably enumerable / recursively enumerable / decidable / semi-decidable / undecidable” in Telugu logic/mathematics across Andhra Pradesh and Telangana. If not, what exact replacement should be used while leaving the displayed definition, formulas and source scope unchanged?"
"te-Telu-IN-TE-T066","te-Telu-IN-TE-T066-OCC-002","terminology","retrospective","high","low","true","computability theory / recursion theory / partial computable function / universal partial computable function / effective enumeration / uniform enumeration / s-m-n theorem / computably enumerable / recursively enumerable / decidable / semi-decidable / undecidable","గణనీయతా సిద్ధాంతం / పునరావృత్త సిద్ధాంతం / పాక్షిక గణనీయ ప్రమేయం / సార్వత్రిక పాక్షిక గణనీయ ప్రమేయం / కార్యసాధ్య లెక్కింపు / ఏకరీతి లెక్కింపు / s-m-n సిద్ధాంతం / గణనీయంగా లెక్కించదగిన / పునరావృత్తంగా లెక్కించదగిన / నిర్ణయించదగిన / అర్ధ-నిర్ణయించదగిన / అనిర్ణయనీయ","te-Telu-IN","Telu","IN","standard formal Telugu","international logical and mathematical notation with Arabic decimal digits and Latin metavariables","OLP-0229","OLP-0229-B006","upstream/content/computability/computability-theory/introduction.tex","685a46820c472f602c8cb6fb72595377355a1cbbeb9d07cf2b98f86405086127","18","27","514","1149","translation/content/computability/computability-theory/introduction.tex","e916672485aa41c8ddfebd48156f1b5a51ec7d16925e489844c4ef3a36931372","17","25","948","2214","pending","","The cited unit is not yet integrated into the coherent full reader; no printed or assembled PDF page is guessed.","Please double-check whether “గణనీయతా సిద్ధాంతం / పునరావృత్త సిద్ధాంతం / పాక్షిక గణనీయ ప్రమేయం / సార్వత్రిక పాక్షిక గణనీయ ప్రమేయం / కార్యసాధ్య లెక్కింపు / ఏకరీతి లెక్కింపు / s-m-n సిద్ధాంతం / గణనీయంగా లెక్కించదగిన / పునరావృత్తంగా లెక్కించదగిన / నిర్ణయించదగిన / అర్ధ-నిర్ణయించదగిన / అనిర్ణయనీయ” is idiomatic and technically standard for “computability theory / recursion theory / partial computable function / universal partial computable function / effective enumeration / uniform enumeration / s-m-n theorem / computably enumerable / recursively enumerable / decidable / semi-decidable / undecidable” in Telugu logic/mathematics across Andhra Pradesh and Telangana. If not, what exact replacement should be used while leaving the displayed definition, formulas and source scope unchanged?"
"te-Telu-IN-TE-T066","te-Telu-IN-TE-T066-OCC-003","terminology","retrospective","high","low","true","computability theory / recursion theory / partial computable function / universal partial computable function / effective enumeration / uniform enumeration / s-m-n theorem / computably enumerable / recursively enumerable / decidable / semi-decidable / undecidable","గణనీయతా సిద్ధాంతం / పునరావృత్త సిద్ధాంతం / పాక్షిక గణనీయ ప్రమేయం / సార్వత్రిక పాక్షిక గణనీయ ప్రమేయం / కార్యసాధ్య లెక్కింపు / ఏకరీతి లెక్కింపు / s-m-n సిద్ధాంతం / గణనీయంగా లెక్కించదగిన / పునరావృత్తంగా లెక్కించదగిన / నిర్ణయించదగిన / అర్ధ-నిర్ణయించదగిన / అనిర్ణయనీయ","te-Telu-IN","Telu","IN","standard formal Telugu","international logical and mathematical notation with Arabic decimal digits and Latin metavariables","OLP-0232","OLP-0232-B004","upstream/content/computability/computability-theory/s-m-n.tex","24f3238689ed3251d63da8eb5e2daaa5cd99c8f2c29afb114d3b99183e555efc","9","10","153","214","translation/content/computability/computability-theory/s-m-n.tex","1f3ff939d886ff43691a5199f5254b8860d393ff2092aa56393f82592be332f2","9","10","153","230","pending","","The cited unit is not yet integrated into the coherent full reader; no printed or assembled PDF page is guessed.","Please double-check whether “గణనీయతా సిద్ధాంతం / పునరావృత్త సిద్ధాంతం / పాక్షిక గణనీయ ప్రమేయం / సార్వత్రిక పాక్షిక గణనీయ ప్రమేయం / కార్యసాధ్య లెక్కింపు / ఏకరీతి లెక్కింపు / s-m-n సిద్ధాంతం / గణనీయంగా లెక్కించదగిన / పునరావృత్తంగా లెక్కించదగిన / నిర్ణయించదగిన / అర్ధ-నిర్ణయించదగిన / అనిర్ణయనీయ” is idiomatic and technically standard for “computability theory / recursion theory / partial computable function / universal partial computable function / effective enumeration / uniform enumeration / s-m-n theorem / computably enumerable / recursively enumerable / decidable / semi-decidable / undecidable” in Telugu logic/mathematics across Andhra Pradesh and Telangana. If not, what exact replacement should be used while leaving the displayed definition, formulas and source scope unchanged?"
"te-Telu-IN-TE-T066","te-Telu-IN-TE-T066-OCC-004","terminology","retrospective","high","low","true","computability theory / recursion theory / partial computable function / universal partial computable function / effective enumeration / uniform enumeration / s-m-n theorem / computably enumerable / recursively enumerable / decidable / semi-decidable / undecidable","గణనీయతా సిద్ధాంతం / పునరావృత్త సిద్ధాంతం / పాక్షిక గణనీయ ప్రమేయం / సార్వత్రిక పాక్షిక గణనీయ ప్రమేయం / కార్యసాధ్య లెక్కింపు / ఏకరీతి లెక్కింపు / s-m-n సిద్ధాంతం / గణనీయంగా లెక్కించదగిన / పునరావృత్తంగా లెక్కించదగిన / నిర్ణయించదగిన / అర్ధ-నిర్ణయించదగిన / అనిర్ణయనీయ","te-Telu-IN","Telu","IN","standard formal Telugu","international logical and mathematical notation with Arabic decimal digits and Latin metavariables","OLP-0233","OLP-0233-B004","upstream/content/computability/computability-theory/universal-part-function.tex","ebea87bb478e1b3f401702e1ae9d4636e6823c5df78894ad09c8ee0b7fee8e49","9","10","171","250","translation/content/computability/computability-theory/universal-part-function.tex","dc2af37183745cdd1688506cccfb7d1632afa39b203a59d595191d8ea1befeda","9","10","171","299","pending","","The cited unit is not yet integrated into the coherent full reader; no printed or assembled PDF page is guessed.","Please double-check whether “గణనీయతా సిద్ధాంతం / పునరావృత్త సిద్ధాంతం / పాక్షిక గణనీయ ప్రమేయం / సార్వత్రిక పాక్షిక గణనీయ ప్రమేయం / కార్యసాధ్య లెక్కింపు / ఏకరీతి లెక్కింపు / s-m-n సిద్ధాంతం / గణనీయంగా లెక్కించదగిన / పునరావృత్తంగా లెక్కించదగిన / నిర్ణయించదగిన / అర్ధ-నిర్ణయించదగిన / అనిర్ణయనీయ” is idiomatic and technically standard for “computability theory / recursion theory / partial computable function / universal partial computable function / effective enumeration / uniform enumeration / s-m-n theorem / computably enumerable / recursively enumerable / decidable / semi-decidable / undecidable” in Telugu logic/mathematics across Andhra Pradesh and Telangana. If not, what exact replacement should be used while leaving the displayed definition, formulas and source scope unchanged?"
"te-Telu-IN-TE-T066","te-Telu-IN-TE-T066-OCC-005","terminology","retrospective","high","low","true","computability theory / recursion theory / partial computable function / universal partial computable function / effective enumeration / uniform enumeration / s-m-n theorem / computably enumerable / recursively enumerable / decidable / semi-decidable / undecidable","గణనీయతా సిద్ధాంతం / పునరావృత్త సిద్ధాంతం / పాక్షిక గణనీయ ప్రమేయం / సార్వత్రిక పాక్షిక గణనీయ ప్రమేయం / కార్యసాధ్య లెక్కింపు / ఏకరీతి లెక్కింపు / s-m-n సిద్ధాంతం / గణనీయంగా లెక్కించదగిన / పునరావృత్తంగా లెక్కించదగిన / నిర్ణయించదగిన / అర్ధ-నిర్ణయించదగిన / అనిర్ణయనీయ","te-Telu-IN","Telu","IN","standard formal Telugu","international logical and mathematical notation with Arabic decimal digits and Latin metavariables","OLP-0238","OLP-0238-B004","upstream/content/computability/computability-theory/ce-sets.tex","a4cb50deceb3d948ebf79dc5f5aad48801a5a58e633c98e7caf834098a3402a8","9","10","155","219","translation/content/computability/computability-theory/ce-sets.tex","50ae36b48134bcf0375dba1ee509abea6cc77f34e7e82f38c238c5f18cfcd13c","9","10","155","276","pending","","The cited unit is not yet integrated into the coherent full reader; no printed or assembled PDF page is guessed.","Please double-check whether “గణనీయతా సిద్ధాంతం / పునరావృత్త సిద్ధాంతం / పాక్షిక గణనీయ ప్రమేయం / సార్వత్రిక పాక్షిక గణనీయ ప్రమేయం / కార్యసాధ్య లెక్కింపు / ఏకరీతి లెక్కింపు / s-m-n సిద్ధాంతం / గణనీయంగా లెక్కించదగిన / పునరావృత్తంగా లెక్కించదగిన / నిర్ణయించదగిన / అర్ధ-నిర్ణయించదగిన / అనిర్ణయనీయ” is idiomatic and technically standard for “computability theory / recursion theory / partial computable function / universal partial computable function / effective enumeration / uniform enumeration / s-m-n theorem / computably enumerable / recursively enumerable / decidable / semi-decidable / undecidable” in Telugu logic/mathematics across Andhra Pradesh and Telangana. If not, what exact replacement should be used while leaving the displayed definition, formulas and source scope unchanged?"
"te-Telu-IN-TE-T066","te-Telu-IN-TE-T066-OCC-006","terminology","retrospective","high","low","true","computability theory / recursion theory / partial computable function / universal partial computable function / effective enumeration / uniform enumeration / s-m-n theorem / computably enumerable / recursively enumerable / decidable / semi-decidable / undecidable","గణనీయతా సిద్ధాంతం / పునరావృత్త సిద్ధాంతం / పాక్షిక గణనీయ ప్రమేయం / సార్వత్రిక పాక్షిక గణనీయ ప్రమేయం / కార్యసాధ్య లెక్కింపు / ఏకరీతి లెక్కింపు / s-m-n సిద్ధాంతం / గణనీయంగా లెక్కించదగిన / పునరావృత్తంగా లెక్కించదగిన / నిర్ణయించదగిన / అర్ధ-నిర్ణయించదగిన / అనిర్ణయనీయ","te-Telu-IN","Telu","IN","standard formal Telugu","international logical and mathematical notation with Arabic decimal digits and Latin metavariables","OLP-0239","OLP-0239-B008","upstream/content/computability/computability-theory/equiv-ce-defs.tex","d997e01b3f6cae024d43895694771f165f9bff070b5b3b7469ddd827e2777d51","30","43","865","1525","translation/content/computability/computability-theory/equiv-ce-defs.tex","1e132490e91432439d8bf98cdf92ad974f0426e3ef685e173063b053be8d93e6","30","43","1998","3440","pending","","The cited unit is not yet integrated into the coherent full reader; no printed or assembled PDF page is guessed.","Please double-check whether “గణనీయతా సిద్ధాంతం / పునరావృత్త సిద్ధాంతం / పాక్షిక గణనీయ ప్రమేయం / సార్వత్రిక పాక్షిక గణనీయ ప్రమేయం / కార్యసాధ్య లెక్కింపు / ఏకరీతి లెక్కింపు / s-m-n సిద్ధాంతం / గణనీయంగా లెక్కించదగిన / పునరావృత్తంగా లెక్కించదగిన / నిర్ణయించదగిన / అర్ధ-నిర్ణయించదగిన / అనిర్ణయనీయ” is idiomatic and technically standard for “computability theory / recursion theory / partial computable function / universal partial computable function / effective enumeration / uniform enumeration / s-m-n theorem / computably enumerable / recursively enumerable / decidable / semi-decidable / undecidable” in Telugu logic/mathematics across Andhra Pradesh and Telangana. If not, what exact replacement should be used while leaving the displayed definition, formulas and source scope unchanged?"
"te-Telu-IN-TE-T067","te-Telu-IN-TE-T067-OCC-001","terminology","retrospective","high","low","true","non-computable set / halting set / self-halting set / closure under union and intersection / complement / many-one reduction and reducibility / one-one reducibility / Turing reducibility / complete computably enumerable set / oracle / totality / index set / Rice's theorem / fixed-point theorem / self-reference","గణనీయంకాని సమితి / ఆగే సమితి / స్వయంగా ఆగే సమితి / సంయోగం, ఛేదనం కింద సంవృతత / పూరకం / అనేకం-ఒకటి తగ్గింపు, తగ్గించదగినత / ఒకటి-ఒకటి తగ్గించదగినత / ట్యూరింగ్ తగ్గించదగినత / సంపూర్ణ గణనీయంగా లెక్కించదగిన సమితి / ఒరాకిల్ / సర్వనిర్వచితత్వం / సూచిక సమితి / రైస్ సిద్ధాంతం / స్థిరబిందు సిద్ధాంతం / స్వీయ-సూచన","te-Telu-IN","Telu","IN","standard formal Telugu","international logical and mathematical notation with Arabic decimal digits and Latin metavariables","OLP-0240","OLP-0240-B004","upstream/content/computability/computability-theory/non-comp-set.tex","d6104b2bdb7763c1360dfda3f360b4db8ac8e2356315269b02664517918e4eca","9","10","160","227","translation/content/computability/computability-theory/non-comp-set.tex","47da214909773189cf49e9a086de09bafca53e71512de5228d58b4bb96027350","9","10","160","272","pending","","The cited unit is not yet integrated into the coherent full reader; no printed or assembled PDF page is guessed.","Please double-check whether “గణనీయంకాని సమితి / ఆగే సమితి / స్వయంగా ఆగే సమితి / సంయోగం, ఛేదనం కింద సంవృతత / పూరకం / అనేకం-ఒకటి తగ్గింపు, తగ్గించదగినత / ఒకటి-ఒకటి తగ్గించదగినత / ట్యూరింగ్ తగ్గించదగినత / సంపూర్ణ గణనీయంగా లెక్కించదగిన సమితి / ఒరాకిల్ / సర్వనిర్వచితత్వం / సూచిక సమితి / రైస్ సిద్ధాంతం / స్థిరబిందు సిద్ధాంతం / స్వీయ-సూచన” is idiomatic and technically standard for “non-computable set / halting set / self-halting set / closure under union and intersection / complement / many-one reduction and reducibility / one-one reducibility / Turing reducibility / complete computably enumerable set / oracle / totality / index set / Rice's theorem / fixed-point theorem / self-reference” in Telugu logic/mathematics across Andhra Pradesh and Telangana. If not, what exact replacement should be used while leaving the displayed definition, formulas and source scope unchanged?"
"te-Telu-IN-TE-T067","te-Telu-IN-TE-T067-OCC-002","terminology","retrospective","high","low","true","non-computable set / halting set / self-halting set / closure under union and intersection / complement / many-one reduction and reducibility / one-one reducibility / Turing reducibility / complete computably enumerable set / oracle / totality / index set / Rice's theorem / fixed-point theorem / self-reference","గణనీయంకాని సమితి / ఆగే సమితి / స్వయంగా ఆగే సమితి / సంయోగం, ఛేదనం కింద సంవృతత / పూరకం / అనేకం-ఒకటి తగ్గింపు, తగ్గించదగినత / ఒకటి-ఒకటి తగ్గించదగినత / ట్యూరింగ్ తగ్గించదగినత / సంపూర్ణ గణనీయంగా లెక్కించదగిన సమితి / ఒరాకిల్ / సర్వనిర్వచితత్వం / సూచిక సమితి / రైస్ సిద్ధాంతం / స్థిరబిందు సిద్ధాంతం / స్వీయ-సూచన","te-Telu-IN","Telu","IN","standard formal Telugu","international logical and mathematical notation with Arabic decimal digits and Latin metavariables","OLP-0241","OLP-0241-B005","upstream/content/computability/computability-theory/ce-closed-cup-cap.tex","392c55f9b3a78a7c396fe53bcfe80e60af85d1f0ffe1e527619d2eb7c54e5e2e","11","12","191","309","translation/content/computability/computability-theory/ce-closed-cup-cap.tex","ed1d9f24e2cf8b7c5d64551e428dfb2c16455e45a7a7078bd1037902ce6b5d09","11","12","191","431","pending","","The cited unit is not yet integrated into the coherent full reader; no printed or assembled PDF page is guessed.","Please double-check whether “గణనీయంకాని సమితి / ఆగే సమితి / స్వయంగా ఆగే సమితి / సంయోగం, ఛేదనం కింద సంవృతత / పూరకం / అనేకం-ఒకటి తగ్గింపు, తగ్గించదగినత / ఒకటి-ఒకటి తగ్గించదగినత / ట్యూరింగ్ తగ్గించదగినత / సంపూర్ణ గణనీయంగా లెక్కించదగిన సమితి / ఒరాకిల్ / సర్వనిర్వచితత్వం / సూచిక సమితి / రైస్ సిద్ధాంతం / స్థిరబిందు సిద్ధాంతం / స్వీయ-సూచన” is idiomatic and technically standard for “non-computable set / halting set / self-halting set / closure under union and intersection / complement / many-one reduction and reducibility / one-one reducibility / Turing reducibility / complete computably enumerable set / oracle / totality / index set / Rice's theorem / fixed-point theorem / self-reference” in Telugu logic/mathematics across Andhra Pradesh and Telangana. If not, what exact replacement should be used while leaving the displayed definition, formulas and source scope unchanged?"
"te-Telu-IN-TE-T067","te-Telu-IN-TE-T067-OCC-003","terminology","retrospective","high","low","true","non-computable set / halting set / self-halting set / closure under union and intersection / complement / many-one reduction and reducibility / one-one reducibility / Turing reducibility / complete computably enumerable set / oracle / totality / index set / Rice's theorem / fixed-point theorem / self-reference","గణనీయంకాని సమితి / ఆగే సమితి / స్వయంగా ఆగే సమితి / సంయోగం, ఛేదనం కింద సంవృతత / పూరకం / అనేకం-ఒకటి తగ్గింపు, తగ్గించదగినత / ఒకటి-ఒకటి తగ్గించదగినత / ట్యూరింగ్ తగ్గించదగినత / సంపూర్ణ గణనీయంగా లెక్కించదగిన సమితి / ఒరాకిల్ / సర్వనిర్వచితత్వం / సూచిక సమితి / రైస్ సిద్ధాంతం / స్థిరబిందు సిద్ధాంతం / స్వీయ-సూచన","te-Telu-IN","Telu","IN","standard formal Telugu","international logical and mathematical notation with Arabic decimal digits and Latin metavariables","OLP-0242","OLP-0242-B004","upstream/content/computability/computability-theory/complement-ce.tex","9bc0f9cc61b6f4e68b6e95079d2966b0e05ed3c0ed1128710532e2f76258208f","9","10","161","253","translation/content/computability/computability-theory/complement-ce.tex","2bb6169f8f1fa2c10725bb823a6a34089da86908b76877c6a0dfe1db4c5a310c","9","10","161","349","pending","","The cited unit is not yet integrated into the coherent full reader; no printed or assembled PDF page is guessed.","Please double-check whether “గణనీయంకాని సమితి / ఆగే సమితి / స్వయంగా ఆగే సమితి / సంయోగం, ఛేదనం కింద సంవృతత / పూరకం / అనేకం-ఒకటి తగ్గింపు, తగ్గించదగినత / ఒకటి-ఒకటి తగ్గించదగినత / ట్యూరింగ్ తగ్గించదగినత / సంపూర్ణ గణనీయంగా లెక్కించదగిన సమితి / ఒరాకిల్ / సర్వనిర్వచితత్వం / సూచిక సమితి / రైస్ సిద్ధాంతం / స్థిరబిందు సిద్ధాంతం / స్వీయ-సూచన” is idiomatic and technically standard for “non-computable set / halting set / self-halting set / closure under union and intersection / complement / many-one reduction and reducibility / one-one reducibility / Turing reducibility / complete computably enumerable set / oracle / totality / index set / Rice's theorem / fixed-point theorem / self-reference” in Telugu logic/mathematics across Andhra Pradesh and Telangana. If not, what exact replacement should be used while leaving the displayed definition, formulas and source scope unchanged?"
"te-Telu-IN-TE-T067","te-Telu-IN-TE-T067-OCC-004","terminology","retrospective","high","low","true","non-computable set / halting set / self-halting set / closure under union and intersection / complement / many-one reduction and reducibility / one-one reducibility / Turing reducibility / complete computably enumerable set / oracle / totality / index set / Rice's theorem / fixed-point theorem / self-reference","గణనీయంకాని సమితి / ఆగే సమితి / స్వయంగా ఆగే సమితి / సంయోగం, ఛేదనం కింద సంవృతత / పూరకం / అనేకం-ఒకటి తగ్గింపు, తగ్గించదగినత / ఒకటి-ఒకటి తగ్గించదగినత / ట్యూరింగ్ తగ్గించదగినత / సంపూర్ణ గణనీయంగా లెక్కించదగిన సమితి / ఒరాకిల్ / సర్వనిర్వచితత్వం / సూచిక సమితి / రైస్ సిద్ధాంతం / స్థిరబిందు సిద్ధాంతం / స్వీయ-సూచన","te-Telu-IN","Telu","IN","standard formal Telugu","international logical and mathematical notation with Arabic decimal digits and Latin metavariables","OLP-0243","OLP-0243-B008","upstream/content/computability/computability-theory/reducibility.tex","f8797ad4502fbd9611f45780b5f706c1cf9b9c0ee49f44b05a9cc535bf201b1a","50","61","2081","2578","translation/content/computability/computability-theory/reducibility.tex","43aed5c6710ec5e08bec293db2bf7a6dff727eea6e14700cca938ed55f9abca7","52","63","5197","6194","pending","","The cited unit is not yet integrated into the coherent full reader; no printed or assembled PDF page is guessed.","Please double-check whether “గణనీయంకాని సమితి / ఆగే సమితి / స్వయంగా ఆగే సమితి / సంయోగం, ఛేదనం కింద సంవృతత / పూరకం / అనేకం-ఒకటి తగ్గింపు, తగ్గించదగినత / ఒకటి-ఒకటి తగ్గించదగినత / ట్యూరింగ్ తగ్గించదగినత / సంపూర్ణ గణనీయంగా లెక్కించదగిన సమితి / ఒరాకిల్ / సర్వనిర్వచితత్వం / సూచిక సమితి / రైస్ సిద్ధాంతం / స్థిరబిందు సిద్ధాంతం / స్వీయ-సూచన” is idiomatic and technically standard for “non-computable set / halting set / self-halting set / closure under union and intersection / complement / many-one reduction and reducibility / one-one reducibility / Turing reducibility / complete computably enumerable set / oracle / totality / index set / Rice's theorem / fixed-point theorem / self-reference” in Telugu logic/mathematics across Andhra Pradesh and Telangana. If not, what exact replacement should be used while leaving the displayed definition, formulas and source scope unchanged?"
"te-Telu-IN-TE-T067","te-Telu-IN-TE-T067-OCC-005","terminology","retrospective","high","low","true","non-computable set / halting set / self-halting set / closure under union and intersection / complement / many-one reduction and reducibility / one-one reducibility / Turing reducibility / complete computably enumerable set / oracle / totality / index set / Rice's theorem / fixed-point theorem / self-reference","గణనీయంకాని సమితి / ఆగే సమితి / స్వయంగా ఆగే సమితి / సంయోగం, ఛేదనం కింద సంవృతత / పూరకం / అనేకం-ఒకటి తగ్గింపు, తగ్గించదగినత / ఒకటి-ఒకటి తగ్గించదగినత / ట్యూరింగ్ తగ్గించదగినత / సంపూర్ణ గణనీయంగా లెక్కించదగిన సమితి / ఒరాకిల్ / సర్వనిర్వచితత్వం / సూచిక సమితి / రైస్ సిద్ధాంతం / స్థిరబిందు సిద్ధాంతం / స్వీయ-సూచన","te-Telu-IN","Telu","IN","standard formal Telugu","international logical and mathematical notation with Arabic decimal digits and Latin metavariables","OLP-0245","OLP-0245-B004","upstream/content/computability/computability-theory/complete-ce-sets.tex","8df21b8f708dbf50a1929c42788669af2c7e6b5ab1841eab1c4c328dc9e62030","9","10","164","237","translation/content/computability/computability-theory/complete-ce-sets.tex","6886561a0269e49868aacb0ac997f9354b7a94aacaea49327fd5975c23e803cc","9","10","164","307","pending","","The cited unit is not yet integrated into the coherent full reader; no printed or assembled PDF page is guessed.","Please double-check whether “గణనీయంకాని సమితి / ఆగే సమితి / స్వయంగా ఆగే సమితి / సంయోగం, ఛేదనం కింద సంవృతత / పూరకం / అనేకం-ఒకటి తగ్గింపు, తగ్గించదగినత / ఒకటి-ఒకటి తగ్గించదగినత / ట్యూరింగ్ తగ్గించదగినత / సంపూర్ణ గణనీయంగా లెక్కించదగిన సమితి / ఒరాకిల్ / సర్వనిర్వచితత్వం / సూచిక సమితి / రైస్ సిద్ధాంతం / స్థిరబిందు సిద్ధాంతం / స్వీయ-సూచన” is idiomatic and technically standard for “non-computable set / halting set / self-halting set / closure under union and intersection / complement / many-one reduction and reducibility / one-one reducibility / Turing reducibility / complete computably enumerable set / oracle / totality / index set / Rice's theorem / fixed-point theorem / self-reference” in Telugu logic/mathematics across Andhra Pradesh and Telangana. If not, what exact replacement should be used while leaving the displayed definition, formulas and source scope unchanged?"
"te-Telu-IN-TE-T067","te-Telu-IN-TE-T067-OCC-006","terminology","retrospective","high","low","true","non-computable set / halting set / self-halting set / closure under union and intersection / complement / many-one reduction and reducibility / one-one reducibility / Turing reducibility / complete computably enumerable set / oracle / totality / index set / Rice's theorem / fixed-point theorem / self-reference","గణనీయంకాని సమితి / ఆగే సమితి / స్వయంగా ఆగే సమితి / సంయోగం, ఛేదనం కింద సంవృతత / పూరకం / అనేకం-ఒకటి తగ్గింపు, తగ్గించదగినత / ఒకటి-ఒకటి తగ్గించదగినత / ట్యూరింగ్ తగ్గించదగినత / సంపూర్ణ గణనీయంగా లెక్కించదగిన సమితి / ఒరాకిల్ / సర్వనిర్వచితత్వం / సూచిక సమితి / రైస్ సిద్ధాంతం / స్థిరబిందు సిద్ధాంతం / స్వీయ-సూచన","te-Telu-IN","Telu","IN","standard formal Telugu","international logical and mathematical notation with Arabic decimal digits and Latin metavariables","OLP-0246","OLP-0246-B009","upstream/content/computability/computability-theory/k-1.tex","a2ddcee4c073868a4768ebc44c9b9634b48b4ade9fd31f37450df159f336a35a","30","45","637","1597","translation/content/computability/computability-theory/k-1.tex","8c9d4c6fa348ef935e98a93478090633f20566600eb011a7b38b7f0dda28986a","29","43","1002","3086","pending","","The cited unit is not yet integrated into the coherent full reader; no printed or assembled PDF page is guessed.","Please double-check whether “గణనీయంకాని సమితి / ఆగే సమితి / స్వయంగా ఆగే సమితి / సంయోగం, ఛేదనం కింద సంవృతత / పూరకం / అనేకం-ఒకటి తగ్గింపు, తగ్గించదగినత / ఒకటి-ఒకటి తగ్గించదగినత / ట్యూరింగ్ తగ్గించదగినత / సంపూర్ణ గణనీయంగా లెక్కించదగిన సమితి / ఒరాకిల్ / సర్వనిర్వచితత్వం / సూచిక సమితి / రైస్ సిద్ధాంతం / స్థిరబిందు సిద్ధాంతం / స్వీయ-సూచన” is idiomatic and technically standard for “non-computable set / halting set / self-halting set / closure under union and intersection / complement / many-one reduction and reducibility / one-one reducibility / Turing reducibility / complete computably enumerable set / oracle / totality / index set / Rice's theorem / fixed-point theorem / self-reference” in Telugu logic/mathematics across Andhra Pradesh and Telangana. If not, what exact replacement should be used while leaving the displayed definition, formulas and source scope unchanged?"
"te-Telu-IN-TE-T067","te-Telu-IN-TE-T067-OCC-007","terminology","retrospective","high","low","true","non-computable set / halting set / self-halting set / closure under union and intersection / complement / many-one reduction and reducibility / one-one reducibility / Turing reducibility / complete computably enumerable set / oracle / totality / index set / Rice's theorem / fixed-point theorem / self-reference","గణనీయంకాని సమితి / ఆగే సమితి / స్వయంగా ఆగే సమితి / సంయోగం, ఛేదనం కింద సంవృతత / పూరకం / అనేకం-ఒకటి తగ్గింపు, తగ్గించదగినత / ఒకటి-ఒకటి తగ్గించదగినత / ట్యూరింగ్ తగ్గించదగినత / సంపూర్ణ గణనీయంగా లెక్కించదగిన సమితి / ఒరాకిల్ / సర్వనిర్వచితత్వం / సూచిక సమితి / రైస్ సిద్ధాంతం / స్థిరబిందు సిద్ధాంతం / స్వీయ-సూచన","te-Telu-IN","Telu","IN","standard formal Telugu","international logical and mathematical notation with Arabic decimal digits and Latin metavariables","OLP-0247","OLP-0247-B004","upstream/content/computability/computability-theory/total.tex","020737f92a1de1a6ce8664bcf1037021d0dc8454049e5afa6732305015c345ca","9","10","153","214","translation/content/computability/computability-theory/total.tex","cb3c11681c2a22ec64d9d8c631d8e3ca99614d7dfa3538e7c8db632f902d0950","9","10","153","273","pending","","The cited unit is not yet integrated into the coherent full reader; no printed or assembled PDF page is guessed.","Please double-check whether “గణనీయంకాని సమితి / ఆగే సమితి / స్వయంగా ఆగే సమితి / సంయోగం, ఛేదనం కింద సంవృతత / పూరకం / అనేకం-ఒకటి తగ్గింపు, తగ్గించదగినత / ఒకటి-ఒకటి తగ్గించదగినత / ట్యూరింగ్ తగ్గించదగినత / సంపూర్ణ గణనీయంగా లెక్కించదగిన సమితి / ఒరాకిల్ / సర్వనిర్వచితత్వం / సూచిక సమితి / రైస్ సిద్ధాంతం / స్థిరబిందు సిద్ధాంతం / స్వీయ-సూచన” is idiomatic and technically standard for “non-computable set / halting set / self-halting set / closure under union and intersection / complement / many-one reduction and reducibility / one-one reducibility / Turing reducibility / complete computably enumerable set / oracle / totality / index set / Rice's theorem / fixed-point theorem / self-reference” in Telugu logic/mathematics across Andhra Pradesh and Telangana. If not, what exact replacement should be used while leaving the displayed definition, formulas and source scope unchanged?"
"te-Telu-IN-TE-T067","te-Telu-IN-TE-T067-OCC-008","terminology","retrospective","high","low","true","non-computable set / halting set / self-halting set / closure under union and intersection / complement / many-one reduction and reducibility / one-one reducibility / Turing reducibility / complete computably enumerable set / oracle / totality / index set / Rice's theorem / fixed-point theorem / self-reference","గణనీయంకాని సమితి / ఆగే సమితి / స్వయంగా ఆగే సమితి / సంయోగం, ఛేదనం కింద సంవృతత / పూరకం / అనేకం-ఒకటి తగ్గింపు, తగ్గించదగినత / ఒకటి-ఒకటి తగ్గించదగినత / ట్యూరింగ్ తగ్గించదగినత / సంపూర్ణ గణనీయంగా లెక్కించదగిన సమితి / ఒరాకిల్ / సర్వనిర్వచితత్వం / సూచిక సమితి / రైస్ సిద్ధాంతం / స్థిరబిందు సిద్ధాంతం / స్వీయ-సూచన","te-Telu-IN","Telu","IN","standard formal Telugu","international logical and mathematical notation with Arabic decimal digits and Latin metavariables","OLP-0248","OLP-0248-B007","upstream/content/computability/computability-theory/rice-theorem.tex","6d6ff6b882375fb44ebb79ee1ef6b2c5e5b6f0d783e8110ce23a681c6afb4b80","23","28","816","1063","translation/content/computability/computability-theory/rice-theorem.tex","98a89126ff7eff1db6b0202164b082d1ffd1b5957ffa5f66189104c2a9ed7372","23","27","1591","2094","pending","","The cited unit is not yet integrated into the coherent full reader; no printed or assembled PDF page is guessed.","Please double-check whether “గణనీయంకాని సమితి / ఆగే సమితి / స్వయంగా ఆగే సమితి / సంయోగం, ఛేదనం కింద సంవృతత / పూరకం / అనేకం-ఒకటి తగ్గింపు, తగ్గించదగినత / ఒకటి-ఒకటి తగ్గించదగినత / ట్యూరింగ్ తగ్గించదగినత / సంపూర్ణ గణనీయంగా లెక్కించదగిన సమితి / ఒరాకిల్ / సర్వనిర్వచితత్వం / సూచిక సమితి / రైస్ సిద్ధాంతం / స్థిరబిందు సిద్ధాంతం / స్వీయ-సూచన” is idiomatic and technically standard for “non-computable set / halting set / self-halting set / closure under union and intersection / complement / many-one reduction and reducibility / one-one reducibility / Turing reducibility / complete computably enumerable set / oracle / totality / index set / Rice's theorem / fixed-point theorem / self-reference” in Telugu logic/mathematics across Andhra Pradesh and Telangana. If not, what exact replacement should be used while leaving the displayed definition, formulas and source scope unchanged?"
"te-Telu-IN-TE-T067","te-Telu-IN-TE-T067-OCC-009","terminology","retrospective","high","low","true","non-computable set / halting set / self-halting set / closure under union and intersection / complement / many-one reduction and reducibility / one-one reducibility / Turing reducibility / complete computably enumerable set / oracle / totality / index set / Rice's theorem / fixed-point theorem / self-reference","గణనీయంకాని సమితి / ఆగే సమితి / స్వయంగా ఆగే సమితి / సంయోగం, ఛేదనం కింద సంవృతత / పూరకం / అనేకం-ఒకటి తగ్గింపు, తగ్గించదగినత / ఒకటి-ఒకటి తగ్గించదగినత / ట్యూరింగ్ తగ్గించదగినత / సంపూర్ణ గణనీయంగా లెక్కించదగిన సమితి / ఒరాకిల్ / సర్వనిర్వచితత్వం / సూచిక సమితి / రైస్ సిద్ధాంతం / స్థిరబిందు సిద్ధాంతం / స్వీయ-సూచన","te-Telu-IN","Telu","IN","standard formal Telugu","international logical and mathematical notation with Arabic decimal digits and Latin metavariables","OLP-0248","OLP-0248-B008","upstream/content/computability/computability-theory/rice-theorem.tex","6d6ff6b882375fb44ebb79ee1ef6b2c5e5b6f0d783e8110ce23a681c6afb4b80","30","35","1064","1446","translation/content/computability/computability-theory/rice-theorem.tex","98a89126ff7eff1db6b0202164b082d1ffd1b5957ffa5f66189104c2a9ed7372","29","33","2095","2821","pending","","The cited unit is not yet integrated into the coherent full reader; no printed or assembled PDF page is guessed.","Please double-check whether “గణనీయంకాని సమితి / ఆగే సమితి / స్వయంగా ఆగే సమితి / సంయోగం, ఛేదనం కింద సంవృతత / పూరకం / అనేకం-ఒకటి తగ్గింపు, తగ్గించదగినత / ఒకటి-ఒకటి తగ్గించదగినత / ట్యూరింగ్ తగ్గించదగినత / సంపూర్ణ గణనీయంగా లెక్కించదగిన సమితి / ఒరాకిల్ / సర్వనిర్వచితత్వం / సూచిక సమితి / రైస్ సిద్ధాంతం / స్థిరబిందు సిద్ధాంతం / స్వీయ-సూచన” is idiomatic and technically standard for “non-computable set / halting set / self-halting set / closure under union and intersection / complement / many-one reduction and reducibility / one-one reducibility / Turing reducibility / complete computably enumerable set / oracle / totality / index set / Rice's theorem / fixed-point theorem / self-reference” in Telugu logic/mathematics across Andhra Pradesh and Telangana. If not, what exact replacement should be used while leaving the displayed definition, formulas and source scope unchanged?"
"te-Telu-IN-TE-T067","te-Telu-IN-TE-T067-OCC-010","terminology","retrospective","high","low","true","non-computable set / halting set / self-halting set / closure under union and intersection / complement / many-one reduction and reducibility / one-one reducibility / Turing reducibility / complete computably enumerable set / oracle / totality / index set / Rice's theorem / fixed-point theorem / self-reference","గణనీయంకాని సమితి / ఆగే సమితి / స్వయంగా ఆగే సమితి / సంయోగం, ఛేదనం కింద సంవృతత / పూరకం / అనేకం-ఒకటి తగ్గింపు, తగ్గించదగినత / ఒకటి-ఒకటి తగ్గించదగినత / ట్యూరింగ్ తగ్గించదగినత / సంపూర్ణ గణనీయంగా లెక్కించదగిన సమితి / ఒరాకిల్ / సర్వనిర్వచితత్వం / సూచిక సమితి / రైస్ సిద్ధాంతం / స్థిరబిందు సిద్ధాంతం / స్వీయ-సూచన","te-Telu-IN","Telu","IN","standard formal Telugu","international logical and mathematical notation with Arabic decimal digits and Latin metavariables","OLP-0249","OLP-0249-B004","upstream/content/computability/computability-theory/fixed-point-thm.tex","53820e9ac9bab541de29bbd3f329cd4b7d42b63c7be76f186ad0a118019e51c6","9","10","163","224","translation/content/computability/computability-theory/fixed-point-thm.tex","00a02acf5be529885b9843dcfc2380e92b2bed679f8a559aeae5f68b44d522a2","9","10","163","259","pending","","The cited unit is not yet integrated into the coherent full reader; no printed or assembled PDF page is guessed.","Please double-check whether “గణనీయంకాని సమితి / ఆగే సమితి / స్వయంగా ఆగే సమితి / సంయోగం, ఛేదనం కింద సంవృతత / పూరకం / అనేకం-ఒకటి తగ్గింపు, తగ్గించదగినత / ఒకటి-ఒకటి తగ్గించదగినత / ట్యూరింగ్ తగ్గించదగినత / సంపూర్ణ గణనీయంగా లెక్కించదగిన సమితి / ఒరాకిల్ / సర్వనిర్వచితత్వం / సూచిక సమితి / రైస్ సిద్ధాంతం / స్థిరబిందు సిద్ధాంతం / స్వీయ-సూచన” is idiomatic and technically standard for “non-computable set / halting set / self-halting set / closure under union and intersection / complement / many-one reduction and reducibility / one-one reducibility / Turing reducibility / complete computably enumerable set / oracle / totality / index set / Rice's theorem / fixed-point theorem / self-reference” in Telugu logic/mathematics across Andhra Pradesh and Telangana. If not, what exact replacement should be used while leaving the displayed definition, formulas and source scope unchanged?"
"te-Telu-IN-TE-T067","te-Telu-IN-TE-T067-OCC-011","terminology","retrospective","high","low","true","non-computable set / halting set / self-halting set / closure under union and intersection / complement / many-one reduction and reducibility / one-one reducibility / Turing reducibility / complete computably enumerable set / oracle / totality / index set / Rice's theorem / fixed-point theorem / self-reference","గణనీయంకాని సమితి / ఆగే సమితి / స్వయంగా ఆగే సమితి / సంయోగం, ఛేదనం కింద సంవృతత / పూరకం / అనేకం-ఒకటి తగ్గింపు, తగ్గించదగినత / ఒకటి-ఒకటి తగ్గించదగినత / ట్యూరింగ్ తగ్గించదగినత / సంపూర్ణ గణనీయంగా లెక్కించదగిన సమితి / ఒరాకిల్ / సర్వనిర్వచితత్వం / సూచిక సమితి / రైస్ సిద్ధాంతం / స్థిరబిందు సిద్ధాంతం / స్వీయ-సూచన","te-Telu-IN","Telu","IN","standard formal Telugu","international logical and mathematical notation with Arabic decimal digits and Latin metavariables","OLP-0251","OLP-0251-B004","upstream/content/computability/computability-theory/def-functions-self-reference.tex","eba836e27cd1df6c051372ce7b15a85236dd9b7e601c2db9a6e1583914481e37","9","10","176","253","translation/content/computability/computability-theory/def-functions-self-reference.tex","227bcc7fd7f2941322777e83ffffbe17dad6a61e78a23210ccd0bd29afb3df00","9","10","176","313","pending","","The cited unit is not yet integrated into the coherent full reader; no printed or assembled PDF page is guessed.","Please double-check whether “గణనీయంకాని సమితి / ఆగే సమితి / స్వయంగా ఆగే సమితి / సంయోగం, ఛేదనం కింద సంవృతత / పూరకం / అనేకం-ఒకటి తగ్గింపు, తగ్గించదగినత / ఒకటి-ఒకటి తగ్గించదగినత / ట్యూరింగ్ తగ్గించదగినత / సంపూర్ణ గణనీయంగా లెక్కించదగిన సమితి / ఒరాకిల్ / సర్వనిర్వచితత్వం / సూచిక సమితి / రైస్ సిద్ధాంతం / స్థిరబిందు సిద్ధాంతం / స్వీయ-సూచన” is idiomatic and technically standard for “non-computable set / halting set / self-halting set / closure under union and intersection / complement / many-one reduction and reducibility / one-one reducibility / Turing reducibility / complete computably enumerable set / oracle / totality / index set / Rice's theorem / fixed-point theorem / self-reference” in Telugu logic/mathematics across Andhra Pradesh and Telangana. If not, what exact replacement should be used while leaving the displayed definition, formulas and source scope unchanged?"
"te-Telu-IN-TE-T068","te-Telu-IN-TE-T068-OCC-001","terminology","retrospective","high","low","true","Turing machine / Turing-machine computation / model of computation / tape / read-write head / square / state / state diagram / configuration / run / alphabet / instruction set / transition function / initial state / halting state / reject state / unary representation / doubler / disciplined machine / combined machine / nondeterministic Turing machine / effective procedure / Church--Turing thesis / pseudocode","ట్యూరింగ్ యంత్రం / ట్యూరింగ్ యంత్ర గణన / గణనా నమూనా / టేపు / చదువు--వ్రాత శీర్షం / గడి / స్థితి / స్థితి రేఖాచిత్రం / స్థితివిన్యాసం / నడక / వర్ణమాల / నిర్దేశ సమితి / సంక్రమణ ప్రమేయం / ప్రారంభ స్థితి / ఆగే స్థితి / తిరస్కరణ స్థితి / ఏకాంక ప్రాతినిధ్యం / ద్విగుణక యంత్రం / క్రమశిక్షిత యంత్రం / సంయుక్త యంత్రం / అనిర్ణీత ట్యూరింగ్ యంత్రం / ప్రభావక ప్రక్రియ / చర్చ్--ట్యూరింగ్ సిద్ధాంతప్రతిపాదన / సూడోకోడ్","te-Telu-IN","Telu","IN","standard formal Telugu","international logical and mathematical notation with Arabic decimal digits and Latin metavariables","OLP-0254","OLP-0254-B005","upstream/content/turing-machines/machines-computations/introduction.tex","659e790a468190fba86918ca1d865510a30e7ab97b629aed7e5491b8cfac75b3","12","27","216","1256","translation/content/turing-machines/machines-computations/introduction.tex","b601d28a22d1e2221335962117950211f0a6c235817125cb1e95fabd9f90423f","12","25","220","2768","pending","","The cited unit is not yet integrated into the coherent full reader; no printed or assembled PDF page is guessed.","Please double-check whether “ట్యూరింగ్ యంత్రం / ట్యూరింగ్ యంత్ర గణన / గణనా నమూనా / టేపు / చదువు--వ్రాత శీర్షం / గడి / స్థితి / స్థితి రేఖాచిత్రం / స్థితివిన్యాసం / నడక / వర్ణమాల / నిర్దేశ సమితి / సంక్రమణ ప్రమేయం / ప్రారంభ స్థితి / ఆగే స్థితి / తిరస్కరణ స్థితి / ఏకాంక ప్రాతినిధ్యం / ద్విగుణక యంత్రం / క్రమశిక్షిత యంత్రం / సంయుక్త యంత్రం / అనిర్ణీత ట్యూరింగ్ యంత్రం / ప్రభావక ప్రక్రియ / చర్చ్--ట్యూరింగ్ సిద్ధాంతప్రతిపాదన / సూడోకోడ్” is idiomatic and technically standard for “Turing machine / Turing-machine computation / model of computation / tape / read-write head / square / state / state diagram / configuration / run / alphabet / instruction set / transition function / initial state / halting state / reject state / unary representation / doubler / disciplined machine / combined machine / nondeterministic Turing machine / effective procedure / Church--Turing thesis / pseudocode” in Telugu logic/mathematics across Andhra Pradesh and Telangana. If not, what exact replacement should be used while leaving the displayed definition, formulas and source scope unchanged?"
"te-Telu-IN-TE-T068","te-Telu-IN-TE-T068-OCC-002","terminology","retrospective","high","low","true","Turing machine / Turing-machine computation / model of computation / tape / read-write head / square / state / state diagram / configuration / run / alphabet / instruction set / transition function / initial state / halting state / reject state / unary representation / doubler / disciplined machine / combined machine / nondeterministic Turing machine / effective procedure / Church--Turing thesis / pseudocode","ట్యూరింగ్ యంత్రం / ట్యూరింగ్ యంత్ర గణన / గణనా నమూనా / టేపు / చదువు--వ్రాత శీర్షం / గడి / స్థితి / స్థితి రేఖాచిత్రం / స్థితివిన్యాసం / నడక / వర్ణమాల / నిర్దేశ సమితి / సంక్రమణ ప్రమేయం / ప్రారంభ స్థితి / ఆగే స్థితి / తిరస్కరణ స్థితి / ఏకాంక ప్రాతినిధ్యం / ద్విగుణక యంత్రం / క్రమశిక్షిత యంత్రం / సంయుక్త యంత్రం / అనిర్ణీత ట్యూరింగ్ యంత్రం / ప్రభావక ప్రక్రియ / చర్చ్--ట్యూరింగ్ సిద్ధాంతప్రతిపాదన / సూడోకోడ్","te-Telu-IN","Telu","IN","standard formal Telugu","international logical and mathematical notation with Arabic decimal digits and Latin metavariables","OLP-0255","OLP-0255-B005","upstream/content/turing-machines/machines-computations/representing-tms.tex","099ee6e5370880ce3164bdeeb6fe36a06d2387228fa2ce4df943cb88ed6f3afd","12","23","234","887","translation/content/turing-machines/machines-computations/representing-tms.tex","74be4153d2e9733f2dc993159e0bf52b20db9317dd8acbfc0c6aa3e02f7b104a","12","22","298","1590","pending","","The cited unit is not yet integrated into the coherent full reader; no printed or assembled PDF page is guessed.","Please double-check whether “ట్యూరింగ్ యంత్రం / ట్యూరింగ్ యంత్ర గణన / గణనా నమూనా / టేపు / చదువు--వ్రాత శీర్షం / గడి / స్థితి / స్థితి రేఖాచిత్రం / స్థితివిన్యాసం / నడక / వర్ణమాల / నిర్దేశ సమితి / సంక్రమణ ప్రమేయం / ప్రారంభ స్థితి / ఆగే స్థితి / తిరస్కరణ స్థితి / ఏకాంక ప్రాతినిధ్యం / ద్విగుణక యంత్రం / క్రమశిక్షిత యంత్రం / సంయుక్త యంత్రం / అనిర్ణీత ట్యూరింగ్ యంత్రం / ప్రభావక ప్రక్రియ / చర్చ్--ట్యూరింగ్ సిద్ధాంతప్రతిపాదన / సూడోకోడ్” is idiomatic and technically standard for “Turing machine / Turing-machine computation / model of computation / tape / read-write head / square / state / state diagram / configuration / run / alphabet / instruction set / transition function / initial state / halting state / reject state / unary representation / doubler / disciplined machine / combined machine / nondeterministic Turing machine / effective procedure / Church--Turing thesis / pseudocode” in Telugu logic/mathematics across Andhra Pradesh and Telangana. If not, what exact replacement should be used while leaving the displayed definition, formulas and source scope unchanged?"
"te-Telu-IN-TE-T068","te-Telu-IN-TE-T068-OCC-003","terminology","retrospective","high","low","true","Turing machine / Turing-machine computation / model of computation / tape / read-write head / square / state / state diagram / configuration / run / alphabet / instruction set / transition function / initial state / halting state / reject state / unary representation / doubler / disciplined machine / combined machine / nondeterministic Turing machine / effective procedure / Church--Turing thesis / pseudocode","ట్యూరింగ్ యంత్రం / ట్యూరింగ్ యంత్ర గణన / గణనా నమూనా / టేపు / చదువు--వ్రాత శీర్షం / గడి / స్థితి / స్థితి రేఖాచిత్రం / స్థితివిన్యాసం / నడక / వర్ణమాల / నిర్దేశ సమితి / సంక్రమణ ప్రమేయం / ప్రారంభ స్థితి / ఆగే స్థితి / తిరస్కరణ స్థితి / ఏకాంక ప్రాతినిధ్యం / ద్విగుణక యంత్రం / క్రమశిక్షిత యంత్రం / సంయుక్త యంత్రం / అనిర్ణీత ట్యూరింగ్ యంత్రం / ప్రభావక ప్రక్రియ / చర్చ్--ట్యూరింగ్ సిద్ధాంతప్రతిపాదన / సూడోకోడ్","te-Telu-IN","Telu","IN","standard formal Telugu","international logical and mathematical notation with Arabic decimal digits and Latin metavariables","OLP-0256","OLP-0256-B006","upstream/content/turing-machines/machines-computations/turing-machines.tex","20d13655358fa780af8f9a2e4994c101c1495ecce098512c28a60293ee239a65","22","35","670","1222","translation/content/turing-machines/machines-computations/turing-machines.tex","f6e29a08c87fe20d02605afb36959ee15f733efe539f638acd58176fe643c3d6","21","32","1281","2197","pending","","The cited unit is not yet integrated into the coherent full reader; no printed or assembled PDF page is guessed.","Please double-check whether “ట్యూరింగ్ యంత్రం / ట్యూరింగ్ యంత్ర గణన / గణనా నమూనా / టేపు / చదువు--వ్రాత శీర్షం / గడి / స్థితి / స్థితి రేఖాచిత్రం / స్థితివిన్యాసం / నడక / వర్ణమాల / నిర్దేశ సమితి / సంక్రమణ ప్రమేయం / ప్రారంభ స్థితి / ఆగే స్థితి / తిరస్కరణ స్థితి / ఏకాంక ప్రాతినిధ్యం / ద్విగుణక యంత్రం / క్రమశిక్షిత యంత్రం / సంయుక్త యంత్రం / అనిర్ణీత ట్యూరింగ్ యంత్రం / ప్రభావక ప్రక్రియ / చర్చ్--ట్యూరింగ్ సిద్ధాంతప్రతిపాదన / సూడోకోడ్” is idiomatic and technically standard for “Turing machine / Turing-machine computation / model of computation / tape / read-write head / square / state / state diagram / configuration / run / alphabet / instruction set / transition function / initial state / halting state / reject state / unary representation / doubler / disciplined machine / combined machine / nondeterministic Turing machine / effective procedure / Church--Turing thesis / pseudocode” in Telugu logic/mathematics across Andhra Pradesh and Telangana. If not, what exact replacement should be used while leaving the displayed definition, formulas and source scope unchanged?"
"te-Telu-IN-TE-T068","te-Telu-IN-TE-T068-OCC-004","terminology","retrospective","high","low","true","Turing machine / Turing-machine computation / model of computation / tape / read-write head / square / state / state diagram / configuration / run / alphabet / instruction set / transition function / initial state / halting state / reject state / unary representation / doubler / disciplined machine / combined machine / nondeterministic Turing machine / effective procedure / Church--Turing thesis / pseudocode","ట్యూరింగ్ యంత్రం / ట్యూరింగ్ యంత్ర గణన / గణనా నమూనా / టేపు / చదువు--వ్రాత శీర్షం / గడి / స్థితి / స్థితి రేఖాచిత్రం / స్థితివిన్యాసం / నడక / వర్ణమాల / నిర్దేశ సమితి / సంక్రమణ ప్రమేయం / ప్రారంభ స్థితి / ఆగే స్థితి / తిరస్కరణ స్థితి / ఏకాంక ప్రాతినిధ్యం / ద్విగుణక యంత్రం / క్రమశిక్షిత యంత్రం / సంయుక్త యంత్రం / అనిర్ణీత ట్యూరింగ్ యంత్రం / ప్రభావక ప్రక్రియ / చర్చ్--ట్యూరింగ్ సిద్ధాంతప్రతిపాదన / సూడోకోడ్","te-Telu-IN","Telu","IN","standard formal Telugu","international logical and mathematical notation with Arabic decimal digits and Latin metavariables","OLP-0257","OLP-0257-B006","upstream/content/turing-machines/machines-computations/configuration.tex","8596ba7be3af54cf8eff3993ca931ba11f3664431eb2378f7fda47a2cf446b0b","25","38","912","1563","translation/content/turing-machines/machines-computations/configuration.tex","4ed2bde12121ccf5736b3ff284c8a37aed23eb69b4657f9f6df7e3db44819dcb","24","36","1949","3162","pending","","The cited unit is not yet integrated into the coherent full reader; no printed or assembled PDF page is guessed.","Please double-check whether “ట్యూరింగ్ యంత్రం / ట్యూరింగ్ యంత్ర గణన / గణనా నమూనా / టేపు / చదువు--వ్రాత శీర్షం / గడి / స్థితి / స్థితి రేఖాచిత్రం / స్థితివిన్యాసం / నడక / వర్ణమాల / నిర్దేశ సమితి / సంక్రమణ ప్రమేయం / ప్రారంభ స్థితి / ఆగే స్థితి / తిరస్కరణ స్థితి / ఏకాంక ప్రాతినిధ్యం / ద్విగుణక యంత్రం / క్రమశిక్షిత యంత్రం / సంయుక్త యంత్రం / అనిర్ణీత ట్యూరింగ్ యంత్రం / ప్రభావక ప్రక్రియ / చర్చ్--ట్యూరింగ్ సిద్ధాంతప్రతిపాదన / సూడోకోడ్” is idiomatic and technically standard for “Turing machine / Turing-machine computation / model of computation / tape / read-write head / square / state / state diagram / configuration / run / alphabet / instruction set / transition function / initial state / halting state / reject state / unary representation / doubler / disciplined machine / combined machine / nondeterministic Turing machine / effective procedure / Church--Turing thesis / pseudocode” in Telugu logic/mathematics across Andhra Pradesh and Telangana. If not, what exact replacement should be used while leaving the displayed definition, formulas and source scope unchanged?"
"te-Telu-IN-TE-T068","te-Telu-IN-TE-T068-OCC-005","terminology","retrospective","high","low","true","Turing machine / Turing-machine computation / model of computation / tape / read-write head / square / state / state diagram / configuration / run / alphabet / instruction set / transition function / initial state / halting state / reject state / unary representation / doubler / disciplined machine / combined machine / nondeterministic Turing machine / effective procedure / Church--Turing thesis / pseudocode","ట్యూరింగ్ యంత్రం / ట్యూరింగ్ యంత్ర గణన / గణనా నమూనా / టేపు / చదువు--వ్రాత శీర్షం / గడి / స్థితి / స్థితి రేఖాచిత్రం / స్థితివిన్యాసం / నడక / వర్ణమాల / నిర్దేశ సమితి / సంక్రమణ ప్రమేయం / ప్రారంభ స్థితి / ఆగే స్థితి / తిరస్కరణ స్థితి / ఏకాంక ప్రాతినిధ్యం / ద్విగుణక యంత్రం / క్రమశిక్షిత యంత్రం / సంయుక్త యంత్రం / అనిర్ణీత ట్యూరింగ్ యంత్రం / ప్రభావక ప్రక్రియ / చర్చ్--ట్యూరింగ్ సిద్ధాంతప్రతిపాదన / సూడోకోడ్","te-Telu-IN","Telu","IN","standard formal Telugu","international logical and mathematical notation with Arabic decimal digits and Latin metavariables","OLP-0257","OLP-0257-B011","upstream/content/turing-machines/machines-computations/configuration.tex","8596ba7be3af54cf8eff3993ca931ba11f3664431eb2378f7fda47a2cf446b0b","84","87","3190","3415","translation/content/turing-machines/machines-computations/configuration.tex","4ed2bde12121ccf5736b3ff284c8a37aed23eb69b4657f9f6df7e3db44819dcb","82","87","6734","8083","pending","","The cited unit is not yet integrated into the coherent full reader; no printed or assembled PDF page is guessed.","Please double-check whether “ట్యూరింగ్ యంత్రం / ట్యూరింగ్ యంత్ర గణన / గణనా నమూనా / టేపు / చదువు--వ్రాత శీర్షం / గడి / స్థితి / స్థితి రేఖాచిత్రం / స్థితివిన్యాసం / నడక / వర్ణమాల / నిర్దేశ సమితి / సంక్రమణ ప్రమేయం / ప్రారంభ స్థితి / ఆగే స్థితి / తిరస్కరణ స్థితి / ఏకాంక ప్రాతినిధ్యం / ద్విగుణక యంత్రం / క్రమశిక్షిత యంత్రం / సంయుక్త యంత్రం / అనిర్ణీత ట్యూరింగ్ యంత్రం / ప్రభావక ప్రక్రియ / చర్చ్--ట్యూరింగ్ సిద్ధాంతప్రతిపాదన / సూడోకోడ్” is idiomatic and technically standard for “Turing machine / Turing-machine computation / model of computation / tape / read-write head / square / state / state diagram / configuration / run / alphabet / instruction set / transition function / initial state / halting state / reject state / unary representation / doubler / disciplined machine / combined machine / nondeterministic Turing machine / effective procedure / Church--Turing thesis / pseudocode” in Telugu logic/mathematics across Andhra Pradesh and Telangana. If not, what exact replacement should be used while leaving the displayed definition, formulas and source scope unchanged?"
"te-Telu-IN-TE-T068","te-Telu-IN-TE-T068-OCC-006","terminology","retrospective","high","low","true","Turing machine / Turing-machine computation / model of computation / tape / read-write head / square / state / state diagram / configuration / run / alphabet / instruction set / transition function / initial state / halting state / reject state / unary representation / doubler / disciplined machine / combined machine / nondeterministic Turing machine / effective procedure / Church--Turing thesis / pseudocode","ట్యూరింగ్ యంత్రం / ట్యూరింగ్ యంత్ర గణన / గణనా నమూనా / టేపు / చదువు--వ్రాత శీర్షం / గడి / స్థితి / స్థితి రేఖాచిత్రం / స్థితివిన్యాసం / నడక / వర్ణమాల / నిర్దేశ సమితి / సంక్రమణ ప్రమేయం / ప్రారంభ స్థితి / ఆగే స్థితి / తిరస్కరణ స్థితి / ఏకాంక ప్రాతినిధ్యం / ద్విగుణక యంత్రం / క్రమశిక్షిత యంత్రం / సంయుక్త యంత్రం / అనిర్ణీత ట్యూరింగ్ యంత్రం / ప్రభావక ప్రక్రియ / చర్చ్--ట్యూరింగ్ సిద్ధాంతప్రతిపాదన / సూడోకోడ్","te-Telu-IN","Telu","IN","standard formal Telugu","international logical and mathematical notation with Arabic decimal digits and Latin metavariables","OLP-0258","OLP-0258-B004","upstream/content/turing-machines/machines-computations/unary-numbers.tex","c1e405708a0c2a3ff77377f136b2d94703174a4a23eefa25a9f6555a13cfcba3","9","10","164","233","translation/content/turing-machines/machines-computations/unary-numbers.tex","b8fecc31f6494b32db733a08f3daaf71e9b733cd5c5c88c3a661a1e6a72e9123","9","10","164","279","pending","","The cited unit is not yet integrated into the coherent full reader; no printed or assembled PDF page is guessed.","Please double-check whether “ట్యూరింగ్ యంత్రం / ట్యూరింగ్ యంత్ర గణన / గణనా నమూనా / టేపు / చదువు--వ్రాత శీర్షం / గడి / స్థితి / స్థితి రేఖాచిత్రం / స్థితివిన్యాసం / నడక / వర్ణమాల / నిర్దేశ సమితి / సంక్రమణ ప్రమేయం / ప్రారంభ స్థితి / ఆగే స్థితి / తిరస్కరణ స్థితి / ఏకాంక ప్రాతినిధ్యం / ద్విగుణక యంత్రం / క్రమశిక్షిత యంత్రం / సంయుక్త యంత్రం / అనిర్ణీత ట్యూరింగ్ యంత్రం / ప్రభావక ప్రక్రియ / చర్చ్--ట్యూరింగ్ సిద్ధాంతప్రతిపాదన / సూడోకోడ్” is idiomatic and technically standard for “Turing machine / Turing-machine computation / model of computation / tape / read-write head / square / state / state diagram / configuration / run / alphabet / instruction set / transition function / initial state / halting state / reject state / unary representation / doubler / disciplined machine / combined machine / nondeterministic Turing machine / effective procedure / Church--Turing thesis / pseudocode” in Telugu logic/mathematics across Andhra Pradesh and Telangana. If not, what exact replacement should be used while leaving the displayed definition, formulas and source scope unchanged?"
"te-Telu-IN-TE-T068","te-Telu-IN-TE-T068-OCC-007","terminology","retrospective","high","low","true","Turing machine / Turing-machine computation / model of computation / tape / read-write head / square / state / state diagram / configuration / run / alphabet / instruction set / transition function / initial state / halting state / reject state / unary representation / doubler / disciplined machine / combined machine / nondeterministic Turing machine / effective procedure / Church--Turing thesis / pseudocode","ట్యూరింగ్ యంత్రం / ట్యూరింగ్ యంత్ర గణన / గణనా నమూనా / టేపు / చదువు--వ్రాత శీర్షం / గడి / స్థితి / స్థితి రేఖాచిత్రం / స్థితివిన్యాసం / నడక / వర్ణమాల / నిర్దేశ సమితి / సంక్రమణ ప్రమేయం / ప్రారంభ స్థితి / ఆగే స్థితి / తిరస్కరణ స్థితి / ఏకాంక ప్రాతినిధ్యం / ద్విగుణక యంత్రం / క్రమశిక్షిత యంత్రం / సంయుక్త యంత్రం / అనిర్ణీత ట్యూరింగ్ యంత్రం / ప్రభావక ప్రక్రియ / చర్చ్--ట్యూరింగ్ సిద్ధాంతప్రతిపాదన / సూడోకోడ్","te-Telu-IN","Telu","IN","standard formal Telugu","international logical and mathematical notation with Arabic decimal digits and Latin metavariables","OLP-0259","OLP-0259-B005","upstream/content/turing-machines/machines-computations/halting-states.tex","bc10eb130811dbd6f527c85e683a03b97f771c7f5ff0f64d5a39f040144799bf","12","16","218","434","translation/content/turing-machines/machines-computations/halting-states.tex","9b93847bee801e9e145749f494b6feecab342094a7ef624ca2fa8c6e93a63e83","12","15","238","702","pending","","The cited unit is not yet integrated into the coherent full reader; no printed or assembled PDF page is guessed.","Please double-check whether “ట్యూరింగ్ యంత్రం / ట్యూరింగ్ యంత్ర గణన / గణనా నమూనా / టేపు / చదువు--వ్రాత శీర్షం / గడి / స్థితి / స్థితి రేఖాచిత్రం / స్థితివిన్యాసం / నడక / వర్ణమాల / నిర్దేశ సమితి / సంక్రమణ ప్రమేయం / ప్రారంభ స్థితి / ఆగే స్థితి / తిరస్కరణ స్థితి / ఏకాంక ప్రాతినిధ్యం / ద్విగుణక యంత్రం / క్రమశిక్షిత యంత్రం / సంయుక్త యంత్రం / అనిర్ణీత ట్యూరింగ్ యంత్రం / ప్రభావక ప్రక్రియ / చర్చ్--ట్యూరింగ్ సిద్ధాంతప్రతిపాదన / సూడోకోడ్” is idiomatic and technically standard for “Turing machine / Turing-machine computation / model of computation / tape / read-write head / square / state / state diagram / configuration / run / alphabet / instruction set / transition function / initial state / halting state / reject state / unary representation / doubler / disciplined machine / combined machine / nondeterministic Turing machine / effective procedure / Church--Turing thesis / pseudocode” in Telugu logic/mathematics across Andhra Pradesh and Telangana. If not, what exact replacement should be used while leaving the displayed definition, formulas and source scope unchanged?"
"te-Telu-IN-TE-T068","te-Telu-IN-TE-T068-OCC-008","terminology","retrospective","high","low","true","Turing machine / Turing-machine computation / model of computation / tape / read-write head / square / state / state diagram / configuration / run / alphabet / instruction set / transition function / initial state / halting state / reject state / unary representation / doubler / disciplined machine / combined machine / nondeterministic Turing machine / effective procedure / Church--Turing thesis / pseudocode","ట్యూరింగ్ యంత్రం / ట్యూరింగ్ యంత్ర గణన / గణనా నమూనా / టేపు / చదువు--వ్రాత శీర్షం / గడి / స్థితి / స్థితి రేఖాచిత్రం / స్థితివిన్యాసం / నడక / వర్ణమాల / నిర్దేశ సమితి / సంక్రమణ ప్రమేయం / ప్రారంభ స్థితి / ఆగే స్థితి / తిరస్కరణ స్థితి / ఏకాంక ప్రాతినిధ్యం / ద్విగుణక యంత్రం / క్రమశిక్షిత యంత్రం / సంయుక్త యంత్రం / అనిర్ణీత ట్యూరింగ్ యంత్రం / ప్రభావక ప్రక్రియ / చర్చ్--ట్యూరింగ్ సిద్ధాంతప్రతిపాదన / సూడోకోడ్","te-Telu-IN","Telu","IN","standard formal Telugu","international logical and mathematical notation with Arabic decimal digits and Latin metavariables","OLP-0260","OLP-0260-B006","upstream/content/turing-machines/machines-computations/disciplined-machines.tex","b90ae0706db20b57872c40cdbd28e8ecb3d9aa98bbab8f18974ca235e4607aaa","27","35","1047","1428","translation/content/turing-machines/machines-computations/disciplined-machines.tex","01d22a97e48eb06a0cbd3a26fade9db32b6d09e38748b76dd042e97b4f1ab549","25","34","2038","2901","pending","","The cited unit is not yet integrated into the coherent full reader; no printed or assembled PDF page is guessed.","Please double-check whether “ట్యూరింగ్ యంత్రం / ట్యూరింగ్ యంత్ర గణన / గణనా నమూనా / టేపు / చదువు--వ్రాత శీర్షం / గడి / స్థితి / స్థితి రేఖాచిత్రం / స్థితివిన్యాసం / నడక / వర్ణమాల / నిర్దేశ సమితి / సంక్రమణ ప్రమేయం / ప్రారంభ స్థితి / ఆగే స్థితి / తిరస్కరణ స్థితి / ఏకాంక ప్రాతినిధ్యం / ద్విగుణక యంత్రం / క్రమశిక్షిత యంత్రం / సంయుక్త యంత్రం / అనిర్ణీత ట్యూరింగ్ యంత్రం / ప్రభావక ప్రక్రియ / చర్చ్--ట్యూరింగ్ సిద్ధాంతప్రతిపాదన / సూడోకోడ్” is idiomatic and technically standard for “Turing machine / Turing-machine computation / model of computation / tape / read-write head / square / state / state diagram / configuration / run / alphabet / instruction set / transition function / initial state / halting state / reject state / unary representation / doubler / disciplined machine / combined machine / nondeterministic Turing machine / effective procedure / Church--Turing thesis / pseudocode” in Telugu logic/mathematics across Andhra Pradesh and Telangana. If not, what exact replacement should be used while leaving the displayed definition, formulas and source scope unchanged?"
"te-Telu-IN-TE-T068","te-Telu-IN-TE-T068-OCC-009","terminology","retrospective","high","low","true","Turing machine / Turing-machine computation / model of computation / tape / read-write head / square / state / state diagram / configuration / run / alphabet / instruction set / transition function / initial state / halting state / reject state / unary representation / doubler / disciplined machine / combined machine / nondeterministic Turing machine / effective procedure / Church--Turing thesis / pseudocode","ట్యూరింగ్ యంత్రం / ట్యూరింగ్ యంత్ర గణన / గణనా నమూనా / టేపు / చదువు--వ్రాత శీర్షం / గడి / స్థితి / స్థితి రేఖాచిత్రం / స్థితివిన్యాసం / నడక / వర్ణమాల / నిర్దేశ సమితి / సంక్రమణ ప్రమేయం / ప్రారంభ స్థితి / ఆగే స్థితి / తిరస్కరణ స్థితి / ఏకాంక ప్రాతినిధ్యం / ద్విగుణక యంత్రం / క్రమశిక్షిత యంత్రం / సంయుక్త యంత్రం / అనిర్ణీత ట్యూరింగ్ యంత్రం / ప్రభావక ప్రక్రియ / చర్చ్--ట్యూరింగ్ సిద్ధాంతప్రతిపాదన / సూడోకోడ్","te-Telu-IN","Telu","IN","standard formal Telugu","international logical and mathematical notation with Arabic decimal digits and Latin metavariables","OLP-0261","OLP-0261-B006","upstream/content/turing-machines/machines-computations/combining-machines.tex","02dfa5443489d4035dc4e83de121becb3ebcd8a13564f9531ffb21b8ff5fef48","25","50","988","2313","translation/content/turing-machines/machines-computations/combining-machines.tex","4c0be68bc5222e1d2373e6537351af795d26efc33c3b409c1ec4b9e08deb2795","23","48","2109","5301","pending","","The cited unit is not yet integrated into the coherent full reader; no printed or assembled PDF page is guessed.","Please double-check whether “ట్యూరింగ్ యంత్రం / ట్యూరింగ్ యంత్ర గణన / గణనా నమూనా / టేపు / చదువు--వ్రాత శీర్షం / గడి / స్థితి / స్థితి రేఖాచిత్రం / స్థితివిన్యాసం / నడక / వర్ణమాల / నిర్దేశ సమితి / సంక్రమణ ప్రమేయం / ప్రారంభ స్థితి / ఆగే స్థితి / తిరస్కరణ స్థితి / ఏకాంక ప్రాతినిధ్యం / ద్విగుణక యంత్రం / క్రమశిక్షిత యంత్రం / సంయుక్త యంత్రం / అనిర్ణీత ట్యూరింగ్ యంత్రం / ప్రభావక ప్రక్రియ / చర్చ్--ట్యూరింగ్ సిద్ధాంతప్రతిపాదన / సూడోకోడ్” is idiomatic and technically standard for “Turing machine / Turing-machine computation / model of computation / tape / read-write head / square / state / state diagram / configuration / run / alphabet / instruction set / transition function / initial state / halting state / reject state / unary representation / doubler / disciplined machine / combined machine / nondeterministic Turing machine / effective procedure / Church--Turing thesis / pseudocode” in Telugu logic/mathematics across Andhra Pradesh and Telangana. If not, what exact replacement should be used while leaving the displayed definition, formulas and source scope unchanged?"
"te-Telu-IN-TE-T068","te-Telu-IN-TE-T068-OCC-010","terminology","retrospective","high","low","true","Turing machine / Turing-machine computation / model of computation / tape / read-write head / square / state / state diagram / configuration / run / alphabet / instruction set / transition function / initial state / halting state / reject state / unary representation / doubler / disciplined machine / combined machine / nondeterministic Turing machine / effective procedure / Church--Turing thesis / pseudocode","ట్యూరింగ్ యంత్రం / ట్యూరింగ్ యంత్ర గణన / గణనా నమూనా / టేపు / చదువు--వ్రాత శీర్షం / గడి / స్థితి / స్థితి రేఖాచిత్రం / స్థితివిన్యాసం / నడక / వర్ణమాల / నిర్దేశ సమితి / సంక్రమణ ప్రమేయం / ప్రారంభ స్థితి / ఆగే స్థితి / తిరస్కరణ స్థితి / ఏకాంక ప్రాతినిధ్యం / ద్విగుణక యంత్రం / క్రమశిక్షిత యంత్రం / సంయుక్త యంత్రం / అనిర్ణీత ట్యూరింగ్ యంత్రం / ప్రభావక ప్రక్రియ / చర్చ్--ట్యూరింగ్ సిద్ధాంతప్రతిపాదన / సూడోకోడ్","te-Telu-IN","Telu","IN","standard formal Telugu","international logical and mathematical notation with Arabic decimal digits and Latin metavariables","OLP-0262","OLP-0262-B006","upstream/content/turing-machines/machines-computations/variants.tex","d751ce8370fa72e3d98762ecf2f928e19b9bf1c94cc17505221da0eec922d35e","29","39","1254","1983","translation/content/turing-machines/machines-computations/variants.tex","b06521b3fc6e29fe510690d890b35ea79b71a4bf94ccc2bf573e65bca812ad34","27","36","2990","4508","pending","","The cited unit is not yet integrated into the coherent full reader; no printed or assembled PDF page is guessed.","Please double-check whether “ట్యూరింగ్ యంత్రం / ట్యూరింగ్ యంత్ర గణన / గణనా నమూనా / టేపు / చదువు--వ్రాత శీర్షం / గడి / స్థితి / స్థితి రేఖాచిత్రం / స్థితివిన్యాసం / నడక / వర్ణమాల / నిర్దేశ సమితి / సంక్రమణ ప్రమేయం / ప్రారంభ స్థితి / ఆగే స్థితి / తిరస్కరణ స్థితి / ఏకాంక ప్రాతినిధ్యం / ద్విగుణక యంత్రం / క్రమశిక్షిత యంత్రం / సంయుక్త యంత్రం / అనిర్ణీత ట్యూరింగ్ యంత్రం / ప్రభావక ప్రక్రియ / చర్చ్--ట్యూరింగ్ సిద్ధాంతప్రతిపాదన / సూడోకోడ్” is idiomatic and technically standard for “Turing machine / Turing-machine computation / model of computation / tape / read-write head / square / state / state diagram / configuration / run / alphabet / instruction set / transition function / initial state / halting state / reject state / unary representation / doubler / disciplined machine / combined machine / nondeterministic Turing machine / effective procedure / Church--Turing thesis / pseudocode” in Telugu logic/mathematics across Andhra Pradesh and Telangana. If not, what exact replacement should be used while leaving the displayed definition, formulas and source scope unchanged?"
"te-Telu-IN-TE-T068","te-Telu-IN-TE-T068-OCC-011","terminology","retrospective","high","low","true","Turing machine / Turing-machine computation / model of computation / tape / read-write head / square / state / state diagram / configuration / run / alphabet / instruction set / transition function / initial state / halting state / reject state / unary representation / doubler / disciplined machine / combined machine / nondeterministic Turing machine / effective procedure / Church--Turing thesis / pseudocode","ట్యూరింగ్ యంత్రం / ట్యూరింగ్ యంత్ర గణన / గణనా నమూనా / టేపు / చదువు--వ్రాత శీర్షం / గడి / స్థితి / స్థితి రేఖాచిత్రం / స్థితివిన్యాసం / నడక / వర్ణమాల / నిర్దేశ సమితి / సంక్రమణ ప్రమేయం / ప్రారంభ స్థితి / ఆగే స్థితి / తిరస్కరణ స్థితి / ఏకాంక ప్రాతినిధ్యం / ద్విగుణక యంత్రం / క్రమశిక్షిత యంత్రం / సంయుక్త యంత్రం / అనిర్ణీత ట్యూరింగ్ యంత్రం / ప్రభావక ప్రక్రియ / చర్చ్--ట్యూరింగ్ సిద్ధాంతప్రతిపాదన / సూడోకోడ్","te-Telu-IN","Telu","IN","standard formal Telugu","international logical and mathematical notation with Arabic decimal digits and Latin metavariables","OLP-0263","OLP-0263-B005","upstream/content/turing-machines/machines-computations/church-turing-thesis.tex","a9073c7499f26e2ae151d434d24aa8e4a9789f84f65a43568a75aab78d49a421","12","21","227","888","translation/content/turing-machines/machines-computations/church-turing-thesis.tex","f2da4ccaf14daa353a1c30255b444b1ef91615e30ed08b020ab7535819654e2b","12","19","298","1771","pending","","The cited unit is not yet integrated into the coherent full reader; no printed or assembled PDF page is guessed.","Please double-check whether “ట్యూరింగ్ యంత్రం / ట్యూరింగ్ యంత్ర గణన / గణనా నమూనా / టేపు / చదువు--వ్రాత శీర్షం / గడి / స్థితి / స్థితి రేఖాచిత్రం / స్థితివిన్యాసం / నడక / వర్ణమాల / నిర్దేశ సమితి / సంక్రమణ ప్రమేయం / ప్రారంభ స్థితి / ఆగే స్థితి / తిరస్కరణ స్థితి / ఏకాంక ప్రాతినిధ్యం / ద్విగుణక యంత్రం / క్రమశిక్షిత యంత్రం / సంయుక్త యంత్రం / అనిర్ణీత ట్యూరింగ్ యంత్రం / ప్రభావక ప్రక్రియ / చర్చ్--ట్యూరింగ్ సిద్ధాంతప్రతిపాదన / సూడోకోడ్” is idiomatic and technically standard for “Turing machine / Turing-machine computation / model of computation / tape / read-write head / square / state / state diagram / configuration / run / alphabet / instruction set / transition function / initial state / halting state / reject state / unary representation / doubler / disciplined machine / combined machine / nondeterministic Turing machine / effective procedure / Church--Turing thesis / pseudocode” in Telugu logic/mathematics across Andhra Pradesh and Telangana. If not, what exact replacement should be used while leaving the displayed definition, formulas and source scope unchanged?"
"te-Telu-IN-TE-T069","te-Telu-IN-TE-T069-OCC-001","terminology","retrospective","high","low","true","undecidability / enumeration of Turing machines / standard Turing machine / index / universal Turing machine / halting function and Halting Problem / decision problem / representation of computation / finite satisfiability / semi-decidability / Trakhtenbrot's theorem","అనిర్ణయనీయత / ట్యూరింగ్ యంత్రాల లెక్కింపు / ప్రామాణిక ట్యూరింగ్ యంత్రం / సూచిక / సార్వత్రిక ట్యూరింగ్ యంత్రం / ఆగే ప్రమేయం, ఆగే సమస్య / నిర్ణయ సమస్య / గణనకు మొదటిస్థాయి ప్రాతినిధ్యం / పరిమిత సంతృప్తిపరచదగినత / అర్ధ-నిర్ణయించదగినత / ట్రాఖ్టెన్‌బ్రోట్ సిద్ధాంతం","te-Telu-IN","Telu","IN","standard formal Telugu","international logical and mathematical notation with Arabic decimal digits and Latin metavariables","OLP-0266","OLP-0266-B004","upstream/content/turing-machines/undecidability/enumerating-tms.tex","4c8ce821f6a0585dcd5a20f4d7d1082b439c2a21b1450cc967155a5a548f62c1","9","10","159","224","translation/content/turing-machines/undecidability/enumerating-tms.tex","59cf30ff7a8689de4029af3defc9c3935a1e20c240bcf1a1075b9b090dd988e6","9","10","159","283","pending","","The cited unit is not yet integrated into the coherent full reader; no printed or assembled PDF page is guessed.","Please double-check whether “అనిర్ణయనీయత / ట్యూరింగ్ యంత్రాల లెక్కింపు / ప్రామాణిక ట్యూరింగ్ యంత్రం / సూచిక / సార్వత్రిక ట్యూరింగ్ యంత్రం / ఆగే ప్రమేయం, ఆగే సమస్య / నిర్ణయ సమస్య / గణనకు మొదటిస్థాయి ప్రాతినిధ్యం / పరిమిత సంతృప్తిపరచదగినత / అర్ధ-నిర్ణయించదగినత / ట్రాఖ్టెన్‌బ్రోట్ సిద్ధాంతం” is idiomatic and technically standard for “undecidability / enumeration of Turing machines / standard Turing machine / index / universal Turing machine / halting function and Halting Problem / decision problem / representation of computation / finite satisfiability / semi-decidability / Trakhtenbrot's theorem” in Telugu logic/mathematics across Andhra Pradesh and Telangana. If not, what exact replacement should be used while leaving the displayed definition, formulas and source scope unchanged?"
"te-Telu-IN-TE-T069","te-Telu-IN-TE-T069-OCC-002","terminology","retrospective","high","low","true","undecidability / enumeration of Turing machines / standard Turing machine / index / universal Turing machine / halting function and Halting Problem / decision problem / representation of computation / finite satisfiability / semi-decidability / Trakhtenbrot's theorem","అనిర్ణయనీయత / ట్యూరింగ్ యంత్రాల లెక్కింపు / ప్రామాణిక ట్యూరింగ్ యంత్రం / సూచిక / సార్వత్రిక ట్యూరింగ్ యంత్రం / ఆగే ప్రమేయం, ఆగే సమస్య / నిర్ణయ సమస్య / గణనకు మొదటిస్థాయి ప్రాతినిధ్యం / పరిమిత సంతృప్తిపరచదగినత / అర్ధ-నిర్ణయించదగినత / ట్రాఖ్టెన్‌బ్రోట్ సిద్ధాంతం","te-Telu-IN","Telu","IN","standard formal Telugu","international logical and mathematical notation with Arabic decimal digits and Latin metavariables","OLP-0267","OLP-0267-B006","upstream/content/turing-machines/undecidability/universal-tm.tex","aa4bdd1cf46621152e74cecfe49f34398c6e9f29ac92473bc2835c7acfcf9ed6","24","28","964","1139","translation/content/turing-machines/undecidability/universal-tm.tex","6b987ad8bcca18b6c61151ff25dd3cfceb661f473859610d00f9072660ddaf7d","23","26","2099","2436","pending","","The cited unit is not yet integrated into the coherent full reader; no printed or assembled PDF page is guessed.","Please double-check whether “అనిర్ణయనీయత / ట్యూరింగ్ యంత్రాల లెక్కింపు / ప్రామాణిక ట్యూరింగ్ యంత్రం / సూచిక / సార్వత్రిక ట్యూరింగ్ యంత్రం / ఆగే ప్రమేయం, ఆగే సమస్య / నిర్ణయ సమస్య / గణనకు మొదటిస్థాయి ప్రాతినిధ్యం / పరిమిత సంతృప్తిపరచదగినత / అర్ధ-నిర్ణయించదగినత / ట్రాఖ్టెన్‌బ్రోట్ సిద్ధాంతం” is idiomatic and technically standard for “undecidability / enumeration of Turing machines / standard Turing machine / index / universal Turing machine / halting function and Halting Problem / decision problem / representation of computation / finite satisfiability / semi-decidability / Trakhtenbrot's theorem” in Telugu logic/mathematics across Andhra Pradesh and Telangana. If not, what exact replacement should be used while leaving the displayed definition, formulas and source scope unchanged?"
"te-Telu-IN-TE-T069","te-Telu-IN-TE-T069-OCC-003","terminology","retrospective","high","low","true","undecidability / enumeration of Turing machines / standard Turing machine / index / universal Turing machine / halting function and Halting Problem / decision problem / representation of computation / finite satisfiability / semi-decidability / Trakhtenbrot's theorem","అనిర్ణయనీయత / ట్యూరింగ్ యంత్రాల లెక్కింపు / ప్రామాణిక ట్యూరింగ్ యంత్రం / సూచిక / సార్వత్రిక ట్యూరింగ్ యంత్రం / ఆగే ప్రమేయం, ఆగే సమస్య / నిర్ణయ సమస్య / గణనకు మొదటిస్థాయి ప్రాతినిధ్యం / పరిమిత సంతృప్తిపరచదగినత / అర్ధ-నిర్ణయించదగినత / ట్రాఖ్టెన్‌బ్రోట్ సిద్ధాంతం","te-Telu-IN","Telu","IN","standard formal Telugu","international logical and mathematical notation with Arabic decimal digits and Latin metavariables","OLP-0267","OLP-0267-B011","upstream/content/turing-machines/undecidability/universal-tm.tex","aa4bdd1cf46621152e74cecfe49f34398c6e9f29ac92473bc2835c7acfcf9ed6","59","68","2735","3193","translation/content/turing-machines/undecidability/universal-tm.tex","6b987ad8bcca18b6c61151ff25dd3cfceb661f473859610d00f9072660ddaf7d","52","61","6456","7442","pending","","The cited unit is not yet integrated into the coherent full reader; no printed or assembled PDF page is guessed.","Please double-check whether “అనిర్ణయనీయత / ట్యూరింగ్ యంత్రాల లెక్కింపు / ప్రామాణిక ట్యూరింగ్ యంత్రం / సూచిక / సార్వత్రిక ట్యూరింగ్ యంత్రం / ఆగే ప్రమేయం, ఆగే సమస్య / నిర్ణయ సమస్య / గణనకు మొదటిస్థాయి ప్రాతినిధ్యం / పరిమిత సంతృప్తిపరచదగినత / అర్ధ-నిర్ణయించదగినత / ట్రాఖ్టెన్‌బ్రోట్ సిద్ధాంతం” is idiomatic and technically standard for “undecidability / enumeration of Turing machines / standard Turing machine / index / universal Turing machine / halting function and Halting Problem / decision problem / representation of computation / finite satisfiability / semi-decidability / Trakhtenbrot's theorem” in Telugu logic/mathematics across Andhra Pradesh and Telangana. If not, what exact replacement should be used while leaving the displayed definition, formulas and source scope unchanged?"
"te-Telu-IN-TE-T069","te-Telu-IN-TE-T069-OCC-004","terminology","retrospective","high","low","true","undecidability / enumeration of Turing machines / standard Turing machine / index / universal Turing machine / halting function and Halting Problem / decision problem / representation of computation / finite satisfiability / semi-decidability / Trakhtenbrot's theorem","అనిర్ణయనీయత / ట్యూరింగ్ యంత్రాల లెక్కింపు / ప్రామాణిక ట్యూరింగ్ యంత్రం / సూచిక / సార్వత్రిక ట్యూరింగ్ యంత్రం / ఆగే ప్రమేయం, ఆగే సమస్య / నిర్ణయ సమస్య / గణనకు మొదటిస్థాయి ప్రాతినిధ్యం / పరిమిత సంతృప్తిపరచదగినత / అర్ధ-నిర్ణయించదగినత / ట్రాఖ్టెన్‌బ్రోట్ సిద్ధాంతం","te-Telu-IN","Telu","IN","standard formal Telugu","international logical and mathematical notation with Arabic decimal digits and Latin metavariables","OLP-0268","OLP-0268-B008","upstream/content/turing-machines/undecidability/halting-problem.tex","0ddd299c7af03bdd5bb5b0e8d723caa0d1347ba41977e52429f5d43d7850be71","36","39","1054","1239","translation/content/turing-machines/undecidability/halting-problem.tex","3ede1283966c6171336c4a1808ca28d8939644732a334cb6755a813f60b3e281","35","38","1984","2309","pending","","The cited unit is not yet integrated into the coherent full reader; no printed or assembled PDF page is guessed.","Please double-check whether “అనిర్ణయనీయత / ట్యూరింగ్ యంత్రాల లెక్కింపు / ప్రామాణిక ట్యూరింగ్ యంత్రం / సూచిక / సార్వత్రిక ట్యూరింగ్ యంత్రం / ఆగే ప్రమేయం, ఆగే సమస్య / నిర్ణయ సమస్య / గణనకు మొదటిస్థాయి ప్రాతినిధ్యం / పరిమిత సంతృప్తిపరచదగినత / అర్ధ-నిర్ణయించదగినత / ట్రాఖ్టెన్‌బ్రోట్ సిద్ధాంతం” is idiomatic and technically standard for “undecidability / enumeration of Turing machines / standard Turing machine / index / universal Turing machine / halting function and Halting Problem / decision problem / representation of computation / finite satisfiability / semi-decidability / Trakhtenbrot's theorem” in Telugu logic/mathematics across Andhra Pradesh and Telangana. If not, what exact replacement should be used while leaving the displayed definition, formulas and source scope unchanged?"
"te-Telu-IN-TE-T069","te-Telu-IN-TE-T069-OCC-005","terminology","retrospective","high","low","true","undecidability / enumeration of Turing machines / standard Turing machine / index / universal Turing machine / halting function and Halting Problem / decision problem / representation of computation / finite satisfiability / semi-decidability / Trakhtenbrot's theorem","అనిర్ణయనీయత / ట్యూరింగ్ యంత్రాల లెక్కింపు / ప్రామాణిక ట్యూరింగ్ యంత్రం / సూచిక / సార్వత్రిక ట్యూరింగ్ యంత్రం / ఆగే ప్రమేయం, ఆగే సమస్య / నిర్ణయ సమస్య / గణనకు మొదటిస్థాయి ప్రాతినిధ్యం / పరిమిత సంతృప్తిపరచదగినత / అర్ధ-నిర్ణయించదగినత / ట్రాఖ్టెన్‌బ్రోట్ సిద్ధాంతం","te-Telu-IN","Telu","IN","standard formal Telugu","international logical and mathematical notation with Arabic decimal digits and Latin metavariables","OLP-0269","OLP-0269-B004","upstream/content/turing-machines/undecidability/decision-problem.tex","e55cc5610483e274125f4d5caa00965ecee3b77e819218f7cb6f59e879e9bdd3","9","10","174","232","translation/content/turing-machines/undecidability/decision-problem.tex","335d42ea03557f97b9ff3bbc55d8b94ef665e19efbab58361fbbe847e4bcb002","9","10","174","246","pending","","The cited unit is not yet integrated into the coherent full reader; no printed or assembled PDF page is guessed.","Please double-check whether “అనిర్ణయనీయత / ట్యూరింగ్ యంత్రాల లెక్కింపు / ప్రామాణిక ట్యూరింగ్ యంత్రం / సూచిక / సార్వత్రిక ట్యూరింగ్ యంత్రం / ఆగే ప్రమేయం, ఆగే సమస్య / నిర్ణయ సమస్య / గణనకు మొదటిస్థాయి ప్రాతినిధ్యం / పరిమిత సంతృప్తిపరచదగినత / అర్ధ-నిర్ణయించదగినత / ట్రాఖ్టెన్‌బ్రోట్ సిద్ధాంతం” is idiomatic and technically standard for “undecidability / enumeration of Turing machines / standard Turing machine / index / universal Turing machine / halting function and Halting Problem / decision problem / representation of computation / finite satisfiability / semi-decidability / Trakhtenbrot's theorem” in Telugu logic/mathematics across Andhra Pradesh and Telangana. If not, what exact replacement should be used while leaving the displayed definition, formulas and source scope unchanged?"
"te-Telu-IN-TE-T069","te-Telu-IN-TE-T069-OCC-006","terminology","retrospective","high","low","true","undecidability / enumeration of Turing machines / standard Turing machine / index / universal Turing machine / halting function and Halting Problem / decision problem / representation of computation / finite satisfiability / semi-decidability / Trakhtenbrot's theorem","అనిర్ణయనీయత / ట్యూరింగ్ యంత్రాల లెక్కింపు / ప్రామాణిక ట్యూరింగ్ యంత్రం / సూచిక / సార్వత్రిక ట్యూరింగ్ యంత్రం / ఆగే ప్రమేయం, ఆగే సమస్య / నిర్ణయ సమస్య / గణనకు మొదటిస్థాయి ప్రాతినిధ్యం / పరిమిత సంతృప్తిపరచదగినత / అర్ధ-నిర్ణయించదగినత / ట్రాఖ్టెన్‌బ్రోట్ సిద్ధాంతం","te-Telu-IN","Telu","IN","standard formal Telugu","international logical and mathematical notation with Arabic decimal digits and Latin metavariables","OLP-0270","OLP-0270-B004","upstream/content/turing-machines/undecidability/representing-tms.tex","9b07ae3b7dc8802daae69390c7c6ca17b1550a0c99b8d38a16732406b28a58c5","9","10","160","226","translation/content/turing-machines/undecidability/representing-tms.tex","80fc7e6b6b6ce03d935e7401fe1eecd5f050c0dba120670781cca0bf20698ff3","9","10","160","290","pending","","The cited unit is not yet integrated into the coherent full reader; no printed or assembled PDF page is guessed.","Please double-check whether “అనిర్ణయనీయత / ట్యూరింగ్ యంత్రాల లెక్కింపు / ప్రామాణిక ట్యూరింగ్ యంత్రం / సూచిక / సార్వత్రిక ట్యూరింగ్ యంత్రం / ఆగే ప్రమేయం, ఆగే సమస్య / నిర్ణయ సమస్య / గణనకు మొదటిస్థాయి ప్రాతినిధ్యం / పరిమిత సంతృప్తిపరచదగినత / అర్ధ-నిర్ణయించదగినత / ట్రాఖ్టెన్‌బ్రోట్ సిద్ధాంతం” is idiomatic and technically standard for “undecidability / enumeration of Turing machines / standard Turing machine / index / universal Turing machine / halting function and Halting Problem / decision problem / representation of computation / finite satisfiability / semi-decidability / Trakhtenbrot's theorem” in Telugu logic/mathematics across Andhra Pradesh and Telangana. If not, what exact replacement should be used while leaving the displayed definition, formulas and source scope unchanged?"
"te-Telu-IN-TE-T069","te-Telu-IN-TE-T069-OCC-007","terminology","retrospective","high","low","true","undecidability / enumeration of Turing machines / standard Turing machine / index / universal Turing machine / halting function and Halting Problem / decision problem / representation of computation / finite satisfiability / semi-decidability / Trakhtenbrot's theorem","అనిర్ణయనీయత / ట్యూరింగ్ యంత్రాల లెక్కింపు / ప్రామాణిక ట్యూరింగ్ యంత్రం / సూచిక / సార్వత్రిక ట్యూరింగ్ యంత్రం / ఆగే ప్రమేయం, ఆగే సమస్య / నిర్ణయ సమస్య / గణనకు మొదటిస్థాయి ప్రాతినిధ్యం / పరిమిత సంతృప్తిపరచదగినత / అర్ధ-నిర్ణయించదగినత / ట్రాఖ్టెన్‌బ్రోట్ సిద్ధాంతం","te-Telu-IN","Telu","IN","standard formal Telugu","international logical and mathematical notation with Arabic decimal digits and Latin metavariables","OLP-0272","OLP-0272-B012","upstream/content/turing-machines/undecidability/unsolvability-decision-problem.tex","c609e9a9a9dce039d6ef7063d2e604269790462b6c226eec82329128873eab6e","70","77","3049","3373","translation/content/turing-machines/undecidability/unsolvability-decision-problem.tex","b0a5461a6f898cee734f75e13fda81105d3cee05b4b3f4c64d6486eacd9d3433","71","77","6932","7733","pending","","The cited unit is not yet integrated into the coherent full reader; no printed or assembled PDF page is guessed.","Please double-check whether “అనిర్ణయనీయత / ట్యూరింగ్ యంత్రాల లెక్కింపు / ప్రామాణిక ట్యూరింగ్ యంత్రం / సూచిక / సార్వత్రిక ట్యూరింగ్ యంత్రం / ఆగే ప్రమేయం, ఆగే సమస్య / నిర్ణయ సమస్య / గణనకు మొదటిస్థాయి ప్రాతినిధ్యం / పరిమిత సంతృప్తిపరచదగినత / అర్ధ-నిర్ణయించదగినత / ట్రాఖ్టెన్‌బ్రోట్ సిద్ధాంతం” is idiomatic and technically standard for “undecidability / enumeration of Turing machines / standard Turing machine / index / universal Turing machine / halting function and Halting Problem / decision problem / representation of computation / finite satisfiability / semi-decidability / Trakhtenbrot's theorem” in Telugu logic/mathematics across Andhra Pradesh and Telangana. If not, what exact replacement should be used while leaving the displayed definition, formulas and source scope unchanged?"
"te-Telu-IN-TE-T069","te-Telu-IN-TE-T069-OCC-008","terminology","retrospective","high","low","true","undecidability / enumeration of Turing machines / standard Turing machine / index / universal Turing machine / halting function and Halting Problem / decision problem / representation of computation / finite satisfiability / semi-decidability / Trakhtenbrot's theorem","అనిర్ణయనీయత / ట్యూరింగ్ యంత్రాల లెక్కింపు / ప్రామాణిక ట్యూరింగ్ యంత్రం / సూచిక / సార్వత్రిక ట్యూరింగ్ యంత్రం / ఆగే ప్రమేయం, ఆగే సమస్య / నిర్ణయ సమస్య / గణనకు మొదటిస్థాయి ప్రాతినిధ్యం / పరిమిత సంతృప్తిపరచదగినత / అర్ధ-నిర్ణయించదగినత / ట్రాఖ్టెన్‌బ్రోట్ సిద్ధాంతం","te-Telu-IN","Telu","IN","standard formal Telugu","international logical and mathematical notation with Arabic decimal digits and Latin metavariables","OLP-0273","OLP-0273-B019","upstream/content/turing-machines/undecidability/trakhtenbrot.tex","bd1a1c362c23d954d78610dbb7dcde85e7a3aff378b80eb51607c26cd718e802","223","227","9576","9776","translation/content/turing-machines/undecidability/trakhtenbrot.tex","ae1edca39ccb6d8652238554b15c52eba2c6fe1b32a789605392e2c41fc96b33","222","226","21037","21528","pending","","The cited unit is not yet integrated into the coherent full reader; no printed or assembled PDF page is guessed.","Please double-check whether “అనిర్ణయనీయత / ట్యూరింగ్ యంత్రాల లెక్కింపు / ప్రామాణిక ట్యూరింగ్ యంత్రం / సూచిక / సార్వత్రిక ట్యూరింగ్ యంత్రం / ఆగే ప్రమేయం, ఆగే సమస్య / నిర్ణయ సమస్య / గణనకు మొదటిస్థాయి ప్రాతినిధ్యం / పరిమిత సంతృప్తిపరచదగినత / అర్ధ-నిర్ణయించదగినత / ట్రాఖ్టెన్‌బ్రోట్ సిద్ధాంతం” is idiomatic and technically standard for “undecidability / enumeration of Turing machines / standard Turing machine / index / universal Turing machine / halting function and Halting Problem / decision problem / representation of computation / finite satisfiability / semi-decidability / Trakhtenbrot's theorem” in Telugu logic/mathematics across Andhra Pradesh and Telangana. If not, what exact replacement should be used while leaving the displayed definition, formulas and source scope unchanged?"
"te-Telu-IN-TE-T070","te-Telu-IN-TE-T070-OCC-001","terminology","retrospective","high","low","true","incompleteness / Hilbert's program / theory / standard model of arithmetic / true arithmetic / Robinson's Q / Peano arithmetic / induction schema / complete and decidable theory / axiomatizable / computably enumerable / representation of computable functions and decidable relations / independent sentence / Gödel sentence / arithmetization of syntax / provability predicate / consistency statement / Presburger arithmetic","అసంపూర్ణత / హిల్బర్ట్ కార్యక్రమం / సిద్ధాంతం / అంకగణితపు ప్రామాణిక నమూనా / నిజ అంకగణితం / రాబిన్సన్ Q / పియానో అంకగణితం / ఆగమన పథకం / సంపూర్ణ, నిర్ణయించదగిన సిద్ధాంతం / స్వీకృతీకరించదగిన / గణనీయంగా లెక్కించదగిన / గణనీయ ప్రమేయాలు, నిర్ణయించదగిన సంబంధాలకు ప్రాతినిధ్యం / స్వతంత్ర వాక్యం / గ్యోడెల్ వాక్యం / వాక్యనిర్మాణపు అంకగణితీకరణ / నిరూప్యతా విధేయం / అవైరుధ్య వాక్యం / ప్రెస్‌బర్గర్ అంకగణితం","te-Telu-IN","Telu","IN","standard formal Telugu","international logical and mathematical notation with Arabic decimal digits and Latin metavariables","OLP-0276","OLP-0276-B022","upstream/content/incompleteness/introduction/historical-background.tex","24c4a36e9f95064267c6bd001f81091cbc7f963c25e32a6d3c8630483b76d3e6","209","221","11660","12539","translation/content/incompleteness/introduction/historical-background.tex","a969dc22874dde259d7fb45430fdd4bf22cb112d47092dd97374422aeb092d27","176","185","29619","31764","pending","","The cited unit is not yet integrated into the coherent full reader; no printed or assembled PDF page is guessed.","Please double-check whether “అసంపూర్ణత / హిల్బర్ట్ కార్యక్రమం / సిద్ధాంతం / అంకగణితపు ప్రామాణిక నమూనా / నిజ అంకగణితం / రాబిన్సన్ Q / పియానో అంకగణితం / ఆగమన పథకం / సంపూర్ణ, నిర్ణయించదగిన సిద్ధాంతం / స్వీకృతీకరించదగిన / గణనీయంగా లెక్కించదగిన / గణనీయ ప్రమేయాలు, నిర్ణయించదగిన సంబంధాలకు ప్రాతినిధ్యం / స్వతంత్ర వాక్యం / గ్యోడెల్ వాక్యం / వాక్యనిర్మాణపు అంకగణితీకరణ / నిరూప్యతా విధేయం / అవైరుధ్య వాక్యం / ప్రెస్‌బర్గర్ అంకగణితం” is idiomatic and technically standard for “incompleteness / Hilbert's program / theory / standard model of arithmetic / true arithmetic / Robinson's Q / Peano arithmetic / induction schema / complete and decidable theory / axiomatizable / computably enumerable / representation of computable functions and decidable relations / independent sentence / Gödel sentence / arithmetization of syntax / provability predicate / consistency statement / Presburger arithmetic” in Telugu logic/mathematics across Andhra Pradesh and Telangana. If not, what exact replacement should be used while leaving the displayed definition, formulas and source scope unchanged?"
"te-Telu-IN-TE-T070","te-Telu-IN-TE-T070-OCC-002","terminology","retrospective","high","low","true","incompleteness / Hilbert's program / theory / standard model of arithmetic / true arithmetic / Robinson's Q / Peano arithmetic / induction schema / complete and decidable theory / axiomatizable / computably enumerable / representation of computable functions and decidable relations / independent sentence / Gödel sentence / arithmetization of syntax / provability predicate / consistency statement / Presburger arithmetic","అసంపూర్ణత / హిల్బర్ట్ కార్యక్రమం / సిద్ధాంతం / అంకగణితపు ప్రామాణిక నమూనా / నిజ అంకగణితం / రాబిన్సన్ Q / పియానో అంకగణితం / ఆగమన పథకం / సంపూర్ణ, నిర్ణయించదగిన సిద్ధాంతం / స్వీకృతీకరించదగిన / గణనీయంగా లెక్కించదగిన / గణనీయ ప్రమేయాలు, నిర్ణయించదగిన సంబంధాలకు ప్రాతినిధ్యం / స్వతంత్ర వాక్యం / గ్యోడెల్ వాక్యం / వాక్యనిర్మాణపు అంకగణితీకరణ / నిరూప్యతా విధేయం / అవైరుధ్య వాక్యం / ప్రెస్‌బర్గర్ అంకగణితం","te-Telu-IN","Telu","IN","standard formal Telugu","international logical and mathematical notation with Arabic decimal digits and Latin metavariables","OLP-0277","OLP-0277-B007","upstream/content/incompleteness/introduction/definitions.tex","bca709e14f7652027776c1a55e484466d5fe4e2dcc91390f598d374ed70cee71","34","38","1501","1663","translation/content/incompleteness/introduction/definitions.tex","58b16f26ac9802cf71315374045090585f7249234d0a79505f2ab14cef67cc6b","31","35","3226","3536","pending","","The cited unit is not yet integrated into the coherent full reader; no printed or assembled PDF page is guessed.","Please double-check whether “అసంపూర్ణత / హిల్బర్ట్ కార్యక్రమం / సిద్ధాంతం / అంకగణితపు ప్రామాణిక నమూనా / నిజ అంకగణితం / రాబిన్సన్ Q / పియానో అంకగణితం / ఆగమన పథకం / సంపూర్ణ, నిర్ణయించదగిన సిద్ధాంతం / స్వీకృతీకరించదగిన / గణనీయంగా లెక్కించదగిన / గణనీయ ప్రమేయాలు, నిర్ణయించదగిన సంబంధాలకు ప్రాతినిధ్యం / స్వతంత్ర వాక్యం / గ్యోడెల్ వాక్యం / వాక్యనిర్మాణపు అంకగణితీకరణ / నిరూప్యతా విధేయం / అవైరుధ్య వాక్యం / ప్రెస్‌బర్గర్ అంకగణితం” is idiomatic and technically standard for “incompleteness / Hilbert's program / theory / standard model of arithmetic / true arithmetic / Robinson's Q / Peano arithmetic / induction schema / complete and decidable theory / axiomatizable / computably enumerable / representation of computable functions and decidable relations / independent sentence / Gödel sentence / arithmetization of syntax / provability predicate / consistency statement / Presburger arithmetic” in Telugu logic/mathematics across Andhra Pradesh and Telangana. If not, what exact replacement should be used while leaving the displayed definition, formulas and source scope unchanged?"
"te-Telu-IN-TE-T070","te-Telu-IN-TE-T070-OCC-003","terminology","retrospective","high","low","true","incompleteness / Hilbert's program / theory / standard model of arithmetic / true arithmetic / Robinson's Q / Peano arithmetic / induction schema / complete and decidable theory / axiomatizable / computably enumerable / representation of computable functions and decidable relations / independent sentence / Gödel sentence / arithmetization of syntax / provability predicate / consistency statement / Presburger arithmetic","అసంపూర్ణత / హిల్బర్ట్ కార్యక్రమం / సిద్ధాంతం / అంకగణితపు ప్రామాణిక నమూనా / నిజ అంకగణితం / రాబిన్సన్ Q / పియానో అంకగణితం / ఆగమన పథకం / సంపూర్ణ, నిర్ణయించదగిన సిద్ధాంతం / స్వీకృతీకరించదగిన / గణనీయంగా లెక్కించదగిన / గణనీయ ప్రమేయాలు, నిర్ణయించదగిన సంబంధాలకు ప్రాతినిధ్యం / స్వతంత్ర వాక్యం / గ్యోడెల్ వాక్యం / వాక్యనిర్మాణపు అంకగణితీకరణ / నిరూప్యతా విధేయం / అవైరుధ్య వాక్యం / ప్రెస్‌బర్గర్ అంకగణితం","te-Telu-IN","Telu","IN","standard formal Telugu","international logical and mathematical notation with Arabic decimal digits and Latin metavariables","OLP-0277","OLP-0277-B009","upstream/content/incompleteness/introduction/definitions.tex","bca709e14f7652027776c1a55e484466d5fe4e2dcc91390f598d374ed70cee71","45","57","1930","2451","translation/content/incompleteness/introduction/definitions.tex","58b16f26ac9802cf71315374045090585f7249234d0a79505f2ab14cef67cc6b","43","55","4290","4980","pending","","The cited unit is not yet integrated into the coherent full reader; no printed or assembled PDF page is guessed.","Please double-check whether “అసంపూర్ణత / హిల్బర్ట్ కార్యక్రమం / సిద్ధాంతం / అంకగణితపు ప్రామాణిక నమూనా / నిజ అంకగణితం / రాబిన్సన్ Q / పియానో అంకగణితం / ఆగమన పథకం / సంపూర్ణ, నిర్ణయించదగిన సిద్ధాంతం / స్వీకృతీకరించదగిన / గణనీయంగా లెక్కించదగిన / గణనీయ ప్రమేయాలు, నిర్ణయించదగిన సంబంధాలకు ప్రాతినిధ్యం / స్వతంత్ర వాక్యం / గ్యోడెల్ వాక్యం / వాక్యనిర్మాణపు అంకగణితీకరణ / నిరూప్యతా విధేయం / అవైరుధ్య వాక్యం / ప్రెస్‌బర్గర్ అంకగణితం” is idiomatic and technically standard for “incompleteness / Hilbert's program / theory / standard model of arithmetic / true arithmetic / Robinson's Q / Peano arithmetic / induction schema / complete and decidable theory / axiomatizable / computably enumerable / representation of computable functions and decidable relations / independent sentence / Gödel sentence / arithmetization of syntax / provability predicate / consistency statement / Presburger arithmetic” in Telugu logic/mathematics across Andhra Pradesh and Telangana. If not, what exact replacement should be used while leaving the displayed definition, formulas and source scope unchanged?"
"te-Telu-IN-TE-T070","te-Telu-IN-TE-T070-OCC-004","terminology","retrospective","high","low","true","incompleteness / Hilbert's program / theory / standard model of arithmetic / true arithmetic / Robinson's Q / Peano arithmetic / induction schema / complete and decidable theory / axiomatizable / computably enumerable / representation of computable functions and decidable relations / independent sentence / Gödel sentence / arithmetization of syntax / provability predicate / consistency statement / Presburger arithmetic","అసంపూర్ణత / హిల్బర్ట్ కార్యక్రమం / సిద్ధాంతం / అంకగణితపు ప్రామాణిక నమూనా / నిజ అంకగణితం / రాబిన్సన్ Q / పియానో అంకగణితం / ఆగమన పథకం / సంపూర్ణ, నిర్ణయించదగిన సిద్ధాంతం / స్వీకృతీకరించదగిన / గణనీయంగా లెక్కించదగిన / గణనీయ ప్రమేయాలు, నిర్ణయించదగిన సంబంధాలకు ప్రాతినిధ్యం / స్వతంత్ర వాక్యం / గ్యోడెల్ వాక్యం / వాక్యనిర్మాణపు అంకగణితీకరణ / నిరూప్యతా విధేయం / అవైరుధ్య వాక్యం / ప్రెస్‌బర్గర్ అంకగణితం","te-Telu-IN","Telu","IN","standard formal Telugu","international logical and mathematical notation with Arabic decimal digits and Latin metavariables","OLP-0277","OLP-0277-B015","upstream/content/incompleteness/introduction/definitions.tex","bca709e14f7652027776c1a55e484466d5fe4e2dcc91390f598d374ed70cee71","103","121","4426","5357","translation/content/incompleteness/introduction/definitions.tex","58b16f26ac9802cf71315374045090585f7249234d0a79505f2ab14cef67cc6b","99","119","9048","10727","pending","","The cited unit is not yet integrated into the coherent full reader; no printed or assembled PDF page is guessed.","Please double-check whether “అసంపూర్ణత / హిల్బర్ట్ కార్యక్రమం / సిద్ధాంతం / అంకగణితపు ప్రామాణిక నమూనా / నిజ అంకగణితం / రాబిన్సన్ Q / పియానో అంకగణితం / ఆగమన పథకం / సంపూర్ణ, నిర్ణయించదగిన సిద్ధాంతం / స్వీకృతీకరించదగిన / గణనీయంగా లెక్కించదగిన / గణనీయ ప్రమేయాలు, నిర్ణయించదగిన సంబంధాలకు ప్రాతినిధ్యం / స్వతంత్ర వాక్యం / గ్యోడెల్ వాక్యం / వాక్యనిర్మాణపు అంకగణితీకరణ / నిరూప్యతా విధేయం / అవైరుధ్య వాక్యం / ప్రెస్‌బర్గర్ అంకగణితం” is idiomatic and technically standard for “incompleteness / Hilbert's program / theory / standard model of arithmetic / true arithmetic / Robinson's Q / Peano arithmetic / induction schema / complete and decidable theory / axiomatizable / computably enumerable / representation of computable functions and decidable relations / independent sentence / Gödel sentence / arithmetization of syntax / provability predicate / consistency statement / Presburger arithmetic” in Telugu logic/mathematics across Andhra Pradesh and Telangana. If not, what exact replacement should be used while leaving the displayed definition, formulas and source scope unchanged?"
"te-Telu-IN-TE-T070","te-Telu-IN-TE-T070-OCC-005","terminology","retrospective","high","low","true","incompleteness / Hilbert's program / theory / standard model of arithmetic / true arithmetic / Robinson's Q / Peano arithmetic / induction schema / complete and decidable theory / axiomatizable / computably enumerable / representation of computable functions and decidable relations / independent sentence / Gödel sentence / arithmetization of syntax / provability predicate / consistency statement / Presburger arithmetic","అసంపూర్ణత / హిల్బర్ట్ కార్యక్రమం / సిద్ధాంతం / అంకగణితపు ప్రామాణిక నమూనా / నిజ అంకగణితం / రాబిన్సన్ Q / పియానో అంకగణితం / ఆగమన పథకం / సంపూర్ణ, నిర్ణయించదగిన సిద్ధాంతం / స్వీకృతీకరించదగిన / గణనీయంగా లెక్కించదగిన / గణనీయ ప్రమేయాలు, నిర్ణయించదగిన సంబంధాలకు ప్రాతినిధ్యం / స్వతంత్ర వాక్యం / గ్యోడెల్ వాక్యం / వాక్యనిర్మాణపు అంకగణితీకరణ / నిరూప్యతా విధేయం / అవైరుధ్య వాక్యం / ప్రెస్‌బర్గర్ అంకగణితం","te-Telu-IN","Telu","IN","standard formal Telugu","international logical and mathematical notation with Arabic decimal digits and Latin metavariables","OLP-0277","OLP-0277-B016","upstream/content/incompleteness/introduction/definitions.tex","bca709e14f7652027776c1a55e484466d5fe4e2dcc91390f598d374ed70cee71","123","130","5358","5667","translation/content/incompleteness/introduction/definitions.tex","58b16f26ac9802cf71315374045090585f7249234d0a79505f2ab14cef67cc6b","121","131","10728","11957","pending","","The cited unit is not yet integrated into the coherent full reader; no printed or assembled PDF page is guessed.","Please double-check whether “అసంపూర్ణత / హిల్బర్ట్ కార్యక్రమం / సిద్ధాంతం / అంకగణితపు ప్రామాణిక నమూనా / నిజ అంకగణితం / రాబిన్సన్ Q / పియానో అంకగణితం / ఆగమన పథకం / సంపూర్ణ, నిర్ణయించదగిన సిద్ధాంతం / స్వీకృతీకరించదగిన / గణనీయంగా లెక్కించదగిన / గణనీయ ప్రమేయాలు, నిర్ణయించదగిన సంబంధాలకు ప్రాతినిధ్యం / స్వతంత్ర వాక్యం / గ్యోడెల్ వాక్యం / వాక్యనిర్మాణపు అంకగణితీకరణ / నిరూప్యతా విధేయం / అవైరుధ్య వాక్యం / ప్రెస్‌బర్గర్ అంకగణితం” is idiomatic and technically standard for “incompleteness / Hilbert's program / theory / standard model of arithmetic / true arithmetic / Robinson's Q / Peano arithmetic / induction schema / complete and decidable theory / axiomatizable / computably enumerable / representation of computable functions and decidable relations / independent sentence / Gödel sentence / arithmetization of syntax / provability predicate / consistency statement / Presburger arithmetic” in Telugu logic/mathematics across Andhra Pradesh and Telangana. If not, what exact replacement should be used while leaving the displayed definition, formulas and source scope unchanged?"
"te-Telu-IN-TE-T070","te-Telu-IN-TE-T070-OCC-006","terminology","retrospective","high","low","true","incompleteness / Hilbert's program / theory / standard model of arithmetic / true arithmetic / Robinson's Q / Peano arithmetic / induction schema / complete and decidable theory / axiomatizable / computably enumerable / representation of computable functions and decidable relations / independent sentence / Gödel sentence / arithmetization of syntax / provability predicate / consistency statement / Presburger arithmetic","అసంపూర్ణత / హిల్బర్ట్ కార్యక్రమం / సిద్ధాంతం / అంకగణితపు ప్రామాణిక నమూనా / నిజ అంకగణితం / రాబిన్సన్ Q / పియానో అంకగణితం / ఆగమన పథకం / సంపూర్ణ, నిర్ణయించదగిన సిద్ధాంతం / స్వీకృతీకరించదగిన / గణనీయంగా లెక్కించదగిన / గణనీయ ప్రమేయాలు, నిర్ణయించదగిన సంబంధాలకు ప్రాతినిధ్యం / స్వతంత్ర వాక్యం / గ్యోడెల్ వాక్యం / వాక్యనిర్మాణపు అంకగణితీకరణ / నిరూప్యతా విధేయం / అవైరుధ్య వాక్యం / ప్రెస్‌బర్గర్ అంకగణితం","te-Telu-IN","Telu","IN","standard formal Telugu","international logical and mathematical notation with Arabic decimal digits and Latin metavariables","OLP-0277","OLP-0277-B027","upstream/content/incompleteness/introduction/definitions.tex","bca709e14f7652027776c1a55e484466d5fe4e2dcc91390f598d374ed70cee71","201","204","8634","8749","translation/content/incompleteness/introduction/definitions.tex","58b16f26ac9802cf71315374045090585f7249234d0a79505f2ab14cef67cc6b","200","203","18061","18423","pending","","The cited unit is not yet integrated into the coherent full reader; no printed or assembled PDF page is guessed.","Please double-check whether “అసంపూర్ణత / హిల్బర్ట్ కార్యక్రమం / సిద్ధాంతం / అంకగణితపు ప్రామాణిక నమూనా / నిజ అంకగణితం / రాబిన్సన్ Q / పియానో అంకగణితం / ఆగమన పథకం / సంపూర్ణ, నిర్ణయించదగిన సిద్ధాంతం / స్వీకృతీకరించదగిన / గణనీయంగా లెక్కించదగిన / గణనీయ ప్రమేయాలు, నిర్ణయించదగిన సంబంధాలకు ప్రాతినిధ్యం / స్వతంత్ర వాక్యం / గ్యోడెల్ వాక్యం / వాక్యనిర్మాణపు అంకగణితీకరణ / నిరూప్యతా విధేయం / అవైరుధ్య వాక్యం / ప్రెస్‌బర్గర్ అంకగణితం” is idiomatic and technically standard for “incompleteness / Hilbert's program / theory / standard model of arithmetic / true arithmetic / Robinson's Q / Peano arithmetic / induction schema / complete and decidable theory / axiomatizable / computably enumerable / representation of computable functions and decidable relations / independent sentence / Gödel sentence / arithmetization of syntax / provability predicate / consistency statement / Presburger arithmetic” in Telugu logic/mathematics across Andhra Pradesh and Telangana. If not, what exact replacement should be used while leaving the displayed definition, formulas and source scope unchanged?"
"te-Telu-IN-TE-T070","te-Telu-IN-TE-T070-OCC-007","terminology","retrospective","high","low","true","incompleteness / Hilbert's program / theory / standard model of arithmetic / true arithmetic / Robinson's Q / Peano arithmetic / induction schema / complete and decidable theory / axiomatizable / computably enumerable / representation of computable functions and decidable relations / independent sentence / Gödel sentence / arithmetization of syntax / provability predicate / consistency statement / Presburger arithmetic","అసంపూర్ణత / హిల్బర్ట్ కార్యక్రమం / సిద్ధాంతం / అంకగణితపు ప్రామాణిక నమూనా / నిజ అంకగణితం / రాబిన్సన్ Q / పియానో అంకగణితం / ఆగమన పథకం / సంపూర్ణ, నిర్ణయించదగిన సిద్ధాంతం / స్వీకృతీకరించదగిన / గణనీయంగా లెక్కించదగిన / గణనీయ ప్రమేయాలు, నిర్ణయించదగిన సంబంధాలకు ప్రాతినిధ్యం / స్వతంత్ర వాక్యం / గ్యోడెల్ వాక్యం / వాక్యనిర్మాణపు అంకగణితీకరణ / నిరూప్యతా విధేయం / అవైరుధ్య వాక్యం / ప్రెస్‌బర్గర్ అంకగణితం","te-Telu-IN","Telu","IN","standard formal Telugu","international logical and mathematical notation with Arabic decimal digits and Latin metavariables","OLP-0277","OLP-0277-B033","upstream/content/incompleteness/introduction/definitions.tex","bca709e14f7652027776c1a55e484466d5fe4e2dcc91390f598d374ed70cee71","269","278","12099","12471","translation/content/incompleteness/introduction/definitions.tex","58b16f26ac9802cf71315374045090585f7249234d0a79505f2ab14cef67cc6b","263","273","26106","26732","pending","","The cited unit is not yet integrated into the coherent full reader; no printed or assembled PDF page is guessed.","Please double-check whether “అసంపూర్ణత / హిల్బర్ట్ కార్యక్రమం / సిద్ధాంతం / అంకగణితపు ప్రామాణిక నమూనా / నిజ అంకగణితం / రాబిన్సన్ Q / పియానో అంకగణితం / ఆగమన పథకం / సంపూర్ణ, నిర్ణయించదగిన సిద్ధాంతం / స్వీకృతీకరించదగిన / గణనీయంగా లెక్కించదగిన / గణనీయ ప్రమేయాలు, నిర్ణయించదగిన సంబంధాలకు ప్రాతినిధ్యం / స్వతంత్ర వాక్యం / గ్యోడెల్ వాక్యం / వాక్యనిర్మాణపు అంకగణితీకరణ / నిరూప్యతా విధేయం / అవైరుధ్య వాక్యం / ప్రెస్‌బర్గర్ అంకగణితం” is idiomatic and technically standard for “incompleteness / Hilbert's program / theory / standard model of arithmetic / true arithmetic / Robinson's Q / Peano arithmetic / induction schema / complete and decidable theory / axiomatizable / computably enumerable / representation of computable functions and decidable relations / independent sentence / Gödel sentence / arithmetization of syntax / provability predicate / consistency statement / Presburger arithmetic” in Telugu logic/mathematics across Andhra Pradesh and Telangana. If not, what exact replacement should be used while leaving the displayed definition, formulas and source scope unchanged?"
"te-Telu-IN-TE-T070","te-Telu-IN-TE-T070-OCC-008","terminology","retrospective","high","low","true","incompleteness / Hilbert's program / theory / standard model of arithmetic / true arithmetic / Robinson's Q / Peano arithmetic / induction schema / complete and decidable theory / axiomatizable / computably enumerable / representation of computable functions and decidable relations / independent sentence / Gödel sentence / arithmetization of syntax / provability predicate / consistency statement / Presburger arithmetic","అసంపూర్ణత / హిల్బర్ట్ కార్యక్రమం / సిద్ధాంతం / అంకగణితపు ప్రామాణిక నమూనా / నిజ అంకగణితం / రాబిన్సన్ Q / పియానో అంకగణితం / ఆగమన పథకం / సంపూర్ణ, నిర్ణయించదగిన సిద్ధాంతం / స్వీకృతీకరించదగిన / గణనీయంగా లెక్కించదగిన / గణనీయ ప్రమేయాలు, నిర్ణయించదగిన సంబంధాలకు ప్రాతినిధ్యం / స్వతంత్ర వాక్యం / గ్యోడెల్ వాక్యం / వాక్యనిర్మాణపు అంకగణితీకరణ / నిరూప్యతా విధేయం / అవైరుధ్య వాక్యం / ప్రెస్‌బర్గర్ అంకగణితం","te-Telu-IN","Telu","IN","standard formal Telugu","international logical and mathematical notation with Arabic decimal digits and Latin metavariables","OLP-0278","OLP-0278-B009","upstream/content/incompleteness/introduction/overview.tex","4391b197866deaf9b67d1aa3ab870d0d11eb9d30e73475e56ee757a4c0fef0a0","39","51","1564","2424","translation/content/incompleteness/introduction/overview.tex","0efad2f670762e7c06a9c4e131779f7a246ea7ce5b9034f785885aa58ec318c6","40","52","4156","6028","pending","","The cited unit is not yet integrated into the coherent full reader; no printed or assembled PDF page is guessed.","Please double-check whether “అసంపూర్ణత / హిల్బర్ట్ కార్యక్రమం / సిద్ధాంతం / అంకగణితపు ప్రామాణిక నమూనా / నిజ అంకగణితం / రాబిన్సన్ Q / పియానో అంకగణితం / ఆగమన పథకం / సంపూర్ణ, నిర్ణయించదగిన సిద్ధాంతం / స్వీకృతీకరించదగిన / గణనీయంగా లెక్కించదగిన / గణనీయ ప్రమేయాలు, నిర్ణయించదగిన సంబంధాలకు ప్రాతినిధ్యం / స్వతంత్ర వాక్యం / గ్యోడెల్ వాక్యం / వాక్యనిర్మాణపు అంకగణితీకరణ / నిరూప్యతా విధేయం / అవైరుధ్య వాక్యం / ప్రెస్‌బర్గర్ అంకగణితం” is idiomatic and technically standard for “incompleteness / Hilbert's program / theory / standard model of arithmetic / true arithmetic / Robinson's Q / Peano arithmetic / induction schema / complete and decidable theory / axiomatizable / computably enumerable / representation of computable functions and decidable relations / independent sentence / Gödel sentence / arithmetization of syntax / provability predicate / consistency statement / Presburger arithmetic” in Telugu logic/mathematics across Andhra Pradesh and Telangana. If not, what exact replacement should be used while leaving the displayed definition, formulas and source scope unchanged?"
"te-Telu-IN-TE-T070","te-Telu-IN-TE-T070-OCC-009","terminology","retrospective","high","low","true","incompleteness / Hilbert's program / theory / standard model of arithmetic / true arithmetic / Robinson's Q / Peano arithmetic / induction schema / complete and decidable theory / axiomatizable / computably enumerable / representation of computable functions and decidable relations / independent sentence / Gödel sentence / arithmetization of syntax / provability predicate / consistency statement / Presburger arithmetic","అసంపూర్ణత / హిల్బర్ట్ కార్యక్రమం / సిద్ధాంతం / అంకగణితపు ప్రామాణిక నమూనా / నిజ అంకగణితం / రాబిన్సన్ Q / పియానో అంకగణితం / ఆగమన పథకం / సంపూర్ణ, నిర్ణయించదగిన సిద్ధాంతం / స్వీకృతీకరించదగిన / గణనీయంగా లెక్కించదగిన / గణనీయ ప్రమేయాలు, నిర్ణయించదగిన సంబంధాలకు ప్రాతినిధ్యం / స్వతంత్ర వాక్యం / గ్యోడెల్ వాక్యం / వాక్యనిర్మాణపు అంకగణితీకరణ / నిరూప్యతా విధేయం / అవైరుధ్య వాక్యం / ప్రెస్‌బర్గర్ అంకగణితం","te-Telu-IN","Telu","IN","standard formal Telugu","international logical and mathematical notation with Arabic decimal digits and Latin metavariables","OLP-0278","OLP-0278-B010","upstream/content/incompleteness/introduction/overview.tex","4391b197866deaf9b67d1aa3ab870d0d11eb9d30e73475e56ee757a4c0fef0a0","53","65","2425","3269","translation/content/incompleteness/introduction/overview.tex","0efad2f670762e7c06a9c4e131779f7a246ea7ce5b9034f785885aa58ec318c6","54","65","6029","7894","pending","","The cited unit is not yet integrated into the coherent full reader; no printed or assembled PDF page is guessed.","Please double-check whether “అసంపూర్ణత / హిల్బర్ట్ కార్యక్రమం / సిద్ధాంతం / అంకగణితపు ప్రామాణిక నమూనా / నిజ అంకగణితం / రాబిన్సన్ Q / పియానో అంకగణితం / ఆగమన పథకం / సంపూర్ణ, నిర్ణయించదగిన సిద్ధాంతం / స్వీకృతీకరించదగిన / గణనీయంగా లెక్కించదగిన / గణనీయ ప్రమేయాలు, నిర్ణయించదగిన సంబంధాలకు ప్రాతినిధ్యం / స్వతంత్ర వాక్యం / గ్యోడెల్ వాక్యం / వాక్యనిర్మాణపు అంకగణితీకరణ / నిరూప్యతా విధేయం / అవైరుధ్య వాక్యం / ప్రెస్‌బర్గర్ అంకగణితం” is idiomatic and technically standard for “incompleteness / Hilbert's program / theory / standard model of arithmetic / true arithmetic / Robinson's Q / Peano arithmetic / induction schema / complete and decidable theory / axiomatizable / computably enumerable / representation of computable functions and decidable relations / independent sentence / Gödel sentence / arithmetization of syntax / provability predicate / consistency statement / Presburger arithmetic” in Telugu logic/mathematics across Andhra Pradesh and Telangana. If not, what exact replacement should be used while leaving the displayed definition, formulas and source scope unchanged?"
"te-Telu-IN-TE-T070","te-Telu-IN-TE-T070-OCC-010","terminology","retrospective","high","low","true","incompleteness / Hilbert's program / theory / standard model of arithmetic / true arithmetic / Robinson's Q / Peano arithmetic / induction schema / complete and decidable theory / axiomatizable / computably enumerable / representation of computable functions and decidable relations / independent sentence / Gödel sentence / arithmetization of syntax / provability predicate / consistency statement / Presburger arithmetic","అసంపూర్ణత / హిల్బర్ట్ కార్యక్రమం / సిద్ధాంతం / అంకగణితపు ప్రామాణిక నమూనా / నిజ అంకగణితం / రాబిన్సన్ Q / పియానో అంకగణితం / ఆగమన పథకం / సంపూర్ణ, నిర్ణయించదగిన సిద్ధాంతం / స్వీకృతీకరించదగిన / గణనీయంగా లెక్కించదగిన / గణనీయ ప్రమేయాలు, నిర్ణయించదగిన సంబంధాలకు ప్రాతినిధ్యం / స్వతంత్ర వాక్యం / గ్యోడెల్ వాక్యం / వాక్యనిర్మాణపు అంకగణితీకరణ / నిరూప్యతా విధేయం / అవైరుధ్య వాక్యం / ప్రెస్‌బర్గర్ అంకగణితం","te-Telu-IN","Telu","IN","standard formal Telugu","international logical and mathematical notation with Arabic decimal digits and Latin metavariables","OLP-0278","OLP-0278-B012","upstream/content/incompleteness/introduction/overview.tex","4391b197866deaf9b67d1aa3ab870d0d11eb9d30e73475e56ee757a4c0fef0a0","84","98","4313","5296","translation/content/incompleteness/introduction/overview.tex","0efad2f670762e7c06a9c4e131779f7a246ea7ce5b9034f785885aa58ec318c6","85","99","10952","13182","pending","","The cited unit is not yet integrated into the coherent full reader; no printed or assembled PDF page is guessed.","Please double-check whether “అసంపూర్ణత / హిల్బర్ట్ కార్యక్రమం / సిద్ధాంతం / అంకగణితపు ప్రామాణిక నమూనా / నిజ అంకగణితం / రాబిన్సన్ Q / పియానో అంకగణితం / ఆగమన పథకం / సంపూర్ణ, నిర్ణయించదగిన సిద్ధాంతం / స్వీకృతీకరించదగిన / గణనీయంగా లెక్కించదగిన / గణనీయ ప్రమేయాలు, నిర్ణయించదగిన సంబంధాలకు ప్రాతినిధ్యం / స్వతంత్ర వాక్యం / గ్యోడెల్ వాక్యం / వాక్యనిర్మాణపు అంకగణితీకరణ / నిరూప్యతా విధేయం / అవైరుధ్య వాక్యం / ప్రెస్‌బర్గర్ అంకగణితం” is idiomatic and technically standard for “incompleteness / Hilbert's program / theory / standard model of arithmetic / true arithmetic / Robinson's Q / Peano arithmetic / induction schema / complete and decidable theory / axiomatizable / computably enumerable / representation of computable functions and decidable relations / independent sentence / Gödel sentence / arithmetization of syntax / provability predicate / consistency statement / Presburger arithmetic” in Telugu logic/mathematics across Andhra Pradesh and Telangana. If not, what exact replacement should be used while leaving the displayed definition, formulas and source scope unchanged?"
"te-Telu-IN-TE-T070","te-Telu-IN-TE-T070-OCC-011","terminology","retrospective","high","low","true","incompleteness / Hilbert's program / theory / standard model of arithmetic / true arithmetic / Robinson's Q / Peano arithmetic / induction schema / complete and decidable theory / axiomatizable / computably enumerable / representation of computable functions and decidable relations / independent sentence / Gödel sentence / arithmetization of syntax / provability predicate / consistency statement / Presburger arithmetic","అసంపూర్ణత / హిల్బర్ట్ కార్యక్రమం / సిద్ధాంతం / అంకగణితపు ప్రామాణిక నమూనా / నిజ అంకగణితం / రాబిన్సన్ Q / పియానో అంకగణితం / ఆగమన పథకం / సంపూర్ణ, నిర్ణయించదగిన సిద్ధాంతం / స్వీకృతీకరించదగిన / గణనీయంగా లెక్కించదగిన / గణనీయ ప్రమేయాలు, నిర్ణయించదగిన సంబంధాలకు ప్రాతినిధ్యం / స్వతంత్ర వాక్యం / గ్యోడెల్ వాక్యం / వాక్యనిర్మాణపు అంకగణితీకరణ / నిరూప్యతా విధేయం / అవైరుధ్య వాక్యం / ప్రెస్‌బర్గర్ అంకగణితం","te-Telu-IN","Telu","IN","standard formal Telugu","international logical and mathematical notation with Arabic decimal digits and Latin metavariables","OLP-0279","OLP-0279-B021","upstream/content/incompleteness/introduction/undecidability.tex","ceeb4a161ad8064be0bd024febf2061d9fdfbf8b748293cb28c08c397cfa55f4","127","135","5386","5990","translation/content/incompleteness/introduction/undecidability.tex","f59416b2e80c80f3422e68abb83e23a4b8315a8a95c666b6fd676a92fe643a14","150","157","15101","16732","pending","","The cited unit is not yet integrated into the coherent full reader; no printed or assembled PDF page is guessed.","Please double-check whether “అసంపూర్ణత / హిల్బర్ట్ కార్యక్రమం / సిద్ధాంతం / అంకగణితపు ప్రామాణిక నమూనా / నిజ అంకగణితం / రాబిన్సన్ Q / పియానో అంకగణితం / ఆగమన పథకం / సంపూర్ణ, నిర్ణయించదగిన సిద్ధాంతం / స్వీకృతీకరించదగిన / గణనీయంగా లెక్కించదగిన / గణనీయ ప్రమేయాలు, నిర్ణయించదగిన సంబంధాలకు ప్రాతినిధ్యం / స్వతంత్ర వాక్యం / గ్యోడెల్ వాక్యం / వాక్యనిర్మాణపు అంకగణితీకరణ / నిరూప్యతా విధేయం / అవైరుధ్య వాక్యం / ప్రెస్‌బర్గర్ అంకగణితం” is idiomatic and technically standard for “incompleteness / Hilbert's program / theory / standard model of arithmetic / true arithmetic / Robinson's Q / Peano arithmetic / induction schema / complete and decidable theory / axiomatizable / computably enumerable / representation of computable functions and decidable relations / independent sentence / Gödel sentence / arithmetization of syntax / provability predicate / consistency statement / Presburger arithmetic” in Telugu logic/mathematics across Andhra Pradesh and Telangana. If not, what exact replacement should be used while leaving the displayed definition, formulas and source scope unchanged?"
"te-Telu-IN-TE-T071","te-Telu-IN-TE-T071-OCC-001","terminology","retrospective","high","low","true","arithmetization of syntax / symbol coding / sequence coding / code / Gödel number / Gödel numbering / formation sequence / primitive recursive syntactic relation / substitution / proof code / end-sequent / end-formula / discharge label / immediate subderivation / proof predicate / sequent calculus / natural deduction / axiomatic derivation","వాక్యనిర్మాణపు అంకగణితీకరణ / సంకేత సంకేతీకరణ / క్రమ సంకేతీకరణ / సంకేతసంఖ్య / గ్యోడెల్ సంఖ్య / గ్యోడెల్ సంఖ్యీకరణ / నిర్మాణ క్రమం / ఆదిమ పునరావృత్త వాక్యనిర్మాణ సంబంధం / ప్రతిస్థాపన / వ్యుత్పత్తి సంకేతసంఖ్య / అంత్య-సీక్వెంట్ / అంత్య-సూత్రం / ఉపసంహరణ చీటీ / తక్షణ ఉపవ్యుత్పత్తి / నిరూపణ విధేయం / సీక్వెంట్ కలనం / సహజ నిగమనం / స్వీకృతాధారిత వ్యుత్పత్తి","te-Telu-IN","Telu","IN","standard formal Telugu","international logical and mathematical notation with Arabic decimal digits and Latin metavariables","OLP-0280","OLP-0280-B004","upstream/content/incompleteness/arithmetization-syntax/arithmetization-syntax.tex","0105ed979c80e2ec23fcf8db78959e1d4161ade92513858b02dffb87034a9436","8","8","139","187","translation/content/incompleteness/arithmetization-syntax/arithmetization-syntax.tex","884e9501d153d8d19f76b55fb875d9ae1a45c52ca8c2e50a019d157ae7791966","8","8","139","238","pending","","The cited unit is not yet integrated into the coherent full reader; no printed or assembled PDF page is guessed.","Please double-check whether “వాక్యనిర్మాణపు అంకగణితీకరణ / సంకేత సంకేతీకరణ / క్రమ సంకేతీకరణ / సంకేతసంఖ్య / గ్యోడెల్ సంఖ్య / గ్యోడెల్ సంఖ్యీకరణ / నిర్మాణ క్రమం / ఆదిమ పునరావృత్త వాక్యనిర్మాణ సంబంధం / ప్రతిస్థాపన / వ్యుత్పత్తి సంకేతసంఖ్య / అంత్య-సీక్వెంట్ / అంత్య-సూత్రం / ఉపసంహరణ చీటీ / తక్షణ ఉపవ్యుత్పత్తి / నిరూపణ విధేయం / సీక్వెంట్ కలనం / సహజ నిగమనం / స్వీకృతాధారిత వ్యుత్పత్తి” is idiomatic and technically standard for “arithmetization of syntax / symbol coding / sequence coding / code / Gödel number / Gödel numbering / formation sequence / primitive recursive syntactic relation / substitution / proof code / end-sequent / end-formula / discharge label / immediate subderivation / proof predicate / sequent calculus / natural deduction / axiomatic derivation” in Telugu logic/mathematics across Andhra Pradesh and Telangana. If not, what exact replacement should be used while leaving the displayed definition, formulas and source scope unchanged?"
"te-Telu-IN-TE-T071","te-Telu-IN-TE-T071-OCC-002","terminology","retrospective","high","low","true","arithmetization of syntax / symbol coding / sequence coding / code / Gödel number / Gödel numbering / formation sequence / primitive recursive syntactic relation / substitution / proof code / end-sequent / end-formula / discharge label / immediate subderivation / proof predicate / sequent calculus / natural deduction / axiomatic derivation","వాక్యనిర్మాణపు అంకగణితీకరణ / సంకేత సంకేతీకరణ / క్రమ సంకేతీకరణ / సంకేతసంఖ్య / గ్యోడెల్ సంఖ్య / గ్యోడెల్ సంఖ్యీకరణ / నిర్మాణ క్రమం / ఆదిమ పునరావృత్త వాక్యనిర్మాణ సంబంధం / ప్రతిస్థాపన / వ్యుత్పత్తి సంకేతసంఖ్య / అంత్య-సీక్వెంట్ / అంత్య-సూత్రం / ఉపసంహరణ చీటీ / తక్షణ ఉపవ్యుత్పత్తి / నిరూపణ విధేయం / సీక్వెంట్ కలనం / సహజ నిగమనం / స్వీకృతాధారిత వ్యుత్పత్తి","te-Telu-IN","Telu","IN","standard formal Telugu","international logical and mathematical notation with Arabic decimal digits and Latin metavariables","OLP-0281","OLP-0281-B006","upstream/content/incompleteness/arithmetization-syntax/introduction.tex","12b6779f25c86d92821b6f2dbd9acd095d934a7d22438493d5f043b9c5526c96","30","43","1339","2229","translation/content/incompleteness/arithmetization-syntax/introduction.tex","b3ea4f8d4f4e998bb6582a22e93992d3d51232965587ea84aa612e0b995c88af","28","41","2960","5195","pending","","The cited unit is not yet integrated into the coherent full reader; no printed or assembled PDF page is guessed.","Please double-check whether “వాక్యనిర్మాణపు అంకగణితీకరణ / సంకేత సంకేతీకరణ / క్రమ సంకేతీకరణ / సంకేతసంఖ్య / గ్యోడెల్ సంఖ్య / గ్యోడెల్ సంఖ్యీకరణ / నిర్మాణ క్రమం / ఆదిమ పునరావృత్త వాక్యనిర్మాణ సంబంధం / ప్రతిస్థాపన / వ్యుత్పత్తి సంకేతసంఖ్య / అంత్య-సీక్వెంట్ / అంత్య-సూత్రం / ఉపసంహరణ చీటీ / తక్షణ ఉపవ్యుత్పత్తి / నిరూపణ విధేయం / సీక్వెంట్ కలనం / సహజ నిగమనం / స్వీకృతాధారిత వ్యుత్పత్తి” is idiomatic and technically standard for “arithmetization of syntax / symbol coding / sequence coding / code / Gödel number / Gödel numbering / formation sequence / primitive recursive syntactic relation / substitution / proof code / end-sequent / end-formula / discharge label / immediate subderivation / proof predicate / sequent calculus / natural deduction / axiomatic derivation” in Telugu logic/mathematics across Andhra Pradesh and Telangana. If not, what exact replacement should be used while leaving the displayed definition, formulas and source scope unchanged?"
"te-Telu-IN-TE-T071","te-Telu-IN-TE-T071-OCC-003","terminology","retrospective","high","low","true","arithmetization of syntax / symbol coding / sequence coding / code / Gödel number / Gödel numbering / formation sequence / primitive recursive syntactic relation / substitution / proof code / end-sequent / end-formula / discharge label / immediate subderivation / proof predicate / sequent calculus / natural deduction / axiomatic derivation","వాక్యనిర్మాణపు అంకగణితీకరణ / సంకేత సంకేతీకరణ / క్రమ సంకేతీకరణ / సంకేతసంఖ్య / గ్యోడెల్ సంఖ్య / గ్యోడెల్ సంఖ్యీకరణ / నిర్మాణ క్రమం / ఆదిమ పునరావృత్త వాక్యనిర్మాణ సంబంధం / ప్రతిస్థాపన / వ్యుత్పత్తి సంకేతసంఖ్య / అంత్య-సీక్వెంట్ / అంత్య-సూత్రం / ఉపసంహరణ చీటీ / తక్షణ ఉపవ్యుత్పత్తి / నిరూపణ విధేయం / సీక్వెంట్ కలనం / సహజ నిగమనం / స్వీకృతాధారిత వ్యుత్పత్తి","te-Telu-IN","Telu","IN","standard formal Telugu","international logical and mathematical notation with Arabic decimal digits and Latin metavariables","OLP-0282","OLP-0282-B004","upstream/content/incompleteness/arithmetization-syntax/coding-symbols.tex","bef2c4a725e39661d3534b411cccf9fd5f21bca5e08c401a07a7b32e403fa2d3","9","10","165","217","translation/content/incompleteness/arithmetization-syntax/coding-symbols.tex","af4d85bf745ea9d59f3e866519d8440d316ecdd73aaa626099889ce7c54435b4","9","10","165","252","pending","","The cited unit is not yet integrated into the coherent full reader; no printed or assembled PDF page is guessed.","Please double-check whether “వాక్యనిర్మాణపు అంకగణితీకరణ / సంకేత సంకేతీకరణ / క్రమ సంకేతీకరణ / సంకేతసంఖ్య / గ్యోడెల్ సంఖ్య / గ్యోడెల్ సంఖ్యీకరణ / నిర్మాణ క్రమం / ఆదిమ పునరావృత్త వాక్యనిర్మాణ సంబంధం / ప్రతిస్థాపన / వ్యుత్పత్తి సంకేతసంఖ్య / అంత్య-సీక్వెంట్ / అంత్య-సూత్రం / ఉపసంహరణ చీటీ / తక్షణ ఉపవ్యుత్పత్తి / నిరూపణ విధేయం / సీక్వెంట్ కలనం / సహజ నిగమనం / స్వీకృతాధారిత వ్యుత్పత్తి” is idiomatic and technically standard for “arithmetization of syntax / symbol coding / sequence coding / code / Gödel number / Gödel numbering / formation sequence / primitive recursive syntactic relation / substitution / proof code / end-sequent / end-formula / discharge label / immediate subderivation / proof predicate / sequent calculus / natural deduction / axiomatic derivation” in Telugu logic/mathematics across Andhra Pradesh and Telangana. If not, what exact replacement should be used while leaving the displayed definition, formulas and source scope unchanged?"
"te-Telu-IN-TE-T071","te-Telu-IN-TE-T071-OCC-004","terminology","retrospective","high","low","true","arithmetization of syntax / symbol coding / sequence coding / code / Gödel number / Gödel numbering / formation sequence / primitive recursive syntactic relation / substitution / proof code / end-sequent / end-formula / discharge label / immediate subderivation / proof predicate / sequent calculus / natural deduction / axiomatic derivation","వాక్యనిర్మాణపు అంకగణితీకరణ / సంకేత సంకేతీకరణ / క్రమ సంకేతీకరణ / సంకేతసంఖ్య / గ్యోడెల్ సంఖ్య / గ్యోడెల్ సంఖ్యీకరణ / నిర్మాణ క్రమం / ఆదిమ పునరావృత్త వాక్యనిర్మాణ సంబంధం / ప్రతిస్థాపన / వ్యుత్పత్తి సంకేతసంఖ్య / అంత్య-సీక్వెంట్ / అంత్య-సూత్రం / ఉపసంహరణ చీటీ / తక్షణ ఉపవ్యుత్పత్తి / నిరూపణ విధేయం / సీక్వెంట్ కలనం / సహజ నిగమనం / స్వీకృతాధారిత వ్యుత్పత్తి","te-Telu-IN","Telu","IN","standard formal Telugu","international logical and mathematical notation with Arabic decimal digits and Latin metavariables","OLP-0283","OLP-0283-B008","upstream/content/incompleteness/arithmetization-syntax/coding-terms.tex","8b7fe6f274da5f46458440ad1e2abb4549f983738a7edd9ae90ae994df19200a","43","58","1656","2499","translation/content/incompleteness/arithmetization-syntax/coding-terms.tex","c4eb329d1256df380fe5957c40088a2d41978639da53c08fbd10fa1fa16464a5","41","57","3049","4897","pending","","The cited unit is not yet integrated into the coherent full reader; no printed or assembled PDF page is guessed.","Please double-check whether “వాక్యనిర్మాణపు అంకగణితీకరణ / సంకేత సంకేతీకరణ / క్రమ సంకేతీకరణ / సంకేతసంఖ్య / గ్యోడెల్ సంఖ్య / గ్యోడెల్ సంఖ్యీకరణ / నిర్మాణ క్రమం / ఆదిమ పునరావృత్త వాక్యనిర్మాణ సంబంధం / ప్రతిస్థాపన / వ్యుత్పత్తి సంకేతసంఖ్య / అంత్య-సీక్వెంట్ / అంత్య-సూత్రం / ఉపసంహరణ చీటీ / తక్షణ ఉపవ్యుత్పత్తి / నిరూపణ విధేయం / సీక్వెంట్ కలనం / సహజ నిగమనం / స్వీకృతాధారిత వ్యుత్పత్తి” is idiomatic and technically standard for “arithmetization of syntax / symbol coding / sequence coding / code / Gödel number / Gödel numbering / formation sequence / primitive recursive syntactic relation / substitution / proof code / end-sequent / end-formula / discharge label / immediate subderivation / proof predicate / sequent calculus / natural deduction / axiomatic derivation” in Telugu logic/mathematics across Andhra Pradesh and Telangana. If not, what exact replacement should be used while leaving the displayed definition, formulas and source scope unchanged?"
"te-Telu-IN-TE-T071","te-Telu-IN-TE-T071-OCC-005","terminology","retrospective","high","low","true","arithmetization of syntax / symbol coding / sequence coding / code / Gödel number / Gödel numbering / formation sequence / primitive recursive syntactic relation / substitution / proof code / end-sequent / end-formula / discharge label / immediate subderivation / proof predicate / sequent calculus / natural deduction / axiomatic derivation","వాక్యనిర్మాణపు అంకగణితీకరణ / సంకేత సంకేతీకరణ / క్రమ సంకేతీకరణ / సంకేతసంఖ్య / గ్యోడెల్ సంఖ్య / గ్యోడెల్ సంఖ్యీకరణ / నిర్మాణ క్రమం / ఆదిమ పునరావృత్త వాక్యనిర్మాణ సంబంధం / ప్రతిస్థాపన / వ్యుత్పత్తి సంకేతసంఖ్య / అంత్య-సీక్వెంట్ / అంత్య-సూత్రం / ఉపసంహరణ చీటీ / తక్షణ ఉపవ్యుత్పత్తి / నిరూపణ విధేయం / సీక్వెంట్ కలనం / సహజ నిగమనం / స్వీకృతాధారిత వ్యుత్పత్తి","te-Telu-IN","Telu","IN","standard formal Telugu","international logical and mathematical notation with Arabic decimal digits and Latin metavariables","OLP-0284","OLP-0284-B004","upstream/content/incompleteness/arithmetization-syntax/coding-formulas.tex","b8658dcae853e6a0e1321e127effe853874900cc16270e1cc25ab03c8f37b8be","9","10","166","234","translation/content/incompleteness/arithmetization-syntax/coding-formulas.tex","4685d0a50b950d68adf76e049432a2c9e1f18132997acfd59efed491a8dd951f","9","10","166","255","pending","","The cited unit is not yet integrated into the coherent full reader; no printed or assembled PDF page is guessed.","Please double-check whether “వాక్యనిర్మాణపు అంకగణితీకరణ / సంకేత సంకేతీకరణ / క్రమ సంకేతీకరణ / సంకేతసంఖ్య / గ్యోడెల్ సంఖ్య / గ్యోడెల్ సంఖ్యీకరణ / నిర్మాణ క్రమం / ఆదిమ పునరావృత్త వాక్యనిర్మాణ సంబంధం / ప్రతిస్థాపన / వ్యుత్పత్తి సంకేతసంఖ్య / అంత్య-సీక్వెంట్ / అంత్య-సూత్రం / ఉపసంహరణ చీటీ / తక్షణ ఉపవ్యుత్పత్తి / నిరూపణ విధేయం / సీక్వెంట్ కలనం / సహజ నిగమనం / స్వీకృతాధారిత వ్యుత్పత్తి” is idiomatic and technically standard for “arithmetization of syntax / symbol coding / sequence coding / code / Gödel number / Gödel numbering / formation sequence / primitive recursive syntactic relation / substitution / proof code / end-sequent / end-formula / discharge label / immediate subderivation / proof predicate / sequent calculus / natural deduction / axiomatic derivation” in Telugu logic/mathematics across Andhra Pradesh and Telangana. If not, what exact replacement should be used while leaving the displayed definition, formulas and source scope unchanged?"
"te-Telu-IN-TE-T071","te-Telu-IN-TE-T071-OCC-006","terminology","retrospective","high","low","true","arithmetization of syntax / symbol coding / sequence coding / code / Gödel number / Gödel numbering / formation sequence / primitive recursive syntactic relation / substitution / proof code / end-sequent / end-formula / discharge label / immediate subderivation / proof predicate / sequent calculus / natural deduction / axiomatic derivation","వాక్యనిర్మాణపు అంకగణితీకరణ / సంకేత సంకేతీకరణ / క్రమ సంకేతీకరణ / సంకేతసంఖ్య / గ్యోడెల్ సంఖ్య / గ్యోడెల్ సంఖ్యీకరణ / నిర్మాణ క్రమం / ఆదిమ పునరావృత్త వాక్యనిర్మాణ సంబంధం / ప్రతిస్థాపన / వ్యుత్పత్తి సంకేతసంఖ్య / అంత్య-సీక్వెంట్ / అంత్య-సూత్రం / ఉపసంహరణ చీటీ / తక్షణ ఉపవ్యుత్పత్తి / నిరూపణ విధేయం / సీక్వెంట్ కలనం / సహజ నిగమనం / స్వీకృతాధారిత వ్యుత్పత్తి","te-Telu-IN","Telu","IN","standard formal Telugu","international logical and mathematical notation with Arabic decimal digits and Latin metavariables","OLP-0285","OLP-0285-B004","upstream/content/incompleteness/arithmetization-syntax/substitution.tex","66c0850ca95d870ba9fbb680abc3b9bbc9a80d98615be0c1a3fe3c3c0d8bbf62","9","10","163","213","translation/content/incompleteness/arithmetization-syntax/substitution.tex","c177c6fe5c0340b818c50b4539a9934c2835736b085d749693381e1ff052e5ba","9","10","163","234","pending","","The cited unit is not yet integrated into the coherent full reader; no printed or assembled PDF page is guessed.","Please double-check whether “వాక్యనిర్మాణపు అంకగణితీకరణ / సంకేత సంకేతీకరణ / క్రమ సంకేతీకరణ / సంకేతసంఖ్య / గ్యోడెల్ సంఖ్య / గ్యోడెల్ సంఖ్యీకరణ / నిర్మాణ క్రమం / ఆదిమ పునరావృత్త వాక్యనిర్మాణ సంబంధం / ప్రతిస్థాపన / వ్యుత్పత్తి సంకేతసంఖ్య / అంత్య-సీక్వెంట్ / అంత్య-సూత్రం / ఉపసంహరణ చీటీ / తక్షణ ఉపవ్యుత్పత్తి / నిరూపణ విధేయం / సీక్వెంట్ కలనం / సహజ నిగమనం / స్వీకృతాధారిత వ్యుత్పత్తి” is idiomatic and technically standard for “arithmetization of syntax / symbol coding / sequence coding / code / Gödel number / Gödel numbering / formation sequence / primitive recursive syntactic relation / substitution / proof code / end-sequent / end-formula / discharge label / immediate subderivation / proof predicate / sequent calculus / natural deduction / axiomatic derivation” in Telugu logic/mathematics across Andhra Pradesh and Telangana. If not, what exact replacement should be used while leaving the displayed definition, formulas and source scope unchanged?"
"te-Telu-IN-TE-T071","te-Telu-IN-TE-T071-OCC-007","terminology","retrospective","high","low","true","arithmetization of syntax / symbol coding / sequence coding / code / Gödel number / Gödel numbering / formation sequence / primitive recursive syntactic relation / substitution / proof code / end-sequent / end-formula / discharge label / immediate subderivation / proof predicate / sequent calculus / natural deduction / axiomatic derivation","వాక్యనిర్మాణపు అంకగణితీకరణ / సంకేత సంకేతీకరణ / క్రమ సంకేతీకరణ / సంకేతసంఖ్య / గ్యోడెల్ సంఖ్య / గ్యోడెల్ సంఖ్యీకరణ / నిర్మాణ క్రమం / ఆదిమ పునరావృత్త వాక్యనిర్మాణ సంబంధం / ప్రతిస్థాపన / వ్యుత్పత్తి సంకేతసంఖ్య / అంత్య-సీక్వెంట్ / అంత్య-సూత్రం / ఉపసంహరణ చీటీ / తక్షణ ఉపవ్యుత్పత్తి / నిరూపణ విధేయం / సీక్వెంట్ కలనం / సహజ నిగమనం / స్వీకృతాధారిత వ్యుత్పత్తి","te-Telu-IN","Telu","IN","standard formal Telugu","international logical and mathematical notation with Arabic decimal digits and Latin metavariables","OLP-0286","OLP-0286-B005","upstream/content/incompleteness/arithmetization-syntax/proofs-in-lk.tex","841537ac9e922a29d77bcdc56665413533d40831e7b19d9053644ceccdf6b64b","12","20","240","697","translation/content/incompleteness/arithmetization-syntax/proofs-in-lk.tex","dc8dfef5116ae6e2e4ccd445f010c74f85173360aec30717a493acef505ed611","12","21","243","1465","pending","","The cited unit is not yet integrated into the coherent full reader; no printed or assembled PDF page is guessed.","Please double-check whether “వాక్యనిర్మాణపు అంకగణితీకరణ / సంకేత సంకేతీకరణ / క్రమ సంకేతీకరణ / సంకేతసంఖ్య / గ్యోడెల్ సంఖ్య / గ్యోడెల్ సంఖ్యీకరణ / నిర్మాణ క్రమం / ఆదిమ పునరావృత్త వాక్యనిర్మాణ సంబంధం / ప్రతిస్థాపన / వ్యుత్పత్తి సంకేతసంఖ్య / అంత్య-సీక్వెంట్ / అంత్య-సూత్రం / ఉపసంహరణ చీటీ / తక్షణ ఉపవ్యుత్పత్తి / నిరూపణ విధేయం / సీక్వెంట్ కలనం / సహజ నిగమనం / స్వీకృతాధారిత వ్యుత్పత్తి” is idiomatic and technically standard for “arithmetization of syntax / symbol coding / sequence coding / code / Gödel number / Gödel numbering / formation sequence / primitive recursive syntactic relation / substitution / proof code / end-sequent / end-formula / discharge label / immediate subderivation / proof predicate / sequent calculus / natural deduction / axiomatic derivation” in Telugu logic/mathematics across Andhra Pradesh and Telangana. If not, what exact replacement should be used while leaving the displayed definition, formulas and source scope unchanged?"
"te-Telu-IN-TE-T071","te-Telu-IN-TE-T071-OCC-008","terminology","retrospective","high","low","true","arithmetization of syntax / symbol coding / sequence coding / code / Gödel number / Gödel numbering / formation sequence / primitive recursive syntactic relation / substitution / proof code / end-sequent / end-formula / discharge label / immediate subderivation / proof predicate / sequent calculus / natural deduction / axiomatic derivation","వాక్యనిర్మాణపు అంకగణితీకరణ / సంకేత సంకేతీకరణ / క్రమ సంకేతీకరణ / సంకేతసంఖ్య / గ్యోడెల్ సంఖ్య / గ్యోడెల్ సంఖ్యీకరణ / నిర్మాణ క్రమం / ఆదిమ పునరావృత్త వాక్యనిర్మాణ సంబంధం / ప్రతిస్థాపన / వ్యుత్పత్తి సంకేతసంఖ్య / అంత్య-సీక్వెంట్ / అంత్య-సూత్రం / ఉపసంహరణ చీటీ / తక్షణ ఉపవ్యుత్పత్తి / నిరూపణ విధేయం / సీక్వెంట్ కలనం / సహజ నిగమనం / స్వీకృతాధారిత వ్యుత్పత్తి","te-Telu-IN","Telu","IN","standard formal Telugu","international logical and mathematical notation with Arabic decimal digits and Latin metavariables","OLP-0286","OLP-0286-B022","upstream/content/incompleteness/arithmetization-syntax/proofs-in-lk.tex","841537ac9e922a29d77bcdc56665413533d40831e7b19d9053644ceccdf6b64b","251","257","9964","10280","translation/content/incompleteness/arithmetization-syntax/proofs-in-lk.tex","dc8dfef5116ae6e2e4ccd445f010c74f85173360aec30717a493acef505ed611","255","261","18940","19525","pending","","The cited unit is not yet integrated into the coherent full reader; no printed or assembled PDF page is guessed.","Please double-check whether “వాక్యనిర్మాణపు అంకగణితీకరణ / సంకేత సంకేతీకరణ / క్రమ సంకేతీకరణ / సంకేతసంఖ్య / గ్యోడెల్ సంఖ్య / గ్యోడెల్ సంఖ్యీకరణ / నిర్మాణ క్రమం / ఆదిమ పునరావృత్త వాక్యనిర్మాణ సంబంధం / ప్రతిస్థాపన / వ్యుత్పత్తి సంకేతసంఖ్య / అంత్య-సీక్వెంట్ / అంత్య-సూత్రం / ఉపసంహరణ చీటీ / తక్షణ ఉపవ్యుత్పత్తి / నిరూపణ విధేయం / సీక్వెంట్ కలనం / సహజ నిగమనం / స్వీకృతాధారిత వ్యుత్పత్తి” is idiomatic and technically standard for “arithmetization of syntax / symbol coding / sequence coding / code / Gödel number / Gödel numbering / formation sequence / primitive recursive syntactic relation / substitution / proof code / end-sequent / end-formula / discharge label / immediate subderivation / proof predicate / sequent calculus / natural deduction / axiomatic derivation” in Telugu logic/mathematics across Andhra Pradesh and Telangana. If not, what exact replacement should be used while leaving the displayed definition, formulas and source scope unchanged?"
"te-Telu-IN-TE-T071","te-Telu-IN-TE-T071-OCC-009","terminology","retrospective","high","low","true","arithmetization of syntax / symbol coding / sequence coding / code / Gödel number / Gödel numbering / formation sequence / primitive recursive syntactic relation / substitution / proof code / end-sequent / end-formula / discharge label / immediate subderivation / proof predicate / sequent calculus / natural deduction / axiomatic derivation","వాక్యనిర్మాణపు అంకగణితీకరణ / సంకేత సంకేతీకరణ / క్రమ సంకేతీకరణ / సంకేతసంఖ్య / గ్యోడెల్ సంఖ్య / గ్యోడెల్ సంఖ్యీకరణ / నిర్మాణ క్రమం / ఆదిమ పునరావృత్త వాక్యనిర్మాణ సంబంధం / ప్రతిస్థాపన / వ్యుత్పత్తి సంకేతసంఖ్య / అంత్య-సీక్వెంట్ / అంత్య-సూత్రం / ఉపసంహరణ చీటీ / తక్షణ ఉపవ్యుత్పత్తి / నిరూపణ విధేయం / సీక్వెంట్ కలనం / సహజ నిగమనం / స్వీకృతాధారిత వ్యుత్పత్తి","te-Telu-IN","Telu","IN","standard formal Telugu","international logical and mathematical notation with Arabic decimal digits and Latin metavariables","OLP-0287","OLP-0287-B004","upstream/content/incompleteness/arithmetization-syntax/proofs-in-nd.tex","06044a4b70f61e07629055bfc3cfb7a940ce5ccfc09efe1a5473e9c5e3af3d47","9","10","163","246","translation/content/incompleteness/arithmetization-syntax/proofs-in-nd.tex","582c5872374acf75f4f432ee664a5e92f9bef34d621d4d5e6891ab94ed6bf655","9","10","163","260","pending","","The cited unit is not yet integrated into the coherent full reader; no printed or assembled PDF page is guessed.","Please double-check whether “వాక్యనిర్మాణపు అంకగణితీకరణ / సంకేత సంకేతీకరణ / క్రమ సంకేతీకరణ / సంకేతసంఖ్య / గ్యోడెల్ సంఖ్య / గ్యోడెల్ సంఖ్యీకరణ / నిర్మాణ క్రమం / ఆదిమ పునరావృత్త వాక్యనిర్మాణ సంబంధం / ప్రతిస్థాపన / వ్యుత్పత్తి సంకేతసంఖ్య / అంత్య-సీక్వెంట్ / అంత్య-సూత్రం / ఉపసంహరణ చీటీ / తక్షణ ఉపవ్యుత్పత్తి / నిరూపణ విధేయం / సీక్వెంట్ కలనం / సహజ నిగమనం / స్వీకృతాధారిత వ్యుత్పత్తి” is idiomatic and technically standard for “arithmetization of syntax / symbol coding / sequence coding / code / Gödel number / Gödel numbering / formation sequence / primitive recursive syntactic relation / substitution / proof code / end-sequent / end-formula / discharge label / immediate subderivation / proof predicate / sequent calculus / natural deduction / axiomatic derivation” in Telugu logic/mathematics across Andhra Pradesh and Telangana. If not, what exact replacement should be used while leaving the displayed definition, formulas and source scope unchanged?"
"te-Telu-IN-TE-T071","te-Telu-IN-TE-T071-OCC-010","terminology","retrospective","high","low","true","arithmetization of syntax / symbol coding / sequence coding / code / Gödel number / Gödel numbering / formation sequence / primitive recursive syntactic relation / substitution / proof code / end-sequent / end-formula / discharge label / immediate subderivation / proof predicate / sequent calculus / natural deduction / axiomatic derivation","వాక్యనిర్మాణపు అంకగణితీకరణ / సంకేత సంకేతీకరణ / క్రమ సంకేతీకరణ / సంకేతసంఖ్య / గ్యోడెల్ సంఖ్య / గ్యోడెల్ సంఖ్యీకరణ / నిర్మాణ క్రమం / ఆదిమ పునరావృత్త వాక్యనిర్మాణ సంబంధం / ప్రతిస్థాపన / వ్యుత్పత్తి సంకేతసంఖ్య / అంత్య-సీక్వెంట్ / అంత్య-సూత్రం / ఉపసంహరణ చీటీ / తక్షణ ఉపవ్యుత్పత్తి / నిరూపణ విధేయం / సీక్వెంట్ కలనం / సహజ నిగమనం / స్వీకృతాధారిత వ్యుత్పత్తి","te-Telu-IN","Telu","IN","standard formal Telugu","international logical and mathematical notation with Arabic decimal digits and Latin metavariables","OLP-0287","OLP-0287-B005","upstream/content/incompleteness/arithmetization-syntax/proofs-in-nd.tex","06044a4b70f61e07629055bfc3cfb7a940ce5ccfc09efe1a5473e9c5e3af3d47","12","22","247","852","translation/content/incompleteness/arithmetization-syntax/proofs-in-nd.tex","582c5872374acf75f4f432ee664a5e92f9bef34d621d4d5e6891ab94ed6bf655","12","24","261","1773","pending","","The cited unit is not yet integrated into the coherent full reader; no printed or assembled PDF page is guessed.","Please double-check whether “వాక్యనిర్మాణపు అంకగణితీకరణ / సంకేత సంకేతీకరణ / క్రమ సంకేతీకరణ / సంకేతసంఖ్య / గ్యోడెల్ సంఖ్య / గ్యోడెల్ సంఖ్యీకరణ / నిర్మాణ క్రమం / ఆదిమ పునరావృత్త వాక్యనిర్మాణ సంబంధం / ప్రతిస్థాపన / వ్యుత్పత్తి సంకేతసంఖ్య / అంత్య-సీక్వెంట్ / అంత్య-సూత్రం / ఉపసంహరణ చీటీ / తక్షణ ఉపవ్యుత్పత్తి / నిరూపణ విధేయం / సీక్వెంట్ కలనం / సహజ నిగమనం / స్వీకృతాధారిత వ్యుత్పత్తి” is idiomatic and technically standard for “arithmetization of syntax / symbol coding / sequence coding / code / Gödel number / Gödel numbering / formation sequence / primitive recursive syntactic relation / substitution / proof code / end-sequent / end-formula / discharge label / immediate subderivation / proof predicate / sequent calculus / natural deduction / axiomatic derivation” in Telugu logic/mathematics across Andhra Pradesh and Telangana. If not, what exact replacement should be used while leaving the displayed definition, formulas and source scope unchanged?"
"te-Telu-IN-TE-T071","te-Telu-IN-TE-T071-OCC-011","terminology","retrospective","high","low","true","arithmetization of syntax / symbol coding / sequence coding / code / Gödel number / Gödel numbering / formation sequence / primitive recursive syntactic relation / substitution / proof code / end-sequent / end-formula / discharge label / immediate subderivation / proof predicate / sequent calculus / natural deduction / axiomatic derivation","వాక్యనిర్మాణపు అంకగణితీకరణ / సంకేత సంకేతీకరణ / క్రమ సంకేతీకరణ / సంకేతసంఖ్య / గ్యోడెల్ సంఖ్య / గ్యోడెల్ సంఖ్యీకరణ / నిర్మాణ క్రమం / ఆదిమ పునరావృత్త వాక్యనిర్మాణ సంబంధం / ప్రతిస్థాపన / వ్యుత్పత్తి సంకేతసంఖ్య / అంత్య-సీక్వెంట్ / అంత్య-సూత్రం / ఉపసంహరణ చీటీ / తక్షణ ఉపవ్యుత్పత్తి / నిరూపణ విధేయం / సీక్వెంట్ కలనం / సహజ నిగమనం / స్వీకృతాధారిత వ్యుత్పత్తి","te-Telu-IN","Telu","IN","standard formal Telugu","international logical and mathematical notation with Arabic decimal digits and Latin metavariables","OLP-0287","OLP-0287-B005","upstream/content/incompleteness/arithmetization-syntax/proofs-in-nd.tex","06044a4b70f61e07629055bfc3cfb7a940ce5ccfc09efe1a5473e9c5e3af3d47","12","22","247","852","translation/content/incompleteness/arithmetization-syntax/proofs-in-nd.tex","582c5872374acf75f4f432ee664a5e92f9bef34d621d4d5e6891ab94ed6bf655","12","24","261","1773","pending","","The cited unit is not yet integrated into the coherent full reader; no printed or assembled PDF page is guessed.","Please double-check whether “వాక్యనిర్మాణపు అంకగణితీకరణ / సంకేత సంకేతీకరణ / క్రమ సంకేతీకరణ / సంకేతసంఖ్య / గ్యోడెల్ సంఖ్య / గ్యోడెల్ సంఖ్యీకరణ / నిర్మాణ క్రమం / ఆదిమ పునరావృత్త వాక్యనిర్మాణ సంబంధం / ప్రతిస్థాపన / వ్యుత్పత్తి సంకేతసంఖ్య / అంత్య-సీక్వెంట్ / అంత్య-సూత్రం / ఉపసంహరణ చీటీ / తక్షణ ఉపవ్యుత్పత్తి / నిరూపణ విధేయం / సీక్వెంట్ కలనం / సహజ నిగమనం / స్వీకృతాధారిత వ్యుత్పత్తి” is idiomatic and technically standard for “arithmetization of syntax / symbol coding / sequence coding / code / Gödel number / Gödel numbering / formation sequence / primitive recursive syntactic relation / substitution / proof code / end-sequent / end-formula / discharge label / immediate subderivation / proof predicate / sequent calculus / natural deduction / axiomatic derivation” in Telugu logic/mathematics across Andhra Pradesh and Telangana. If not, what exact replacement should be used while leaving the displayed definition, formulas and source scope unchanged?"
"te-Telu-IN-TE-T071","te-Telu-IN-TE-T071-OCC-012","terminology","retrospective","high","low","true","arithmetization of syntax / symbol coding / sequence coding / code / Gödel number / Gödel numbering / formation sequence / primitive recursive syntactic relation / substitution / proof code / end-sequent / end-formula / discharge label / immediate subderivation / proof predicate / sequent calculus / natural deduction / axiomatic derivation","వాక్యనిర్మాణపు అంకగణితీకరణ / సంకేత సంకేతీకరణ / క్రమ సంకేతీకరణ / సంకేతసంఖ్య / గ్యోడెల్ సంఖ్య / గ్యోడెల్ సంఖ్యీకరణ / నిర్మాణ క్రమం / ఆదిమ పునరావృత్త వాక్యనిర్మాణ సంబంధం / ప్రతిస్థాపన / వ్యుత్పత్తి సంకేతసంఖ్య / అంత్య-సీక్వెంట్ / అంత్య-సూత్రం / ఉపసంహరణ చీటీ / తక్షణ ఉపవ్యుత్పత్తి / నిరూపణ విధేయం / సీక్వెంట్ కలనం / సహజ నిగమనం / స్వీకృతాధారిత వ్యుత్పత్తి","te-Telu-IN","Telu","IN","standard formal Telugu","international logical and mathematical notation with Arabic decimal digits and Latin metavariables","OLP-0288","OLP-0288-B004","upstream/content/incompleteness/arithmetization-syntax/proofs-in-ax.tex","6498fe743671727c99bee3ff39efb8e83bf46be470a8c2b613b62a8757c3e4eb","9","10","163","235","translation/content/incompleteness/arithmetization-syntax/proofs-in-ax.tex","0d1dcd92c3d4b41387d8f79e705093ded73cec02e437baf78c60711acdccc46e","9","10","163","265","pending","","The cited unit is not yet integrated into the coherent full reader; no printed or assembled PDF page is guessed.","Please double-check whether “వాక్యనిర్మాణపు అంకగణితీకరణ / సంకేత సంకేతీకరణ / క్రమ సంకేతీకరణ / సంకేతసంఖ్య / గ్యోడెల్ సంఖ్య / గ్యోడెల్ సంఖ్యీకరణ / నిర్మాణ క్రమం / ఆదిమ పునరావృత్త వాక్యనిర్మాణ సంబంధం / ప్రతిస్థాపన / వ్యుత్పత్తి సంకేతసంఖ్య / అంత్య-సీక్వెంట్ / అంత్య-సూత్రం / ఉపసంహరణ చీటీ / తక్షణ ఉపవ్యుత్పత్తి / నిరూపణ విధేయం / సీక్వెంట్ కలనం / సహజ నిగమనం / స్వీకృతాధారిత వ్యుత్పత్తి” is idiomatic and technically standard for “arithmetization of syntax / symbol coding / sequence coding / code / Gödel number / Gödel numbering / formation sequence / primitive recursive syntactic relation / substitution / proof code / end-sequent / end-formula / discharge label / immediate subderivation / proof predicate / sequent calculus / natural deduction / axiomatic derivation” in Telugu logic/mathematics across Andhra Pradesh and Telangana. If not, what exact replacement should be used while leaving the displayed definition, formulas and source scope unchanged?"
"te-Telu-IN-TE-T072","te-Telu-IN-TE-T072-OCC-001","terminology","retrospective","high","low","true","representability in Q / representing formula / beta function lemma / relatively prime / congruent modulo / greatest common divisor / least common multiple / Sunzi's theorem (Chinese Remainder Theorem) / simulation of primitive recursion / regular minimization / basic representable functions / closure under composition / representation of relations / Delta_0, Sigma_1 and Pi_1 formulas / bounded existential and universal formulas / closed term / Sigma_1 completeness","Qలో ప్రాతినిధ్యయోగ్యత / ప్రాతినిధ్య సూత్రం / బీటా ప్రమేయ ఉపపత్తి / పరస్పర ప్రధాన / మాడ్యులో సమానశేష / గరిష్ఠ సామాన్య భాజకం / కనిష్ఠ సామాన్య గుణిజం / సున్‌జి సిద్ధాంతం (చైనీయ శేష సిద్ధాంతం) / ఆదిమ పునరావృత్తి అనుకరణ / సక్రమ కనిష్ఠీకరణ / ప్రాతినిధ్యం చేయదగిన ప్రాథమిక ప్రమేయాలు / సంయుక్తం కింద సంవృతత / సంబంధాల ప్రాతినిధ్యం / Delta_0, Sigma_1, Pi_1 సూత్రాలు / పరిమిత అస్తిత్వ, సార్వత్రిక సూత్రాలు / సంవృత పదం / Sigma_1 సంపూర్ణత","te-Telu-IN","Telu","IN","standard formal Telugu","international logical and mathematical notation with Arabic decimal digits and Latin metavariables","OLP-0289","OLP-0289-B004","upstream/content/incompleteness/representability-in-q/representability-in-q.tex","6715dd11caaa6921c31b7cc305ac46ff98763c3a924626870473543ab5551100","8","8","138","189","translation/content/incompleteness/representability-in-q/representability-in-q.tex","8c612f5d29b2a5aa388c1e49549ab836983c29e545b88b4158afdaeccdbe2e9c","8","8","138","227","pending","","The cited unit is not yet integrated into the coherent full reader; no printed or assembled PDF page is guessed.","Please double-check whether “Qలో ప్రాతినిధ్యయోగ్యత / ప్రాతినిధ్య సూత్రం / బీటా ప్రమేయ ఉపపత్తి / పరస్పర ప్రధాన / మాడ్యులో సమానశేష / గరిష్ఠ సామాన్య భాజకం / కనిష్ఠ సామాన్య గుణిజం / సున్‌జి సిద్ధాంతం (చైనీయ శేష సిద్ధాంతం) / ఆదిమ పునరావృత్తి అనుకరణ / సక్రమ కనిష్ఠీకరణ / ప్రాతినిధ్యం చేయదగిన ప్రాథమిక ప్రమేయాలు / సంయుక్తం కింద సంవృతత / సంబంధాల ప్రాతినిధ్యం / Delta_0, Sigma_1, Pi_1 సూత్రాలు / పరిమిత అస్తిత్వ, సార్వత్రిక సూత్రాలు / సంవృత పదం / Sigma_1 సంపూర్ణత” is idiomatic and technically standard for “representability in Q / representing formula / beta function lemma / relatively prime / congruent modulo / greatest common divisor / least common multiple / Sunzi's theorem (Chinese Remainder Theorem) / simulation of primitive recursion / regular minimization / basic representable functions / closure under composition / representation of relations / Delta_0, Sigma_1 and Pi_1 formulas / bounded existential and universal formulas / closed term / Sigma_1 completeness” in Telugu logic/mathematics across Andhra Pradesh and Telangana. If not, what exact replacement should be used while leaving the displayed definition, formulas and source scope unchanged?"
"te-Telu-IN-TE-T072","te-Telu-IN-TE-T072-OCC-002","terminology","retrospective","high","low","true","representability in Q / representing formula / beta function lemma / relatively prime / congruent modulo / greatest common divisor / least common multiple / Sunzi's theorem (Chinese Remainder Theorem) / simulation of primitive recursion / regular minimization / basic representable functions / closure under composition / representation of relations / Delta_0, Sigma_1 and Pi_1 formulas / bounded existential and universal formulas / closed term / Sigma_1 completeness","Qలో ప్రాతినిధ్యయోగ్యత / ప్రాతినిధ్య సూత్రం / బీటా ప్రమేయ ఉపపత్తి / పరస్పర ప్రధాన / మాడ్యులో సమానశేష / గరిష్ఠ సామాన్య భాజకం / కనిష్ఠ సామాన్య గుణిజం / సున్‌జి సిద్ధాంతం (చైనీయ శేష సిద్ధాంతం) / ఆదిమ పునరావృత్తి అనుకరణ / సక్రమ కనిష్ఠీకరణ / ప్రాతినిధ్యం చేయదగిన ప్రాథమిక ప్రమేయాలు / సంయుక్తం కింద సంవృతత / సంబంధాల ప్రాతినిధ్యం / Delta_0, Sigma_1, Pi_1 సూత్రాలు / పరిమిత అస్తిత్వ, సార్వత్రిక సూత్రాలు / సంవృత పదం / Sigma_1 సంపూర్ణత","te-Telu-IN","Telu","IN","standard formal Telugu","international logical and mathematical notation with Arabic decimal digits and Latin metavariables","OLP-0292","OLP-0292-B004","upstream/content/incompleteness/representability-in-q/beta-function.tex","041d2d3510e2d838d1631634a22a8d5eeb0fb5942df402382cafab3d82b6f5d0","9","10","163","224","translation/content/incompleteness/representability-in-q/beta-function.tex","697ed0412f3db970ec964b59da87445c3efaf27d27553c89ef2816307e65daba","9","10","163","254","pending","","The cited unit is not yet integrated into the coherent full reader; no printed or assembled PDF page is guessed.","Please double-check whether “Qలో ప్రాతినిధ్యయోగ్యత / ప్రాతినిధ్య సూత్రం / బీటా ప్రమేయ ఉపపత్తి / పరస్పర ప్రధాన / మాడ్యులో సమానశేష / గరిష్ఠ సామాన్య భాజకం / కనిష్ఠ సామాన్య గుణిజం / సున్‌జి సిద్ధాంతం (చైనీయ శేష సిద్ధాంతం) / ఆదిమ పునరావృత్తి అనుకరణ / సక్రమ కనిష్ఠీకరణ / ప్రాతినిధ్యం చేయదగిన ప్రాథమిక ప్రమేయాలు / సంయుక్తం కింద సంవృతత / సంబంధాల ప్రాతినిధ్యం / Delta_0, Sigma_1, Pi_1 సూత్రాలు / పరిమిత అస్తిత్వ, సార్వత్రిక సూత్రాలు / సంవృత పదం / Sigma_1 సంపూర్ణత” is idiomatic and technically standard for “representability in Q / representing formula / beta function lemma / relatively prime / congruent modulo / greatest common divisor / least common multiple / Sunzi's theorem (Chinese Remainder Theorem) / simulation of primitive recursion / regular minimization / basic representable functions / closure under composition / representation of relations / Delta_0, Sigma_1 and Pi_1 formulas / bounded existential and universal formulas / closed term / Sigma_1 completeness” in Telugu logic/mathematics across Andhra Pradesh and Telangana. If not, what exact replacement should be used while leaving the displayed definition, formulas and source scope unchanged?"
"te-Telu-IN-TE-T072","te-Telu-IN-TE-T072-OCC-003","terminology","retrospective","high","low","true","representability in Q / representing formula / beta function lemma / relatively prime / congruent modulo / greatest common divisor / least common multiple / Sunzi's theorem (Chinese Remainder Theorem) / simulation of primitive recursion / regular minimization / basic representable functions / closure under composition / representation of relations / Delta_0, Sigma_1 and Pi_1 formulas / bounded existential and universal formulas / closed term / Sigma_1 completeness","Qలో ప్రాతినిధ్యయోగ్యత / ప్రాతినిధ్య సూత్రం / బీటా ప్రమేయ ఉపపత్తి / పరస్పర ప్రధాన / మాడ్యులో సమానశేష / గరిష్ఠ సామాన్య భాజకం / కనిష్ఠ సామాన్య గుణిజం / సున్‌జి సిద్ధాంతం (చైనీయ శేష సిద్ధాంతం) / ఆదిమ పునరావృత్తి అనుకరణ / సక్రమ కనిష్ఠీకరణ / ప్రాతినిధ్యం చేయదగిన ప్రాథమిక ప్రమేయాలు / సంయుక్తం కింద సంవృతత / సంబంధాల ప్రాతినిధ్యం / Delta_0, Sigma_1, Pi_1 సూత్రాలు / పరిమిత అస్తిత్వ, సార్వత్రిక సూత్రాలు / సంవృత పదం / Sigma_1 సంపూర్ణత","te-Telu-IN","Telu","IN","standard formal Telugu","international logical and mathematical notation with Arabic decimal digits and Latin metavariables","OLP-0292","OLP-0292-B008","upstream/content/incompleteness/representability-in-q/beta-function.tex","041d2d3510e2d838d1631634a22a8d5eeb0fb5942df402382cafab3d82b6f5d0","39","46","1577","2076","translation/content/incompleteness/representability-in-q/beta-function.tex","697ed0412f3db970ec964b59da87445c3efaf27d27553c89ef2816307e65daba","38","44","3183","4376","pending","","The cited unit is not yet integrated into the coherent full reader; no printed or assembled PDF page is guessed.","Please double-check whether “Qలో ప్రాతినిధ్యయోగ్యత / ప్రాతినిధ్య సూత్రం / బీటా ప్రమేయ ఉపపత్తి / పరస్పర ప్రధాన / మాడ్యులో సమానశేష / గరిష్ఠ సామాన్య భాజకం / కనిష్ఠ సామాన్య గుణిజం / సున్‌జి సిద్ధాంతం (చైనీయ శేష సిద్ధాంతం) / ఆదిమ పునరావృత్తి అనుకరణ / సక్రమ కనిష్ఠీకరణ / ప్రాతినిధ్యం చేయదగిన ప్రాథమిక ప్రమేయాలు / సంయుక్తం కింద సంవృతత / సంబంధాల ప్రాతినిధ్యం / Delta_0, Sigma_1, Pi_1 సూత్రాలు / పరిమిత అస్తిత్వ, సార్వత్రిక సూత్రాలు / సంవృత పదం / Sigma_1 సంపూర్ణత” is idiomatic and technically standard for “representability in Q / representing formula / beta function lemma / relatively prime / congruent modulo / greatest common divisor / least common multiple / Sunzi's theorem (Chinese Remainder Theorem) / simulation of primitive recursion / regular minimization / basic representable functions / closure under composition / representation of relations / Delta_0, Sigma_1 and Pi_1 formulas / bounded existential and universal formulas / closed term / Sigma_1 completeness” in Telugu logic/mathematics across Andhra Pradesh and Telangana. If not, what exact replacement should be used while leaving the displayed definition, formulas and source scope unchanged?"
"te-Telu-IN-TE-T072","te-Telu-IN-TE-T072-OCC-004","terminology","retrospective","high","low","true","representability in Q / representing formula / beta function lemma / relatively prime / congruent modulo / greatest common divisor / least common multiple / Sunzi's theorem (Chinese Remainder Theorem) / simulation of primitive recursion / regular minimization / basic representable functions / closure under composition / representation of relations / Delta_0, Sigma_1 and Pi_1 formulas / bounded existential and universal formulas / closed term / Sigma_1 completeness","Qలో ప్రాతినిధ్యయోగ్యత / ప్రాతినిధ్య సూత్రం / బీటా ప్రమేయ ఉపపత్తి / పరస్పర ప్రధాన / మాడ్యులో సమానశేష / గరిష్ఠ సామాన్య భాజకం / కనిష్ఠ సామాన్య గుణిజం / సున్‌జి సిద్ధాంతం (చైనీయ శేష సిద్ధాంతం) / ఆదిమ పునరావృత్తి అనుకరణ / సక్రమ కనిష్ఠీకరణ / ప్రాతినిధ్యం చేయదగిన ప్రాథమిక ప్రమేయాలు / సంయుక్తం కింద సంవృతత / సంబంధాల ప్రాతినిధ్యం / Delta_0, Sigma_1, Pi_1 సూత్రాలు / పరిమిత అస్తిత్వ, సార్వత్రిక సూత్రాలు / సంవృత పదం / Sigma_1 సంపూర్ణత","te-Telu-IN","Telu","IN","standard formal Telugu","international logical and mathematical notation with Arabic decimal digits and Latin metavariables","OLP-0296","OLP-0296-B004","upstream/content/incompleteness/representability-in-q/minimization-representable.tex","396bbd36dbb04280e2521c9fb1af6b07ef3084e0205917c22eb308362f035e94","9","10","176","263","translation/content/incompleteness/representability-in-q/minimization-representable.tex","839209250cc87d66cff1a7edacc5ff3567111e6789ccaa41ac3a1b567dcf2a8b","9","10","176","340","pending","","The cited unit is not yet integrated into the coherent full reader; no printed or assembled PDF page is guessed.","Please double-check whether “Qలో ప్రాతినిధ్యయోగ్యత / ప్రాతినిధ్య సూత్రం / బీటా ప్రమేయ ఉపపత్తి / పరస్పర ప్రధాన / మాడ్యులో సమానశేష / గరిష్ఠ సామాన్య భాజకం / కనిష్ఠ సామాన్య గుణిజం / సున్‌జి సిద్ధాంతం (చైనీయ శేష సిద్ధాంతం) / ఆదిమ పునరావృత్తి అనుకరణ / సక్రమ కనిష్ఠీకరణ / ప్రాతినిధ్యం చేయదగిన ప్రాథమిక ప్రమేయాలు / సంయుక్తం కింద సంవృతత / సంబంధాల ప్రాతినిధ్యం / Delta_0, Sigma_1, Pi_1 సూత్రాలు / పరిమిత అస్తిత్వ, సార్వత్రిక సూత్రాలు / సంవృత పదం / Sigma_1 సంపూర్ణత” is idiomatic and technically standard for “representability in Q / representing formula / beta function lemma / relatively prime / congruent modulo / greatest common divisor / least common multiple / Sunzi's theorem (Chinese Remainder Theorem) / simulation of primitive recursion / regular minimization / basic representable functions / closure under composition / representation of relations / Delta_0, Sigma_1 and Pi_1 formulas / bounded existential and universal formulas / closed term / Sigma_1 completeness” in Telugu logic/mathematics across Andhra Pradesh and Telangana. If not, what exact replacement should be used while leaving the displayed definition, formulas and source scope unchanged?"
"te-Telu-IN-TE-T072","te-Telu-IN-TE-T072-OCC-005","terminology","retrospective","high","low","true","representability in Q / representing formula / beta function lemma / relatively prime / congruent modulo / greatest common divisor / least common multiple / Sunzi's theorem (Chinese Remainder Theorem) / simulation of primitive recursion / regular minimization / basic representable functions / closure under composition / representation of relations / Delta_0, Sigma_1 and Pi_1 formulas / bounded existential and universal formulas / closed term / Sigma_1 completeness","Qలో ప్రాతినిధ్యయోగ్యత / ప్రాతినిధ్య సూత్రం / బీటా ప్రమేయ ఉపపత్తి / పరస్పర ప్రధాన / మాడ్యులో సమానశేష / గరిష్ఠ సామాన్య భాజకం / కనిష్ఠ సామాన్య గుణిజం / సున్‌జి సిద్ధాంతం (చైనీయ శేష సిద్ధాంతం) / ఆదిమ పునరావృత్తి అనుకరణ / సక్రమ కనిష్ఠీకరణ / ప్రాతినిధ్యం చేయదగిన ప్రాథమిక ప్రమేయాలు / సంయుక్తం కింద సంవృతత / సంబంధాల ప్రాతినిధ్యం / Delta_0, Sigma_1, Pi_1 సూత్రాలు / పరిమిత అస్తిత్వ, సార్వత్రిక సూత్రాలు / సంవృత పదం / Sigma_1 సంపూర్ణత","te-Telu-IN","Telu","IN","standard formal Telugu","international logical and mathematical notation with Arabic decimal digits and Latin metavariables","OLP-0298","OLP-0298-B005","upstream/content/incompleteness/representability-in-q/representing-relations.tex","97b0cb4406cc953b30d2006dc7e27ef8262a6f82e8926186eefbdb0a5602ef55","11","11","198","233","translation/content/incompleteness/representability-in-q/representing-relations.tex","9575eb5d81509672545f69018411d8be2642fc90608d5fdd8283ac640fea5cc7","11","11","198","291","pending","","The cited unit is not yet integrated into the coherent full reader; no printed or assembled PDF page is guessed.","Please double-check whether “Qలో ప్రాతినిధ్యయోగ్యత / ప్రాతినిధ్య సూత్రం / బీటా ప్రమేయ ఉపపత్తి / పరస్పర ప్రధాన / మాడ్యులో సమానశేష / గరిష్ఠ సామాన్య భాజకం / కనిష్ఠ సామాన్య గుణిజం / సున్‌జి సిద్ధాంతం (చైనీయ శేష సిద్ధాంతం) / ఆదిమ పునరావృత్తి అనుకరణ / సక్రమ కనిష్ఠీకరణ / ప్రాతినిధ్యం చేయదగిన ప్రాథమిక ప్రమేయాలు / సంయుక్తం కింద సంవృతత / సంబంధాల ప్రాతినిధ్యం / Delta_0, Sigma_1, Pi_1 సూత్రాలు / పరిమిత అస్తిత్వ, సార్వత్రిక సూత్రాలు / సంవృత పదం / Sigma_1 సంపూర్ణత” is idiomatic and technically standard for “representability in Q / representing formula / beta function lemma / relatively prime / congruent modulo / greatest common divisor / least common multiple / Sunzi's theorem (Chinese Remainder Theorem) / simulation of primitive recursion / regular minimization / basic representable functions / closure under composition / representation of relations / Delta_0, Sigma_1 and Pi_1 formulas / bounded existential and universal formulas / closed term / Sigma_1 completeness” in Telugu logic/mathematics across Andhra Pradesh and Telangana. If not, what exact replacement should be used while leaving the displayed definition, formulas and source scope unchanged?"
"te-Telu-IN-TE-T072","te-Telu-IN-TE-T072-OCC-006","terminology","retrospective","high","low","true","representability in Q / representing formula / beta function lemma / relatively prime / congruent modulo / greatest common divisor / least common multiple / Sunzi's theorem (Chinese Remainder Theorem) / simulation of primitive recursion / regular minimization / basic representable functions / closure under composition / representation of relations / Delta_0, Sigma_1 and Pi_1 formulas / bounded existential and universal formulas / closed term / Sigma_1 completeness","Qలో ప్రాతినిధ్యయోగ్యత / ప్రాతినిధ్య సూత్రం / బీటా ప్రమేయ ఉపపత్తి / పరస్పర ప్రధాన / మాడ్యులో సమానశేష / గరిష్ఠ సామాన్య భాజకం / కనిష్ఠ సామాన్య గుణిజం / సున్‌జి సిద్ధాంతం (చైనీయ శేష సిద్ధాంతం) / ఆదిమ పునరావృత్తి అనుకరణ / సక్రమ కనిష్ఠీకరణ / ప్రాతినిధ్యం చేయదగిన ప్రాథమిక ప్రమేయాలు / సంయుక్తం కింద సంవృతత / సంబంధాల ప్రాతినిధ్యం / Delta_0, Sigma_1, Pi_1 సూత్రాలు / పరిమిత అస్తిత్వ, సార్వత్రిక సూత్రాలు / సంవృత పదం / Sigma_1 సంపూర్ణత","te-Telu-IN","Telu","IN","standard formal Telugu","international logical and mathematical notation with Arabic decimal digits and Latin metavariables","OLP-0300","OLP-0300-B004","upstream/content/incompleteness/representability-in-q/sigma1-completeness.tex","9509cb0c6c1a6d93245a581021a177b4a658d0b098eb467d96a1fd0ba2e14d3d","9","10","169","256","translation/content/incompleteness/representability-in-q/sigma1-completeness.tex","88db2e18b64d55eefbf53ba9332704a9ba80e6aa0622e47e09bacc3eff59d5cd","9","10","169","268","pending","","The cited unit is not yet integrated into the coherent full reader; no printed or assembled PDF page is guessed.","Please double-check whether “Qలో ప్రాతినిధ్యయోగ్యత / ప్రాతినిధ్య సూత్రం / బీటా ప్రమేయ ఉపపత్తి / పరస్పర ప్రధాన / మాడ్యులో సమానశేష / గరిష్ఠ సామాన్య భాజకం / కనిష్ఠ సామాన్య గుణిజం / సున్‌జి సిద్ధాంతం (చైనీయ శేష సిద్ధాంతం) / ఆదిమ పునరావృత్తి అనుకరణ / సక్రమ కనిష్ఠీకరణ / ప్రాతినిధ్యం చేయదగిన ప్రాథమిక ప్రమేయాలు / సంయుక్తం కింద సంవృతత / సంబంధాల ప్రాతినిధ్యం / Delta_0, Sigma_1, Pi_1 సూత్రాలు / పరిమిత అస్తిత్వ, సార్వత్రిక సూత్రాలు / సంవృత పదం / Sigma_1 సంపూర్ణత” is idiomatic and technically standard for “representability in Q / representing formula / beta function lemma / relatively prime / congruent modulo / greatest common divisor / least common multiple / Sunzi's theorem (Chinese Remainder Theorem) / simulation of primitive recursion / regular minimization / basic representable functions / closure under composition / representation of relations / Delta_0, Sigma_1 and Pi_1 formulas / bounded existential and universal formulas / closed term / Sigma_1 completeness” in Telugu logic/mathematics across Andhra Pradesh and Telangana. If not, what exact replacement should be used while leaving the displayed definition, formulas and source scope unchanged?"
"te-Telu-IN-TE-T073","te-Telu-IN-TE-T073-OCC-001","terminology","retrospective","high","low","true","theories and computability / deductively closed theory / c.e.-complete theory / omega-consistency / universal computable relation / consistent extension / computably axiomatizable theory / complete theory / computable inseparability / provable and refutable sentences / interpretation of a theory / consistent decidable extension","సిద్ధాంతాలు మరియు గణనీయత / నిగమన పరంగా సంవృతమైన సిద్ధాంతం / గ.లె.-సంపూర్ణ సిద్ధాంతం / omega-అవైరుధ్యం / సార్వత్రిక గణనీయ సంబంధం / అవైరుధ్య విస్తరణ / స్వీకృతీకరించదగిన సిద్ధాంతం / సంపూర్ణ సిద్ధాంతం / గణనీయంగా వేరుపరచలేనితనం / నిరూపించదగిన, ఖండించదగిన వాక్యాలు / ఒక సిద్ధాంతాన్ని అర్థనిర్దేశం చేయడం / అవైరుధ్యమైన నిర్ణయించదగిన విస్తరణ","te-Telu-IN","Telu","IN","standard formal Telugu","international logical and mathematical notation with Arabic decimal digits and Latin metavariables","OLP-0301","OLP-0301-B005","upstream/content/incompleteness/theories-computability/theories-computability.tex","7ad40d40de21a99732a88044dbcad5e27bc167251fec630bd668d70b02562e7d","15","15","413","462","translation/content/incompleteness/theories-computability/theories-computability.tex","6f7259a6c417a80370230b0662d87584e3f28c65316b86b7399a325fcdf33e30","14","14","790","881","pending","","The cited unit is not yet integrated into the coherent full reader; no printed or assembled PDF page is guessed.","Please double-check whether “సిద్ధాంతాలు మరియు గణనీయత / నిగమన పరంగా సంవృతమైన సిద్ధాంతం / గ.లె.-సంపూర్ణ సిద్ధాంతం / omega-అవైరుధ్యం / సార్వత్రిక గణనీయ సంబంధం / అవైరుధ్య విస్తరణ / స్వీకృతీకరించదగిన సిద్ధాంతం / సంపూర్ణ సిద్ధాంతం / గణనీయంగా వేరుపరచలేనితనం / నిరూపించదగిన, ఖండించదగిన వాక్యాలు / ఒక సిద్ధాంతాన్ని అర్థనిర్దేశం చేయడం / అవైరుధ్యమైన నిర్ణయించదగిన విస్తరణ” is idiomatic and technically standard for “theories and computability / deductively closed theory / c.e.-complete theory / omega-consistency / universal computable relation / consistent extension / computably axiomatizable theory / complete theory / computable inseparability / provable and refutable sentences / interpretation of a theory / consistent decidable extension” in Telugu logic/mathematics across Andhra Pradesh and Telangana. If not, what exact replacement should be used while leaving the displayed definition, formulas and source scope unchanged?"
"te-Telu-IN-TE-T073","te-Telu-IN-TE-T073-OCC-002","terminology","retrospective","high","low","true","theories and computability / deductively closed theory / c.e.-complete theory / omega-consistency / universal computable relation / consistent extension / computably axiomatizable theory / complete theory / computable inseparability / provable and refutable sentences / interpretation of a theory / consistent decidable extension","సిద్ధాంతాలు మరియు గణనీయత / నిగమన పరంగా సంవృతమైన సిద్ధాంతం / గ.లె.-సంపూర్ణ సిద్ధాంతం / omega-అవైరుధ్యం / సార్వత్రిక గణనీయ సంబంధం / అవైరుధ్య విస్తరణ / స్వీకృతీకరించదగిన సిద్ధాంతం / సంపూర్ణ సిద్ధాంతం / గణనీయంగా వేరుపరచలేనితనం / నిరూపించదగిన, ఖండించదగిన వాక్యాలు / ఒక సిద్ధాంతాన్ని అర్థనిర్దేశం చేయడం / అవైరుధ్యమైన నిర్ణయించదగిన విస్తరణ","te-Telu-IN","Telu","IN","standard formal Telugu","international logical and mathematical notation with Arabic decimal digits and Latin metavariables","OLP-0303","OLP-0303-B005","upstream/content/incompleteness/theories-computability/q-is-ce.tex","26919c5d76e83e2084a4b157b7991d7a4f798c61973106e903f93812432122a4","11","11","184","238","translation/content/incompleteness/theories-computability/q-is-ce.tex","77b476a6f169cb022699f752783353cf286bed52dc811c8521a7b50ff29cc46b","11","11","184","251","pending","","The cited unit is not yet integrated into the coherent full reader; no printed or assembled PDF page is guessed.","Please double-check whether “సిద్ధాంతాలు మరియు గణనీయత / నిగమన పరంగా సంవృతమైన సిద్ధాంతం / గ.లె.-సంపూర్ణ సిద్ధాంతం / omega-అవైరుధ్యం / సార్వత్రిక గణనీయ సంబంధం / అవైరుధ్య విస్తరణ / స్వీకృతీకరించదగిన సిద్ధాంతం / సంపూర్ణ సిద్ధాంతం / గణనీయంగా వేరుపరచలేనితనం / నిరూపించదగిన, ఖండించదగిన వాక్యాలు / ఒక సిద్ధాంతాన్ని అర్థనిర్దేశం చేయడం / అవైరుధ్యమైన నిర్ణయించదగిన విస్తరణ” is idiomatic and technically standard for “theories and computability / deductively closed theory / c.e.-complete theory / omega-consistency / universal computable relation / consistent extension / computably axiomatizable theory / complete theory / computable inseparability / provable and refutable sentences / interpretation of a theory / consistent decidable extension” in Telugu logic/mathematics across Andhra Pradesh and Telangana. If not, what exact replacement should be used while leaving the displayed definition, formulas and source scope unchanged?"
"te-Telu-IN-TE-T073","te-Telu-IN-TE-T073-OCC-003","terminology","retrospective","high","low","true","theories and computability / deductively closed theory / c.e.-complete theory / omega-consistency / universal computable relation / consistent extension / computably axiomatizable theory / complete theory / computable inseparability / provable and refutable sentences / interpretation of a theory / consistent decidable extension","సిద్ధాంతాలు మరియు గణనీయత / నిగమన పరంగా సంవృతమైన సిద్ధాంతం / గ.లె.-సంపూర్ణ సిద్ధాంతం / omega-అవైరుధ్యం / సార్వత్రిక గణనీయ సంబంధం / అవైరుధ్య విస్తరణ / స్వీకృతీకరించదగిన సిద్ధాంతం / సంపూర్ణ సిద్ధాంతం / గణనీయంగా వేరుపరచలేనితనం / నిరూపించదగిన, ఖండించదగిన వాక్యాలు / ఒక సిద్ధాంతాన్ని అర్థనిర్దేశం చేయడం / అవైరుధ్యమైన నిర్ణయించదగిన విస్తరణ","te-Telu-IN","Telu","IN","standard formal Telugu","international logical and mathematical notation with Arabic decimal digits and Latin metavariables","OLP-0304","OLP-0304-B005","upstream/content/incompleteness/theories-computability/oconsis-ext-of-q-undec.tex","141abd39d6939f679a6ee519dd4d9782a870650b8d94fdceff9f5b0e29cd8265","11","11","199","270","translation/content/incompleteness/theories-computability/oconsis-ext-of-q-undec.tex","428c89f2ea293d5626dfdf35d5d8f7ce89ae95d6d2ee17c27e7e867082607f94","11","11","199","338","pending","","The cited unit is not yet integrated into the coherent full reader; no printed or assembled PDF page is guessed.","Please double-check whether “సిద్ధాంతాలు మరియు గణనీయత / నిగమన పరంగా సంవృతమైన సిద్ధాంతం / గ.లె.-సంపూర్ణ సిద్ధాంతం / omega-అవైరుధ్యం / సార్వత్రిక గణనీయ సంబంధం / అవైరుధ్య విస్తరణ / స్వీకృతీకరించదగిన సిద్ధాంతం / సంపూర్ణ సిద్ధాంతం / గణనీయంగా వేరుపరచలేనితనం / నిరూపించదగిన, ఖండించదగిన వాక్యాలు / ఒక సిద్ధాంతాన్ని అర్థనిర్దేశం చేయడం / అవైరుధ్యమైన నిర్ణయించదగిన విస్తరణ” is idiomatic and technically standard for “theories and computability / deductively closed theory / c.e.-complete theory / omega-consistency / universal computable relation / consistent extension / computably axiomatizable theory / complete theory / computable inseparability / provable and refutable sentences / interpretation of a theory / consistent decidable extension” in Telugu logic/mathematics across Andhra Pradesh and Telangana. If not, what exact replacement should be used while leaving the displayed definition, formulas and source scope unchanged?"
"te-Telu-IN-TE-T073","te-Telu-IN-TE-T073-OCC-004","terminology","retrospective","high","low","true","theories and computability / deductively closed theory / c.e.-complete theory / omega-consistency / universal computable relation / consistent extension / computably axiomatizable theory / complete theory / computable inseparability / provable and refutable sentences / interpretation of a theory / consistent decidable extension","సిద్ధాంతాలు మరియు గణనీయత / నిగమన పరంగా సంవృతమైన సిద్ధాంతం / గ.లె.-సంపూర్ణ సిద్ధాంతం / omega-అవైరుధ్యం / సార్వత్రిక గణనీయ సంబంధం / అవైరుధ్య విస్తరణ / స్వీకృతీకరించదగిన సిద్ధాంతం / సంపూర్ణ సిద్ధాంతం / గణనీయంగా వేరుపరచలేనితనం / నిరూపించదగిన, ఖండించదగిన వాక్యాలు / ఒక సిద్ధాంతాన్ని అర్థనిర్దేశం చేయడం / అవైరుధ్యమైన నిర్ణయించదగిన విస్తరణ","te-Telu-IN","Telu","IN","standard formal Telugu","international logical and mathematical notation with Arabic decimal digits and Latin metavariables","OLP-0305","OLP-0305-B007","upstream/content/incompleteness/theories-computability/extensions-of-q-not-decidable.tex","d81d5befab583c377a6a51acfffda6e2c4db3ba39aef1852fda6a88443c8547b","24","29","821","1116","translation/content/incompleteness/theories-computability/extensions-of-q-not-decidable.tex","d224842bac54d9d4d294337746d0ac345680f608580856979d0eefc6ea58e3bb","23","27","1636","2132","pending","","The cited unit is not yet integrated into the coherent full reader; no printed or assembled PDF page is guessed.","Please double-check whether “సిద్ధాంతాలు మరియు గణనీయత / నిగమన పరంగా సంవృతమైన సిద్ధాంతం / గ.లె.-సంపూర్ణ సిద్ధాంతం / omega-అవైరుధ్యం / సార్వత్రిక గణనీయ సంబంధం / అవైరుధ్య విస్తరణ / స్వీకృతీకరించదగిన సిద్ధాంతం / సంపూర్ణ సిద్ధాంతం / గణనీయంగా వేరుపరచలేనితనం / నిరూపించదగిన, ఖండించదగిన వాక్యాలు / ఒక సిద్ధాంతాన్ని అర్థనిర్దేశం చేయడం / అవైరుధ్యమైన నిర్ణయించదగిన విస్తరణ” is idiomatic and technically standard for “theories and computability / deductively closed theory / c.e.-complete theory / omega-consistency / universal computable relation / consistent extension / computably axiomatizable theory / complete theory / computable inseparability / provable and refutable sentences / interpretation of a theory / consistent decidable extension” in Telugu logic/mathematics across Andhra Pradesh and Telangana. If not, what exact replacement should be used while leaving the displayed definition, formulas and source scope unchanged?"
"te-Telu-IN-TE-T073","te-Telu-IN-TE-T073-OCC-005","terminology","retrospective","high","low","true","theories and computability / deductively closed theory / c.e.-complete theory / omega-consistency / universal computable relation / consistent extension / computably axiomatizable theory / complete theory / computable inseparability / provable and refutable sentences / interpretation of a theory / consistent decidable extension","సిద్ధాంతాలు మరియు గణనీయత / నిగమన పరంగా సంవృతమైన సిద్ధాంతం / గ.లె.-సంపూర్ణ సిద్ధాంతం / omega-అవైరుధ్యం / సార్వత్రిక గణనీయ సంబంధం / అవైరుధ్య విస్తరణ / స్వీకృతీకరించదగిన సిద్ధాంతం / సంపూర్ణ సిద్ధాంతం / గణనీయంగా వేరుపరచలేనితనం / నిరూపించదగిన, ఖండించదగిన వాక్యాలు / ఒక సిద్ధాంతాన్ని అర్థనిర్దేశం చేయడం / అవైరుధ్యమైన నిర్ణయించదగిన విస్తరణ","te-Telu-IN","Telu","IN","standard formal Telugu","international logical and mathematical notation with Arabic decimal digits and Latin metavariables","OLP-0306","OLP-0306-B006","upstream/content/incompleteness/theories-computability/computably-axiomatizable.tex","cefc4b7c268be41dd32831fc2258102ef090194ef6bb7df234ad618b0ddda19d","13","18","253","599","translation/content/incompleteness/theories-computability/computably-axiomatizable.tex","01ae8b68f8085e3b95e6b5b957aaa67dccbe9c83e0e92ceedc3cc48dd9f41ec0","13","17","278","1080","pending","","The cited unit is not yet integrated into the coherent full reader; no printed or assembled PDF page is guessed.","Please double-check whether “సిద్ధాంతాలు మరియు గణనీయత / నిగమన పరంగా సంవృతమైన సిద్ధాంతం / గ.లె.-సంపూర్ణ సిద్ధాంతం / omega-అవైరుధ్యం / సార్వత్రిక గణనీయ సంబంధం / అవైరుధ్య విస్తరణ / స్వీకృతీకరించదగిన సిద్ధాంతం / సంపూర్ణ సిద్ధాంతం / గణనీయంగా వేరుపరచలేనితనం / నిరూపించదగిన, ఖండించదగిన వాక్యాలు / ఒక సిద్ధాంతాన్ని అర్థనిర్దేశం చేయడం / అవైరుధ్యమైన నిర్ణయించదగిన విస్తరణ” is idiomatic and technically standard for “theories and computability / deductively closed theory / c.e.-complete theory / omega-consistency / universal computable relation / consistent extension / computably axiomatizable theory / complete theory / computable inseparability / provable and refutable sentences / interpretation of a theory / consistent decidable extension” in Telugu logic/mathematics across Andhra Pradesh and Telangana. If not, what exact replacement should be used while leaving the displayed definition, formulas and source scope unchanged?"
"te-Telu-IN-TE-T073","te-Telu-IN-TE-T073-OCC-006","terminology","retrospective","high","low","true","theories and computability / deductively closed theory / c.e.-complete theory / omega-consistency / universal computable relation / consistent extension / computably axiomatizable theory / complete theory / computable inseparability / provable and refutable sentences / interpretation of a theory / consistent decidable extension","సిద్ధాంతాలు మరియు గణనీయత / నిగమన పరంగా సంవృతమైన సిద్ధాంతం / గ.లె.-సంపూర్ణ సిద్ధాంతం / omega-అవైరుధ్యం / సార్వత్రిక గణనీయ సంబంధం / అవైరుధ్య విస్తరణ / స్వీకృతీకరించదగిన సిద్ధాంతం / సంపూర్ణ సిద్ధాంతం / గణనీయంగా వేరుపరచలేనితనం / నిరూపించదగిన, ఖండించదగిన వాక్యాలు / ఒక సిద్ధాంతాన్ని అర్థనిర్దేశం చేయడం / అవైరుధ్యమైన నిర్ణయించదగిన విస్తరణ","te-Telu-IN","Telu","IN","standard formal Telugu","international logical and mathematical notation with Arabic decimal digits and Latin metavariables","OLP-0309","OLP-0309-B005","upstream/content/incompleteness/theories-computability/inseparability.tex","d9da8fc6073ab195b526966775f35c67384af226328d0e98531a7a8b111c6ff8","11","12","191","277","translation/content/incompleteness/theories-computability/inseparability.tex","ef01a33f1d757a94d5fba360036e7feaae1786ffd558977598acfd093258707a","11","12","191","379","pending","","The cited unit is not yet integrated into the coherent full reader; no printed or assembled PDF page is guessed.","Please double-check whether “సిద్ధాంతాలు మరియు గణనీయత / నిగమన పరంగా సంవృతమైన సిద్ధాంతం / గ.లె.-సంపూర్ణ సిద్ధాంతం / omega-అవైరుధ్యం / సార్వత్రిక గణనీయ సంబంధం / అవైరుధ్య విస్తరణ / స్వీకృతీకరించదగిన సిద్ధాంతం / సంపూర్ణ సిద్ధాంతం / గణనీయంగా వేరుపరచలేనితనం / నిరూపించదగిన, ఖండించదగిన వాక్యాలు / ఒక సిద్ధాంతాన్ని అర్థనిర్దేశం చేయడం / అవైరుధ్యమైన నిర్ణయించదగిన విస్తరణ” is idiomatic and technically standard for “theories and computability / deductively closed theory / c.e.-complete theory / omega-consistency / universal computable relation / consistent extension / computably axiomatizable theory / complete theory / computable inseparability / provable and refutable sentences / interpretation of a theory / consistent decidable extension” in Telugu logic/mathematics across Andhra Pradesh and Telangana. If not, what exact replacement should be used while leaving the displayed definition, formulas and source scope unchanged?"
"te-Telu-IN-TE-T073","te-Telu-IN-TE-T073-OCC-007","terminology","retrospective","high","low","true","theories and computability / deductively closed theory / c.e.-complete theory / omega-consistency / universal computable relation / consistent extension / computably axiomatizable theory / complete theory / computable inseparability / provable and refutable sentences / interpretation of a theory / consistent decidable extension","సిద్ధాంతాలు మరియు గణనీయత / నిగమన పరంగా సంవృతమైన సిద్ధాంతం / గ.లె.-సంపూర్ణ సిద్ధాంతం / omega-అవైరుధ్యం / సార్వత్రిక గణనీయ సంబంధం / అవైరుధ్య విస్తరణ / స్వీకృతీకరించదగిన సిద్ధాంతం / సంపూర్ణ సిద్ధాంతం / గణనీయంగా వేరుపరచలేనితనం / నిరూపించదగిన, ఖండించదగిన వాక్యాలు / ఒక సిద్ధాంతాన్ని అర్థనిర్దేశం చేయడం / అవైరుధ్యమైన నిర్ణయించదగిన విస్తరణ","te-Telu-IN","Telu","IN","standard formal Telugu","international logical and mathematical notation with Arabic decimal digits and Latin metavariables","OLP-0311","OLP-0311-B005","upstream/content/incompleteness/theories-computability/interpretability.tex","180003bb40b9c0d66d6e9805dba9989e14b350ad857b45e35479923bb712a966","11","11","192","264","translation/content/incompleteness/theories-computability/interpretability.tex","fdd96d08b7cb93c525f26c655c150d9db44e7901fc4327844a4c5ded86039779","11","11","192","346","pending","","The cited unit is not yet integrated into the coherent full reader; no printed or assembled PDF page is guessed.","Please double-check whether “సిద్ధాంతాలు మరియు గణనీయత / నిగమన పరంగా సంవృతమైన సిద్ధాంతం / గ.లె.-సంపూర్ణ సిద్ధాంతం / omega-అవైరుధ్యం / సార్వత్రిక గణనీయ సంబంధం / అవైరుధ్య విస్తరణ / స్వీకృతీకరించదగిన సిద్ధాంతం / సంపూర్ణ సిద్ధాంతం / గణనీయంగా వేరుపరచలేనితనం / నిరూపించదగిన, ఖండించదగిన వాక్యాలు / ఒక సిద్ధాంతాన్ని అర్థనిర్దేశం చేయడం / అవైరుధ్యమైన నిర్ణయించదగిన విస్తరణ” is idiomatic and technically standard for “theories and computability / deductively closed theory / c.e.-complete theory / omega-consistency / universal computable relation / consistent extension / computably axiomatizable theory / complete theory / computable inseparability / provable and refutable sentences / interpretation of a theory / consistent decidable extension” in Telugu logic/mathematics across Andhra Pradesh and Telangana. If not, what exact replacement should be used while leaving the displayed definition, formulas and source scope unchanged?"
"te-Telu-IN-TE-T074","te-Telu-IN-TE-T074-OCC-001","terminology","retrospective","high","low","true","incompleteness and provability / fixed-point lemma / diagonalization / Goedel sentence / proof relation and representing proof formula / provability predicate / refutation / Rosser provability / Peano arithmetic / derivability conditions / consistency statement / reflection principle / Loeb's theorem / definability in the standard model / true arithmetic / undefinability of truth / intended interpretation / halting relation","అసంపూర్ణత మరియు నిరూపణీయత / స్థిరబిందు ఉపసిద్ధాంతం / వికర్ణీకరణ / గ్యోడెల్ వాక్యం / నిరూపణ సంబంధం మరియు దానికి ప్రాతినిధ్యం వహించే నిరూపణ సూత్రం / నిరూపణీయత విధేయం / ఖండన / రాసర్ నిరూపణీయత / పియానో అంకగణితం / వ్యుత్పాద్యతా షరతులు / అవైరుధ్య ప్రకటన / ప్రతిబింబ సూత్రం / లోబ్ సిద్ధాంతం / ప్రమాణ నమూనాలో నిర్వచనీయత / అంకగణితపు సత్య వాక్యాల సిద్ధాంతం / సత్యపు నిర్వచనాతీతత / ఉద్దేశిత అర్థనిర్దేశం / నిలుపుదల సంబంధం","te-Telu-IN","Telu","IN","standard formal Telugu","international logical and mathematical notation with Arabic decimal digits and Latin metavariables","OLP-0312","OLP-0312-B004","upstream/content/incompleteness/incompleteness-provability/incompleteness-provability.tex","0f9f91331dc384bcae2953a10d927ce1d39bb922693ea6eec054e48abeffab4c","8","8","137","190","translation/content/incompleteness/incompleteness-provability/incompleteness-provability.tex","88df400e20d55441e6049c1c9b81fa083fbc8ffb53a930bcbe56dd9fb0afc877","8","8","137","231","pending","","The cited unit is not yet integrated into the coherent full reader; no printed or assembled PDF page is guessed.","Please double-check whether “అసంపూర్ణత మరియు నిరూపణీయత / స్థిరబిందు ఉపసిద్ధాంతం / వికర్ణీకరణ / గ్యోడెల్ వాక్యం / నిరూపణ సంబంధం మరియు దానికి ప్రాతినిధ్యం వహించే నిరూపణ సూత్రం / నిరూపణీయత విధేయం / ఖండన / రాసర్ నిరూపణీయత / పియానో అంకగణితం / వ్యుత్పాద్యతా షరతులు / అవైరుధ్య ప్రకటన / ప్రతిబింబ సూత్రం / లోబ్ సిద్ధాంతం / ప్రమాణ నమూనాలో నిర్వచనీయత / అంకగణితపు సత్య వాక్యాల సిద్ధాంతం / సత్యపు నిర్వచనాతీతత / ఉద్దేశిత అర్థనిర్దేశం / నిలుపుదల సంబంధం” is idiomatic and technically standard for “incompleteness and provability / fixed-point lemma / diagonalization / Goedel sentence / proof relation and representing proof formula / provability predicate / refutation / Rosser provability / Peano arithmetic / derivability conditions / consistency statement / reflection principle / Loeb's theorem / definability in the standard model / true arithmetic / undefinability of truth / intended interpretation / halting relation” in Telugu logic/mathematics across Andhra Pradesh and Telangana. If not, what exact replacement should be used while leaving the displayed definition, formulas and source scope unchanged?"
"te-Telu-IN-TE-T074","te-Telu-IN-TE-T074-OCC-002","terminology","retrospective","high","low","true","incompleteness and provability / fixed-point lemma / diagonalization / Goedel sentence / proof relation and representing proof formula / provability predicate / refutation / Rosser provability / Peano arithmetic / derivability conditions / consistency statement / reflection principle / Loeb's theorem / definability in the standard model / true arithmetic / undefinability of truth / intended interpretation / halting relation","అసంపూర్ణత మరియు నిరూపణీయత / స్థిరబిందు ఉపసిద్ధాంతం / వికర్ణీకరణ / గ్యోడెల్ వాక్యం / నిరూపణ సంబంధం మరియు దానికి ప్రాతినిధ్యం వహించే నిరూపణ సూత్రం / నిరూపణీయత విధేయం / ఖండన / రాసర్ నిరూపణీయత / పియానో అంకగణితం / వ్యుత్పాద్యతా షరతులు / అవైరుధ్య ప్రకటన / ప్రతిబింబ సూత్రం / లోబ్ సిద్ధాంతం / ప్రమాణ నమూనాలో నిర్వచనీయత / అంకగణితపు సత్య వాక్యాల సిద్ధాంతం / సత్యపు నిర్వచనాతీతత / ఉద్దేశిత అర్థనిర్దేశం / నిలుపుదల సంబంధం","te-Telu-IN","Telu","IN","standard formal Telugu","international logical and mathematical notation with Arabic decimal digits and Latin metavariables","OLP-0313","OLP-0313-B009","upstream/content/incompleteness/incompleteness-provability/introduction.tex","85c5bd1864d412e461a0b7b8c3184db0af1c58940e21facdad02a4c86f56ef6c","53","63","2628","3335","translation/content/incompleteness/incompleteness-provability/introduction.tex","05771affac84fd6f790c764d74cc311aeec99e14345a402585ecd27f472c539c","50","58","6502","8048","pending","","The cited unit is not yet integrated into the coherent full reader; no printed or assembled PDF page is guessed.","Please double-check whether “అసంపూర్ణత మరియు నిరూపణీయత / స్థిరబిందు ఉపసిద్ధాంతం / వికర్ణీకరణ / గ్యోడెల్ వాక్యం / నిరూపణ సంబంధం మరియు దానికి ప్రాతినిధ్యం వహించే నిరూపణ సూత్రం / నిరూపణీయత విధేయం / ఖండన / రాసర్ నిరూపణీయత / పియానో అంకగణితం / వ్యుత్పాద్యతా షరతులు / అవైరుధ్య ప్రకటన / ప్రతిబింబ సూత్రం / లోబ్ సిద్ధాంతం / ప్రమాణ నమూనాలో నిర్వచనీయత / అంకగణితపు సత్య వాక్యాల సిద్ధాంతం / సత్యపు నిర్వచనాతీతత / ఉద్దేశిత అర్థనిర్దేశం / నిలుపుదల సంబంధం” is idiomatic and technically standard for “incompleteness and provability / fixed-point lemma / diagonalization / Goedel sentence / proof relation and representing proof formula / provability predicate / refutation / Rosser provability / Peano arithmetic / derivability conditions / consistency statement / reflection principle / Loeb's theorem / definability in the standard model / true arithmetic / undefinability of truth / intended interpretation / halting relation” in Telugu logic/mathematics across Andhra Pradesh and Telangana. If not, what exact replacement should be used while leaving the displayed definition, formulas and source scope unchanged?"
"te-Telu-IN-TE-T074","te-Telu-IN-TE-T074-OCC-003","terminology","retrospective","high","low","true","incompleteness and provability / fixed-point lemma / diagonalization / Goedel sentence / proof relation and representing proof formula / provability predicate / refutation / Rosser provability / Peano arithmetic / derivability conditions / consistency statement / reflection principle / Loeb's theorem / definability in the standard model / true arithmetic / undefinability of truth / intended interpretation / halting relation","అసంపూర్ణత మరియు నిరూపణీయత / స్థిరబిందు ఉపసిద్ధాంతం / వికర్ణీకరణ / గ్యోడెల్ వాక్యం / నిరూపణ సంబంధం మరియు దానికి ప్రాతినిధ్యం వహించే నిరూపణ సూత్రం / నిరూపణీయత విధేయం / ఖండన / రాసర్ నిరూపణీయత / పియానో అంకగణితం / వ్యుత్పాద్యతా షరతులు / అవైరుధ్య ప్రకటన / ప్రతిబింబ సూత్రం / లోబ్ సిద్ధాంతం / ప్రమాణ నమూనాలో నిర్వచనీయత / అంకగణితపు సత్య వాక్యాల సిద్ధాంతం / సత్యపు నిర్వచనాతీతత / ఉద్దేశిత అర్థనిర్దేశం / నిలుపుదల సంబంధం","te-Telu-IN","Telu","IN","standard formal Telugu","international logical and mathematical notation with Arabic decimal digits and Latin metavariables","OLP-0314","OLP-0314-B005","upstream/content/incompleteness/incompleteness-provability/fixed-point-lemma.tex","3e54d996af60656fa17a41135421c3d0e4d00e13cf8562a968f4af0f6c67337f","11","11","198","232","translation/content/incompleteness/incompleteness-provability/fixed-point-lemma.tex","e04c27f2383c209c2d95ebdbe1f0debdd70016c3473c539ebaf4bccc4493f90a","11","11","198","275","pending","","The cited unit is not yet integrated into the coherent full reader; no printed or assembled PDF page is guessed.","Please double-check whether “అసంపూర్ణత మరియు నిరూపణీయత / స్థిరబిందు ఉపసిద్ధాంతం / వికర్ణీకరణ / గ్యోడెల్ వాక్యం / నిరూపణ సంబంధం మరియు దానికి ప్రాతినిధ్యం వహించే నిరూపణ సూత్రం / నిరూపణీయత విధేయం / ఖండన / రాసర్ నిరూపణీయత / పియానో అంకగణితం / వ్యుత్పాద్యతా షరతులు / అవైరుధ్య ప్రకటన / ప్రతిబింబ సూత్రం / లోబ్ సిద్ధాంతం / ప్రమాణ నమూనాలో నిర్వచనీయత / అంకగణితపు సత్య వాక్యాల సిద్ధాంతం / సత్యపు నిర్వచనాతీతత / ఉద్దేశిత అర్థనిర్దేశం / నిలుపుదల సంబంధం” is idiomatic and technically standard for “incompleteness and provability / fixed-point lemma / diagonalization / Goedel sentence / proof relation and representing proof formula / provability predicate / refutation / Rosser provability / Peano arithmetic / derivability conditions / consistency statement / reflection principle / Loeb's theorem / definability in the standard model / true arithmetic / undefinability of truth / intended interpretation / halting relation” in Telugu logic/mathematics across Andhra Pradesh and Telangana. If not, what exact replacement should be used while leaving the displayed definition, formulas and source scope unchanged?"
"te-Telu-IN-TE-T074","te-Telu-IN-TE-T074-OCC-004","terminology","retrospective","high","low","true","incompleteness and provability / fixed-point lemma / diagonalization / Goedel sentence / proof relation and representing proof formula / provability predicate / refutation / Rosser provability / Peano arithmetic / derivability conditions / consistency statement / reflection principle / Loeb's theorem / definability in the standard model / true arithmetic / undefinability of truth / intended interpretation / halting relation","అసంపూర్ణత మరియు నిరూపణీయత / స్థిరబిందు ఉపసిద్ధాంతం / వికర్ణీకరణ / గ్యోడెల్ వాక్యం / నిరూపణ సంబంధం మరియు దానికి ప్రాతినిధ్యం వహించే నిరూపణ సూత్రం / నిరూపణీయత విధేయం / ఖండన / రాసర్ నిరూపణీయత / పియానో అంకగణితం / వ్యుత్పాద్యతా షరతులు / అవైరుధ్య ప్రకటన / ప్రతిబింబ సూత్రం / లోబ్ సిద్ధాంతం / ప్రమాణ నమూనాలో నిర్వచనీయత / అంకగణితపు సత్య వాక్యాల సిద్ధాంతం / సత్యపు నిర్వచనాతీతత / ఉద్దేశిత అర్థనిర్దేశం / నిలుపుదల సంబంధం","te-Telu-IN","Telu","IN","standard formal Telugu","international logical and mathematical notation with Arabic decimal digits and Latin metavariables","OLP-0315","OLP-0315-B005","upstream/content/incompleteness/incompleteness-provability/first-incompleteness-thm.tex","076a28d62623cf636f5ca0b13b86a3e765b760caa6f69bedac3c2265d86d4950","11","11","205","250","translation/content/incompleteness/incompleteness-provability/first-incompleteness-thm.tex","c7b456d5ad38d2aa8320d3e3c8b6725c6af720bd26ce4ca0d9cdd1202cab3346","11","11","205","292","pending","","The cited unit is not yet integrated into the coherent full reader; no printed or assembled PDF page is guessed.","Please double-check whether “అసంపూర్ణత మరియు నిరూపణీయత / స్థిరబిందు ఉపసిద్ధాంతం / వికర్ణీకరణ / గ్యోడెల్ వాక్యం / నిరూపణ సంబంధం మరియు దానికి ప్రాతినిధ్యం వహించే నిరూపణ సూత్రం / నిరూపణీయత విధేయం / ఖండన / రాసర్ నిరూపణీయత / పియానో అంకగణితం / వ్యుత్పాద్యతా షరతులు / అవైరుధ్య ప్రకటన / ప్రతిబింబ సూత్రం / లోబ్ సిద్ధాంతం / ప్రమాణ నమూనాలో నిర్వచనీయత / అంకగణితపు సత్య వాక్యాల సిద్ధాంతం / సత్యపు నిర్వచనాతీతత / ఉద్దేశిత అర్థనిర్దేశం / నిలుపుదల సంబంధం” is idiomatic and technically standard for “incompleteness and provability / fixed-point lemma / diagonalization / Goedel sentence / proof relation and representing proof formula / provability predicate / refutation / Rosser provability / Peano arithmetic / derivability conditions / consistency statement / reflection principle / Loeb's theorem / definability in the standard model / true arithmetic / undefinability of truth / intended interpretation / halting relation” in Telugu logic/mathematics across Andhra Pradesh and Telangana. If not, what exact replacement should be used while leaving the displayed definition, formulas and source scope unchanged?"
"te-Telu-IN-TE-T074","te-Telu-IN-TE-T074-OCC-005","terminology","retrospective","high","low","true","incompleteness and provability / fixed-point lemma / diagonalization / Goedel sentence / proof relation and representing proof formula / provability predicate / refutation / Rosser provability / Peano arithmetic / derivability conditions / consistency statement / reflection principle / Loeb's theorem / definability in the standard model / true arithmetic / undefinability of truth / intended interpretation / halting relation","అసంపూర్ణత మరియు నిరూపణీయత / స్థిరబిందు ఉపసిద్ధాంతం / వికర్ణీకరణ / గ్యోడెల్ వాక్యం / నిరూపణ సంబంధం మరియు దానికి ప్రాతినిధ్యం వహించే నిరూపణ సూత్రం / నిరూపణీయత విధేయం / ఖండన / రాసర్ నిరూపణీయత / పియానో అంకగణితం / వ్యుత్పాద్యతా షరతులు / అవైరుధ్య ప్రకటన / ప్రతిబింబ సూత్రం / లోబ్ సిద్ధాంతం / ప్రమాణ నమూనాలో నిర్వచనీయత / అంకగణితపు సత్య వాక్యాల సిద్ధాంతం / సత్యపు నిర్వచనాతీతత / ఉద్దేశిత అర్థనిర్దేశం / నిలుపుదల సంబంధం","te-Telu-IN","Telu","IN","standard formal Telugu","international logical and mathematical notation with Arabic decimal digits and Latin metavariables","OLP-0316","OLP-0316-B005","upstream/content/incompleteness/incompleteness-provability/rosser-thm.tex","3c59d5c743202651c9d749cdee809bc8daaf013aa0a0d23719760205601ad55f","11","11","191","220","translation/content/incompleteness/incompleteness-provability/rosser-thm.tex","a3212f20a8d9903b1d11077f86e2a5b641d1ae63716e14335bcefa6ea3992597","11","11","191","247","pending","","The cited unit is not yet integrated into the coherent full reader; no printed or assembled PDF page is guessed.","Please double-check whether “అసంపూర్ణత మరియు నిరూపణీయత / స్థిరబిందు ఉపసిద్ధాంతం / వికర్ణీకరణ / గ్యోడెల్ వాక్యం / నిరూపణ సంబంధం మరియు దానికి ప్రాతినిధ్యం వహించే నిరూపణ సూత్రం / నిరూపణీయత విధేయం / ఖండన / రాసర్ నిరూపణీయత / పియానో అంకగణితం / వ్యుత్పాద్యతా షరతులు / అవైరుధ్య ప్రకటన / ప్రతిబింబ సూత్రం / లోబ్ సిద్ధాంతం / ప్రమాణ నమూనాలో నిర్వచనీయత / అంకగణితపు సత్య వాక్యాల సిద్ధాంతం / సత్యపు నిర్వచనాతీతత / ఉద్దేశిత అర్థనిర్దేశం / నిలుపుదల సంబంధం” is idiomatic and technically standard for “incompleteness and provability / fixed-point lemma / diagonalization / Goedel sentence / proof relation and representing proof formula / provability predicate / refutation / Rosser provability / Peano arithmetic / derivability conditions / consistency statement / reflection principle / Loeb's theorem / definability in the standard model / true arithmetic / undefinability of truth / intended interpretation / halting relation” in Telugu logic/mathematics across Andhra Pradesh and Telangana. If not, what exact replacement should be used while leaving the displayed definition, formulas and source scope unchanged?"
"te-Telu-IN-TE-T074","te-Telu-IN-TE-T074-OCC-006","terminology","retrospective","high","low","true","incompleteness and provability / fixed-point lemma / diagonalization / Goedel sentence / proof relation and representing proof formula / provability predicate / refutation / Rosser provability / Peano arithmetic / derivability conditions / consistency statement / reflection principle / Loeb's theorem / definability in the standard model / true arithmetic / undefinability of truth / intended interpretation / halting relation","అసంపూర్ణత మరియు నిరూపణీయత / స్థిరబిందు ఉపసిద్ధాంతం / వికర్ణీకరణ / గ్యోడెల్ వాక్యం / నిరూపణ సంబంధం మరియు దానికి ప్రాతినిధ్యం వహించే నిరూపణ సూత్రం / నిరూపణీయత విధేయం / ఖండన / రాసర్ నిరూపణీయత / పియానో అంకగణితం / వ్యుత్పాద్యతా షరతులు / అవైరుధ్య ప్రకటన / ప్రతిబింబ సూత్రం / లోబ్ సిద్ధాంతం / ప్రమాణ నమూనాలో నిర్వచనీయత / అంకగణితపు సత్య వాక్యాల సిద్ధాంతం / సత్యపు నిర్వచనాతీతత / ఉద్దేశిత అర్థనిర్దేశం / నిలుపుదల సంబంధం","te-Telu-IN","Telu","IN","standard formal Telugu","international logical and mathematical notation with Arabic decimal digits and Latin metavariables","OLP-0317","OLP-0317-B005","upstream/content/incompleteness/incompleteness-provability/godels-paper.tex","4e6444ba77091bc73d2e62d8f45030250ef27d3049d1c88a49b4995ee2d11f23","11","11","193","246","translation/content/incompleteness/incompleteness-provability/godels-paper.tex","88c8786acf94d27b96887e16443cd634160a3f46be97fd427875e872235c8c2f","11","11","193","302","pending","","The cited unit is not yet integrated into the coherent full reader; no printed or assembled PDF page is guessed.","Please double-check whether “అసంపూర్ణత మరియు నిరూపణీయత / స్థిరబిందు ఉపసిద్ధాంతం / వికర్ణీకరణ / గ్యోడెల్ వాక్యం / నిరూపణ సంబంధం మరియు దానికి ప్రాతినిధ్యం వహించే నిరూపణ సూత్రం / నిరూపణీయత విధేయం / ఖండన / రాసర్ నిరూపణీయత / పియానో అంకగణితం / వ్యుత్పాద్యతా షరతులు / అవైరుధ్య ప్రకటన / ప్రతిబింబ సూత్రం / లోబ్ సిద్ధాంతం / ప్రమాణ నమూనాలో నిర్వచనీయత / అంకగణితపు సత్య వాక్యాల సిద్ధాంతం / సత్యపు నిర్వచనాతీతత / ఉద్దేశిత అర్థనిర్దేశం / నిలుపుదల సంబంధం” is idiomatic and technically standard for “incompleteness and provability / fixed-point lemma / diagonalization / Goedel sentence / proof relation and representing proof formula / provability predicate / refutation / Rosser provability / Peano arithmetic / derivability conditions / consistency statement / reflection principle / Loeb's theorem / definability in the standard model / true arithmetic / undefinability of truth / intended interpretation / halting relation” in Telugu logic/mathematics across Andhra Pradesh and Telangana. If not, what exact replacement should be used while leaving the displayed definition, formulas and source scope unchanged?"
"te-Telu-IN-TE-T074","te-Telu-IN-TE-T074-OCC-007","terminology","retrospective","high","low","true","incompleteness and provability / fixed-point lemma / diagonalization / Goedel sentence / proof relation and representing proof formula / provability predicate / refutation / Rosser provability / Peano arithmetic / derivability conditions / consistency statement / reflection principle / Loeb's theorem / definability in the standard model / true arithmetic / undefinability of truth / intended interpretation / halting relation","అసంపూర్ణత మరియు నిరూపణీయత / స్థిరబిందు ఉపసిద్ధాంతం / వికర్ణీకరణ / గ్యోడెల్ వాక్యం / నిరూపణ సంబంధం మరియు దానికి ప్రాతినిధ్యం వహించే నిరూపణ సూత్రం / నిరూపణీయత విధేయం / ఖండన / రాసర్ నిరూపణీయత / పియానో అంకగణితం / వ్యుత్పాద్యతా షరతులు / అవైరుధ్య ప్రకటన / ప్రతిబింబ సూత్రం / లోబ్ సిద్ధాంతం / ప్రమాణ నమూనాలో నిర్వచనీయత / అంకగణితపు సత్య వాక్యాల సిద్ధాంతం / సత్యపు నిర్వచనాతీతత / ఉద్దేశిత అర్థనిర్దేశం / నిలుపుదల సంబంధం","te-Telu-IN","Telu","IN","standard formal Telugu","international logical and mathematical notation with Arabic decimal digits and Latin metavariables","OLP-0318","OLP-0318-B005","upstream/content/incompleteness/incompleteness-provability/provability-conditions.tex","09473b12608d6bb9393a45c7af241bc76669ad37c92b36d25d6e097cefe69f11","11","11","203","271","translation/content/incompleteness/incompleteness-provability/provability-conditions.tex","3b1e9090860321f70bd4b69985ec22370c7c5d8978e0343e7ec79902a1acfef4","11","11","203","277","pending","","The cited unit is not yet integrated into the coherent full reader; no printed or assembled PDF page is guessed.","Please double-check whether “అసంపూర్ణత మరియు నిరూపణీయత / స్థిరబిందు ఉపసిద్ధాంతం / వికర్ణీకరణ / గ్యోడెల్ వాక్యం / నిరూపణ సంబంధం మరియు దానికి ప్రాతినిధ్యం వహించే నిరూపణ సూత్రం / నిరూపణీయత విధేయం / ఖండన / రాసర్ నిరూపణీయత / పియానో అంకగణితం / వ్యుత్పాద్యతా షరతులు / అవైరుధ్య ప్రకటన / ప్రతిబింబ సూత్రం / లోబ్ సిద్ధాంతం / ప్రమాణ నమూనాలో నిర్వచనీయత / అంకగణితపు సత్య వాక్యాల సిద్ధాంతం / సత్యపు నిర్వచనాతీతత / ఉద్దేశిత అర్థనిర్దేశం / నిలుపుదల సంబంధం” is idiomatic and technically standard for “incompleteness and provability / fixed-point lemma / diagonalization / Goedel sentence / proof relation and representing proof formula / provability predicate / refutation / Rosser provability / Peano arithmetic / derivability conditions / consistency statement / reflection principle / Loeb's theorem / definability in the standard model / true arithmetic / undefinability of truth / intended interpretation / halting relation” in Telugu logic/mathematics across Andhra Pradesh and Telangana. If not, what exact replacement should be used while leaving the displayed definition, formulas and source scope unchanged?"
"te-Telu-IN-TE-T074","te-Telu-IN-TE-T074-OCC-008","terminology","retrospective","high","low","true","incompleteness and provability / fixed-point lemma / diagonalization / Goedel sentence / proof relation and representing proof formula / provability predicate / refutation / Rosser provability / Peano arithmetic / derivability conditions / consistency statement / reflection principle / Loeb's theorem / definability in the standard model / true arithmetic / undefinability of truth / intended interpretation / halting relation","అసంపూర్ణత మరియు నిరూపణీయత / స్థిరబిందు ఉపసిద్ధాంతం / వికర్ణీకరణ / గ్యోడెల్ వాక్యం / నిరూపణ సంబంధం మరియు దానికి ప్రాతినిధ్యం వహించే నిరూపణ సూత్రం / నిరూపణీయత విధేయం / ఖండన / రాసర్ నిరూపణీయత / పియానో అంకగణితం / వ్యుత్పాద్యతా షరతులు / అవైరుధ్య ప్రకటన / ప్రతిబింబ సూత్రం / లోబ్ సిద్ధాంతం / ప్రమాణ నమూనాలో నిర్వచనీయత / అంకగణితపు సత్య వాక్యాల సిద్ధాంతం / సత్యపు నిర్వచనాతీతత / ఉద్దేశిత అర్థనిర్దేశం / నిలుపుదల సంబంధం","te-Telu-IN","Telu","IN","standard formal Telugu","international logical and mathematical notation with Arabic decimal digits and Latin metavariables","OLP-0319","OLP-0319-B005","upstream/content/incompleteness/incompleteness-provability/second-incompleteness-thm.tex","8b96ecc610effe58fb1c422015965d42725f9f3832a00558e2b15753861a55fe","11","11","206","252","translation/content/incompleteness/incompleteness-provability/second-incompleteness-thm.tex","d38cdfdc7cdb2f146d0c1780d370e32dafc9d9f071a6ef74e7d000662892fc26","11","11","206","293","pending","","The cited unit is not yet integrated into the coherent full reader; no printed or assembled PDF page is guessed.","Please double-check whether “అసంపూర్ణత మరియు నిరూపణీయత / స్థిరబిందు ఉపసిద్ధాంతం / వికర్ణీకరణ / గ్యోడెల్ వాక్యం / నిరూపణ సంబంధం మరియు దానికి ప్రాతినిధ్యం వహించే నిరూపణ సూత్రం / నిరూపణీయత విధేయం / ఖండన / రాసర్ నిరూపణీయత / పియానో అంకగణితం / వ్యుత్పాద్యతా షరతులు / అవైరుధ్య ప్రకటన / ప్రతిబింబ సూత్రం / లోబ్ సిద్ధాంతం / ప్రమాణ నమూనాలో నిర్వచనీయత / అంకగణితపు సత్య వాక్యాల సిద్ధాంతం / సత్యపు నిర్వచనాతీతత / ఉద్దేశిత అర్థనిర్దేశం / నిలుపుదల సంబంధం” is idiomatic and technically standard for “incompleteness and provability / fixed-point lemma / diagonalization / Goedel sentence / proof relation and representing proof formula / provability predicate / refutation / Rosser provability / Peano arithmetic / derivability conditions / consistency statement / reflection principle / Loeb's theorem / definability in the standard model / true arithmetic / undefinability of truth / intended interpretation / halting relation” in Telugu logic/mathematics across Andhra Pradesh and Telangana. If not, what exact replacement should be used while leaving the displayed definition, formulas and source scope unchanged?"
"te-Telu-IN-TE-T074","te-Telu-IN-TE-T074-OCC-009","terminology","retrospective","high","low","true","incompleteness and provability / fixed-point lemma / diagonalization / Goedel sentence / proof relation and representing proof formula / provability predicate / refutation / Rosser provability / Peano arithmetic / derivability conditions / consistency statement / reflection principle / Loeb's theorem / definability in the standard model / true arithmetic / undefinability of truth / intended interpretation / halting relation","అసంపూర్ణత మరియు నిరూపణీయత / స్థిరబిందు ఉపసిద్ధాంతం / వికర్ణీకరణ / గ్యోడెల్ వాక్యం / నిరూపణ సంబంధం మరియు దానికి ప్రాతినిధ్యం వహించే నిరూపణ సూత్రం / నిరూపణీయత విధేయం / ఖండన / రాసర్ నిరూపణీయత / పియానో అంకగణితం / వ్యుత్పాద్యతా షరతులు / అవైరుధ్య ప్రకటన / ప్రతిబింబ సూత్రం / లోబ్ సిద్ధాంతం / ప్రమాణ నమూనాలో నిర్వచనీయత / అంకగణితపు సత్య వాక్యాల సిద్ధాంతం / సత్యపు నిర్వచనాతీతత / ఉద్దేశిత అర్థనిర్దేశం / నిలుపుదల సంబంధం","te-Telu-IN","Telu","IN","standard formal Telugu","international logical and mathematical notation with Arabic decimal digits and Latin metavariables","OLP-0320","OLP-0320-B005","upstream/content/incompleteness/incompleteness-provability/lob-thm.tex","7b95df7ebaf50f218a71b706c3189750dd9499bb66f2b725dcbf3dec778fd73f","11","11","188","216","translation/content/incompleteness/incompleteness-provability/lob-thm.tex","e29c8abd9c0e1cf41f1359a563527c1e29661a6733afe668a310781d01f7e080","11","11","188","241","pending","","The cited unit is not yet integrated into the coherent full reader; no printed or assembled PDF page is guessed.","Please double-check whether “అసంపూర్ణత మరియు నిరూపణీయత / స్థిరబిందు ఉపసిద్ధాంతం / వికర్ణీకరణ / గ్యోడెల్ వాక్యం / నిరూపణ సంబంధం మరియు దానికి ప్రాతినిధ్యం వహించే నిరూపణ సూత్రం / నిరూపణీయత విధేయం / ఖండన / రాసర్ నిరూపణీయత / పియానో అంకగణితం / వ్యుత్పాద్యతా షరతులు / అవైరుధ్య ప్రకటన / ప్రతిబింబ సూత్రం / లోబ్ సిద్ధాంతం / ప్రమాణ నమూనాలో నిర్వచనీయత / అంకగణితపు సత్య వాక్యాల సిద్ధాంతం / సత్యపు నిర్వచనాతీతత / ఉద్దేశిత అర్థనిర్దేశం / నిలుపుదల సంబంధం” is idiomatic and technically standard for “incompleteness and provability / fixed-point lemma / diagonalization / Goedel sentence / proof relation and representing proof formula / provability predicate / refutation / Rosser provability / Peano arithmetic / derivability conditions / consistency statement / reflection principle / Loeb's theorem / definability in the standard model / true arithmetic / undefinability of truth / intended interpretation / halting relation” in Telugu logic/mathematics across Andhra Pradesh and Telangana. If not, what exact replacement should be used while leaving the displayed definition, formulas and source scope unchanged?"
"te-Telu-IN-TE-T074","te-Telu-IN-TE-T074-OCC-010","terminology","retrospective","high","low","true","incompleteness and provability / fixed-point lemma / diagonalization / Goedel sentence / proof relation and representing proof formula / provability predicate / refutation / Rosser provability / Peano arithmetic / derivability conditions / consistency statement / reflection principle / Loeb's theorem / definability in the standard model / true arithmetic / undefinability of truth / intended interpretation / halting relation","అసంపూర్ణత మరియు నిరూపణీయత / స్థిరబిందు ఉపసిద్ధాంతం / వికర్ణీకరణ / గ్యోడెల్ వాక్యం / నిరూపణ సంబంధం మరియు దానికి ప్రాతినిధ్యం వహించే నిరూపణ సూత్రం / నిరూపణీయత విధేయం / ఖండన / రాసర్ నిరూపణీయత / పియానో అంకగణితం / వ్యుత్పాద్యతా షరతులు / అవైరుధ్య ప్రకటన / ప్రతిబింబ సూత్రం / లోబ్ సిద్ధాంతం / ప్రమాణ నమూనాలో నిర్వచనీయత / అంకగణితపు సత్య వాక్యాల సిద్ధాంతం / సత్యపు నిర్వచనాతీతత / ఉద్దేశిత అర్థనిర్దేశం / నిలుపుదల సంబంధం","te-Telu-IN","Telu","IN","standard formal Telugu","international logical and mathematical notation with Arabic decimal digits and Latin metavariables","OLP-0321","OLP-0321-B005","upstream/content/incompleteness/incompleteness-provability/tarski-thm.tex","f967d78857eb1d7c618a36065f6506072ade75b3f30fefe3dc4728be74da2226","11","11","188","228","translation/content/incompleteness/incompleteness-provability/tarski-thm.tex","52227785fb8f73f22d21b518db8b81928141b38d58ebd598c472d620e01e17c8","11","11","188","256","pending","","The cited unit is not yet integrated into the coherent full reader; no printed or assembled PDF page is guessed.","Please double-check whether “అసంపూర్ణత మరియు నిరూపణీయత / స్థిరబిందు ఉపసిద్ధాంతం / వికర్ణీకరణ / గ్యోడెల్ వాక్యం / నిరూపణ సంబంధం మరియు దానికి ప్రాతినిధ్యం వహించే నిరూపణ సూత్రం / నిరూపణీయత విధేయం / ఖండన / రాసర్ నిరూపణీయత / పియానో అంకగణితం / వ్యుత్పాద్యతా షరతులు / అవైరుధ్య ప్రకటన / ప్రతిబింబ సూత్రం / లోబ్ సిద్ధాంతం / ప్రమాణ నమూనాలో నిర్వచనీయత / అంకగణితపు సత్య వాక్యాల సిద్ధాంతం / సత్యపు నిర్వచనాతీతత / ఉద్దేశిత అర్థనిర్దేశం / నిలుపుదల సంబంధం” is idiomatic and technically standard for “incompleteness and provability / fixed-point lemma / diagonalization / Goedel sentence / proof relation and representing proof formula / provability predicate / refutation / Rosser provability / Peano arithmetic / derivability conditions / consistency statement / reflection principle / Loeb's theorem / definability in the standard model / true arithmetic / undefinability of truth / intended interpretation / halting relation” in Telugu logic/mathematics across Andhra Pradesh and Telangana. If not, what exact replacement should be used while leaving the displayed definition, formulas and source scope unchanged?"
"te-Telu-IN-TE-T075","te-Telu-IN-TE-T075-OCC-001","terminology","retrospective","high","low","true","second-order logic / relation and function variable / standard semantics / variable assignment / x-variant / second-order term and formula / validity / semantic entailment / satisfiability / expressive power / definable relation / transitive closure / Dedekind infinite / enumerable and denumerable domain","ద్వితీయ-స్థాయి తర్కం / సంబంధ చరం మరియు ప్రమేయ చరం / ప్రామాణిక అర్థవిచారం / చర నిర్దేశం / x-భేదరూపం / ద్వితీయ-స్థాయి పదం మరియు సూత్రం / చెల్లుబాటుతనం / అర్థపర అనుగమనం / సంతృప్తిపరచదగినతనం / వ్యక్తీకరణశక్తి / నిర్వచించదగిన సంబంధం / సంక్రమణ సంవృతి / డెడెకిండ్ అనంతం / లెక్కించదగిన మరియు అనంతంగా లెక్కించదగిన వ్యక్తి క్షేత్రం","te-Telu-IN","Telu","IN","standard formal Telugu","international logical and mathematical notation with Arabic decimal digits and Latin metavariables","OLP-0322","OLP-0322-B004","upstream/content/second-order-logic/second-order-logic.tex","08ba516c543622df9df6ffecc8250ae6641be5f470e04620c0159e6e107059b8","7","7","103","136","translation/content/second-order-logic/second-order-logic.tex","af7250593a18dfa33dd02eac00d9c7f5c122d6abb3fa915a5e20b8c605adbc15","7","7","103","174","pending","","The cited unit is not yet integrated into the coherent full reader; no printed or assembled PDF page is guessed.","Please double-check whether “ద్వితీయ-స్థాయి తర్కం / సంబంధ చరం మరియు ప్రమేయ చరం / ప్రామాణిక అర్థవిచారం / చర నిర్దేశం / x-భేదరూపం / ద్వితీయ-స్థాయి పదం మరియు సూత్రం / చెల్లుబాటుతనం / అర్థపర అనుగమనం / సంతృప్తిపరచదగినతనం / వ్యక్తీకరణశక్తి / నిర్వచించదగిన సంబంధం / సంక్రమణ సంవృతి / డెడెకిండ్ అనంతం / లెక్కించదగిన మరియు అనంతంగా లెక్కించదగిన వ్యక్తి క్షేత్రం” is idiomatic and technically standard for “second-order logic / relation and function variable / standard semantics / variable assignment / x-variant / second-order term and formula / validity / semantic entailment / satisfiability / expressive power / definable relation / transitive closure / Dedekind infinite / enumerable and denumerable domain” in Telugu logic/mathematics across Andhra Pradesh and Telangana. If not, what exact replacement should be used while leaving the displayed definition, formulas and source scope unchanged?"
"te-Telu-IN-TE-T075","te-Telu-IN-TE-T075-OCC-002","terminology","retrospective","high","low","true","second-order logic / relation and function variable / standard semantics / variable assignment / x-variant / second-order term and formula / validity / semantic entailment / satisfiability / expressive power / definable relation / transitive closure / Dedekind infinite / enumerable and denumerable domain","ద్వితీయ-స్థాయి తర్కం / సంబంధ చరం మరియు ప్రమేయ చరం / ప్రామాణిక అర్థవిచారం / చర నిర్దేశం / x-భేదరూపం / ద్వితీయ-స్థాయి పదం మరియు సూత్రం / చెల్లుబాటుతనం / అర్థపర అనుగమనం / సంతృప్తిపరచదగినతనం / వ్యక్తీకరణశక్తి / నిర్వచించదగిన సంబంధం / సంక్రమణ సంవృతి / డెడెకిండ్ అనంతం / లెక్కించదగిన మరియు అనంతంగా లెక్కించదగిన వ్యక్తి క్షేత్రం","te-Telu-IN","Telu","IN","standard formal Telugu","international logical and mathematical notation with Arabic decimal digits and Latin metavariables","OLP-0323","OLP-0323-B004","upstream/content/second-order-logic/syntax-and-semantics/syntax-and-semantics.tex","b2c044a8b12eeee888e31f3e2615d7cd891f472e362e0328239b4c8cd8680aea","8","8","141","184","translation/content/second-order-logic/syntax-and-semantics/syntax-and-semantics.tex","3a4558a756f6b0f56a96b523716b42030003225d42d25eafe0a8a9924f1f6889","8","8","141","250","pending","","The cited unit is not yet integrated into the coherent full reader; no printed or assembled PDF page is guessed.","Please double-check whether “ద్వితీయ-స్థాయి తర్కం / సంబంధ చరం మరియు ప్రమేయ చరం / ప్రామాణిక అర్థవిచారం / చర నిర్దేశం / x-భేదరూపం / ద్వితీయ-స్థాయి పదం మరియు సూత్రం / చెల్లుబాటుతనం / అర్థపర అనుగమనం / సంతృప్తిపరచదగినతనం / వ్యక్తీకరణశక్తి / నిర్వచించదగిన సంబంధం / సంక్రమణ సంవృతి / డెడెకిండ్ అనంతం / లెక్కించదగిన మరియు అనంతంగా లెక్కించదగిన వ్యక్తి క్షేత్రం” is idiomatic and technically standard for “second-order logic / relation and function variable / standard semantics / variable assignment / x-variant / second-order term and formula / validity / semantic entailment / satisfiability / expressive power / definable relation / transitive closure / Dedekind infinite / enumerable and denumerable domain” in Telugu logic/mathematics across Andhra Pradesh and Telangana. If not, what exact replacement should be used while leaving the displayed definition, formulas and source scope unchanged?"
"te-Telu-IN-TE-T075","te-Telu-IN-TE-T075-OCC-003","terminology","retrospective","high","low","true","second-order logic / relation and function variable / standard semantics / variable assignment / x-variant / second-order term and formula / validity / semantic entailment / satisfiability / expressive power / definable relation / transitive closure / Dedekind infinite / enumerable and denumerable domain","ద్వితీయ-స్థాయి తర్కం / సంబంధ చరం మరియు ప్రమేయ చరం / ప్రామాణిక అర్థవిచారం / చర నిర్దేశం / x-భేదరూపం / ద్వితీయ-స్థాయి పదం మరియు సూత్రం / చెల్లుబాటుతనం / అర్థపర అనుగమనం / సంతృప్తిపరచదగినతనం / వ్యక్తీకరణశక్తి / నిర్వచించదగిన సంబంధం / సంక్రమణ సంవృతి / డెడెకిండ్ అనంతం / లెక్కించదగిన మరియు అనంతంగా లెక్కించదగిన వ్యక్తి క్షేత్రం","te-Telu-IN","Telu","IN","standard formal Telugu","international logical and mathematical notation with Arabic decimal digits and Latin metavariables","OLP-0324","OLP-0324-B007","upstream/content/second-order-logic/syntax-and-semantics/introduction.tex","3c27def372f8059cbdaf8ef1862ee6bcce1fddce4f68279b91b6d4f4adfbe417","31","59","1282","3066","translation/content/second-order-logic/syntax-and-semantics/introduction.tex","29dc44fe0cfe681c67c88a219e04665e1403c0e32ab09f1ba24c6349534cfdfb","30","58","3116","6884","pending","","The cited unit is not yet integrated into the coherent full reader; no printed or assembled PDF page is guessed.","Please double-check whether “ద్వితీయ-స్థాయి తర్కం / సంబంధ చరం మరియు ప్రమేయ చరం / ప్రామాణిక అర్థవిచారం / చర నిర్దేశం / x-భేదరూపం / ద్వితీయ-స్థాయి పదం మరియు సూత్రం / చెల్లుబాటుతనం / అర్థపర అనుగమనం / సంతృప్తిపరచదగినతనం / వ్యక్తీకరణశక్తి / నిర్వచించదగిన సంబంధం / సంక్రమణ సంవృతి / డెడెకిండ్ అనంతం / లెక్కించదగిన మరియు అనంతంగా లెక్కించదగిన వ్యక్తి క్షేత్రం” is idiomatic and technically standard for “second-order logic / relation and function variable / standard semantics / variable assignment / x-variant / second-order term and formula / validity / semantic entailment / satisfiability / expressive power / definable relation / transitive closure / Dedekind infinite / enumerable and denumerable domain” in Telugu logic/mathematics across Andhra Pradesh and Telangana. If not, what exact replacement should be used while leaving the displayed definition, formulas and source scope unchanged?"
"te-Telu-IN-TE-T075","te-Telu-IN-TE-T075-OCC-004","terminology","retrospective","high","low","true","second-order logic / relation and function variable / standard semantics / variable assignment / x-variant / second-order term and formula / validity / semantic entailment / satisfiability / expressive power / definable relation / transitive closure / Dedekind infinite / enumerable and denumerable domain","ద్వితీయ-స్థాయి తర్కం / సంబంధ చరం మరియు ప్రమేయ చరం / ప్రామాణిక అర్థవిచారం / చర నిర్దేశం / x-భేదరూపం / ద్వితీయ-స్థాయి పదం మరియు సూత్రం / చెల్లుబాటుతనం / అర్థపర అనుగమనం / సంతృప్తిపరచదగినతనం / వ్యక్తీకరణశక్తి / నిర్వచించదగిన సంబంధం / సంక్రమణ సంవృతి / డెడెకిండ్ అనంతం / లెక్కించదగిన మరియు అనంతంగా లెక్కించదగిన వ్యక్తి క్షేత్రం","te-Telu-IN","Telu","IN","standard formal Telugu","international logical and mathematical notation with Arabic decimal digits and Latin metavariables","OLP-0325","OLP-0325-B011","upstream/content/second-order-logic/syntax-and-semantics/terms-formulas.tex","51a8beeec221c52bb2487535e4160c8c0ce89a5c5170d7715afeed0f75d48347","50","57","2098","2439","translation/content/second-order-logic/syntax-and-semantics/terms-formulas.tex","cc66943e4a9b0329d867583a7509d6710f1b1f317184621c11442f932a7ff311","50","57","4578","5131","pending","","The cited unit is not yet integrated into the coherent full reader; no printed or assembled PDF page is guessed.","Please double-check whether “ద్వితీయ-స్థాయి తర్కం / సంబంధ చరం మరియు ప్రమేయ చరం / ప్రామాణిక అర్థవిచారం / చర నిర్దేశం / x-భేదరూపం / ద్వితీయ-స్థాయి పదం మరియు సూత్రం / చెల్లుబాటుతనం / అర్థపర అనుగమనం / సంతృప్తిపరచదగినతనం / వ్యక్తీకరణశక్తి / నిర్వచించదగిన సంబంధం / సంక్రమణ సంవృతి / డెడెకిండ్ అనంతం / లెక్కించదగిన మరియు అనంతంగా లెక్కించదగిన వ్యక్తి క్షేత్రం” is idiomatic and technically standard for “second-order logic / relation and function variable / standard semantics / variable assignment / x-variant / second-order term and formula / validity / semantic entailment / satisfiability / expressive power / definable relation / transitive closure / Dedekind infinite / enumerable and denumerable domain” in Telugu logic/mathematics across Andhra Pradesh and Telangana. If not, what exact replacement should be used while leaving the displayed definition, formulas and source scope unchanged?"
"te-Telu-IN-TE-T075","te-Telu-IN-TE-T075-OCC-005","terminology","retrospective","high","low","true","second-order logic / relation and function variable / standard semantics / variable assignment / x-variant / second-order term and formula / validity / semantic entailment / satisfiability / expressive power / definable relation / transitive closure / Dedekind infinite / enumerable and denumerable domain","ద్వితీయ-స్థాయి తర్కం / సంబంధ చరం మరియు ప్రమేయ చరం / ప్రామాణిక అర్థవిచారం / చర నిర్దేశం / x-భేదరూపం / ద్వితీయ-స్థాయి పదం మరియు సూత్రం / చెల్లుబాటుతనం / అర్థపర అనుగమనం / సంతృప్తిపరచదగినతనం / వ్యక్తీకరణశక్తి / నిర్వచించదగిన సంబంధం / సంక్రమణ సంవృతి / డెడెకిండ్ అనంతం / లెక్కించదగిన మరియు అనంతంగా లెక్కించదగిన వ్యక్తి క్షేత్రం","te-Telu-IN","Telu","IN","standard formal Telugu","international logical and mathematical notation with Arabic decimal digits and Latin metavariables","OLP-0326","OLP-0326-B012","upstream/content/second-order-logic/syntax-and-semantics/satisfaction.tex","be2351bde2b55b0a7446cfdfd60c62f6939a1061ffa900d9a5939305c403bfc7","90","99","3271","3760","translation/content/second-order-logic/syntax-and-semantics/satisfaction.tex","c0250609b9c974f963ce181b2fdada2c7b387f9569289a535fdc61017acdf745","96","107","7867","8758","pending","","The cited unit is not yet integrated into the coherent full reader; no printed or assembled PDF page is guessed.","Please double-check whether “ద్వితీయ-స్థాయి తర్కం / సంబంధ చరం మరియు ప్రమేయ చరం / ప్రామాణిక అర్థవిచారం / చర నిర్దేశం / x-భేదరూపం / ద్వితీయ-స్థాయి పదం మరియు సూత్రం / చెల్లుబాటుతనం / అర్థపర అనుగమనం / సంతృప్తిపరచదగినతనం / వ్యక్తీకరణశక్తి / నిర్వచించదగిన సంబంధం / సంక్రమణ సంవృతి / డెడెకిండ్ అనంతం / లెక్కించదగిన మరియు అనంతంగా లెక్కించదగిన వ్యక్తి క్షేత్రం” is idiomatic and technically standard for “second-order logic / relation and function variable / standard semantics / variable assignment / x-variant / second-order term and formula / validity / semantic entailment / satisfiability / expressive power / definable relation / transitive closure / Dedekind infinite / enumerable and denumerable domain” in Telugu logic/mathematics across Andhra Pradesh and Telangana. If not, what exact replacement should be used while leaving the displayed definition, formulas and source scope unchanged?"
"te-Telu-IN-TE-T075","te-Telu-IN-TE-T075-OCC-006","terminology","retrospective","high","low","true","second-order logic / relation and function variable / standard semantics / variable assignment / x-variant / second-order term and formula / validity / semantic entailment / satisfiability / expressive power / definable relation / transitive closure / Dedekind infinite / enumerable and denumerable domain","ద్వితీయ-స్థాయి తర్కం / సంబంధ చరం మరియు ప్రమేయ చరం / ప్రామాణిక అర్థవిచారం / చర నిర్దేశం / x-భేదరూపం / ద్వితీయ-స్థాయి పదం మరియు సూత్రం / చెల్లుబాటుతనం / అర్థపర అనుగమనం / సంతృప్తిపరచదగినతనం / వ్యక్తీకరణశక్తి / నిర్వచించదగిన సంబంధం / సంక్రమణ సంవృతి / డెడెకిండ్ అనంతం / లెక్కించదగిన మరియు అనంతంగా లెక్కించదగిన వ్యక్తి క్షేత్రం","te-Telu-IN","Telu","IN","standard formal Telugu","international logical and mathematical notation with Arabic decimal digits and Latin metavariables","OLP-0327","OLP-0327-B006","upstream/content/second-order-logic/syntax-and-semantics/semantic-notions.tex","750b84b8cbcff34c3b6ff660e91a77382a26504250d74aa04ee77ce48a0cd066","21","24","659","796","translation/content/second-order-logic/syntax-and-semantics/semantic-notions.tex","5b495165682321391f0f8d38cac8ed14190a335cb8a4958a1601b52accde8ca2","21","24","1204","1545","pending","","The cited unit is not yet integrated into the coherent full reader; no printed or assembled PDF page is guessed.","Please double-check whether “ద్వితీయ-స్థాయి తర్కం / సంబంధ చరం మరియు ప్రమేయ చరం / ప్రామాణిక అర్థవిచారం / చర నిర్దేశం / x-భేదరూపం / ద్వితీయ-స్థాయి పదం మరియు సూత్రం / చెల్లుబాటుతనం / అర్థపర అనుగమనం / సంతృప్తిపరచదగినతనం / వ్యక్తీకరణశక్తి / నిర్వచించదగిన సంబంధం / సంక్రమణ సంవృతి / డెడెకిండ్ అనంతం / లెక్కించదగిన మరియు అనంతంగా లెక్కించదగిన వ్యక్తి క్షేత్రం” is idiomatic and technically standard for “second-order logic / relation and function variable / standard semantics / variable assignment / x-variant / second-order term and formula / validity / semantic entailment / satisfiability / expressive power / definable relation / transitive closure / Dedekind infinite / enumerable and denumerable domain” in Telugu logic/mathematics across Andhra Pradesh and Telangana. If not, what exact replacement should be used while leaving the displayed definition, formulas and source scope unchanged?"
"te-Telu-IN-TE-T075","te-Telu-IN-TE-T075-OCC-007","terminology","retrospective","high","low","true","second-order logic / relation and function variable / standard semantics / variable assignment / x-variant / second-order term and formula / validity / semantic entailment / satisfiability / expressive power / definable relation / transitive closure / Dedekind infinite / enumerable and denumerable domain","ద్వితీయ-స్థాయి తర్కం / సంబంధ చరం మరియు ప్రమేయ చరం / ప్రామాణిక అర్థవిచారం / చర నిర్దేశం / x-భేదరూపం / ద్వితీయ-స్థాయి పదం మరియు సూత్రం / చెల్లుబాటుతనం / అర్థపర అనుగమనం / సంతృప్తిపరచదగినతనం / వ్యక్తీకరణశక్తి / నిర్వచించదగిన సంబంధం / సంక్రమణ సంవృతి / డెడెకిండ్ అనంతం / లెక్కించదగిన మరియు అనంతంగా లెక్కించదగిన వ్యక్తి క్షేత్రం","te-Telu-IN","Telu","IN","standard formal Telugu","international logical and mathematical notation with Arabic decimal digits and Latin metavariables","OLP-0328","OLP-0328-B009","upstream/content/second-order-logic/syntax-and-semantics/expressive-power.tex","5aab9a8bdfe16664fae99111703d09c6d0f6e91ae1be3d9afb19784cd5d53cbf","64","81","2678","3640","translation/content/second-order-logic/syntax-and-semantics/expressive-power.tex","82aba36e2cf3926dc21ffc7f46921ddfa068062a5709b7269bf0f2ca13ba7f63","65","82","6151","7862","pending","","The cited unit is not yet integrated into the coherent full reader; no printed or assembled PDF page is guessed.","Please double-check whether “ద్వితీయ-స్థాయి తర్కం / సంబంధ చరం మరియు ప్రమేయ చరం / ప్రామాణిక అర్థవిచారం / చర నిర్దేశం / x-భేదరూపం / ద్వితీయ-స్థాయి పదం మరియు సూత్రం / చెల్లుబాటుతనం / అర్థపర అనుగమనం / సంతృప్తిపరచదగినతనం / వ్యక్తీకరణశక్తి / నిర్వచించదగిన సంబంధం / సంక్రమణ సంవృతి / డెడెకిండ్ అనంతం / లెక్కించదగిన మరియు అనంతంగా లెక్కించదగిన వ్యక్తి క్షేత్రం” is idiomatic and technically standard for “second-order logic / relation and function variable / standard semantics / variable assignment / x-variant / second-order term and formula / validity / semantic entailment / satisfiability / expressive power / definable relation / transitive closure / Dedekind infinite / enumerable and denumerable domain” in Telugu logic/mathematics across Andhra Pradesh and Telangana. If not, what exact replacement should be used while leaving the displayed definition, formulas and source scope unchanged?"
"te-Telu-IN-TE-T075","te-Telu-IN-TE-T075-OCC-008","terminology","retrospective","high","low","true","second-order logic / relation and function variable / standard semantics / variable assignment / x-variant / second-order term and formula / validity / semantic entailment / satisfiability / expressive power / definable relation / transitive closure / Dedekind infinite / enumerable and denumerable domain","ద్వితీయ-స్థాయి తర్కం / సంబంధ చరం మరియు ప్రమేయ చరం / ప్రామాణిక అర్థవిచారం / చర నిర్దేశం / x-భేదరూపం / ద్వితీయ-స్థాయి పదం మరియు సూత్రం / చెల్లుబాటుతనం / అర్థపర అనుగమనం / సంతృప్తిపరచదగినతనం / వ్యక్తీకరణశక్తి / నిర్వచించదగిన సంబంధం / సంక్రమణ సంవృతి / డెడెకిండ్ అనంతం / లెక్కించదగిన మరియు అనంతంగా లెక్కించదగిన వ్యక్తి క్షేత్రం","te-Telu-IN","Telu","IN","standard formal Telugu","international logical and mathematical notation with Arabic decimal digits and Latin metavariables","OLP-0329","OLP-0329-B006","upstream/content/second-order-logic/syntax-and-semantics/inf-count.tex","26b10cbda98d193ed98437efd26dd2b759a818f49656ff465962fd69452bd4f8","14","42","278","1863","translation/content/second-order-logic/syntax-and-semantics/inf-count.tex","0b6f3a4e819e1f321b24255794c8aede6fd096dc463845f5b091abca65763e6c","14","43","314","3926","pending","","The cited unit is not yet integrated into the coherent full reader; no printed or assembled PDF page is guessed.","Please double-check whether “ద్వితీయ-స్థాయి తర్కం / సంబంధ చరం మరియు ప్రమేయ చరం / ప్రామాణిక అర్థవిచారం / చర నిర్దేశం / x-భేదరూపం / ద్వితీయ-స్థాయి పదం మరియు సూత్రం / చెల్లుబాటుతనం / అర్థపర అనుగమనం / సంతృప్తిపరచదగినతనం / వ్యక్తీకరణశక్తి / నిర్వచించదగిన సంబంధం / సంక్రమణ సంవృతి / డెడెకిండ్ అనంతం / లెక్కించదగిన మరియు అనంతంగా లెక్కించదగిన వ్యక్తి క్షేత్రం” is idiomatic and technically standard for “second-order logic / relation and function variable / standard semantics / variable assignment / x-variant / second-order term and formula / validity / semantic entailment / satisfiability / expressive power / definable relation / transitive closure / Dedekind infinite / enumerable and denumerable domain” in Telugu logic/mathematics across Andhra Pradesh and Telangana. If not, what exact replacement should be used while leaving the displayed definition, formulas and source scope unchanged?"
"te-Telu-IN-OLFUN-001","te-Telu-IN-OLFUN-001-OCC-001","source_correction","contemporaneous","normal","high","false","OLFUN-001: confirmed mathematical defect","corrected theorem adds nonempty A; adjacent sourcecorrection macro discloses omission, counterexample and exact condition","te-Telu-IN","Telu","IN","standard formal Telugu","international logical and mathematical notation with Arabic decimal digits and Latin metavariables","OLP-0024","OLP-0024-B012","upstream/content/sets-functions-relations/functions/inverses.tex","96e36d8cd8dc4ec0e73e9507147ecfe33d7e4f368ecf46de92efb423a7d409c1","62","66","2459","2624","translation/content/sets-functions-relations/functions/inverses.tex","ea432cb72969199e37c907f83a7f63b2f04375a1835a1a539a7ec1a600b077b8","63","71","4926","5933","pending","","The cited unit is not yet integrated into the coherent full reader; no printed or assembled PDF page is guessed.","Please double-check: Does the Telugu correction state the exact condition “A nonempty or B empty” and make the empty-domain counterexample immediately clear?"
"te-Telu-IN-OLFUN-001","te-Telu-IN-OLFUN-001-OCC-002","source_correction","contemporaneous","normal","high","false","OLFUN-001: confirmed mathematical defect","corrected theorem adds nonempty A; adjacent sourcecorrection macro discloses omission, counterexample and exact condition","te-Telu-IN","Telu","IN","standard formal Telugu","international logical and mathematical notation with Arabic decimal digits and Latin metavariables","OLP-0024","OLP-0024-B013","upstream/content/sets-functions-relations/functions/inverses.tex","96e36d8cd8dc4ec0e73e9507147ecfe33d7e4f368ecf46de92efb423a7d409c1","68","84","2625","3352","translation/content/sets-functions-relations/functions/inverses.tex","ea432cb72969199e37c907f83a7f63b2f04375a1835a1a539a7ec1a600b077b8","73","92","5934","7348","pending","","The cited unit is not yet integrated into the coherent full reader; no printed or assembled PDF page is guessed.","Please double-check: Does the Telugu correction state the exact condition “A nonempty or B empty” and make the empty-domain counterexample immediately clear?"
"te-Telu-IN-OLFUN-002","te-Telu-IN-OLFUN-002-OCC-001","source_correction","contemporaneous","normal","high","false","OLFUN-002: confirmed wording defect","positive selector corrected to nonnegative (principal); adjacent sourcecorrection distinguishes the still-correct positive-integer two-root sentence","te-Telu-IN","Telu","IN","standard formal Telugu","international logical and mathematical notation with Arabic decimal digits and Latin metavariables","OLP-0021","OLP-0021-B014","upstream/content/sets-functions-relations/functions/function-basics.tex","d1fa0923e303fc49a88d4e476c319d6e91a8088de44c232dcfba5878325faea3","64","71","2361","2809","translation/content/sets-functions-relations/functions/function-basics.tex","07591f29fbe05fcfce40b2128ba2e2ce6bf13e74f2ff6a4a1ab0ac57041ecb37","64","75","5159","6531","pending","","The cited unit is not yet integrated into the coherent full reader; no printed or assembled PDF page is guessed.","Please double-check: Is “nonnegative (principal) square root” rendered unambiguously while preserving the separate positive-integer statement?"
"te-Telu-IN-OLFUN-003","te-Telu-IN-OLFUN-003-OCC-001","source_correction","contemporaneous","normal","high","false","OLFUN-003: confirmed typographical inconsistency","input variable normalized to x in prose and formulas already expressed in x; adjacent sourcecorrection identifies alpha-equivalent repair","te-Telu-IN","Telu","IN","standard formal Telugu","international logical and mathematical notation with Arabic decimal digits and Latin metavariables","OLP-0021","OLP-0021-B018","upstream/content/sets-functions-relations/functions/function-basics.tex","d1fa0923e303fc49a88d4e476c319d6e91a8088de44c232dcfba5878325faea3","103","107","4043","4321","translation/content/sets-functions-relations/functions/function-basics.tex","07591f29fbe05fcfce40b2128ba2e2ce6bf13e74f2ff6a4a1ab0ac57041ecb37","100","109","9134","10086","pending","","The cited unit is not yet integrated into the coherent full reader; no printed or assembled PDF page is guessed.","Please double-check: Is the alpha-equivalent n-to-x normalization disclosed clearly without suggesting a mathematical change?"
"te-Telu-IN-OLFUN-004","te-Telu-IN-OLFUN-004-OCC-001","source_correction","contemporaneous","normal","high","false","OLFUN-004: confirmed terminology imprecision","graph described as a relation between A and B contained in A×B; adjacent sourcecorrection explains why relation on A×B is a different type","te-Telu-IN","Telu","IN","standard formal Telugu","international logical and mathematical notation with Arabic decimal digits and Latin metavariables","OLP-0023","OLP-0023-B007","upstream/content/sets-functions-relations/functions/functions-relations.tex","e2e46c0270c44b6f54861a4565f3829b1b5f91a7f72dca84046361e5abf622c3","24","30","712","916","translation/content/sets-functions-relations/functions/functions-relations.tex","57d9e1495aa72697bbb1ee2c74a8a8171806c1da93086c3d1748eb64873950d5","23","30","1341","1712","pending","","The cited unit is not yet integrated into the coherent full reader; no printed or assembled PDF page is guessed.","Please double-check: Does the note clearly distinguish a relation between A and B, a subset of A×B, from a relation on A×B?"
"te-Telu-IN-OLFUN-004","te-Telu-IN-OLFUN-004-OCC-002","source_correction","contemporaneous","normal","high","false","OLFUN-004: confirmed terminology imprecision","graph described as a relation between A and B contained in A×B; adjacent sourcecorrection explains why relation on A×B is a different type","te-Telu-IN","Telu","IN","standard formal Telugu","international logical and mathematical notation with Arabic decimal digits and Latin metavariables","OLP-0023","OLP-0023-B012","upstream/content/sets-functions-relations/functions/functions-relations.tex","e2e46c0270c44b6f54861a4565f3829b1b5f91a7f72dca84046361e5abf622c3","61","64","1956","2217","translation/content/sets-functions-relations/functions/functions-relations.tex","57d9e1495aa72697bbb1ee2c74a8a8171806c1da93086c3d1748eb64873950d5","59","79","3815","6255","pending","","The cited unit is not yet integrated into the coherent full reader; no printed or assembled PDF page is guessed.","Please double-check: Does the note clearly distinguish a relation between A and B, a subset of A×B, from a relation on A×B?"
"te-Telu-IN-OLFUN-005","te-Telu-IN-OLFUN-005-OCC-001","source_correction","contemporaneous","normal","high","false","OLFUN-005: confirmed explanatory inconsistency explicit definition correct","explicit function restriction retained; exact-counterpart claim qualified to distinguish input-only restriction from two-coordinate relation restriction","te-Telu-IN","Telu","IN","standard formal Telugu","international logical and mathematical notation with Arabic decimal digits and Latin metavariables","OLP-0023","OLP-0023-B013","upstream/content/sets-functions-relations/functions/functions-relations.tex","e2e46c0270c44b6f54861a4565f3829b1b5f91a7f72dca84046361e5abf622c3","78","79","2911","3005","translation/content/sets-functions-relations/functions/functions-relations.tex","57d9e1495aa72697bbb1ee2c74a8a8171806c1da93086c3d1748eb64873950d5","81","82","6256","6398","pending","","The cited unit is not yet integrated into the coherent full reader; no printed or assembled PDF page is guessed.","Please double-check: Does the note clearly distinguish input-only function restriction from two-coordinate relation restriction R∩C²?"
"te-Telu-IN-OLFUN-005","te-Telu-IN-OLFUN-005-OCC-002","source_correction","contemporaneous","normal","high","false","OLFUN-005: confirmed explanatory inconsistency explicit definition correct","explicit function restriction retained; exact-counterpart claim qualified to distinguish input-only restriction from two-coordinate relation restriction","te-Telu-IN","Telu","IN","standard formal Telugu","international logical and mathematical notation with Arabic decimal digits and Latin metavariables","OLP-0023","OLP-0023-B014","upstream/content/sets-functions-relations/functions/functions-relations.tex","e2e46c0270c44b6f54861a4565f3829b1b5f91a7f72dca84046361e5abf622c3","81","85","3006","3251","translation/content/sets-functions-relations/functions/functions-relations.tex","57d9e1495aa72697bbb1ee2c74a8a8171806c1da93086c3d1748eb64873950d5","84","87","6399","6771","pending","","The cited unit is not yet integrated into the coherent full reader; no printed or assembled PDF page is guessed.","Please double-check: Does the note clearly distinguish input-only function restriction from two-coordinate relation restriction R∩C²?"
"te-Telu-IN-OLFUN-005","te-Telu-IN-OLFUN-005-OCC-003","source_correction","contemporaneous","normal","high","false","OLFUN-005: confirmed explanatory inconsistency explicit definition correct","explicit function restriction retained; exact-counterpart claim qualified to distinguish input-only restriction from two-coordinate relation restriction","te-Telu-IN","Telu","IN","standard formal Telugu","international logical and mathematical notation with Arabic decimal digits and Latin metavariables","OLP-0023","OLP-0023-B015","upstream/content/sets-functions-relations/functions/functions-relations.tex","e2e46c0270c44b6f54861a4565f3829b1b5f91a7f72dca84046361e5abf622c3","87","90","3252","3400","translation/content/sets-functions-relations/functions/functions-relations.tex","57d9e1495aa72697bbb1ee2c74a8a8171806c1da93086c3d1748eb64873950d5","89","92","6772","7041","pending","","The cited unit is not yet integrated into the coherent full reader; no printed or assembled PDF page is guessed.","Please double-check: Does the note clearly distinguish input-only function restriction from two-coordinate relation restriction R∩C²?"
"te-Telu-IN-OLFUN-005","te-Telu-IN-OLFUN-005-OCC-004","source_correction","contemporaneous","normal","high","false","OLFUN-005: confirmed explanatory inconsistency explicit definition correct","explicit function restriction retained; exact-counterpart claim qualified to distinguish input-only restriction from two-coordinate relation restriction","te-Telu-IN","Telu","IN","standard formal Telugu","international logical and mathematical notation with Arabic decimal digits and Latin metavariables","OLP-0023","OLP-0023-B016","upstream/content/sets-functions-relations/functions/functions-relations.tex","e2e46c0270c44b6f54861a4565f3829b1b5f91a7f72dca84046361e5abf622c3","92","100","3401","3851","translation/content/sets-functions-relations/functions/functions-relations.tex","57d9e1495aa72697bbb1ee2c74a8a8171806c1da93086c3d1748eb64873950d5","94","107","7042","8581","pending","","The cited unit is not yet integrated into the coherent full reader; no printed or assembled PDF page is guessed.","Please double-check: Does the note clearly distinguish input-only function restriction from two-coordinate relation restriction R∩C²?"
"te-Telu-IN-OLTESIZ-001","te-Telu-IN-OLTESIZ-001-OCC-001","source_correction","contemporaneous","normal","high","false","OLTESIZ-001: confirmed wording defect","difference definition repaired to different definition; adjacent sourcecorrection discloses the one-word repair","te-Telu-IN","Telu","IN","standard formal Telugu","international logical and mathematical notation with Arabic decimal digits and Latin metavariables","OLP-0027","OLP-0027-B016","upstream/content/sets-functions-relations/size-of-sets/size-of-sets-complete.tex","bce6978871cb87871f8fbae0d51c9e260ba26c6c63ebefaad30d83c89ad1eae0","43","46","1071","1307","translation/content/sets-functions-relations/size-of-sets/size-of-sets-complete.tex","405d3d7af7c95e856bd64c2d4b173ce45c78ddc4bb37e15d0bbbe2f768345e49","38","50","1305","2671","pending","","The cited unit is not yet integrated into the coherent full reader; no printed or assembled PDF page is guessed.","Please double-check: Does the Telugu editorial note clearly identify the source adjective typo without overstating its importance?"
"te-Telu-IN-OLSIZ-001","te-Telu-IN-OLSIZ-001-OCC-001","source_correction","contemporaneous","normal","high","false","OLSIZ-001: confirmed tabular value omission","added -3 below f(7), fixed by the displayed -ceil(6/2); adjacent sourcecorrection discloses repair","te-Telu-IN","Telu","IN","standard formal Telugu","international logical and mathematical notation with Arabic decimal digits and Latin metavariables","OLP-0029","OLP-0029-B020","upstream/content/sets-functions-relations/size-of-sets/enumerability.tex","bf6be35c0e393cb6e1d227f8e9024df4216792e663f23beb7277045487acfa67","145","153","6053","6485","translation/content/sets-functions-relations/size-of-sets/enumerability.tex","e5482064d686a0b8af9e352c994a7179c7dde882437d0dd5618492e1ace540fc","136","161","12240","14041","pending","","The cited unit is not yet integrated into the coherent full reader; no printed or assembled PDF page is guessed.","Please double-check: Does the repaired table visibly place -3 beneath f(7), with the note tied to the controlling ceiling formula?"
"te-Telu-IN-OLTESIZ-002","te-Telu-IN-OLTESIZ-002-OCC-001","source_correction","contemporaneous","normal","high","false","OLTESIZ-002: confirmed mathematical explanation defect","less-than-k wording repaired to at-most-k while preserving k(k+1)/2 and the pairing formula; adjacent sourcecorrection discloses repair","te-Telu-IN","Telu","IN","standard formal Telugu","international logical and mathematical notation with Arabic decimal digits and Latin metavariables","OLP-0031","OLP-0031-B006","upstream/content/sets-functions-relations/size-of-sets/pairing.tex","fb6cc1176e91e56cea5f5b9708723c59191813f8fe256aac8ed0457a0119a9bf","32","38","1105","1421","translation/content/sets-functions-relations/size-of-sets/pairing.tex","012e783b7ed0e5d28ac39dfa79b8201dce7ade1e1f462051ec18645141d35154","29","47","1530","3734","pending","","The cited unit is not yet integrated into the coherent full reader; no printed or assembled PDF page is guessed.","Please double-check: Does the triangular-number explanation now say at most k while preserving k(k+1)/2?"
"te-Telu-IN-OLSIZ-002","te-Telu-IN-OLSIZ-002-OCC-001","source_correction","contemporaneous","normal","high","false","OLSIZ-002: confirmed grammatical defect clarified by following formula","stated complement in Nat of a finite subset of Nat; adjacent sourcecorrection discloses the repair","te-Telu-IN","Telu","IN","standard formal Telugu","international logical and mathematical notation with Arabic decimal digits and Latin metavariables","OLP-0031","OLP-0031-B015","upstream/content/sets-functions-relations/size-of-sets/pairing.tex","fb6cc1176e91e56cea5f5b9708723c59191813f8fe256aac8ed0457a0119a9bf","91","96","3207","3517","translation/content/sets-functions-relations/size-of-sets/pairing.tex","012e783b7ed0e5d28ac39dfa79b8201dce7ade1e1f462051ec18645141d35154","92","101","6728","7918","pending","","The cited unit is not yet integrated into the coherent full reader; no printed or assembled PDF page is guessed.","Please double-check: Does the Telugu cofinite definition unambiguously describe a complement in Nat of a finite subset of Nat?"
"te-Telu-IN-OLTESIZ-003","te-Telu-IN-OLTESIZ-003-OCC-001","source_correction","contemporaneous","normal","high","false","OLTESIZ-003: confirmed mathematical defect","inverse typed on ran(f), with enumerability conclusion; inverse itself called an enumeration only under surjectivity onto Nat; adjacent sourcecorrection discloses repair","te-Telu-IN","Telu","IN","standard formal Telugu","international logical and mathematical notation with Arabic decimal digits and Latin metavariables","OLP-0031","OLP-0031-B017","upstream/content/sets-functions-relations/size-of-sets/pairing.tex","fb6cc1176e91e56cea5f5b9708723c59191813f8fe256aac8ed0457a0119a9bf","106","109","3816","3973","translation/content/sets-functions-relations/size-of-sets/pairing.tex","012e783b7ed0e5d28ac39dfa79b8201dce7ade1e1f462051ec18645141d35154","111","121","8632","9771","pending","","The cited unit is not yet integrated into the coherent full reader; no printed or assembled PDF page is guessed.","Please double-check: Does the repaired exercise distinguish the inverse on ran(f) from an enumeration whose domain is all of Nat?"
"te-Telu-IN-OLTESIZ-004","te-Telu-IN-OLTESIZ-004-OCC-001","source_correction","contemporaneous","normal","high","false","OLTESIZ-004: confirmed index typo","second pair repaired from <0,2> to <0,1>, matching the array and formula; adjacent sourcecorrection discloses repair","te-Telu-IN","Telu","IN","standard formal Telugu","international logical and mathematical notation with Arabic decimal digits and Latin metavariables","OLP-0032","OLP-0032-B006","upstream/content/sets-functions-relations/size-of-sets/pairing-alt.tex","c26b4e0da9e2e0b0ec839470ddd1d0d5eb1b3d3922d3b6986c9a795f34328797","19","28","579","1203","translation/content/sets-functions-relations/size-of-sets/pairing-alt.tex","344f07411651d62b20d0ecad52564424306cd1271d971fa133eba2b0fe771651","13","87","258","6573","pending","","The cited unit is not yet integrated into the coherent full reader; no printed or assembled PDF page is guessed.","Please double-check: Does the repaired first-row procedure identify (0,1) as the second pair, matching the table?"
"te-Telu-IN-OLSIZ-003","te-Telu-IN-OLSIZ-003-OCC-001","source_correction","contemporaneous","normal","high","false","OLSIZ-003: confirmed typographical duplication","duplicated <2,m> repaired to successive <2,m>, <3,m>; adjacent sourcecorrection discloses repair","te-Telu-IN","Telu","IN","standard formal Telugu","international logical and mathematical notation with Arabic decimal digits and Latin metavariables","OLP-0032","OLP-0032-B006","upstream/content/sets-functions-relations/size-of-sets/pairing-alt.tex","c26b4e0da9e2e0b0ec839470ddd1d0d5eb1b3d3922d3b6986c9a795f34328797","39","45","1651","2103","translation/content/sets-functions-relations/size-of-sets/pairing-alt.tex","344f07411651d62b20d0ecad52564424306cd1271d971fa133eba2b0fe771651","13","87","258","6573","pending","","The cited unit is not yet integrated into the coherent full reader; no printed or assembled PDF page is guessed.","Please double-check: Does the alternate pairing prose advance from the (2,m) family to the (3,m) family exactly as the table does?"
"te-Telu-IN-OLSIZ-004","te-Telu-IN-OLSIZ-004-OCC-001","source_correction","contemporaneous","normal","high","false","OLSIZ-004: confirmed undefined index in function definition","bound one output sequence name s consistently; adjacent sourcecorrection discloses the repair","te-Telu-IN","Telu","IN","standard formal Telugu","international logical and mathematical notation with Arabic decimal digits and Latin metavariables","OLP-0034","OLP-0034-B010","upstream/content/sets-functions-relations/size-of-sets/reduction.tex","0d6d2e3280698668b837cef6dcf3134b86d2a4b48831ae516e6e33e42898c79a","47","49","1900","2099","translation/content/sets-functions-relations/size-of-sets/reduction.tex","9c96b50802b697307158e929dd817d923d12e1134c410043bf25b321c15a77a5","48","50","3904","4274","pending","","The cited unit is not yet integrated into the coherent full reader; no printed or assembled PDF page is guessed.","Please double-check: Does the Telugu characteristic-sequence definition use one bound output name consistently and preserve the intended subset-to-sequence map?"
"te-Telu-IN-OLSIZ-004","te-Telu-IN-OLSIZ-004-OCC-002","source_correction","contemporaneous","normal","high","false","OLSIZ-004: confirmed undefined index in function definition","bound one output sequence name s consistently; adjacent sourcecorrection discloses the repair","te-Telu-IN","Telu","IN","standard formal Telugu","international logical and mathematical notation with Arabic decimal digits and Latin metavariables","OLP-0034","OLP-0034-B011","upstream/content/sets-functions-relations/size-of-sets/reduction.tex","0d6d2e3280698668b837cef6dcf3134b86d2a4b48831ae516e6e33e42898c79a","51","58","2100","2612","translation/content/sets-functions-relations/size-of-sets/reduction.tex","9c96b50802b697307158e929dd817d923d12e1134c410043bf25b321c15a77a5","52","62","4275","5592","pending","","The cited unit is not yet integrated into the coherent full reader; no printed or assembled PDF page is guessed.","Please double-check: Does the Telugu characteristic-sequence definition use one bound output name consistently and preserve the intended subset-to-sequence map?"
"te-Telu-IN-OLSIZ-004","te-Telu-IN-OLSIZ-004-OCC-003","source_correction","contemporaneous","normal","high","false","OLSIZ-004: confirmed undefined index in function definition","bound one output sequence name s consistently; adjacent sourcecorrection discloses the repair","te-Telu-IN","Telu","IN","standard formal Telugu","international logical and mathematical notation with Arabic decimal digits and Latin metavariables","OLP-0034","OLP-0034-B012","upstream/content/sets-functions-relations/size-of-sets/reduction.tex","0d6d2e3280698668b837cef6dcf3134b86d2a4b48831ae516e6e33e42898c79a","60","69","2613","3025","translation/content/sets-functions-relations/size-of-sets/reduction.tex","9c96b50802b697307158e929dd817d923d12e1134c410043bf25b321c15a77a5","64","72","5593","6406","pending","","The cited unit is not yet integrated into the coherent full reader; no printed or assembled PDF page is guessed.","Please double-check: Does the Telugu characteristic-sequence definition use one bound output name consistently and preserve the intended subset-to-sequence map?"
"te-Telu-IN-OLSIZ-005","te-Telu-IN-OLSIZ-005-OCC-001","source_correction","contemporaneous","normal","high","false","OLSIZ-005: confirmed codomain error finite string used as infinite sequence","made h(n) an actual infinite binary sequence by appending an infinite tail of ones; adjacent sourcecorrection discloses the repair","te-Telu-IN","Telu","IN","standard formal Telugu","international logical and mathematical notation with Arabic decimal digits and Latin metavariables","OLP-0034","OLP-0034-B015","upstream/content/sets-functions-relations/size-of-sets/reduction.tex","0d6d2e3280698668b837cef6dcf3134b86d2a4b48831ae516e6e33e42898c79a","85","100","3499","4324","translation/content/sets-functions-relations/size-of-sets/reduction.tex","9c96b50802b697307158e929dd817d923d12e1134c410043bf25b321c15a77a5","98","107","8817","9704","pending","","The cited unit is not yet integrated into the coherent full reader; no printed or assembled PDF page is guessed.","Please double-check: Does the repaired h(n) example visibly denote an infinite binary sequence while preserving the reduction-direction warning?"
"te-Telu-IN-OLSIZ-006","te-Telu-IN-OLSIZ-006-OCC-001","source_correction","contemporaneous","normal","high","false","OLSIZ-006: confirmed undefined function in empty set branch","replaced both premature g(x)=y occurrences with f(x)=y; adjacent sourcecorrection discloses the repair","te-Telu-IN","Telu","IN","standard formal Telugu","international logical and mathematical notation with Arabic decimal digits and Latin metavariables","OLP-0035","OLP-0035-B015","upstream/content/sets-functions-relations/size-of-sets/equinumerous-sets.tex","025a3fc368d6873825effcb07631913762edbf2d3f9a0711d57dcd9575361251","68","94","2303","3711","translation/content/sets-functions-relations/size-of-sets/equinumerous-sets.tex","86e1b86d6dac21f19e6e5e3b74a701b2e342f30d896f38cc0b52c0486f9dab71","69","96","4839","7902","pending","","The cited unit is not yet integrated into the coherent full reader; no printed or assembled PDF page is guessed.","Please double-check: Do both empty-set branches refer to the given bijection f rather than the not-yet-defined enumeration g?"
"te-Telu-IN-OLSIZ-007","te-Telu-IN-OLSIZ-007-OCC-001","source_correction","contemporaneous","normal","high","false","OLSIZ-007: confirmed wrong domain in arbitrary element conclusion","quantified the arbitrary-element conclusion over every x in A; adjacent sourcecorrection discloses the repair","te-Telu-IN","Telu","IN","standard formal Telugu","international logical and mathematical notation with Arabic decimal digits and Latin metavariables","OLP-0036","OLP-0036-B014","upstream/content/sets-functions-relations/size-of-sets/comparing-size.tex","075810b1cf1c8b54266518523d4665d3deae4a4937f4e19a66a09cc0e1aaebf7","74","90","2815","3794","translation/content/sets-functions-relations/size-of-sets/comparing-size.tex","dcd9689b4fb603f33014eaf8c826d42b6e0afcb167333f736f9a710e42a07837","83","106","6710","8951","pending","","The cited unit is not yet integrated into the coherent full reader; no printed or assembled PDF page is guessed.","Please double-check: Does the Cantor proof quantify its diagonal conclusion over every x in A and make non-surjectivity immediate?"
"te-Telu-IN-OLSIZ-008","te-Telu-IN-OLSIZ-008-OCC-001","source_correction","contemporaneous","normal","high","false","OLSIZ-008: confirmed reversed index description vs array","described s_n(m) as the mth digit of the nth string, matching the array; adjacent sourcecorrection discloses the repair","te-Telu-IN","Telu","IN","standard formal Telugu","international logical and mathematical notation with Arabic decimal digits and Latin metavariables","OLP-0039","OLP-0039-B012","upstream/content/sets-functions-relations/size-of-sets/non-enumerability-alt.tex","a075f6c63879101314fb20fa493acfb38d78ff24095bb55914f2af4527e1ad3e","61","75","2399","3162","translation/content/sets-functions-relations/size-of-sets/non-enumerability-alt.tex","c20c83828cc3a01694d79e7d358ffc97e2daf22cc261fe075dc1e1b2d09a8c85","58","68","4738","5966","pending","","The cited unit is not yet integrated into the coherent full reader; no printed or assembled PDF page is guessed.","Please double-check: Does the Telugu prose identify s_n(m) as the mth digit of the nth string, matching the array?"
"te-Telu-IN-OLSIZ-009","te-Telu-IN-OLSIZ-009-OCC-001","source_correction","contemporaneous","normal","high","false","OLSIZ-009: confirmed duplicated bit flip instruction","restored the complementary 1-to-0 and 0-to-1 cases; adjacent sourcecorrection discloses the repair","te-Telu-IN","Telu","IN","standard formal Telugu","international logical and mathematical notation with Arabic decimal digits and Latin metavariables","OLP-0039","OLP-0039-B012","upstream/content/sets-functions-relations/size-of-sets/non-enumerability-alt.tex","a075f6c63879101314fb20fa493acfb38d78ff24095bb55914f2af4527e1ad3e","77","84","3165","3673","translation/content/sets-functions-relations/size-of-sets/non-enumerability-alt.tex","c20c83828cc3a01694d79e7d358ffc97e2daf22cc261fe075dc1e1b2d09a8c85","78","87","6373","7854","pending","","The cited unit is not yet integrated into the coherent full reader; no printed or assembled PDF page is guessed.","Please double-check: Does the diagonal construction state the complementary 1-to-0 and 0-to-1 changes unambiguously?"
"te-Telu-IN-OLSIZ-010","te-Telu-IN-OLSIZ-010-OCC-001","source_correction","contemporaneous","normal","high","false","OLSIZ-010: confirmed undefined index in function definition","bound one output string name s consistently; adjacent sourcecorrection discloses the repair","te-Telu-IN","Telu","IN","standard formal Telugu","international logical and mathematical notation with Arabic decimal digits and Latin metavariables","OLP-0040","OLP-0040-B011","upstream/content/sets-functions-relations/size-of-sets/reduction-alt.tex","f7717d8394048096cf7a65bc87a1a1ed15861cdfb8c7edb23429d5256d954d11","48","50","1856","2071","translation/content/sets-functions-relations/size-of-sets/reduction-alt.tex","7db3d6a33b3233607b29f9a24765567acf1d41d34fcd2cde62b1fc9fdb0dcd3d","46","48","3882","4291","pending","","The cited unit is not yet integrated into the coherent full reader; no printed or assembled PDF page is guessed.","Please double-check: Does the alternate characteristic-string definition use one bound output name consistently?"
"te-Telu-IN-OLSIZ-010","te-Telu-IN-OLSIZ-010-OCC-002","source_correction","contemporaneous","normal","high","false","OLSIZ-010: confirmed undefined index in function definition","bound one output string name s consistently; adjacent sourcecorrection discloses the repair","te-Telu-IN","Telu","IN","standard formal Telugu","international logical and mathematical notation with Arabic decimal digits and Latin metavariables","OLP-0040","OLP-0040-B012","upstream/content/sets-functions-relations/size-of-sets/reduction-alt.tex","f7717d8394048096cf7a65bc87a1a1ed15861cdfb8c7edb23429d5256d954d11","52","54","2072","2240","translation/content/sets-functions-relations/size-of-sets/reduction-alt.tex","7db3d6a33b3233607b29f9a24765567acf1d41d34fcd2cde62b1fc9fdb0dcd3d","50","55","4292","4983","pending","","The cited unit is not yet integrated into the coherent full reader; no printed or assembled PDF page is guessed.","Please double-check: Does the alternate characteristic-string definition use one bound output name consistently?"
"te-Telu-IN-OLSIZ-010","te-Telu-IN-OLSIZ-010-OCC-003","source_correction","contemporaneous","normal","high","false","OLSIZ-010: confirmed undefined index in function definition","bound one output string name s consistently; adjacent sourcecorrection discloses the repair","te-Telu-IN","Telu","IN","standard formal Telugu","international logical and mathematical notation with Arabic decimal digits and Latin metavariables","OLP-0040","OLP-0040-B013","upstream/content/sets-functions-relations/size-of-sets/reduction-alt.tex","f7717d8394048096cf7a65bc87a1a1ed15861cdfb8c7edb23429d5256d954d11","56","58","2241","2437","translation/content/sets-functions-relations/size-of-sets/reduction-alt.tex","7db3d6a33b3233607b29f9a24765567acf1d41d34fcd2cde62b1fc9fdb0dcd3d","57","62","4984","5607","pending","","The cited unit is not yet integrated into the coherent full reader; no printed or assembled PDF page is guessed.","Please double-check: Does the alternate characteristic-string definition use one bound output name consistently?"
"te-Telu-IN-OLTEARITH-001","te-Telu-IN-OLTEARITH-001-OCC-001","source_correction","contemporaneous","normal","high","false","OLTEARITH-001: confirmed reversed difference in order explanation","used s-r consistently with both controlling occurrences; adjacent sourcecorrection discloses the repair","te-Telu-IN","Telu","IN","standard formal Telugu","international logical and mathematical notation with Arabic decimal digits and Latin metavariables","OLP-0043","OLP-0043-B006","upstream/content/sets-functions-relations/arithmetization/rationals.tex","7140495368042fcbc55907e6ee568c5bc8b7066e44a01a50cbf4202acebe71d2","53","58","2228","2611","translation/content/sets-functions-relations/arithmetization/rationals.tex","26768e2be3e8018e8a0ba3dc8f036e09b35c273126b7a327bf7c363ff0c98971","62","62","4513","4640","pending","","The cited unit is not yet integrated into the coherent full reader; no printed or assembled PDF page is guessed.","Please double-check: Does the rational-order explanation use s-r consistently with both controlling occurrences and preserve the nonnegative-numerator, positive-denominator condition?"
"te-Telu-IN-OLTEARITH-002","te-Telu-IN-OLTEARITH-002-OCC-001","source_correction","contemporaneous","normal","high","false","OLTEARITH-002: confirmed stray character","removed the stray character only; adjacent sourcecorrection discloses the repair","te-Telu-IN","Telu","IN","standard formal Telugu","international logical and mathematical notation with Arabic decimal digits and Latin metavariables","OLP-0044","OLP-0044-B012","upstream/content/sets-functions-relations/arithmetization/reals.tex","3df30161417b836178ff701aa3d778b9ec7c1ba8e3a8a54f98b5584a7960f453","80","80","3931","4336","translation/content/sets-functions-relations/arithmetization/reals.tex","57152c80e37885a558cf6fb25d4d26033725e88d9dae4cc074afbe968789ea02","95","95","8579","8685","pending","","The cited unit is not yet integrated into the coherent full reader; no printed or assembled PDF page is guessed.","Please double-check: Does the Telugu note make clear that only a stray less-than character was removed from ordinary prose?"
"te-Telu-IN-OLTEARITH-003","te-Telu-IN-OLTEARITH-003-OCC-001","source_correction","contemporaneous","normal","high","false","OLTEARITH-003: confirmed zero embedding notation mismatch","replaced 0 superscript R with the chapter-consistent embedded zero 0_Real; adjacent sourcecorrection discloses the repair","te-Telu-IN","Telu","IN","standard formal Telugu","international logical and mathematical notation with Arabic decimal digits and Latin metavariables","OLP-0045","OLP-0045-B012","upstream/content/sets-functions-relations/arithmetization/cuts.tex","e7cb1029bcb0f0f1ac677c005af8d4e6a10df84bfff50c7483447b972324b44c","96","100","4912","5148","translation/content/sets-functions-relations/arithmetization/cuts.tex","1c88716ed0e4777af4cca389cb367a45a15872a20e5f0391680277469d6a72d2","110","110","9179","9301","pending","","The cited unit is not yet integrated into the coherent full reader; no printed or assembled PDF page is guessed.","Please double-check: Does the multiplication formula use the embedded real zero 0_Real consistently with the surrounding construction?"
"te-Telu-IN-OLTEARITH-004","te-Telu-IN-OLTEARITH-004-OCC-001","source_correction","contemporaneous","normal","high","false","OLTEARITH-004: confirmed wrong premise attribution","attributed existence of a member to the stated non-emptiness of S; adjacent sourcecorrection discloses the repair","te-Telu-IN","Telu","IN","standard formal Telugu","international logical and mathematical notation with Arabic decimal digits and Latin metavariables","OLP-0045","OLP-0045-B010","upstream/content/sets-functions-relations/arithmetization/cuts.tex","e7cb1029bcb0f0f1ac677c005af8d4e6a10df84bfff50c7483447b972324b44c","59","68","2610","3118","translation/content/sets-functions-relations/arithmetization/cuts.tex","1c88716ed0e4777af4cca389cb367a45a15872a20e5f0391680277469d6a72d2","71","71","5654","5760","pending","","The cited unit is not yet integrated into the coherent full reader; no printed or assembled PDF page is guessed.","Please double-check: Does the completeness proof correctly attribute existence of a member of S to non-emptiness rather than boundedness?"
"te-Telu-IN-OLTEARITH-005","te-Telu-IN-OLTEARITH-005-OCC-001","source_correction","contemporaneous","normal","high","false","OLTEARITH-005: confirmed relation class type confusion","identified reals with equivalence classes under Realequiv; adjacent sourcecorrection discloses the repair","te-Telu-IN","Telu","IN","standard formal Telugu","international logical and mathematical notation with Arabic decimal digits and Latin metavariables","OLP-0048","OLP-0048-B012","upstream/content/sets-functions-relations/arithmetization/cauchy.tex","35d0a39913340eadcab7fb9d7742b56aef0d0f29868cd65eeca9dc53694e8ac2","109","125","5114","6022","translation/content/sets-functions-relations/arithmetization/cauchy.tex","d7bd1194aa5bab6eb7b9d92feefc8df30f35dca17d5ec46df2c63fd08c66b995","118","118","12027","12149","pending","","The cited unit is not yet integrated into the coherent full reader; no printed or assembled PDF page is guessed.","Please double-check: Does the Cauchy construction distinguish the equivalence relation from the real objects, which are its equivalence classes?"
"te-Telu-IN-OLTEARITH-006","te-Telu-IN-OLTEARITH-006-OCC-001","source_correction","contemporaneous","normal","high","false","OLTEARITH-006: confirmed zero sort mismatch","compared the represented real with 0_Real rather than 0_Rat; adjacent sourcecorrection discloses the repair","te-Telu-IN","Telu","IN","standard formal Telugu","international logical and mathematical notation with Arabic decimal digits and Latin metavariables","OLP-0048","OLP-0048-B015","upstream/content/sets-functions-relations/arithmetization/cauchy.tex","35d0a39913340eadcab7fb9d7742b56aef0d0f29868cd65eeca9dc53694e8ac2","149","152","7115","7388","translation/content/sets-functions-relations/arithmetization/cauchy.tex","d7bd1194aa5bab6eb7b9d92feefc8df30f35dca17d5ec46df2c63fd08c66b995","155","155","15436","15561","pending","","The cited unit is not yet integrated into the coherent full reader; no printed or assembled PDF page is guessed.","Please double-check: Is positivity of a represented real compared with 0_Real rather than the differently typed 0_Rat?"
"te-Telu-IN-OLTEARITH-007","te-Telu-IN-OLTEARITH-007-OCC-001","source_correction","contemporaneous","normal","high","false","OLTEARITH-007: confirmed raw sequence vs quotient field confusion","stated theorem and exercise for equivalence classes of Cauchy sequences; adjacent sourcecorrection discloses the repair","te-Telu-IN","Telu","IN","standard formal Telugu","international logical and mathematical notation with Arabic decimal digits and Latin metavariables","OLP-0048","OLP-0048-B015","upstream/content/sets-functions-relations/arithmetization/cauchy.tex","35d0a39913340eadcab7fb9d7742b56aef0d0f29868cd65eeca9dc53694e8ac2","159","163","7733","7947","translation/content/sets-functions-relations/arithmetization/cauchy.tex","d7bd1194aa5bab6eb7b9d92feefc8df30f35dca17d5ec46df2c63fd08c66b995","148","171","14648","17170","pending","","The cited unit is not yet integrated into the coherent full reader; no printed or assembled PDF page is guessed.","Please double-check: Do the ordered-field theorem and exercise state the result for equivalence classes rather than raw Cauchy sequences?"
"te-Telu-IN-OLTEARITH-007","te-Telu-IN-OLTEARITH-007-OCC-002","source_correction","contemporaneous","normal","high","false","OLTEARITH-007: confirmed raw sequence vs quotient field confusion","stated theorem and exercise for equivalence classes of Cauchy sequences; adjacent sourcecorrection discloses the repair","te-Telu-IN","Telu","IN","standard formal Telugu","international logical and mathematical notation with Arabic decimal digits and Latin metavariables","OLP-0048","OLP-0048-B016","upstream/content/sets-functions-relations/arithmetization/cauchy.tex","35d0a39913340eadcab7fb9d7742b56aef0d0f29868cd65eeca9dc53694e8ac2","165","167","7949","7989","translation/content/sets-functions-relations/arithmetization/cauchy.tex","d7bd1194aa5bab6eb7b9d92feefc8df30f35dca17d5ec46df2c63fd08c66b995","173","175","17171","17211","pending","","The cited unit is not yet integrated into the coherent full reader; no printed or assembled PDF page is guessed.","Please double-check: Do the ordered-field theorem and exercise state the result for equivalence classes rather than raw Cauchy sequences?"
"te-Telu-IN-OLTEARITH-007","te-Telu-IN-OLTEARITH-007-OCC-003","source_correction","contemporaneous","normal","high","false","OLTEARITH-007: confirmed raw sequence vs quotient field confusion","stated theorem and exercise for equivalence classes of Cauchy sequences; adjacent sourcecorrection discloses the repair","te-Telu-IN","Telu","IN","standard formal Telugu","international logical and mathematical notation with Arabic decimal digits and Latin metavariables","OLP-0048","OLP-0048-B017","upstream/content/sets-functions-relations/arithmetization/cauchy.tex","35d0a39913340eadcab7fb9d7742b56aef0d0f29868cd65eeca9dc53694e8ac2","169","171","7991","8079","translation/content/sets-functions-relations/arithmetization/cauchy.tex","d7bd1194aa5bab6eb7b9d92feefc8df30f35dca17d5ec46df2c63fd08c66b995","177","180","17212","17450","pending","","The cited unit is not yet integrated into the coherent full reader; no printed or assembled PDF page is guessed.","Please double-check: Do the ordered-field theorem and exercise state the result for equivalence classes rather than raw Cauchy sequences?"
"te-Telu-IN-OLTEARITH-008","te-Telu-IN-OLTEARITH-008-OCC-001","source_correction","contemporaneous","normal","high","false","OLTEARITH-008: confirmed mixed sequence and equivalence class typing","stated completeness for represented classes, retained S as representative sequences, and made the q_Real comparison class-typed; adjacent sourcecorrection discloses the repair","te-Telu-IN","Telu","IN","standard formal Telugu","international logical and mathematical notation with Arabic decimal digits and Latin metavariables","OLP-0048","OLP-0048-B018","upstream/content/sets-functions-relations/arithmetization/cauchy.tex","35d0a39913340eadcab7fb9d7742b56aef0d0f29868cd65eeca9dc53694e8ac2","173","174","8081","8196","translation/content/sets-functions-relations/arithmetization/cauchy.tex","d7bd1194aa5bab6eb7b9d92feefc8df30f35dca17d5ec46df2c63fd08c66b995","182","183","17451","17734","pending","","The cited unit is not yet integrated into the coherent full reader; no printed or assembled PDF page is guessed.","Please double-check: Is S consistently a family of representative sequences while every ordered object is its represented equivalence class?"
"te-Telu-IN-OLTEARITH-008","te-Telu-IN-OLTEARITH-008-OCC-002","source_correction","contemporaneous","normal","high","false","OLTEARITH-008: confirmed mixed sequence and equivalence class typing","stated completeness for represented classes, retained S as representative sequences, and made the q_Real comparison class-typed; adjacent sourcecorrection discloses the repair","te-Telu-IN","Telu","IN","standard formal Telugu","international logical and mathematical notation with Arabic decimal digits and Latin metavariables","OLP-0048","OLP-0048-B019","upstream/content/sets-functions-relations/arithmetization/cauchy.tex","35d0a39913340eadcab7fb9d7742b56aef0d0f29868cd65eeca9dc53694e8ac2","176","179","8198","8309","translation/content/sets-functions-relations/arithmetization/cauchy.tex","d7bd1194aa5bab6eb7b9d92feefc8df30f35dca17d5ec46df2c63fd08c66b995","185","194","17735","18970","pending","","The cited unit is not yet integrated into the coherent full reader; no printed or assembled PDF page is guessed.","Please double-check: Is S consistently a family of representative sequences while every ordered object is its represented equivalence class?"
"te-Telu-IN-OLTEARITH-008","te-Telu-IN-OLTEARITH-008-OCC-003","source_correction","contemporaneous","normal","high","false","OLTEARITH-008: confirmed mixed sequence and equivalence class typing","stated completeness for represented classes, retained S as representative sequences, and made the q_Real comparison class-typed; adjacent sourcecorrection discloses the repair","te-Telu-IN","Telu","IN","standard formal Telugu","international logical and mathematical notation with Arabic decimal digits and Latin metavariables","OLP-0048","OLP-0048-B020","upstream/content/sets-functions-relations/arithmetization/cauchy.tex","35d0a39913340eadcab7fb9d7742b56aef0d0f29868cd65eeca9dc53694e8ac2","181","185","8311","8660","translation/content/sets-functions-relations/arithmetization/cauchy.tex","d7bd1194aa5bab6eb7b9d92feefc8df30f35dca17d5ec46df2c63fd08c66b995","196","203","18971","19886","pending","","The cited unit is not yet integrated into the coherent full reader; no printed or assembled PDF page is guessed.","Please double-check: Is S consistently a family of representative sequences while every ordered object is its represented equivalence class?"
"te-Telu-IN-OLTEARITH-008","te-Telu-IN-OLTEARITH-008-OCC-004","source_correction","contemporaneous","normal","high","false","OLTEARITH-008: confirmed mixed sequence and equivalence class typing","stated completeness for represented classes, retained S as representative sequences, and made the q_Real comparison class-typed; adjacent sourcecorrection discloses the repair","te-Telu-IN","Telu","IN","standard formal Telugu","international logical and mathematical notation with Arabic decimal digits and Latin metavariables","OLP-0048","OLP-0048-B021","upstream/content/sets-functions-relations/arithmetization/cauchy.tex","35d0a39913340eadcab7fb9d7742b56aef0d0f29868cd65eeca9dc53694e8ac2","187","213","8662","9749","translation/content/sets-functions-relations/arithmetization/cauchy.tex","d7bd1194aa5bab6eb7b9d92feefc8df30f35dca17d5ec46df2c63fd08c66b995","205","231","19887","21783","pending","","The cited unit is not yet integrated into the coherent full reader; no printed or assembled PDF page is guessed.","Please double-check: Is S consistently a family of representative sequences while every ordered object is its represented equivalence class?"
"te-Telu-IN-OLTEARITH-008","te-Telu-IN-OLTEARITH-008-OCC-005","source_correction","contemporaneous","normal","high","false","OLTEARITH-008: confirmed mixed sequence and equivalence class typing","stated completeness for represented classes, retained S as representative sequences, and made the q_Real comparison class-typed; adjacent sourcecorrection discloses the repair","te-Telu-IN","Telu","IN","standard formal Telugu","international logical and mathematical notation with Arabic decimal digits and Latin metavariables","OLP-0048","OLP-0048-B022","upstream/content/sets-functions-relations/arithmetization/cauchy.tex","35d0a39913340eadcab7fb9d7742b56aef0d0f29868cd65eeca9dc53694e8ac2","215","224","9751","10402","translation/content/sets-functions-relations/arithmetization/cauchy.tex","d7bd1194aa5bab6eb7b9d92feefc8df30f35dca17d5ec46df2c63fd08c66b995","233","245","21784","22789","pending","","The cited unit is not yet integrated into the coherent full reader; no printed or assembled PDF page is guessed.","Please double-check: Is S consistently a family of representative sequences while every ordered object is its represented equivalence class?"
"te-Telu-IN-OLTEARITH-008","te-Telu-IN-OLTEARITH-008-OCC-006","source_correction","contemporaneous","normal","high","false","OLTEARITH-008: confirmed mixed sequence and equivalence class typing","stated completeness for represented classes, retained S as representative sequences, and made the q_Real comparison class-typed; adjacent sourcecorrection discloses the repair","te-Telu-IN","Telu","IN","standard formal Telugu","international logical and mathematical notation with Arabic decimal digits and Latin metavariables","OLP-0048","OLP-0048-B023","upstream/content/sets-functions-relations/arithmetization/cauchy.tex","35d0a39913340eadcab7fb9d7742b56aef0d0f29868cd65eeca9dc53694e8ac2","226","226","10404","10895","translation/content/sets-functions-relations/arithmetization/cauchy.tex","d7bd1194aa5bab6eb7b9d92feefc8df30f35dca17d5ec46df2c63fd08c66b995","247","256","22790","23759","pending","","The cited unit is not yet integrated into the coherent full reader; no printed or assembled PDF page is guessed.","Please double-check: Is S consistently a family of representative sequences while every ordered object is its represented equivalence class?"
"te-Telu-IN-OLTEINF-001","te-Telu-IN-OLTEINF-001-OCC-001","source_correction","contemporaneous","normal","high","false","OLTEINF-001: confirmed missing base element in minimality condition","added the required containing-zero condition fixed by the preceding repeated-application clause and following closure definition; adjacent sourcecorrection discloses the repair","te-Telu-IN","Telu","IN","standard formal Telugu","international logical and mathematical notation with Arabic decimal digits and Latin metavariables","OLP-0051","OLP-0051-B005","upstream/content/sets-functions-relations/infinite/dedekind-algebra.tex","9cee716bb8cb3bfd507ed5c17bbd4477d05995af6f8f8d411087793bdaa86036","33","39","1290","1583","translation/content/sets-functions-relations/infinite/dedekind-algebra.tex","6c21001b9772885daf96999b0a14730bea9cda98ab7066967e6f8803a99781c5","38","38","2941","3064","pending","","The cited unit is not yet integrated into the coherent full reader; no printed or assembled PDF page is guessed.","Please double-check: Does condition 3-prime explicitly require the least successor-closed set to contain zero, ruling out the empty set?"
"te-Telu-IN-OLTEINF-002","te-Telu-IN-OLTEINF-002-OCC-001","source_correction","contemporaneous","normal","high","false","OLTEINF-002: confirmed unbound ambient set and function type","bound f:A-to-A and o in A and restricted closure candidates to subsets of A; adjacent sourcecorrection discloses the repair","te-Telu-IN","Telu","IN","standard formal Telugu","international logical and mathematical notation with Arabic decimal digits and Latin metavariables","OLP-0051","OLP-0051-B006","upstream/content/sets-functions-relations/infinite/dedekind-algebra.tex","9cee716bb8cb3bfd507ed5c17bbd4477d05995af6f8f8d411087793bdaa86036","41","46","1585","1842","translation/content/sets-functions-relations/infinite/dedekind-algebra.tex","6c21001b9772885daf96999b0a14730bea9cda98ab7066967e6f8803a99781c5","45","56","3803","4919","pending","","The cited unit is not yet integrated into the coherent full reader; no printed or assembled PDF page is guessed.","Please double-check: Does the closure definition bind one ambient set A, a self-map f:A-to-A, its base point o in A and candidate subsets X of A consistently?"
"te-Telu-IN-OLTEINF-002","te-Telu-IN-OLTEINF-002-OCC-002","source_correction","contemporaneous","normal","high","false","OLTEINF-002: confirmed unbound ambient set and function type","bound f:A-to-A and o in A and restricted closure candidates to subsets of A; adjacent sourcecorrection discloses the repair","te-Telu-IN","Telu","IN","standard formal Telugu","international logical and mathematical notation with Arabic decimal digits and Latin metavariables","OLP-0051","OLP-0051-B007","upstream/content/sets-functions-relations/infinite/dedekind-algebra.tex","9cee716bb8cb3bfd507ed5c17bbd4477d05995af6f8f8d411087793bdaa86036","48","61","1844","2499","translation/content/sets-functions-relations/infinite/dedekind-algebra.tex","6c21001b9772885daf96999b0a14730bea9cda98ab7066967e6f8803a99781c5","58","71","4920","6007","pending","","The cited unit is not yet integrated into the coherent full reader; no printed or assembled PDF page is guessed.","Please double-check: Does the closure definition bind one ambient set A, a self-map f:A-to-A, its base point o in A and candidate subsets X of A consistently?"
"te-Telu-IN-OLTEINF-002","te-Telu-IN-OLTEINF-002-OCC-003","source_correction","contemporaneous","normal","high","false","OLTEINF-002: confirmed unbound ambient set and function type","bound f:A-to-A and o in A and restricted closure candidates to subsets of A; adjacent sourcecorrection discloses the repair","te-Telu-IN","Telu","IN","standard formal Telugu","international logical and mathematical notation with Arabic decimal digits and Latin metavariables","OLP-0051","OLP-0051-B008","upstream/content/sets-functions-relations/infinite/dedekind-algebra.tex","9cee716bb8cb3bfd507ed5c17bbd4477d05995af6f8f8d411087793bdaa86036","63","67","2501","2766","translation/content/sets-functions-relations/infinite/dedekind-algebra.tex","6c21001b9772885daf96999b0a14730bea9cda98ab7066967e6f8803a99781c5","73","77","6008","6495","pending","","The cited unit is not yet integrated into the coherent full reader; no printed or assembled PDF page is guessed.","Please double-check: Does the closure definition bind one ambient set A, a self-map f:A-to-A, its base point o in A and candidate subsets X of A consistently?"
"te-Telu-IN-OLTEINF-002","te-Telu-IN-OLTEINF-002-OCC-004","source_correction","contemporaneous","normal","high","false","OLTEINF-002: confirmed unbound ambient set and function type","bound f:A-to-A and o in A and restricted closure candidates to subsets of A; adjacent sourcecorrection discloses the repair","te-Telu-IN","Telu","IN","standard formal Telugu","international logical and mathematical notation with Arabic decimal digits and Latin metavariables","OLP-0051","OLP-0051-B009","upstream/content/sets-functions-relations/infinite/dedekind-algebra.tex","9cee716bb8cb3bfd507ed5c17bbd4477d05995af6f8f8d411087793bdaa86036","69","70","2768","2905","translation/content/sets-functions-relations/infinite/dedekind-algebra.tex","6c21001b9772885daf96999b0a14730bea9cda98ab7066967e6f8803a99781c5","79","81","6496","6743","pending","","The cited unit is not yet integrated into the coherent full reader; no printed or assembled PDF page is guessed.","Please double-check: Does the closure definition bind one ambient set A, a self-map f:A-to-A, its base point o in A and candidate subsets X of A consistently?"
"te-Telu-IN-OLTEINF-002","te-Telu-IN-OLTEINF-002-OCC-005","source_correction","contemporaneous","normal","high","false","OLTEINF-002: confirmed unbound ambient set and function type","bound f:A-to-A and o in A and restricted closure candidates to subsets of A; adjacent sourcecorrection discloses the repair","te-Telu-IN","Telu","IN","standard formal Telugu","international logical and mathematical notation with Arabic decimal digits and Latin metavariables","OLP-0051","OLP-0051-B010","upstream/content/sets-functions-relations/infinite/dedekind-algebra.tex","9cee716bb8cb3bfd507ed5c17bbd4477d05995af6f8f8d411087793bdaa86036","72","73","2907","3117","translation/content/sets-functions-relations/infinite/dedekind-algebra.tex","6c21001b9772885daf96999b0a14730bea9cda98ab7066967e6f8803a99781c5","83","86","6744","7060","pending","","The cited unit is not yet integrated into the coherent full reader; no printed or assembled PDF page is guessed.","Please double-check: Does the closure definition bind one ambient set A, a self-map f:A-to-A, its base point o in A and candidate subsets X of A consistently?"
"te-Telu-IN-OLTEINF-002","te-Telu-IN-OLTEINF-002-OCC-006","source_correction","contemporaneous","normal","high","false","OLTEINF-002: confirmed unbound ambient set and function type","bound f:A-to-A and o in A and restricted closure candidates to subsets of A; adjacent sourcecorrection discloses the repair","te-Telu-IN","Telu","IN","standard formal Telugu","international logical and mathematical notation with Arabic decimal digits and Latin metavariables","OLP-0051","OLP-0051-B011","upstream/content/sets-functions-relations/infinite/dedekind-algebra.tex","9cee716bb8cb3bfd507ed5c17bbd4477d05995af6f8f8d411087793bdaa86036","75","76","3119","3217","translation/content/sets-functions-relations/infinite/dedekind-algebra.tex","6c21001b9772885daf96999b0a14730bea9cda98ab7066967e6f8803a99781c5","88","90","7061","7199","pending","","The cited unit is not yet integrated into the coherent full reader; no printed or assembled PDF page is guessed.","Please double-check: Does the closure definition bind one ambient set A, a self-map f:A-to-A, its base point o in A and candidate subsets X of A consistently?"
"te-Telu-IN-OLTEINF-003","te-Telu-IN-OLTEINF-003-OCC-001","source_correction","contemporaneous","normal","high","false","OLTEINF-003: confirmed closure minimality typing gap","applied closure minimality to N-intersection-X, the s-closed subset supplied by the theorem condition; adjacent sourcecorrection discloses the repair","te-Telu-IN","Telu","IN","standard formal Telugu","international logical and mathematical notation with Arabic decimal digits and Latin metavariables","OLP-0052","OLP-0052-B006","upstream/content/sets-functions-relations/infinite/dedekind-induction.tex","ea5f6c80d70abca6f5598de3e221c2f60524c40cbf533ae8a5336d5bb7186537","16","21","478","748","translation/content/sets-functions-relations/infinite/dedekind-induction.tex","7fd385dc7fbf2700c76424e02f23ba0aed31ba7462817e79749b28b3a31864b4","16","22","741","1169","pending","","The cited unit is not yet integrated into the coherent full reader; no printed or assembled PDF page is guessed.","Please double-check: Does the induction proof apply closure minimality to N-intersection-X rather than to an arbitrary set X outside the self-map domain?"
"te-Telu-IN-OLTEINF-003","te-Telu-IN-OLTEINF-003-OCC-002","source_correction","contemporaneous","normal","high","false","OLTEINF-003: confirmed closure minimality typing gap","applied closure minimality to N-intersection-X, the s-closed subset supplied by the theorem condition; adjacent sourcecorrection discloses the repair","te-Telu-IN","Telu","IN","standard formal Telugu","international logical and mathematical notation with Arabic decimal digits and Latin metavariables","OLP-0052","OLP-0052-B007","upstream/content/sets-functions-relations/infinite/dedekind-induction.tex","ea5f6c80d70abca6f5598de3e221c2f60524c40cbf533ae8a5336d5bb7186537","23","27","750","977","translation/content/sets-functions-relations/infinite/dedekind-induction.tex","7fd385dc7fbf2700c76424e02f23ba0aed31ba7462817e79749b28b3a31864b4","24","34","1170","2222","pending","","The cited unit is not yet integrated into the coherent full reader; no printed or assembled PDF page is guessed.","Please double-check: Does the induction proof apply closure minimality to N-intersection-X rather than to an arbitrary set X outside the self-map domain?"
"te-Telu-IN-OLTEINF-004","te-Telu-IN-OLTEINF-004-OCC-001","source_correction","contemporaneous","normal","high","false","OLTEINF-004: confirmed unbound set closure ambient type","bound an ambient U, self-map f, base B subset U and closure candidates X subset U; adjacent sourcecorrection discloses the repair","te-Telu-IN","Telu","IN","standard formal Telugu","international logical and mathematical notation with Arabic decimal digits and Latin metavariables","OLP-0054","OLP-0054-B007","upstream/content/sets-functions-relations/infinite/card-sb.tex","88534a3f2be736a704ab31343e45933edb9712fa5b4411eb102c0f4a12d656e9","25","33","1045","1350","translation/content/sets-functions-relations/infinite/card-sb.tex","ff981a69795074460a689ce26ab28b083f07a867d03eb5702022afdc310ea6db","25","37","2149","3257","pending","","The cited unit is not yet integrated into the coherent full reader; no printed or assembled PDF page is guessed.","Please double-check: Does the set-closure definition bind one ambient U, a self-map on U, a base subset of U and closure candidates contained in U?"
"te-Telu-IN-OLTEINF-004","te-Telu-IN-OLTEINF-004-OCC-002","source_correction","contemporaneous","normal","high","false","OLTEINF-004: confirmed unbound set closure ambient type","bound an ambient U, self-map f, base B subset U and closure candidates X subset U; adjacent sourcecorrection discloses the repair","te-Telu-IN","Telu","IN","standard formal Telugu","international logical and mathematical notation with Arabic decimal digits and Latin metavariables","OLP-0054","OLP-0054-B008","upstream/content/sets-functions-relations/infinite/card-sb.tex","88534a3f2be736a704ab31343e45933edb9712fa5b4411eb102c0f4a12d656e9","35","43","1352","1743","translation/content/sets-functions-relations/infinite/card-sb.tex","ff981a69795074460a689ce26ab28b083f07a867d03eb5702022afdc310ea6db","39","47","3258","3734","pending","","The cited unit is not yet integrated into the coherent full reader; no printed or assembled PDF page is guessed.","Please double-check: Does the set-closure definition bind one ambient U, a self-map on U, a base subset of U and closure candidates contained in U?"
"te-Telu-IN-OLTEINF-004","te-Telu-IN-OLTEINF-004-OCC-003","source_correction","contemporaneous","normal","high","false","OLTEINF-004: confirmed unbound set closure ambient type","bound an ambient U, self-map f, base B subset U and closure candidates X subset U; adjacent sourcecorrection discloses the repair","te-Telu-IN","Telu","IN","standard formal Telugu","international logical and mathematical notation with Arabic decimal digits and Latin metavariables","OLP-0054","OLP-0054-B009","upstream/content/sets-functions-relations/infinite/card-sb.tex","88534a3f2be736a704ab31343e45933edb9712fa5b4411eb102c0f4a12d656e9","45","46","1745","1827","translation/content/sets-functions-relations/infinite/card-sb.tex","ff981a69795074460a689ce26ab28b083f07a867d03eb5702022afdc310ea6db","49","51","3735","3847","pending","","The cited unit is not yet integrated into the coherent full reader; no printed or assembled PDF page is guessed.","Please double-check: Does the set-closure definition bind one ambient U, a self-map on U, a base subset of U and closure candidates contained in U?"
"te-Telu-IN-OLTEINF-005","te-Telu-IN-OLTEINF-005-OCC-001","source_correction","contemporaneous","normal","high","false","OLTEINF-005: historical confirmed malformed nested cardinality conclusion classification (rejected false positive)","presents the valid source chain as the two explicit comparisons A equinumerous with B and B equinumerous with C for readability; the adjacent sourcecorrection discloses the equivalent notation and rejects the prior error classification","te-Telu-IN","Telu","IN","standard formal Telugu","international logical and mathematical notation with Arabic decimal digits and Latin metavariables","OLP-0054","OLP-0054-B010","upstream/content/sets-functions-relations/infinite/card-sb.tex","88534a3f2be736a704ab31343e45933edb9712fa5b4411eb102c0f4a12d656e9","49","49","1842","1897","translation/content/sets-functions-relations/infinite/card-sb.tex","ff981a69795074460a689ce26ab28b083f07a867d03eb5702022afdc310ea6db","53","53","3848","4031","pending","","The cited unit is not yet integrated into the coherent full reader; no printed or assembled PDF page is guessed.","Please double-check that the qualified note correctly explains the valid nested cardinality chain and that the two explicit target comparisons are mathematically equivalent without retaining the rejected source-error claim."
"te-Telu-IN-OLTEINF-005","te-Telu-IN-OLTEINF-005-OCC-002","source_correction","contemporaneous","normal","high","false","OLTEINF-005: historical confirmed malformed nested cardinality conclusion classification (rejected false positive)","presents the valid source chain as the two explicit comparisons A equinumerous with B and B equinumerous with C for readability; the adjacent sourcecorrection discloses the equivalent notation and rejects the prior error classification","te-Telu-IN","Telu","IN","standard formal Telugu","international logical and mathematical notation with Arabic decimal digits and Latin metavariables","OLP-0054","OLP-0054-B011","upstream/content/sets-functions-relations/infinite/card-sb.tex","88534a3f2be736a704ab31343e45933edb9712fa5b4411eb102c0f4a12d656e9","51","53","1899","2028","translation/content/sets-functions-relations/infinite/card-sb.tex","ff981a69795074460a689ce26ab28b083f07a867d03eb5702022afdc310ea6db","55","64","4032","4993","pending","","The cited unit is not yet integrated into the coherent full reader; no printed or assembled PDF page is guessed.","Please double-check that the qualified note correctly explains the valid nested cardinality chain and that the two explicit target comparisons are mathematically equivalent without retaining the rejected source-error claim."
"te-Telu-IN-OLTEINF-006","te-Telu-IN-OLTEINF-006-OCC-001","source_correction","contemporaneous","normal","high","false","OLTEINF-006: confirmed missing range inclusion","added the missing ran(g)-subset-B direction before the source's B-subset-ran(g) direction; adjacent sourcecorrection discloses the repair","te-Telu-IN","Telu","IN","standard formal Telugu","international logical and mathematical notation with Arabic decimal digits and Latin metavariables","OLP-0054","OLP-0054-B012","upstream/content/sets-functions-relations/infinite/card-sb.tex","88534a3f2be736a704ab31343e45933edb9712fa5b4411eb102c0f4a12d656e9","55","68","2030","2457","translation/content/sets-functions-relations/infinite/card-sb.tex","ff981a69795074460a689ce26ab28b083f07a867d03eb5702022afdc310ea6db","66","79","4994","5834","pending","","The cited unit is not yet integrated into the coherent full reader; no printed or assembled PDF page is guessed.","Please double-check: Does the proof establish both inclusions needed for ran(g)=B, including the formerly missing ran(g)-subset-B direction?"
"te-Telu-IN-OLTEINF-006","te-Telu-IN-OLTEINF-006-OCC-002","source_correction","contemporaneous","normal","high","false","OLTEINF-006: confirmed missing range inclusion","added the missing ran(g)-subset-B direction before the source's B-subset-ran(g) direction; adjacent sourcecorrection discloses the repair","te-Telu-IN","Telu","IN","standard formal Telugu","international logical and mathematical notation with Arabic decimal digits and Latin metavariables","OLP-0054","OLP-0054-B013","upstream/content/sets-functions-relations/infinite/card-sb.tex","88534a3f2be736a704ab31343e45933edb9712fa5b4411eb102c0f4a12d656e9","70","73","2459","2708","translation/content/sets-functions-relations/infinite/card-sb.tex","ff981a69795074460a689ce26ab28b083f07a867d03eb5702022afdc310ea6db","81","85","5835","6251","pending","","The cited unit is not yet integrated into the coherent full reader; no printed or assembled PDF page is guessed.","Please double-check: Does the proof establish both inclusions needed for ran(g)=B, including the formerly missing ran(g)-subset-B direction?"
"te-Telu-IN-OLTEINF-006","te-Telu-IN-OLTEINF-006-OCC-003","source_correction","contemporaneous","normal","high","false","OLTEINF-006: confirmed missing range inclusion","added the missing ran(g)-subset-B direction before the source's B-subset-ran(g) direction; adjacent sourcecorrection discloses the repair","te-Telu-IN","Telu","IN","standard formal Telugu","international logical and mathematical notation with Arabic decimal digits and Latin metavariables","OLP-0054","OLP-0054-B014","upstream/content/sets-functions-relations/infinite/card-sb.tex","88534a3f2be736a704ab31343e45933edb9712fa5b4411eb102c0f4a12d656e9","75","78","2710","2955","translation/content/sets-functions-relations/infinite/card-sb.tex","ff981a69795074460a689ce26ab28b083f07a867d03eb5702022afdc310ea6db","87","91","6252","6748","pending","","The cited unit is not yet integrated into the coherent full reader; no printed or assembled PDF page is guessed.","Please double-check: Does the proof establish both inclusions needed for ran(g)=B, including the formerly missing ran(g)-subset-B direction?"
"te-Telu-IN-OLTEINF-006","te-Telu-IN-OLTEINF-006-OCC-004","source_correction","contemporaneous","normal","high","false","OLTEINF-006: confirmed missing range inclusion","added the missing ran(g)-subset-B direction before the source's B-subset-ran(g) direction; adjacent sourcecorrection discloses the repair","te-Telu-IN","Telu","IN","standard formal Telugu","international logical and mathematical notation with Arabic decimal digits and Latin metavariables","OLP-0054","OLP-0054-B015","upstream/content/sets-functions-relations/infinite/card-sb.tex","88534a3f2be736a704ab31343e45933edb9712fa5b4411eb102c0f4a12d656e9","80","83","2957","3277","translation/content/sets-functions-relations/infinite/card-sb.tex","ff981a69795074460a689ce26ab28b083f07a867d03eb5702022afdc310ea6db","93","106","6749","8112","pending","","The cited unit is not yet integrated into the coherent full reader; no printed or assembled PDF page is guessed.","Please double-check: Does the proof establish both inclusions needed for ran(g)=B, including the formerly missing ran(g)-subset-B direction?"
"te-Telu-IN-OLTEPLSYN-001","te-Telu-IN-OLTEPLSYN-001-OCC-001","source_correction","contemporaneous","normal","high","false","OLTEPLSYN-001: confirmed malformed nested tag closure","closed the inner defTrue test with its empty false arm before closing the outer tag test; adjacent sourcecorrection discloses the TeX-structure repair","te-Telu-IN","Telu","IN","standard formal Telugu","international logical and mathematical notation with Arabic decimal digits and Latin metavariables","OLP-0058","OLP-0058-B009","upstream/content/propositional-logic/syntax-and-semantics/formulas.tex","f05ab9c5e23b362dbee9f6063f096f52ebc9e7f97b29acc9c07f18788f1f8f48","37","47","1233","1797","translation/content/propositional-logic/syntax-and-semantics/formulas.tex","0a7d4aece28630215f7ddb3c3496a9bd0707d357580bed575b834ca99fa5c9b8","48","48","3072","3189","pending","","The cited unit is not yet integrated into the coherent full reader; no printed or assembled PDF page is guessed.","Please double-check: Does the Telugu disclosure identify the malformed nested tag arms and make clear that only their brace/empty-arm closure was repaired?"
"te-Telu-IN-OLTEPLSYN-002","te-Telu-IN-OLTEPLSYN-002-OCC-001","source_correction","contemporaneous","normal","high","false","OLTEPLSYN-002: confirmed unmatched parenthesis in defined conditional","removed the unmatched right parenthesis while retaining the not-A-or-B abbreviation; adjacent sourcecorrection discloses the repair","te-Telu-IN","Telu","IN","standard formal Telugu","international logical and mathematical notation with Arabic decimal digits and Latin metavariables","OLP-0058","OLP-0058-B032","upstream/content/propositional-logic/syntax-and-semantics/formulas.tex","f05ab9c5e23b362dbee9f6063f096f52ebc9e7f97b29acc9c07f18788f1f8f48","158","159","5998","6109","translation/content/propositional-logic/syntax-and-semantics/formulas.tex","0a7d4aece28630215f7ddb3c3496a9bd0707d357580bed575b834ca99fa5c9b8","166","166","12272","12390","pending","","The cited unit is not yet integrated into the coherent full reader; no printed or assembled PDF page is guessed.","Please double-check: Does the material-conditional abbreviation read exactly as not A or B after removal of the source’s unmatched closing parenthesis?"
"te-Telu-IN-OLTEPLSYN-003","te-Telu-IN-OLTEPLSYN-003-OCC-001","source_correction","contemporaneous","normal","high","false","OLTEPLSYN-003: confirmed wrong identity symbol in formation proof","replaced semantic equivalence by the chapter's syntactic-identity symbol in the formation proof; adjacent sourcecorrection discloses the repair","te-Telu-IN","Telu","IN","standard formal Telugu","international logical and mathematical notation with Arabic decimal digits and Latin metavariables","OLP-0060","OLP-0060-B016","upstream/content/propositional-logic/syntax-and-semantics/formation-sequences.tex","fff70555c1ef515d9092e72c91496aa898f74e4dd41e4cadc82f49a30c5850f5","140","149","4659","5239","translation/content/propositional-logic/syntax-and-semantics/formation-sequences.tex","0ef97730a1938c2018208a862cad550b97d16b7ca1f7545368f6d0122bac62a2","138","138","7680","7811","pending","","The cited unit is not yet integrated into the coherent full reader; no printed or assembled PDF page is guessed.","Please double-check: Does the formation-sequence proof use syntactic identity, rather than semantic equivalence, for literal identity of symbol strings?"
"te-Telu-IN-OLTEPLSYN-004","te-Telu-IN-OLTEPLSYN-004-OCC-001","source_correction","contemporaneous","normal","high","false","OLTEPLSYN-004: confirmed fixed formula scope ambiguity","made the explanatory clause refer to the already fixed formula A rather than some formula; adjacent sourcecorrection discloses the scope repair","te-Telu-IN","Telu","IN","standard formal Telugu","international logical and mathematical notation with Arabic decimal digits and Latin metavariables","OLP-0061","OLP-0061-B010","upstream/content/propositional-logic/syntax-and-semantics/valuations-sat.tex","9f0b5ecd5a8462ab5d970546602a1a0b0e46e5908c6a0f46369f93543583f882","133","140","4006","4430","translation/content/propositional-logic/syntax-and-semantics/valuations-sat.tex","cc30d2ec1c186a1aec89a6548e173511bb70e017dd6d186cbf0ab96babb2cfa7","143","143","5739","5749","pending","","The cited unit is not yet integrated into the coherent full reader; no printed or assembled PDF page is guessed.","Please double-check: Does Local Determination unambiguously restrict agreement to variables occurring in the one fixed formula A?"
"te-Telu-IN-OLTEPRF-001","te-Telu-IN-OLTEPRF-001-OCC-001","source_correction","contemporaneous","normal","high","false","OLTEPRF-001: confirmed dependent indices in general sequent form","used an independent final index n for the succedent sequence; adjacent sourcecorrection discloses the formula repair","te-Telu-IN","Telu","IN","standard formal Telugu","international logical and mathematical notation with Arabic decimal digits and Latin metavariables","OLP-0065","OLP-0065-B006","upstream/content/first-order-logic/proof-systems/sequent-calculus.tex","5448a91da184ef1d41e40ec2d56b74db63d49412d8b96b3f2a39a101b0191bad","17","23","405","706","translation/content/first-order-logic/proof-systems/sequent-calculus.tex","d8850e4374ab629953fed31e1c453f9526264f82f0f98285d029d844228633b6","23","23","1113","1247","pending","","The cited unit is not yet integrated into the coherent full reader; no printed or assembled PDF page is guessed.","Please double-check: Does the general sequent use independent final indices m and n, consistently with either side being independently empty?"
"te-Telu-IN-OLTEPRF-002","te-Telu-IN-OLTEPRF-002-OCC-001","source_correction","contemporaneous","normal","high","false","OLTEPRF-002: confirmed wrong tableau rule macro argument","passed only the conjunction operator to the false-conjunction rule-label macro; adjacent sourcecorrection discloses the repair","te-Telu-IN","Telu","IN","standard formal Telugu","international logical and mathematical notation with Arabic decimal digits and Latin metavariables","OLP-0067","OLP-0067-B007","upstream/content/first-order-logic/proof-systems/tableaux.tex","8c9db50bcbc7a4aa757b8d57796b2e51df04b1cabb61f46756a79f72a1780b8f","31","39","1066","1653","translation/content/first-order-logic/proof-systems/tableaux.tex","9c5f5bf1adbf436f65f688104d36a59b633fd05a8b411c5ec39ba2a115eec4c0","41","41","3844","3928","pending","","The cited unit is not yet integrated into the coherent full reader; no printed or assembled PDF page is guessed.","Please double-check: Does the false-conjunction tableau rule pass only the conjunction operator to the documented rule-label macro?"
"te-Telu-IN-OLTEPRF-003","te-Telu-IN-OLTEPRF-003-OCC-001","source_correction","contemporaneous","normal","high","false","OLTEPRF-003: confirmed wrong rule labels in tableau example","labelled both children of the true conjunction with the true-conjunction rule while retaining line reference 2; adjacent sourcecorrection discloses the repair","te-Telu-IN","Telu","IN","standard formal Telugu","international logical and mathematical notation with Arabic decimal digits and Latin metavariables","OLP-0067","OLP-0067-B008","upstream/content/first-order-logic/proof-systems/tableaux.tex","8c9db50bcbc7a4aa757b8d57796b2e51df04b1cabb61f46756a79f72a1780b8f","53","63","2201","2646","translation/content/first-order-logic/proof-systems/tableaux.tex","9c5f5bf1adbf436f65f688104d36a59b633fd05a8b411c5ec39ba2a115eec4c0","69","69","5869","6002","pending","","The cited unit is not yet integrated into the coherent full reader; no printed or assembled PDF page is guessed.","Please double-check: Are both children produced from the true conjunction on line 2 labelled with the true-conjunction rule and the same line reference?"
"te-Telu-IN-OLTEPRF-004","te-Telu-IN-OLTEPRF-004-OCC-001","source_correction","contemporaneous","normal","high","false","OLTEPRF-004: confirmed insufficient membership quantifier in inconsistency definition","required membership in Gamma for every displayed index rather than for merely some index; adjacent sourcecorrection discloses the repair","te-Telu-IN","Telu","IN","standard formal Telugu","international logical and mathematical notation with Arabic decimal digits and Latin metavariables","OLP-0067","OLP-0067-B009","upstream/content/first-order-logic/proof-systems/tableaux.tex","8c9db50bcbc7a4aa757b8d57796b2e51df04b1cabb61f46756a79f72a1780b8f","65","70","2647","2842","translation/content/first-order-logic/proof-systems/tableaux.tex","9c5f5bf1adbf436f65f688104d36a59b633fd05a8b411c5ec39ba2a115eec4c0","81","81","6966","7081","pending","","The cited unit is not yet integrated into the coherent full reader; no printed or assembled PDF page is guessed.","Please double-check: Does the tableau inconsistency definition require every displayed finite premise B_i, rather than merely some one premise, to belong to Gamma?"
"te-Telu-IN-OLTESEQ-001","te-Telu-IN-OLTESEQ-001-OCC-001","source_correction","contemporaneous","normal","high","false","OLTESEQ-001: confirmed wrong side on repeated exchange rule labels","labelled all four antecedent-order changes with LeftR{Exchange}, retaining every sequent; one adjacent sourcecorrection discloses the repeated repair","te-Telu-IN","Telu","IN","standard formal Telugu","international logical and mathematical notation with Arabic decimal digits and Latin metavariables","OLP-0075","OLP-0075-B010","upstream/content/first-order-logic/sequent-calculus/proving-things.tex","8c94fddc6d2f4c5faee64e84c1216e1c1ca096719b5528ea4faff753b906d303","76","90","2760","3285","translation/content/first-order-logic/sequent-calculus/proving-things.tex","14ad8bb6aee2ed2d4e4ed2eb0aaaae73e992a4dab6bfe4da39daf91fc4f01f48","73","110","4862","7124","pending","","The cited unit is not yet integrated into the coherent full reader; no printed or assembled PDF page is guessed.","Please double-check: Are all four steps that change only antecedent order labelled as left exchange while every displayed sequent remains unchanged?"
"te-Telu-IN-OLTESEQ-001","te-Telu-IN-OLTESEQ-001-OCC-002","source_correction","contemporaneous","normal","high","false","OLTESEQ-001: confirmed wrong side on repeated exchange rule labels","labelled all four antecedent-order changes with LeftR{Exchange}, retaining every sequent; one adjacent sourcecorrection discloses the repeated repair","te-Telu-IN","Telu","IN","standard formal Telugu","international logical and mathematical notation with Arabic decimal digits and Latin metavariables","OLP-0075","OLP-0075-B010","upstream/content/first-order-logic/sequent-calculus/proving-things.tex","8c94fddc6d2f4c5faee64e84c1216e1c1ca096719b5528ea4faff753b906d303","94","108","3489","3942","translation/content/first-order-logic/sequent-calculus/proving-things.tex","14ad8bb6aee2ed2d4e4ed2eb0aaaae73e992a4dab6bfe4da39daf91fc4f01f48","73","110","4862","7124","pending","","The cited unit is not yet integrated into the coherent full reader; no printed or assembled PDF page is guessed.","Please double-check: Are all four steps that change only antecedent order labelled as left exchange while every displayed sequent remains unchanged?"
"te-Telu-IN-OLTESEQ-001","te-Telu-IN-OLTESEQ-001-OCC-003","source_correction","contemporaneous","normal","high","false","OLTESEQ-001: confirmed wrong side on repeated exchange rule labels","labelled all four antecedent-order changes with LeftR{Exchange}, retaining every sequent; one adjacent sourcecorrection discloses the repeated repair","te-Telu-IN","Telu","IN","standard formal Telugu","international logical and mathematical notation with Arabic decimal digits and Latin metavariables","OLP-0075","OLP-0075-B011","upstream/content/first-order-logic/sequent-calculus/proving-things.tex","8c94fddc6d2f4c5faee64e84c1216e1c1ca096719b5528ea4faff753b906d303","110","129","3943","4648","translation/content/first-order-logic/sequent-calculus/proving-things.tex","14ad8bb6aee2ed2d4e4ed2eb0aaaae73e992a4dab6bfe4da39daf91fc4f01f48","112","154","7125","8971","pending","","The cited unit is not yet integrated into the coherent full reader; no printed or assembled PDF page is guessed.","Please double-check: Are all four steps that change only antecedent order labelled as left exchange while every displayed sequent remains unchanged?"
"te-Telu-IN-OLTESEQ-001","te-Telu-IN-OLTESEQ-001-OCC-004","source_correction","contemporaneous","normal","high","false","OLTESEQ-001: confirmed wrong side on repeated exchange rule labels","labelled all four antecedent-order changes with LeftR{Exchange}, retaining every sequent; one adjacent sourcecorrection discloses the repeated repair","te-Telu-IN","Telu","IN","standard formal Telugu","international logical and mathematical notation with Arabic decimal digits and Latin metavariables","OLP-0075","OLP-0075-B011","upstream/content/first-order-logic/sequent-calculus/proving-things.tex","8c94fddc6d2f4c5faee64e84c1216e1c1ca096719b5528ea4faff753b906d303","132","151","4792","5412","translation/content/first-order-logic/sequent-calculus/proving-things.tex","14ad8bb6aee2ed2d4e4ed2eb0aaaae73e992a4dab6bfe4da39daf91fc4f01f48","112","154","7125","8971","pending","","The cited unit is not yet integrated into the coherent full reader; no printed or assembled PDF page is guessed.","Please double-check: Are all four steps that change only antecedent order labelled as left exchange while every displayed sequent remains unchanged?"
"te-Telu-IN-OLTESEQ-002","te-Telu-IN-OLTESEQ-002-OCC-001","source_correction","contemporaneous","normal","high","false","OLTESEQ-002: confirmed missing negation in prose sequent","restored the missing negation on B in both candidates so they match the end-sequent and following displayed inferences; one adjacent sourcecorrection discloses the repeated repair","te-Telu-IN","Telu","IN","standard formal Telugu","international logical and mathematical notation with Arabic decimal digits and Latin metavariables","OLP-0075","OLP-0075-B013","upstream/content/first-order-logic/sequent-calculus/proving-things.tex","8c94fddc6d2f4c5faee64e84c1216e1c1ca096719b5528ea4faff753b906d303","175","188","6228","6880","translation/content/first-order-logic/sequent-calculus/proving-things.tex","14ad8bb6aee2ed2d4e4ed2eb0aaaae73e992a4dab6bfe4da39daf91fc4f01f48","182","182","11046","11172","pending","","The cited unit is not yet integrated into the coherent full reader; no printed or assembled PDF page is guessed.","Please double-check: Do both prose candidate premises contain not-A-or-not-B, matching the end-sequent and the two displayed inferences?"
"te-Telu-IN-OLTESEQ-003","te-Telu-IN-OLTESEQ-003-OCC-001","source_correction","contemporaneous","normal","high","false","OLTESEQ-003: confirmed wrong calculus named in editorial scope note","named the sequent calculus rather than natural deduction, as fixed by the path, IDs and LK definitions; adjacent sourcecorrection discloses the repair","te-Telu-IN","Telu","IN","standard formal Telugu","international logical and mathematical notation with Arabic decimal digits and Latin metavariables","OLP-0077","OLP-0077-B004","upstream/content/first-order-logic/sequent-calculus/proof-theoretic-notions.tex","91c07ed071c2f9c18d3f10665b163b35dcc8636e7e0f27b4586aa9df63177a53","9","12","171","314","translation/content/first-order-logic/sequent-calculus/proof-theoretic-notions.tex","d5658796e651d4da2fcb3cc5fc089eec4762b50ae52a19f49a5eae63494d9f8b","12","12","464","582","pending","","The cited unit is not yet integrated into the coherent full reader; no printed or assembled PDF page is guessed.","Please double-check: Does the editorial scope note identify the sequent calculus, consistently with the chapter path, identifiers and LK definitions?"
"te-Telu-IN-OLTESEQ-004","te-Telu-IN-OLTESEQ-004-OCC-001","source_correction","contemporaneous","normal","high","false","OLTESEQ-004: confirmed wrong conclusion named in left conjunction soundness case","named the full lower sequent A-and-B,Gamma entails Delta rather than only Gamma entails Delta; adjacent sourcecorrection discloses the repair","te-Telu-IN","Telu","IN","standard formal Telugu","international logical and mathematical notation with Arabic decimal digits and Latin metavariables","OLP-0081","OLP-0081-B016","upstream/content/first-order-logic/sequent-calculus/soundness.tex","4de487cafc9d685844abb2c0b29c7b51debeb30a9b1129c7a2fa8c13ae48b151","132","159","5725","7255","translation/content/first-order-logic/sequent-calculus/soundness.tex","5df947bcb577f940ee0959dc8474d2321aa6745fe5dfbd3ff0076fc7a9410202","167","167","13045","13151","pending","","The cited unit is not yet integrated into the coherent full reader; no printed or assembled PDF page is guessed.","Please double-check: Does the left-conjunction soundness case conclude that the full lower sequent A-and-B,Gamma entails Delta is valid?"
"te-Telu-IN-OLTESEQ-005","te-Telu-IN-OLTESEQ-005-OCC-001","source_correction","contemporaneous","normal","high","false","OLTESEQ-005: confirmed set difference symbol in place of sequent symbol","restored the sequent symbol between Pi and Lambda in the cut-case reasoning; adjacent sourcecorrection discloses the repair","te-Telu-IN","Telu","IN","standard formal Telugu","international logical and mathematical notation with Arabic decimal digits and Latin metavariables","OLP-0081","OLP-0081-B017","upstream/content/first-order-logic/sequent-calculus/soundness.tex","4de487cafc9d685844abb2c0b29c7b51debeb30a9b1129c7a2fa8c13ae48b151","270","289","13132","14142","translation/content/first-order-logic/sequent-calculus/soundness.tex","5df947bcb577f940ee0959dc8474d2321aa6745fe5dfbd3ff0076fc7a9410202","316","316","25480","25611","pending","","The cited unit is not yet integrated into the coherent full reader; no printed or assembled PDF page is guessed.","Please double-check: Does the cut case use the residual sequent Pi entails Lambda rather than a set difference?"
"te-Telu-IN-OLTEND-001","te-Telu-IN-OLTEND-001-OCC-001","source_correction","contemporaneous","normal","high","false","OLTEND-001: confirmed wrong node type in natural deduction tree definition","named the one, two or three upper nodes as sentences rather than sequents, as required by the same definition and every displayed rule; adjacent sourcecorrection discloses the repair","te-Telu-IN","Telu","IN","standard formal Telugu","international logical and mathematical notation with Arabic decimal digits and Latin metavariables","OLP-0085","OLP-0085-B008","upstream/content/first-order-logic/natural-deduction/rules-and-proofs.tex","e6e8bed6816bd64ac24342fd4d591ca0e7c1ddf82fc056b452aa87c45d810506","31","38","908","1432","translation/content/first-order-logic/natural-deduction/rules-and-proofs.tex","0747fbc6fe53c177ddaab906a1ca7da5727407ca635d4d5ac00c151803aa4006","42","42","3922","4056","pending","","The cited unit is not yet integrated into the coherent full reader; no printed or assembled PDF page is guessed.","Please double-check that the repaired definition consistently treats every natural-deduction tree node as a sentence, not a sequent."
"te-Telu-IN-OLTEND-002","te-Telu-IN-OLTEND-002-OCC-001","source_correction","contemporaneous","normal","high","false","OLTEND-002: confirmed wrong rule label on contradiction step","labelled the not-A and A step with Elim{not}, matching the adjacent prose, defined rule and later completed tree; adjacent sourcecorrection discloses the repair","te-Telu-IN","Telu","IN","standard formal Telugu","international logical and mathematical notation with Arabic decimal digits and Latin metavariables","OLP-0089","OLP-0089-B013","upstream/content/first-order-logic/natural-deduction/proving-things.tex","d39069643439c576cb5813ef635725ac09ef83257571e380b92dfa223a801ecc","125","147","4406","5069","translation/content/first-order-logic/natural-deduction/proving-things.tex","8109a81d3301ab2a75632de9411d9d6f74d4c06d2424d7a174f8e38251e31550","116","150","7217","9096","pending","","The cited unit is not yet integrated into the coherent full reader; no printed or assembled PDF page is guessed.","Please double-check that the contradiction step from not-A and A is labelled negation-elimination, matching both the defined rule and the later completed tree."
"te-Telu-IN-OLTEND-002","te-Telu-IN-OLTEND-002-OCC-002","source_correction","contemporaneous","normal","high","false","OLTEND-002: confirmed wrong rule label on contradiction step","labelled the not-A and A step with Elim{not}, matching the adjacent prose, defined rule and later completed tree; adjacent sourcecorrection discloses the repair","te-Telu-IN","Telu","IN","standard formal Telugu","international logical and mathematical notation with Arabic decimal digits and Latin metavariables","OLP-0089","OLP-0089-B014","upstream/content/first-order-logic/natural-deduction/proving-things.tex","d39069643439c576cb5813ef635725ac09ef83257571e380b92dfa223a801ecc","149","151","5070","5275","translation/content/first-order-logic/natural-deduction/proving-things.tex","8109a81d3301ab2a75632de9411d9d6f74d4c06d2424d7a174f8e38251e31550","152","180","9097","11074","pending","","The cited unit is not yet integrated into the coherent full reader; no printed or assembled PDF page is guessed.","Please double-check that the contradiction step from not-A and A is labelled negation-elimination, matching both the defined rule and the later completed tree."
"te-Telu-IN-OLTEND-003","te-Telu-IN-OLTEND-003-OCC-001","source_correction","contemporaneous","normal","high","false","OLTEND-003: confirmed sequent calculus term in natural deduction example","referred to the sentence in the conclusion rather than a nonexistent end-sequent, as fixed by the chapter's sentence-tree definition; adjacent sourcecorrection discloses the repair","te-Telu-IN","Telu","IN","standard formal Telugu","international logical and mathematical notation with Arabic decimal digits and Latin metavariables","OLP-0089","OLP-0089-B011","upstream/content/first-order-logic/natural-deduction/proving-things.tex","d39069643439c576cb5813ef635725ac09ef83257571e380b92dfa223a801ecc","62","69","1807","2272","translation/content/first-order-logic/natural-deduction/proving-things.tex","8109a81d3301ab2a75632de9411d9d6f74d4c06d2424d7a174f8e38251e31550","67","67","4108","4208","pending","","The cited unit is not yet integrated into the coherent full reader; no printed or assembled PDF page is guessed.","Please double-check that “the sentence in the conclusion” is the correct natural-deduction wording here, with no end-sequent object implied."
"te-Telu-IN-OLTEND-004","te-Telu-IN-OLTEND-004-OCC-001","source_correction","contemporaneous","normal","high","false","OLTEND-004: confirmed wrong semantic object in propositional tag branch","placed the structure token in the FOL branch and native valuation wording in the propositional branch while preserving both symbols; adjacent sourcecorrection discloses the repair","te-Telu-IN","Telu","IN","standard formal Telugu","international logical and mathematical notation with Arabic decimal digits and Latin metavariables","OLP-0095","OLP-0095-B013","upstream/content/first-order-logic/natural-deduction/soundness.tex","8b90318e1a2ed38568fb61cd5529d496cdfd17f322fd9c731a194e2d08e0a4b9","94","101","3810","4213","translation/content/first-order-logic/natural-deduction/soundness.tex","33f9c3385e54429c43bb09932742e06569d587a55c760f4dc664dbd9ebf739a1","99","99","8586","8709","pending","","The cited unit is not yet integrated into the coherent full reader; no printed or assembled PDF page is guessed.","Please double-check that the FOL branch names a structure M and the propositional branch a valuation v, with both satisfaction readings preserved."
"te-Telu-IN-OLTETAB-001","te-Telu-IN-OLTETAB-001-OCC-001","source_correction","contemporaneous","normal","high","false","OLTETAB-001: confirmed wrong proof system in tableaux editorial note","named tableaux rather than natural deduction, as fixed by the chapter path, IDs, tag and imports; adjacent sourcecorrection discloses the repair","te-Telu-IN","Telu","IN","standard formal Telugu","international logical and mathematical notation with Arabic decimal digits and Latin metavariables","OLP-0098","OLP-0098-B005","upstream/content/first-order-logic/tableaux/tableaux.tex","1c6e7018e63cae3440e85d537303288261afd422b9e13bc455b99c2d206aa1b6","13","13","236","293","translation/content/first-order-logic/tableaux/tableaux.tex","ac1fba073519d62f2bd9c3195993a08154a2800f6f2b836bc34fb62046df9856","12","13","250","451","pending","","The cited unit is not yet integrated into the coherent full reader; no printed or assembled PDF page is guessed.","Please double-check that the scope note names tableaux, rather than natural deduction, while preserving the chapter driver and imports."
"te-Telu-IN-OLTETAB-001","te-Telu-IN-OLTETAB-001-OCC-002","source_correction","contemporaneous","normal","high","false","OLTETAB-001: confirmed wrong proof system in tableaux editorial note","named tableaux rather than natural deduction, as fixed by the chapter path, IDs, tag and imports; adjacent sourcecorrection discloses the repair","te-Telu-IN","Telu","IN","standard formal Telugu","international logical and mathematical notation with Arabic decimal digits and Latin metavariables","OLP-0098","OLP-0098-B006","upstream/content/first-order-logic/tableaux/tableaux.tex","1c6e7018e63cae3440e85d537303288261afd422b9e13bc455b99c2d206aa1b6","15","16","296","400","translation/content/first-order-logic/tableaux/tableaux.tex","ac1fba073519d62f2bd9c3195993a08154a2800f6f2b836bc34fb62046df9856","15","21","452","1290","pending","","The cited unit is not yet integrated into the coherent full reader; no printed or assembled PDF page is guessed.","Please double-check that the scope note names tableaux, rather than natural deduction, while preserving the chapter driver and imports."
"te-Telu-IN-OLTETAB-002","te-Telu-IN-OLTETAB-002-OCC-001","source_correction","contemporaneous","normal","high","false","OLTETAB-002: confirmed multiple formulas inside single signed formula argument","split A-or-B and not-B into separate true-signed assumptions while retaining false A; adjacent sourcecorrection discloses the repair","te-Telu-IN","Telu","IN","standard formal Telugu","international logical and mathematical notation with Arabic decimal digits and Latin metavariables","OLP-0103","OLP-0103-B016","upstream/content/first-order-logic/tableaux/proving-things.tex","6940ff2f8466cfb9dc740a4e7aa2cf9551c9a3d3304aa8ebe93217d11e451e90","433","442","16824","17515","translation/content/first-order-logic/tableaux/proving-things.tex","12cb53fba3432e413ee8b3395949049052fcdf134c391617179ffec1e6d07d12","445","445","23405","23509","pending","","The cited unit is not yet integrated into the coherent full reader; no printed or assembled PDF page is guessed.","Please double-check that the initial tableau assumptions are three separate signed formulas: true A-or-B, false B, and false A."
"te-Telu-IN-OLTETAB-003","te-Telu-IN-OLTETAB-003-OCC-001","source_correction","contemporaneous","normal","high","false","OLTETAB-003: confirmed wrong line reference in quantified tableau example","referred to lines 1 and 4, matching the reusable true universal and false existential in the adjacent trees; adjacent sourcecorrection discloses the repair","te-Telu-IN","Telu","IN","standard formal Telugu","international logical and mathematical notation with Arabic decimal digits and Latin metavariables","OLP-0104","OLP-0104-B010","upstream/content/first-order-logic/tableaux/proving-things-quant.tex","253a81c3ef645fee728f66e385a86459773fa5d6a82e73740cb55497c598c234","280","284","10762","11063","translation/content/first-order-logic/tableaux/proving-things-quant.tex","5a5bfa34b8a92e663b1fcf2f2cab5ff174524b08159ce8654cbcc02b4c4a656e","289","289","15021","15136","pending","","The cited unit is not yet integrated into the coherent full reader; no printed or assembled PDF page is guessed.","Please double-check that the reusable quantifier lines are identified as lines 1 and 4, matching the two completed tableaux."
"te-Telu-IN-OLTETAB-004","te-Telu-IN-OLTETAB-004-OCC-001","source_correction","contemporaneous","normal","high","false","OLTETAB-004: confirmed missing set braces in finite subset witness","placed the D-list in set braces before asserting it is a finite subset of Gamma; adjacent sourcecorrection discloses the repair","te-Telu-IN","Telu","IN","standard formal Telugu","international logical and mathematical notation with Arabic decimal digits and Latin metavariables","OLP-0105","OLP-0105-B016","upstream/content/first-order-logic/tableaux/proof-theoretic-notions.tex","38a3260d51ba6fc9db22f6b40b1a57f5c46e80d2a008053beffbb7cf5eff7e71","99","109","2645","3121","translation/content/first-order-logic/tableaux/proof-theoretic-notions.tex","6b080ac951e95ee43fdcd7cb3bcfd4247999832367c30bcb4a287231e322909b","110","110","5381","5483","pending","","The cited unit is not yet integrated into the coherent full reader; no printed or assembled PDF page is guessed.","Please double-check that each finite premise family is displayed as a set contained in Gamma."
"te-Telu-IN-OLTETAB-005","te-Telu-IN-OLTETAB-005-OCC-001","source_correction","contemporaneous","normal","high","false","OLTETAB-005: confirmed inconsistent final index for second finite witness","used independent final index m for Gamma_1, matching the immediately following display and rest of the proof; adjacent sourcecorrection discloses the repair","te-Telu-IN","Telu","IN","standard formal Telugu","international logical and mathematical notation with Arabic decimal digits and Latin metavariables","OLP-0106","OLP-0106-B008","upstream/content/first-order-logic/tableaux/provability-consistency.tex","1e3cd1b98b0dae48850118a996aa37c04da92108c91d2096e51ac4a19025f348","24","32","639","970","translation/content/first-order-logic/tableaux/provability-consistency.tex","3442be07a97353742a170ed6e8e6cbacc0be0781ecc5933323fe4d149adf7f31","28","28","1309","1386","pending","","The cited unit is not yet integrated into the coherent full reader; no printed or assembled PDF page is guessed.","Please double-check that Gamma_1 uses the same terminal index m in its definition and both later occurrences."
"te-Telu-IN-OLTETAB-006","te-Telu-IN-OLTETAB-006-OCC-001","source_correction","contemporaneous","normal","high","false","OLTETAB-006: confirmed wrong negation rule input and inserted line reference","applied true-negation to true not-A, used the newly inserted line rather than a false fixed number, and removed the stray TeX character; adjacent sourcecorrection discloses the repair","te-Telu-IN","Telu","IN","standard formal Telugu","international logical and mathematical notation with Arabic decimal digits and Latin metavariables","OLP-0106","OLP-0106-B014","upstream/content/first-order-logic/tableaux/provability-consistency.tex","1e3cd1b98b0dae48850118a996aa37c04da92108c91d2096e51ac4a19025f348","84","97","2914","3609","translation/content/first-order-logic/tableaux/provability-consistency.tex","3442be07a97353742a170ed6e8e6cbacc0be0781ecc5933323fe4d149adf7f31","107","107","6786","6893","pending","","The cited unit is not yet integrated into the coherent full reader; no printed or assembled PDF page is guessed.","Please double-check that true negation is applied to a true signed negation and that its conclusion is added on a fresh generic line."
"te-Telu-IN-OLTETAB-007","te-Telu-IN-OLTETAB-007-OCC-001","source_correction","contemporaneous","normal","high","false","OLTETAB-007: confirmed malformed signed formula macro arguments in four trees","restored all eight sFmla calls to separate sign and formula arguments while preserving their signs, formulas and closures; adjacent sourcecorrection discloses the repeated repair","te-Telu-IN","Telu","IN","standard formal Telugu","international logical and mathematical notation with Arabic decimal digits and Latin metavariables","OLP-0107","OLP-0107-B009","upstream/content/first-order-logic/tableaux/provability-propositional.tex","342109e7ee29a08f322f02df997f40ca08aa60cc1388f150b7b23c0aaddd9f13","39","55","1237","1900","translation/content/first-order-logic/tableaux/provability-propositional.tex","b836474672d5884259edfca403f4ac675f0bd059e5f9d6c8851f3ea1c8cab631","34","79","1391","3920","pending","","The cited unit is not yet integrated into the coherent full reader; no printed or assembled PDF page is guessed.","Please double-check that all eight repaired signed-formula nodes have both sign and formula arguments while leaving the displayed proof strategy unchanged."
"te-Telu-IN-OLTETAB-007","te-Telu-IN-OLTETAB-007-OCC-002","source_correction","contemporaneous","normal","high","false","OLTETAB-007: confirmed malformed signed formula macro arguments in four trees","restored all eight sFmla calls to separate sign and formula arguments while preserving their signs, formulas and closures; adjacent sourcecorrection discloses the repeated repair","te-Telu-IN","Telu","IN","standard formal Telugu","international logical and mathematical notation with Arabic decimal digits and Latin metavariables","OLP-0107","OLP-0107-B011","upstream/content/first-order-logic/tableaux/provability-propositional.tex","342109e7ee29a08f322f02df997f40ca08aa60cc1388f150b7b23c0aaddd9f13","102","117","3657","4309","translation/content/first-order-logic/tableaux/provability-propositional.tex","b836474672d5884259edfca403f4ac675f0bd059e5f9d6c8851f3ea1c8cab631","88","131","4183","5977","pending","","The cited unit is not yet integrated into the coherent full reader; no printed or assembled PDF page is guessed.","Please double-check that all eight repaired signed-formula nodes have both sign and formula arguments while leaving the displayed proof strategy unchanged."
"te-Telu-IN-OLTETAB-008","te-Telu-IN-OLTETAB-008-OCC-001","source_correction","contemporaneous","normal","high","false","OLTETAB-008: confirmed inconsistent metavariable in universal soundness cases","used metavariable A consistently in both universal-rule premises, conclusions and semantic arguments; adjacent sourcecorrection discloses the repair","te-Telu-IN","Telu","IN","standard formal Telugu","international logical and mathematical notation with Arabic decimal digits and Latin metavariables","OLP-0109","OLP-0109-B015","upstream/content/first-order-logic/tableaux/soundness.tex","d08c0332f74466555414fa2463a0d32e8bcf40abdf7cab4016c1c48133166a80","126","133","5846","6262","translation/content/first-order-logic/tableaux/soundness.tex","2e9bbf188a610b6988fc28cb00b6c95f55bb14c339073a555ba7d67f0419e89f","129","136","12418","13099","pending","","The cited unit is not yet integrated into the coherent full reader; no printed or assembled PDF page is guessed.","Please double-check that the true- and false-universal soundness cases use A consistently in their premises, conclusions, and satisfaction claims."
"te-Telu-IN-OLTETAB-008","te-Telu-IN-OLTETAB-008-OCC-002","source_correction","contemporaneous","normal","high","false","OLTETAB-008: confirmed inconsistent metavariable in universal soundness cases","used metavariable A consistently in both universal-rule premises, conclusions and semantic arguments; adjacent sourcecorrection discloses the repair","te-Telu-IN","Telu","IN","standard formal Telugu","international logical and mathematical notation with Arabic decimal digits and Latin metavariables","OLP-0109","OLP-0109-B016","upstream/content/first-order-logic/tableaux/soundness.tex","d08c0332f74466555414fa2463a0d32e8bcf40abdf7cab4016c1c48133166a80","135","142","6263","6782","translation/content/first-order-logic/tableaux/soundness.tex","2e9bbf188a610b6988fc28cb00b6c95f55bb14c339073a555ba7d67f0419e89f","138","146","13100","14053","pending","","The cited unit is not yet integrated into the coherent full reader; no printed or assembled PDF page is guessed.","Please double-check that the true- and false-universal soundness cases use A consistently in their premises, conclusions, and satisfaction claims."
"te-Telu-IN-OLTETAB-008","te-Telu-IN-OLTETAB-008-OCC-003","source_correction","contemporaneous","normal","high","false","OLTETAB-008: confirmed inconsistent metavariable in universal soundness cases","used metavariable A consistently in both universal-rule premises, conclusions and semantic arguments; adjacent sourcecorrection discloses the repair","te-Telu-IN","Telu","IN","standard formal Telugu","international logical and mathematical notation with Arabic decimal digits and Latin metavariables","OLP-0109","OLP-0109-B017","upstream/content/first-order-logic/tableaux/soundness.tex","d08c0332f74466555414fa2463a0d32e8bcf40abdf7cab4016c1c48133166a80","144","150","6783","7189","translation/content/first-order-logic/tableaux/soundness.tex","2e9bbf188a610b6988fc28cb00b6c95f55bb14c339073a555ba7d67f0419e89f","148","155","14054","14721","pending","","The cited unit is not yet integrated into the coherent full reader; no printed or assembled PDF page is guessed.","Please double-check that the true- and false-universal soundness cases use A consistently in their premises, conclusions, and satisfaction claims."
"te-Telu-IN-OLTETAB-008","te-Telu-IN-OLTETAB-008-OCC-004","source_correction","contemporaneous","normal","high","false","OLTETAB-008: confirmed inconsistent metavariable in universal soundness cases","used metavariable A consistently in both universal-rule premises, conclusions and semantic arguments; adjacent sourcecorrection discloses the repair","te-Telu-IN","Telu","IN","standard formal Telugu","international logical and mathematical notation with Arabic decimal digits and Latin metavariables","OLP-0109","OLP-0109-B018","upstream/content/first-order-logic/tableaux/soundness.tex","d08c0332f74466555414fa2463a0d32e8bcf40abdf7cab4016c1c48133166a80","152","156","7190","7482","translation/content/first-order-logic/tableaux/soundness.tex","2e9bbf188a610b6988fc28cb00b6c95f55bb14c339073a555ba7d67f0419e89f","157","203","14722","18935","pending","","The cited unit is not yet integrated into the coherent full reader; no printed or assembled PDF page is guessed.","Please double-check that the true- and false-universal soundness cases use A consistently in their premises, conclusions, and satisfaction claims."
"te-Telu-IN-OLTETAB-009","te-Telu-IN-OLTETAB-009-OCC-001","source_correction","contemporaneous","normal","high","false","OLTETAB-009: confirmed wrong substitution instance in symmetry explanation","identified line 3 as true A(s_1), matching the displayed equality and following substitution calculation; adjacent sourcecorrection discloses the repair","te-Telu-IN","Telu","IN","standard formal Telugu","international logical and mathematical notation with Arabic decimal digits and Latin metavariables","OLP-0110","OLP-0110-B009","upstream/content/first-order-logic/tableaux/identity.tex","3e088c34666999c12f7a9c60aee27e93d0a5e917b9af2afc47115c7c52ef4c1d","67","71","1886","2165","translation/content/first-order-logic/tableaux/identity.tex","04b4896f4cfcc342a66ad28a2216e7feec9ac639eb493ada9234ac7cbf0d4243","71","71","2896","3004","pending","","The cited unit is not yet integrated into the coherent full reader; no printed or assembled PDF page is guessed.","Please double-check that the symmetry explanation identifies line 3 as true A(s_1), matching the displayed tableau."
"te-Telu-IN-OLTETAB-010","te-Telu-IN-OLTETAB-010-OCC-001","source_correction","contemporaneous","normal","high","false","OLTETAB-010: confirmed wrong generic equality instance for line two","named line 2 as eq(s_1,s_2), which is A(s_2) under the stated A(x)=eq(s_1,x); adjacent sourcecorrection discloses the repair","te-Telu-IN","Telu","IN","standard formal Telugu","international logical and mathematical notation with Arabic decimal digits and Latin metavariables","OLP-0110","OLP-0110-B010","upstream/content/first-order-logic/tableaux/identity.tex","3e088c34666999c12f7a9c60aee27e93d0a5e917b9af2afc47115c7c52ef4c1d","85","90","2610","2982","translation/content/first-order-logic/tableaux/identity.tex","04b4896f4cfcc342a66ad28a2216e7feec9ac639eb493ada9234ac7cbf0d4243","95","95","4775","4895","pending","","The cited unit is not yet integrated into the coherent full reader; no printed or assembled PDF page is guessed.","Please double-check that the transitivity explanation identifies line 2 as s_1 equals s_2, matching the displayed tableau."
"te-Telu-IN-OLTETAB-011","te-Telu-IN-OLTETAB-011-OCC-001","source_correction","contemporaneous","normal","high","false","OLTETAB-011: confirmed generic sign in true equality soundness case","used the true sign in the true-equality conclusion while retaining the separately stated analogous false case; adjacent sourcecorrection discloses the repair","te-Telu-IN","Telu","IN","standard formal Telugu","international logical and mathematical notation with Arabic decimal digits and Latin metavariables","OLP-0111","OLP-0111-B009","upstream/content/first-order-logic/tableaux/soundness-identity.tex","d86101dc8eb627b831cd3c1f637102f221e755df98c96fe8ba74170f4a60f58b","30","43","873","1684","translation/content/first-order-logic/tableaux/soundness-identity.tex","aac23f79fe05f3f8d7b52171987cfcbf04ae56660b7b7d76e09aaf41e70beb97","45","45","2937","2997","pending","","The cited unit is not yet integrated into the coherent full reader; no printed or assembled PDF page is guessed.","Please double-check that the true-equality soundness conclusion carries the true sign, with the analogous false case still stated separately."
"te-Telu-IN-OLTETAB-012","te-Telu-IN-OLTETAB-012-OCC-001","source_correction","contemporaneous","normal","high","false","OLTETAB-012: confirmed dangling comma after quantifier assumptions","removed only the dangling comma after the two signed assumptions; adjacent sourcecorrection discloses the repair","te-Telu-IN","Telu","IN","standard formal Telugu","international logical and mathematical notation with Arabic decimal digits and Latin metavariables","OLP-0108","OLP-0108-B009","upstream/content/first-order-logic/tableaux/provability-quantifiers.tex","0087b4788815c95c714158f2f37438e351183f97d8388c0acde21c20a6e8aa0f","78","80","2652","2790","translation/content/first-order-logic/tableaux/provability-quantifiers.tex","f8b9a3589ce0aace57a4b0914eb2b6202fa695ea41e626f68a110718b77c8069","85","85","4214","4324","pending","","The cited unit is not yet integrated into the coherent full reader; no printed or assembled PDF page is guessed.","Please double-check that only the dangling comma after the two signed assumptions was removed and no tableau formula changed."
"te-Telu-IN-OLTEAXD-001","te-Telu-IN-OLTEAXD-001-OCC-001","source_correction","contemporaneous","normal","high","false","OLTEAXD-001: confirmed missing formula metavariable marker in transitivity proof","restored the formula-metavariable marker in !B_i = !A, matching the displayed derivation and preceding references; adjacent sourcecorrection discloses the repair","te-Telu-IN","Telu","IN","standard formal Telugu","international logical and mathematical notation with Arabic decimal digits and Latin metavariables","OLP-0118","OLP-0118-B015","upstream/content/first-order-logic/axiomatic-deduction/proof-theoretic-notions.tex","0afb9df4b5f0f5c1e892cf411d126f45acce94cfbdc9087e4bd37cb851cc370b","82","82","2654","2719","translation/content/first-order-logic/axiomatic-deduction/proof-theoretic-notions.tex","00798339b8199d9c7b8cca5e27f4a1d28234acdbc35835fc8445b1e68feeb474","87","87","5456","5563","pending","","The cited unit is not yet integrated into the coherent full reader; no printed or assembled PDF page is guessed.","Please double-check that the transitivity proof consistently names the indexed formula as !B_i, matching the displayed concatenated derivation."
"te-Telu-IN-OLTEAXD-002","te-Telu-IN-OLTEAXD-002-OCC-001","source_correction","contemporaneous","normal","high","false","OLTEAXD-002: confirmed malformed membership statement in induction basis","wrote the well-formed membership statement !B in Gamma union {!A}; adjacent sourcecorrection discloses the repair","te-Telu-IN","Telu","IN","standard formal Telugu","international logical and mathematical notation with Arabic decimal digits and Latin metavariables","OLP-0119","OLP-0119-B014","upstream/content/first-order-logic/axiomatic-deduction/deduction-theorem.tex","ef122fcfc1a8c24e89cf5abe30efa11bcd0a1cc3ed9fca2426618e9174481780","67","67","2367","2438","translation/content/first-order-logic/axiomatic-deduction/deduction-theorem.tex","fa3a2cef9c176cdc9daa9e65284d3d7fdf586675138409845da0b6dad274b31f","73","73","4636","4746","pending","","The cited unit is not yet integrated into the coherent full reader; no printed or assembled PDF page is guessed.","Please double-check that the length-one derivation case now states the complete membership proposition !B in Gamma union {!A}."
"te-Telu-IN-OLTEAXD-003","te-Telu-IN-OLTEAXD-003-OCC-001","source_correction","contemporaneous","normal","high","false","OLTEAXD-003: confirmed missing closing parenthesis in derived formula","added the missing final parenthesis to balance the nested composition conditional; adjacent sourcecorrection discloses the repair","te-Telu-IN","Telu","IN","standard formal Telugu","international logical and mathematical notation with Arabic decimal digits and Latin metavariables","OLP-0119","OLP-0119-B018","upstream/content/first-order-logic/axiomatic-deduction/deduction-theorem.tex","ef122fcfc1a8c24e89cf5abe30efa11bcd0a1cc3ed9fca2426618e9174481780","106","107","3978","4070","translation/content/first-order-logic/axiomatic-deduction/deduction-theorem.tex","fa3a2cef9c176cdc9daa9e65284d3d7fdf586675138409845da0b6dad274b31f","122","122","8079","8214","pending","","The cited unit is not yet integrated into the coherent full reader; no printed or assembled PDF page is guessed.","Please double-check that derived-facts item (a) has exactly the balanced parentheses required by its nested composition conditional."
"te-Telu-IN-OLTEAXD-004","te-Telu-IN-OLTEAXD-004-OCC-001","source_correction","contemporaneous","normal","high","false","OLTEAXD-004: confirmed missing closing parenthesis in quantified meta conditional","added the missing final parenthesis to balance the quantified meta-conditional; adjacent sourcecorrection discloses the repair","te-Telu-IN","Telu","IN","standard formal Telugu","international logical and mathematical notation with Arabic decimal digits and Latin metavariables","OLP-0120","OLP-0120-B009","upstream/content/first-order-logic/axiomatic-deduction/deduction-theorem-quantifiers.tex","79f2ddf58916652493c2892078b01dd53ae1691a97e28cfed043cbe285d11888","44","44","1695","1795","translation/content/first-order-logic/axiomatic-deduction/deduction-theorem-quantifiers.tex","087adfeca72a01507029fccb393391ae78246d28493175b51e1485d65a254a6f","50","50","3150","3320","pending","","The cited unit is not yet integrated into the coherent full reader; no printed or assembled PDF page is guessed.","Please double-check that the quantified meta-conditional closes both nested consequent parentheses without changing any connective."
"te-Telu-IN-OLTEAXD-005","te-Telu-IN-OLTEAXD-005-OCC-001","source_correction","contemporaneous","normal","high","false","OLTEAXD-005: confirmed wrong final conclusion in quantified deduction theorem case","concluded Gamma proves A implies B, preserving the discharged antecedent required by the theorem; adjacent sourcecorrection discloses the repair","te-Telu-IN","Telu","IN","standard formal Telugu","international logical and mathematical notation with Arabic decimal digits and Latin metavariables","OLP-0120","OLP-0120-B009","upstream/content/first-order-logic/axiomatic-deduction/deduction-theorem-quantifiers.tex","79f2ddf58916652493c2892078b01dd53ae1691a97e28cfed043cbe285d11888","48","48","1903","1930","translation/content/first-order-logic/axiomatic-deduction/deduction-theorem-quantifiers.tex","087adfeca72a01507029fccb393391ae78246d28493175b51e1485d65a254a6f","54","54","3517","3644","pending","","The cited unit is not yet integrated into the coherent full reader; no printed or assembled PDF page is guessed.","Please double-check that the universal-quantifier case concludes Gamma proves A implies B, exactly matching the deduction theorem target."
"te-Telu-IN-OLTEAXD-006","te-Telu-IN-OLTEAXD-006-OCC-001","source_correction","contemporaneous","normal","high","false","OLTEAXD-006: confirmed omitted reflexivity premise before two modus ponens steps","stated Gamma proves not-A by reflexivity before the two modus-ponens applications; adjacent sourcecorrection discloses the repair","te-Telu-IN","Telu","IN","standard formal Telugu","international logical and mathematical notation with Arabic decimal digits and Latin metavariables","OLP-0121","OLP-0121-B014","upstream/content/first-order-logic/axiomatic-deduction/provability-consistency.tex","22a6a04d9ab4298d762efd6bf2041fa9bf3f2d91c6803b744458812c232cdacc","65","68","2259","2434","translation/content/first-order-logic/axiomatic-deduction/provability-consistency.tex","74a3b30f2b374f0666193dda4c6208535ec72c4c9a367f02f969311b1e79ced1","73","73","3583","3702","pending","","The cited unit is not yet integrated into the coherent full reader; no printed or assembled PDF page is guessed.","Please double-check that reflexivity explicitly supplies Gamma proves not-A before the two modus-ponens applications."
"te-Telu-IN-OLTEAXD-007","te-Telu-IN-OLTEAXD-007-OCC-001","source_correction","contemporaneous","normal","high","false","OLTEAXD-007: confirmed wrong second conjunction projection axiom reference","named ax:land2 for the second projection while preserving the source's erroneous ax:land1 reference inside the adjacent disclosure note","te-Telu-IN","Telu","IN","standard formal Telugu","international logical and mathematical notation with Arabic decimal digits and Latin metavariables","OLP-0122","OLP-0122-B008","upstream/content/first-order-logic/axiomatic-deduction/provability-propositional.tex","25274e10fe6d96292fe2c701b7af38291dd1d98de12a62ef385a5efd1c413007","33","33","1002","1068","translation/content/first-order-logic/axiomatic-deduction/provability-propositional.tex","5640bb105d08282b8432d57adfd2524b7edfdaf2df0c50f911c8de2e8b30b502","35","35","1579","1714","pending","","The cited unit is not yet integrated into the coherent full reader; no printed or assembled PDF page is guessed.","Please double-check that the left conjunction projection uses ax:land1 and the right projection uses ax:land2."
"te-Telu-IN-OLTEAXD-008","te-Telu-IN-OLTEAXD-008-OCC-001","source_correction","contemporaneous","normal","high","false","OLTEAXD-008: confirmed wrong negation axiom reference in disjunction inconsistency proof","named ax:lnot2 for the displayed instance while retaining the source's erroneous ax:lnot1 reference inside the adjacent disclosure note","te-Telu-IN","Telu","IN","standard formal Telugu","international logical and mathematical notation with Arabic decimal digits and Latin metavariables","OLP-0122","OLP-0122-B010","upstream/content/first-order-logic/axiomatic-deduction/provability-propositional.tex","25274e10fe6d96292fe2c701b7af38291dd1d98de12a62ef385a5efd1c413007","50","56","1447","1895","translation/content/first-order-logic/axiomatic-deduction/provability-propositional.tex","5640bb105d08282b8432d57adfd2524b7edfdaf2df0c50f911c8de2e8b30b502","56","56","2709","2788","pending","","The cited unit is not yet integrated into the coherent full reader; no printed or assembled PDF page is guessed.","Please double-check that not-A implies (A implies false) is attributed to ax:lnot2, not the contraposition axiom."
"te-Telu-IN-OLTEAXD-009","te-Telu-IN-OLTEAXD-009-OCC-001","source_correction","contemporaneous","normal","high","false","OLTEAXD-009: confirmed wrong rule named for final strong generalization step","stated derivability of top as an axiom and applied modus ponens to the derived conditional; adjacent sourcecorrection discloses the repair","te-Telu-IN","Telu","IN","standard formal Telugu","international logical and mathematical notation with Arabic decimal digits and Latin metavariables","OLP-0123","OLP-0123-B009","upstream/content/first-order-logic/axiomatic-deduction/provability-quantifiers.tex","07225de499f34bd17eec7586fc9bcc59e98ea3cfa064172091fa66a336bf20b6","30","30","871","952","translation/content/first-order-logic/axiomatic-deduction/provability-quantifiers.tex","7831d5cc222f5965f51a38317214731dfd73faf336a845b41005f4e1349a94a0","33","33","1562","1697","pending","","The cited unit is not yet integrated into the coherent full reader; no printed or assembled PDF page is guessed.","Please double-check that the last strong-generalization step uses the top axiom and modus ponens rather than invoking the deduction theorem again."
"te-Telu-IN-OLTEAXD-010","te-Telu-IN-OLTEAXD-010-OCC-001","source_correction","contemporaneous","normal","high","false","OLTEAXD-010: confirmed missing formula metavariable markers in quantifier soundness case","restored the ! formula-metavariable marker before B in all three affected formulas; adjacent sourcecorrection discloses the repeated repair","te-Telu-IN","Telu","IN","standard formal Telugu","international logical and mathematical notation with Arabic decimal digits and Latin metavariables","OLP-0124","OLP-0124-B012","upstream/content/first-order-logic/axiomatic-deduction/soundness.tex","b5a11dd6a46306a767149f694f099bd9f57396013b4dfe67965e68ccae411ecb","80","80","3058","3123","translation/content/first-order-logic/axiomatic-deduction/soundness.tex","8e0d6217b2c5eec12c04e943c6c9690069ccc5872cad2d1e6cbf6717b005bd09","77","82","6140","6743","pending","","The cited unit is not yet integrated into the coherent full reader; no printed or assembled PDF page is guessed.","Please double-check that all three repaired B occurrences in the quantifier-soundness case carry the formula-metavariable marker."
"te-Telu-IN-OLTEAXD-010","te-Telu-IN-OLTEAXD-010-OCC-002","source_correction","contemporaneous","normal","high","false","OLTEAXD-010: confirmed missing formula metavariable markers in quantifier soundness case","restored the ! formula-metavariable marker before B in all three affected formulas; adjacent sourcecorrection discloses the repeated repair","te-Telu-IN","Telu","IN","standard formal Telugu","international logical and mathematical notation with Arabic decimal digits and Latin metavariables","OLP-0124","OLP-0124-B012","upstream/content/first-order-logic/axiomatic-deduction/soundness.tex","b5a11dd6a46306a767149f694f099bd9f57396013b4dfe67965e68ccae411ecb","82","82","3191","3254","translation/content/first-order-logic/axiomatic-deduction/soundness.tex","8e0d6217b2c5eec12c04e943c6c9690069ccc5872cad2d1e6cbf6717b005bd09","77","82","6140","6743","pending","","The cited unit is not yet integrated into the coherent full reader; no printed or assembled PDF page is guessed.","Please double-check that all three repaired B occurrences in the quantifier-soundness case carry the formula-metavariable marker."
"te-Telu-IN-OLTEAXD-010","te-Telu-IN-OLTEAXD-010-OCC-003","source_correction","contemporaneous","normal","high","false","OLTEAXD-010: confirmed missing formula metavariable markers in quantifier soundness case","restored the ! formula-metavariable marker before B in all three affected formulas; adjacent sourcecorrection discloses the repeated repair","te-Telu-IN","Telu","IN","standard formal Telugu","international logical and mathematical notation with Arabic decimal digits and Latin metavariables","OLP-0124","OLP-0124-B013","upstream/content/first-order-logic/axiomatic-deduction/soundness.tex","b5a11dd6a46306a767149f694f099bd9f57396013b4dfe67965e68ccae411ecb","97","97","4025","4093","translation/content/first-order-logic/axiomatic-deduction/soundness.tex","8e0d6217b2c5eec12c04e943c6c9690069ccc5872cad2d1e6cbf6717b005bd09","84","109","6744","9398","pending","","The cited unit is not yet integrated into the coherent full reader; no printed or assembled PDF page is guessed.","Please double-check that all three repaired B occurrences in the quantifier-soundness case carry the formula-metavariable marker."
"te-Telu-IN-OLTEAXD-011","te-Telu-IN-OLTEAXD-011-OCC-001","source_correction","contemporaneous","normal","high","false","OLTEAXD-011: confirmed identity reflexivity claim exceeds axiom schema term scope","restricted the proposition to closed terms, matching ax:id1's stated schema scope; adjacent sourcecorrection discloses the repair","te-Telu-IN","Telu","IN","standard formal Telugu","international logical and mathematical notation with Arabic decimal digits and Latin metavariables","OLP-0125","OLP-0125-B011","upstream/content/first-order-logic/axiomatic-deduction/identity.tex","9a4f25fcf00baab5d8d5f05e7fe2315ca9f4ceaa39a67551489a5130b9b8a2d4","39","39","886","950","translation/content/first-order-logic/axiomatic-deduction/identity.tex","3a44137b9b8b11b630e5a5379c12166a7340bc05c27958d8508591d7d9fa653f","41","41","1526","1624","pending","","The cited unit is not yet integrated into the coherent full reader; no printed or assembled PDF page is guessed.","Please double-check that reflexive identity is claimed only for closed terms, matching the stated scope of ax:id1."
"te-Telu-IN-OLTECOM-001","te-Telu-IN-OLTECOM-001-OCC-001","source_correction","contemporaneous","normal","high","false","OLTECOM-001: confirmed atomic scope conflicts with complete set definition","removed the contradictory atomic restriction so condition (b) ranges over every sentence, matching the controlling definition and construction; adjacent sourcecorrection discloses the repair","te-Telu-IN","Telu","IN","standard formal Telugu","international logical and mathematical notation with Arabic decimal digits and Latin metavariables","OLP-0128","OLP-0128-B010","upstream/content/first-order-logic/completeness/outline.tex","b3cbb5543255b168edbed2239981fa772d3a954bd5ce3dbf5bb8073e9b0525b1","66","80","3142","4152","translation/content/first-order-logic/completeness/outline.tex","278db2a1b31a632268ea635eaf79261bf5b37de9c0c54a71531e39798d7904b5","71","71","7233","7348","pending","","The cited unit is not yet integrated into the coherent full reader; no printed or assembled PDF page is guessed.","Please double-check that condition (b) ranges over every sentence, matching the complete-set definition rather than the source adjective atomic."
"te-Telu-IN-OLTECOM-002","te-Telu-IN-OLTECOM-002-OCC-001","source_correction","contemporaneous","normal","high","false","OLTECOM-002: confirmed missing variable argument in henkin definition reminder","restored the argument x_n in A_n(x_n), matching the surrounding formulas and recalled definition; adjacent sourcecorrection discloses the repair","te-Telu-IN","Telu","IN","standard formal Telugu","international logical and mathematical notation with Arabic decimal digits and Latin metavariables","OLP-0130","OLP-0130-B017","upstream/content/first-order-logic/completeness/henkin-expansions.tex","353b1ea300b6d916be92a5100dfa2e2f4cf9ad9f44e9506c96f028acea3b1ec8","137","144","5125","5410","translation/content/first-order-logic/completeness/henkin-expansions.tex","0d3f64f37e18e8fb1b0c1ead74d1acd8d6b6071ae19ca58983bbf085469b676f","149","149","9797","9917","pending","","The cited unit is not yet integrated into the coherent full reader; no printed or assembled PDF page is guessed.","Please double-check that the recalled universal formula retains the argument x_n in A_n(x_n), matching the surrounding Henkin formulas."
"te-Telu-IN-OLTECOM-003","te-Telu-IN-OLTECOM-003-OCC-001","source_correction","contemporaneous","normal","high","false","OLTECOM-003: confirmed term value lemma missing closed term scope","restricted t to a closed term, matching the term-model domain and induction proof; adjacent sourcecorrection discloses the repair","te-Telu-IN","Telu","IN","standard formal Telugu","international logical and mathematical notation with Arabic decimal digits and Latin metavariables","OLP-0132","OLP-0132-B009","upstream/content/first-order-logic/completeness/construction-of-model.tex","4eefa87745fd3f79045f8f49b82dcd2c0a9c3268148150863870c82401c60702","78","95","2748","3510","translation/content/first-order-logic/completeness/construction-of-model.tex","d73cf1f0000be7e67910d11d52b49414e61927d05b2e2929ce694292cbbb65d7","84","84","5611","5733","pending","","The cited unit is not yet integrated into the coherent full reader; no printed or assembled PDF page is guessed.","Please double-check that the term-value lemma is explicitly restricted to closed terms, matching the term-model domain and proof."
"te-Telu-IN-OLTECOM-004","te-Telu-IN-OLTECOM-004-OCC-001","source_correction","contemporaneous","normal","high","false","OLTECOM-004: confirmed wrong formula metavariable in universal truth case","used B rather than A in the concluding universal membership formula, matching the induction-case header and preceding formulas; adjacent sourcecorrection discloses the repair","te-Telu-IN","Telu","IN","standard formal Telugu","international logical and mathematical notation with Arabic decimal digits and Latin metavariables","OLP-0132","OLP-0132-B022","upstream/content/first-order-logic/completeness/construction-of-model.tex","4eefa87745fd3f79045f8f49b82dcd2c0a9c3268148150863870c82401c60702","239","247","9752","10209","translation/content/first-order-logic/completeness/construction-of-model.tex","d73cf1f0000be7e67910d11d52b49414e61927d05b2e2929ce694292cbbb65d7","267","267","18908","19020","pending","","The cited unit is not yet integrated into the coherent full reader; no printed or assembled PDF page is guessed.","Please double-check that the universal Truth Lemma case concludes with forall x B(x), matching its case formula and preceding instances."
"te-Telu-IN-OLTECOM-005","te-Telu-IN-OLTECOM-005-OCC-001","source_correction","contemporaneous","normal","high","false","OLTECOM-005: confirmed universal truth case omits closed term qualification","restored the closed-term qualification in both universal equivalences, matching the cited propositions and term-model domain; adjacent sourcecorrection discloses the repair","te-Telu-IN","Telu","IN","standard formal Telugu","international logical and mathematical notation with Arabic decimal digits and Latin metavariables","OLP-0132","OLP-0132-B022","upstream/content/first-order-logic/completeness/construction-of-model.tex","4eefa87745fd3f79045f8f49b82dcd2c0a9c3268148150863870c82401c60702","242","246","9834","10159","translation/content/first-order-logic/completeness/construction-of-model.tex","d73cf1f0000be7e67910d11d52b49414e61927d05b2e2929ce694292cbbb65d7","261","261","18122","18240","pending","","The cited unit is not yet integrated into the coherent full reader; no printed or assembled PDF page is guessed.","Please double-check that both universal-case equivalences quantify over closed terms, matching the cited propositions."
"te-Telu-IN-OLTECOM-006","te-Telu-IN-OLTECOM-006-OCC-001","source_correction","contemporaneous","normal","high","false","OLTECOM-006: confirmed existential truth case omits closed term qualification","restored the closed-term qualification in both existential equivalences, matching the cited propositions and term-model domain; adjacent sourcecorrection discloses the repair","te-Telu-IN","Telu","IN","standard formal Telugu","international logical and mathematical notation with Arabic decimal digits and Latin metavariables","OLP-0132","OLP-0132-B023","upstream/content/first-order-logic/completeness/construction-of-model.tex","4eefa87745fd3f79045f8f49b82dcd2c0a9c3268148150863870c82401c60702","249","257","10210","10681","translation/content/first-order-logic/completeness/construction-of-model.tex","d73cf1f0000be7e67910d11d52b49414e61927d05b2e2929ce694292cbbb65d7","277","277","19693","19800","pending","","The cited unit is not yet integrated into the coherent full reader; no printed or assembled PDF page is guessed.","Please double-check that both existential-case equivalences require at least one closed term, matching the cited propositions."
"te-Telu-IN-OLTECOM-007","te-Telu-IN-OLTECOM-007-OCC-001","source_correction","contemporaneous","normal","high","false","OLTECOM-007: confirmed duplicate comma inside function term","removed the duplicate comma after t_{i+1}, leaving the single argument separator required by the parallel term; adjacent sourcecorrection discloses the repair","te-Telu-IN","Telu","IN","standard formal Telugu","international logical and mathematical notation with Arabic decimal digits and Latin metavariables","OLP-0133","OLP-0133-B008","upstream/content/first-order-logic/completeness/identity.tex","bc3391e4db38b0552ee8429b14f32124cdb7ee71e766ce17a5eaa2422126aa71","69","69","2478","2582","translation/content/first-order-logic/completeness/identity.tex","44daccd450370a2ae565f56cff08db35973725e105c02c212e1b56584cbecc26","72","72","4158","4275","pending","","The cited unit is not yet integrated into the coherent full reader; no printed or assembled PDF page is guessed.","Please double-check that only the duplicate comma after t_(i+1) was removed from the function term and no argument changed."
"te-Telu-IN-OLTECOM-008","te-Telu-IN-OLTECOM-008-OCC-001","source_correction","contemporaneous","normal","high","false","OLTECOM-008: confirmed compactness theorem conflates set and sentence types","typed Gamma as a set of sentences and A as one sentence, matching the finite-subset and entailment clauses; adjacent sourcecorrection discloses the repair","te-Telu-IN","Telu","IN","standard formal Telugu","international logical and mathematical notation with Arabic decimal digits and Latin metavariables","OLP-0135","OLP-0135-B008","upstream/content/first-order-logic/completeness/compactness.tex","427e195e6bab0024f56954406ec4d9303573e4c2c796e8bf7446c45fcf253407","35","35","1319","1375","translation/content/first-order-logic/completeness/compactness.tex","19f761c4eb6211938ffa7dddb5fcd3e8033127561a2b3366f9d45d324dfad3bc","38","38","3049","3155","pending","","The cited unit is not yet integrated into the coherent full reader; no printed or assembled PDF page is guessed.","Please double-check that Gamma is typed as a set of sentences and A as one sentence in the Compactness Theorem statement."
"te-Telu-IN-OLTECOM-009","te-Telu-IN-OLTECOM-009-OCC-001","source_correction","contemporaneous","normal","high","false","OLTECOM-009: confirmed membership formula missing left operand","restored !B as the missing left operand in the membership formula, matching the scoped sentence and the ensuing subset conclusion; adjacent sourcecorrection discloses the repair","te-Telu-IN","Telu","IN","standard formal Telugu","international logical and mathematical notation with Arabic decimal digits and Latin metavariables","OLP-0131","OLP-0131-B011","upstream/content/first-order-logic/completeness/lindenbaums-lemma.tex","096a854cefe8f47251e7ad20747bda7e3832a0272a8e38ba71d732d913a9be47","76","81","3068","3473","translation/content/first-order-logic/completeness/lindenbaums-lemma.tex","71dadc8c0d6713d51c1abb9e4df49daa84c21faeed8c0eca4cac066204d79556","85","85","6108","6226","pending","","The cited unit is not yet integrated into the coherent full reader; no printed or assembled PDF page is guessed.","Please double-check that B is restored as the left operand of membership in Gamma_n, matching the scoped sentence and ensuing subset conclusion."
"te-Telu-IN-OLTEINT-001","te-Telu-IN-OLTEINT-001-OCC-001","source_correction","contemporaneous","normal","high","false","OLTEINT-001: confirmed misplaced closing bracket in entailment example","closed the universal premise before the premise separator and removed the trailing extra bracket after the conclusion; adjacent sourcecorrection discloses the repair","te-Telu-IN","Telu","IN","standard formal Telugu","international logical and mathematical notation with Arabic decimal digits and Latin metavariables","OLP-0140","OLP-0140-B007","upstream/content/first-order-logic/introduction/first-order-logic.tex","04bfc243ce8ec9263cc7f805971d4193f93c9667a595a8bdae8a1cd1931ca4b2","50","58","2394","2971","translation/content/first-order-logic/introduction/first-order-logic.tex","6813f35ad0ea64ad8f29a5bad49e9b4395e368ae29fce4c5e80e320572773504","51","63","5632","7673","pending","","The cited unit is not yet integrated into the coherent full reader; no printed or assembled PDF page is guessed.","Please double-check: whether the Telugu disclosure for OLTEINT-001 is mathematically precise and idiomatic."
"te-Telu-IN-OLTEINT-002","te-Telu-IN-OLTEINT-002-OCC-001","source_correction","contemporaneous","normal","high","false","OLTEINT-002: confirmed repeated misplaced brackets in derivation examples","moved the closing bracket to the end of the universal premise in both restatements and removed each extra bracket after the conclusion; adjacent sourcecorrection discloses the repair","te-Telu-IN","Telu","IN","standard formal Telugu","international logical and mathematical notation with Arabic decimal digits and Latin metavariables","OLP-0140","OLP-0140-B008","upstream/content/first-order-logic/introduction/first-order-logic.tex","04bfc243ce8ec9263cc7f805971d4193f93c9667a595a8bdae8a1cd1931ca4b2","67","73","3450","3872","translation/content/first-order-logic/introduction/first-order-logic.tex","6813f35ad0ea64ad8f29a5bad49e9b4395e368ae29fce4c5e80e320572773504","65","78","7674","9778","pending","","The cited unit is not yet integrated into the coherent full reader; no printed or assembled PDF page is guessed.","Please double-check: whether the Telugu disclosure for OLTEINT-002 is mathematically precise and idiomatic."
"te-Telu-IN-OLTEINT-002","te-Telu-IN-OLTEINT-002-OCC-002","source_correction","contemporaneous","normal","high","false","OLTEINT-002: confirmed repeated misplaced brackets in derivation examples","moved the closing bracket to the end of the universal premise in both restatements and removed each extra bracket after the conclusion; adjacent sourcecorrection discloses the repair","te-Telu-IN","Telu","IN","standard formal Telugu","international logical and mathematical notation with Arabic decimal digits and Latin metavariables","OLP-0140","OLP-0140-B009","upstream/content/first-order-logic/introduction/first-order-logic.tex","04bfc243ce8ec9263cc7f805971d4193f93c9667a595a8bdae8a1cd1931ca4b2","75","84","3873","4567","translation/content/first-order-logic/introduction/first-order-logic.tex","6813f35ad0ea64ad8f29a5bad49e9b4395e368ae29fce4c5e80e320572773504","80","97","9779","12443","pending","","The cited unit is not yet integrated into the coherent full reader; no printed or assembled PDF page is guessed.","Please double-check: whether the Telugu disclosure for OLTEINT-002 is mathematically precise and idiomatic."
"te-Telu-IN-OLTEINT-003","te-Telu-IN-OLTEINT-003-OCC-001","source_correction","contemporaneous","normal","high","false","OLTEINT-003: confirmed predicate constant category error","named predicates rather than constants as the symbols that may have more than one place; adjacent sourcecorrection discloses the repair","te-Telu-IN","Telu","IN","standard formal Telugu","international logical and mathematical notation with Arabic decimal digits and Latin metavariables","OLP-0143","OLP-0143-B006","upstream/content/first-order-logic/introduction/satisfaction.tex","01faa20f2f8d843d47cb7ca05e57a665ad3cd43f288b9504910a8e43bbad0c18","13","25","208","1071","translation/content/first-order-logic/introduction/satisfaction.tex","3102f9ace1a67134e3a9a1dd41da854938a5f0ecba942a501d2879727cef3497","13","30","220","2856","pending","","The cited unit is not yet integrated into the coherent full reader; no printed or assembled PDF page is guessed.","Please double-check: whether the Telugu disclosure for OLTEINT-003 is mathematically precise and idiomatic."
"te-Telu-IN-OLTEINT-004","te-Telu-IN-OLTEINT-004-OCC-001","source_correction","contemporaneous","normal","high","false","OLTEINT-004: confirmed domain example value mismatch","replaced the out-of-domain list 1,2,3 with 0,1,2, matching the declared domain and continuation; adjacent sourcecorrection discloses the repair","te-Telu-IN","Telu","IN","standard formal Telugu","international logical and mathematical notation with Arabic decimal digits and Latin metavariables","OLP-0143","OLP-0143-B007","upstream/content/first-order-logic/introduction/satisfaction.tex","01faa20f2f8d843d47cb7ca05e57a665ad3cd43f288b9504910a8e43bbad0c18","43","50","1867","2366","translation/content/first-order-logic/introduction/satisfaction.tex","3102f9ace1a67134e3a9a1dd41da854938a5f0ecba942a501d2879727cef3497","32","57","2857","5457","pending","","The cited unit is not yet integrated into the coherent full reader; no printed or assembled PDF page is guessed.","Please double-check: whether the Telugu disclosure for OLTEINT-004 is mathematically precise and idiomatic."
"te-Telu-IN-OLTEINT-004","te-Telu-IN-OLTEINT-004-OCC-002","source_correction","contemporaneous","normal","high","false","OLTEINT-004: confirmed domain example value mismatch","replaced the out-of-domain list 1,2,3 with 0,1,2, matching the declared domain and continuation; adjacent sourcecorrection discloses the repair","te-Telu-IN","Telu","IN","standard formal Telugu","international logical and mathematical notation with Arabic decimal digits and Latin metavariables","OLP-0143","OLP-0143-B008","upstream/content/first-order-logic/introduction/satisfaction.tex","01faa20f2f8d843d47cb7ca05e57a665ad3cd43f288b9504910a8e43bbad0c18","52","67","2367","3403","translation/content/first-order-logic/introduction/satisfaction.tex","3102f9ace1a67134e3a9a1dd41da854938a5f0ecba942a501d2879727cef3497","59","78","5458","8330","pending","","The cited unit is not yet integrated into the coherent full reader; no printed or assembled PDF page is guessed.","Please double-check: whether the Telugu disclosure for OLTEINT-004 is mathematically precise and idiomatic."
"te-Telu-IN-OLTEINT-005","te-Telu-IN-OLTEINT-005-OCC-001","source_correction","contemporaneous","normal","high","false","OLTEINT-005: confirmed atomic argument outside universal formula","restored v_0 inside the P atom under the universal quantifier; adjacent sourcecorrection discloses the repair","te-Telu-IN","Telu","IN","standard formal Telugu","international logical and mathematical notation with Arabic decimal digits and Latin metavariables","OLP-0146","OLP-0146-B006","upstream/content/first-order-logic/introduction/substitution.tex","a874a9c9150455531a7d563ddf3e6bf35c86fc2134c324f9bf78135213d912f1","13","28","208","1220","translation/content/first-order-logic/introduction/substitution.tex","f8f0f8d61c4e38423364dc4e657bddb9c860bd8f8f5a63c468dca742ce1b877e","13","33","229","3348","pending","","The cited unit is not yet integrated into the coherent full reader; no printed or assembled PDF page is guessed.","Please double-check: whether the Telugu disclosure for OLTEINT-005 is mathematically precise and idiomatic."
"te-Telu-IN-OLTEFOLSYN-001","te-Telu-IN-OLTEFOLSYN-001-OCC-001","source_correction","contemporaneous","normal","high","false","OLTEFOLSYN-001: confirmed unmatched parenthesis in defined conditional","removed the unmatched closing parenthesis after B; adjacent sourcecorrection discloses the repair","te-Telu-IN","Telu","IN","standard formal Telugu","international logical and mathematical notation with Arabic decimal digits and Latin metavariables","OLP-0152","OLP-0152-B032","upstream/content/first-order-logic/syntax-and-semantics/terms-formulas.tex","8a31bcb40fff1de629e4bb540c781a6b49d32c412cb87cb2bc5a29efd32461e3","147","148","5220","5331","translation/content/first-order-logic/syntax-and-semantics/terms-formulas.tex","2b3386a3a2c8802d491d68e1f13f1c7bf737ff43f4c3d9544d765c1e6d8b2b88","147","151","10281","10742","pending","","The cited unit is not yet integrated into the coherent full reader; no printed or assembled PDF page is guessed.","Please double-check: whether the Telugu disclosure for OLTEFOLSYN-001 is mathematically precise and idiomatic."
"te-Telu-IN-OLTEFOLSYN-002","te-Telu-IN-OLTEFOLSYN-002-OCC-001","source_correction","contemporaneous","normal","high","false","OLTEFOLSYN-002: confirmed misplaced closing parentheses in main operator table","moved the three right parentheses inside their corresponding math spans; adjacent sourcecorrection discloses the repeated delimiter repair","te-Telu-IN","Telu","IN","standard formal Telugu","international logical and mathematical notation with Arabic decimal digits and Latin metavariables","OLP-0154","OLP-0154-B018","upstream/content/first-order-logic/syntax-and-semantics/main-operator.tex","788d271215826c823cfcc63c0b54ab7ef65a42a50cde27b27542f2072de2d786","79","99","2922","3611","translation/content/first-order-logic/syntax-and-semantics/main-operator.tex","be88d7000e8f87fd2616874cbba19b53685171278422071f985f08c2a2e9c601","91","105","6435","7513","pending","","The cited unit is not yet integrated into the coherent full reader; no printed or assembled PDF page is guessed.","Please double-check: whether the Telugu disclosure for OLTEFOLSYN-002 is mathematically precise and idiomatic."
"te-Telu-IN-OLTEFOLSYN-003","te-Telu-IN-OLTEFOLSYN-003-OCC-001","source_correction","contemporaneous","normal","high","false","OLTEFOLSYN-003: confirmed function arity index error","changed the k+1 indexed arguments to k indexed arguments m_1 through m_k; adjacent sourcecorrection discloses the repair","te-Telu-IN","Telu","IN","standard formal Telugu","international logical and mathematical notation with Arabic decimal digits and Latin metavariables","OLP-0156","OLP-0156-B009","upstream/content/first-order-logic/syntax-and-semantics/formation-sequences.tex","b691c379c8dbebebf080199aa11279ab2666880334bf6b7818f385c4855eea01","40","49","1349","1884","translation/content/first-order-logic/syntax-and-semantics/formation-sequences.tex","d81b0a79c050b3a3471d55c53689a955d1ffdf22733f558e844b31e672e9abea","41","48","2884","3982","pending","","The cited unit is not yet integrated into the coherent full reader; no printed or assembled PDF page is guessed.","Please double-check: whether the Telugu disclosure for OLTEFOLSYN-003 is mathematically precise and idiomatic."
"te-Telu-IN-OLTEFOLSYN-004","te-Telu-IN-OLTEFOLSYN-004-OCC-001","source_correction","contemporaneous","normal","high","false","OLTEFOLSYN-004: confirmed wrong language subscript in equivalence proof","changed the two proof occurrences from Frm[L_0] to Frm[L], matching the theorem's arbitrary language; adjacent sourcecorrection discloses the repair","te-Telu-IN","Telu","IN","standard formal Telugu","international logical and mathematical notation with Arabic decimal digits and Latin metavariables","OLP-0156","OLP-0156-B021","upstream/content/first-order-logic/syntax-and-semantics/formation-sequences.tex","b691c379c8dbebebf080199aa11279ab2666880334bf6b7818f385c4855eea01","182","210","6652","8061","translation/content/first-order-logic/syntax-and-semantics/formation-sequences.tex","d81b0a79c050b3a3471d55c53689a955d1ffdf22733f558e844b31e672e9abea","199","203","12801","13352","pending","","The cited unit is not yet integrated into the coherent full reader; no printed or assembled PDF page is guessed.","Please double-check: whether the Telugu disclosure for OLTEFOLSYN-004 is mathematically precise and idiomatic."
"te-Telu-IN-OLTEFOLSYN-005","te-Telu-IN-OLTEFOLSYN-005-OCC-001","source_correction","contemporaneous","normal","high","false","OLTEFOLSYN-005: confirmed induction length wording inconsistency","clarified the induction hypothesis in prose as a final-index condition; no formal math atom was changed","te-Telu-IN","Telu","IN","standard formal Telugu","international logical and mathematical notation with Arabic decimal digits and Latin metavariables","OLP-0156","OLP-0156-B021","upstream/content/first-order-logic/syntax-and-semantics/formation-sequences.tex","b691c379c8dbebebf080199aa11279ab2666880334bf6b7818f385c4855eea01","182","210","6652","8061","translation/content/first-order-logic/syntax-and-semantics/formation-sequences.tex","d81b0a79c050b3a3471d55c53689a955d1ffdf22733f558e844b31e672e9abea","182","188","11464","12242","pending","","The cited unit is not yet integrated into the coherent full reader; no printed or assembled PDF page is guessed.","Please double-check: whether the Telugu disclosure for OLTEFOLSYN-005 is mathematically precise and idiomatic."
"te-Telu-IN-OLTEFOLSYN-006","te-Telu-IN-OLTEFOLSYN-006-OCC-001","source_correction","contemporaneous","normal","high","false","OLTEFOLSYN-006: confirmed syntactic identity symbol mismatch","changed semantic equivalence to syntactic identity in the formation-sequence case; adjacent sourcecorrection discloses the repair","te-Telu-IN","Telu","IN","standard formal Telugu","international logical and mathematical notation with Arabic decimal digits and Latin metavariables","OLP-0156","OLP-0156-B021","upstream/content/first-order-logic/syntax-and-semantics/formation-sequences.tex","b691c379c8dbebebf080199aa11279ab2666880334bf6b7818f385c4855eea01","182","210","6652","8061","translation/content/first-order-logic/syntax-and-semantics/formation-sequences.tex","d81b0a79c050b3a3471d55c53689a955d1ffdf22733f558e844b31e672e9abea","204","208","13352","13902","pending","","The cited unit is not yet integrated into the coherent full reader; no printed or assembled PDF page is guessed.","Please double-check: whether the Telugu disclosure for OLTEFOLSYN-006 is mathematically precise and idiomatic."
"te-Telu-IN-OLTEFOLSEM-001","te-Telu-IN-OLTEFOLSEM-001-OCC-001","source_correction","contemporaneous","normal","high","false","OLTEFOLSEM-001: confirmed hyphenation typo in relation description","read 'single-two place relation' as 'a single two-place relation' and translated that intended construction; adjacent sourcecorrection discloses the repair","te-Telu-IN","Telu","IN","standard formal Telugu","international logical and mathematical notation with Arabic decimal digits and Latin metavariables","OLP-0161","OLP-0161-B011","upstream/content/first-order-logic/syntax-and-semantics/structures.tex","7e144a9715ae1bfff09927c72b15f902f831042a7808541d595820981b722ebf","77","77","3360","3430","translation/content/first-order-logic/syntax-and-semantics/structures.tex","2a1429053b3e2db089b63e0d088a0eb56c58da012358bc00270342ac33bf5077","74","80","6526","7452","pending","","The cited unit is not yet integrated into the coherent full reader; no printed or assembled PDF page is guessed.","Please double-check: whether the Telugu disclosure for OLTEFOLSEM-001 is mathematically precise and idiomatic."
"te-Telu-IN-OLTEFOLSEM-002","te-Telu-IN-OLTEFOLSEM-002-OCC-001","source_correction","contemporaneous","normal","high","false","OLTEFOLSEM-002: confirmed duplicate equality in closed term calculation","removed the first of two consecutive equality signs so the displayed chain has one equality per step; adjacent sourcecorrection discloses the repair","te-Telu-IN","Telu","IN","standard formal Telugu","international logical and mathematical notation with Arabic decimal digits and Latin metavariables","OLP-0162","OLP-0162-B009","upstream/content/first-order-logic/syntax-and-semantics/covered-structures.tex","50975f7de07ff4167fcf30249770ab3a4eaac7df0ae1f38d0c8f15ca7f87d530","54","56","2026","2187","translation/content/first-order-logic/syntax-and-semantics/covered-structures.tex","13a68ac093651e55f54a49b6ab9aa820fa5696bc305a4c48d37b8510e9c0f05e","53","56","3697","4070","pending","","The cited unit is not yet integrated into the coherent full reader; no printed or assembled PDF page is guessed.","Please double-check: whether the Telugu disclosure for OLTEFOLSEM-002 is mathematically precise and idiomatic."
"te-Telu-IN-OLTEFOLSAT-001","te-Telu-IN-OLTEFOLSAT-001-OCC-001","source_correction","contemporaneous","normal","high","false","OLTEFOLSAT-001: confirmed relation interpretation assignment suffix typo","removed only the stray [s] from the relation interpretation while retaining the assignment on the satisfaction assertion; adjacent sourcecorrection discloses the repair","te-Telu-IN","Telu","IN","standard formal Telugu","international logical and mathematical notation with Arabic decimal digits and Latin metavariables","OLP-0163","OLP-0163-B030","upstream/content/first-order-logic/syntax-and-semantics/satisfaction.tex","1345318ddf4f4df715f3cb3403b5a457eaf5d2941b0c745593d4a0001ade7ace","213","213","8891","8965","translation/content/first-order-logic/syntax-and-semantics/satisfaction.tex","62464ea24cf0839849fb8808d695c66d0d091fefad102eb56d38123b97a708df","208","214","17611","18598","pending","","The cited unit is not yet integrated into the coherent full reader; no printed or assembled PDF page is guessed.","Please double-check: whether the Telugu disclosure for OLTEFOLSAT-001 is mathematically precise and idiomatic."
"te-Telu-IN-OLTEFOLSAT-002","te-Telu-IN-OLTEFOLSAT-002-OCC-001","source_correction","contemporaneous","normal","high","false","OLTEFOLSAT-002: confirmed antecedent predicate orientation error","changed R(a,x) to the actual antecedent R(x,a) for m = 2, 3, and 4; adjacent sourcecorrection discloses the repair","te-Telu-IN","Telu","IN","standard formal Telugu","international logical and mathematical notation with Arabic decimal digits and Latin metavariables","OLP-0163","OLP-0163-B036","upstream/content/first-order-logic/syntax-and-semantics/satisfaction.tex","1345318ddf4f4df715f3cb3403b5a457eaf5d2941b0c745593d4a0001ade7ace","307","313","12895","13334","translation/content/first-order-logic/syntax-and-semantics/satisfaction.tex","62464ea24cf0839849fb8808d695c66d0d091fefad102eb56d38123b97a708df","307","315","25010","25776","pending","","The cited unit is not yet integrated into the coherent full reader; no printed or assembled PDF page is guessed.","Please double-check: whether the Telugu disclosure for OLTEFOLSAT-002 is mathematically precise and idiomatic."
"te-Telu-IN-OLTEFOLSAT-003","te-Telu-IN-OLTEFOLSAT-003-OCC-001","source_correction","contemporaneous","normal","high","false","OLTEFOLSAT-003: confirmed missing variable in case value","restored the missing m in the second outer-assignment case; adjacent sourcecorrection discloses the repair","te-Telu-IN","Telu","IN","standard formal Telugu","international logical and mathematical notation with Arabic decimal digits and Latin metavariables","OLP-0163","OLP-0163-B037","upstream/content/first-order-logic/syntax-and-semantics/satisfaction.tex","1345318ddf4f4df715f3cb3403b5a457eaf5d2941b0c745593d4a0001ade7ace","328","332","13777","14092","translation/content/first-order-logic/syntax-and-semantics/satisfaction.tex","62464ea24cf0839849fb8808d695c66d0d091fefad102eb56d38123b97a708df","328","336","26532","27337","pending","","The cited unit is not yet integrated into the coherent full reader; no printed or assembled PDF page is guessed.","Please double-check: whether the Telugu disclosure for OLTEFOLSAT-003 is mathematically precise and idiomatic."
"te-Telu-IN-OLTEFOLSAT-004","te-Telu-IN-OLTEFOLSAT-004-OCC-001","source_correction","contemporaneous","normal","high","false","OLTEFOLSAT-004: confirmed outer quantifier variable mismatch","changed the universal-summary variable from the inner witness n to the outer assignment parameter m; adjacent sourcecorrection discloses the repair","te-Telu-IN","Telu","IN","standard formal Telugu","international logical and mathematical notation with Arabic decimal digits and Latin metavariables","OLP-0163","OLP-0163-B039","upstream/content/first-order-logic/syntax-and-semantics/satisfaction.tex","1345318ddf4f4df715f3cb3403b5a457eaf5d2941b0c745593d4a0001ade7ace","347","351","14824","15056","translation/content/first-order-logic/syntax-and-semantics/satisfaction.tex","62464ea24cf0839849fb8808d695c66d0d091fefad102eb56d38123b97a708df","351","357","28363","28950","pending","","The cited unit is not yet integrated into the coherent full reader; no printed or assembled PDF page is guessed.","Please double-check: whether the Telugu disclosure for OLTEFOLSAT-004 is mathematically precise and idiomatic."
"te-Telu-IN-OLTEFOLASS-001","te-Telu-IN-OLTEFOLASS-001-OCC-001","source_correction","contemporaneous","normal","high","false","OLTEFOLASS-001: confirmed tuple initial index typo","changed only the second tuple's initial t_i to t_1 so the argument list runs from t_1 through t_k; adjacent sourcecorrection discloses the repair","te-Telu-IN","Telu","IN","standard formal Telugu","international logical and mathematical notation with Arabic decimal digits and Latin metavariables","OLP-0164","OLP-0164-B014","upstream/content/first-order-logic/syntax-and-semantics/assignments.tex","761e28eb126777a36e0be833eff8e34c09452a07991be2427ded51d765d919e1","89","92","3510","3759","translation/content/first-order-logic/syntax-and-semantics/assignments.tex","81974790c4ea0444d87a530972649ef0f844366fce40a404942747a31a039c6e","89","95","6144","6825","pending","","The cited unit is not yet integrated into the coherent full reader; no printed or assembled PDF page is guessed.","Please double-check: whether the Telugu disclosure for OLTEFOLASS-001 is mathematically precise and idiomatic."
"te-Telu-IN-OLTEFOLASS-002","te-Telu-IN-OLTEFOLASS-002-OCC-001","source_correction","contemporaneous","normal","high","false","OLTEFOLASS-002: confirmed variant base assignment typos","defined s_1' from s_1 and s_2' from s_2 instead of defining both from unindexed s; adjacent sourcecorrection discloses the repair","te-Telu-IN","Telu","IN","standard formal Telugu","international logical and mathematical notation with Arabic decimal digits and Latin metavariables","OLP-0164","OLP-0164-B022","upstream/content/first-order-logic/syntax-and-semantics/assignments.tex","761e28eb126777a36e0be833eff8e34c09452a07991be2427ded51d765d919e1","177","189","7400","8255","translation/content/first-order-logic/syntax-and-semantics/assignments.tex","81974790c4ea0444d87a530972649ef0f844366fce40a404942747a31a039c6e","184","199","12418","14223","pending","","The cited unit is not yet integrated into the coherent full reader; no printed or assembled PDF page is guessed.","Please double-check: whether the Telugu disclosure for OLTEFOLASS-002 is mathematically precise and idiomatic."
"te-Telu-IN-OLTEFOLASS-003","te-Telu-IN-OLTEFOLASS-003-OCC-001","source_correction","contemporaneous","normal","high","false","OLTEFOLASS-003: confirmed duplicate set symbol in definition","removed only the repeated second Gamma from the antecedent; adjacent sourcecorrection discloses the repair","te-Telu-IN","Telu","IN","standard formal Telugu","international logical and mathematical notation with Arabic decimal digits and Latin metavariables","OLP-0164","OLP-0164-B029","upstream/content/first-order-logic/syntax-and-semantics/assignments.tex","761e28eb126777a36e0be833eff8e34c09452a07991be2427ded51d765d919e1","239","244","10173","10392","translation/content/first-order-logic/syntax-and-semantics/assignments.tex","81974790c4ea0444d87a530972649ef0f844366fce40a404942747a31a039c6e","249","254","18375","19041","pending","","The cited unit is not yet integrated into the coherent full reader; no printed or assembled PDF page is guessed.","Please double-check: whether the Telugu disclosure for OLTEFOLASS-003 is mathematically precise and idiomatic."
"te-Telu-IN-OLTEFOLEXT-001","te-Telu-IN-OLTEFOLEXT-001-OCC-001","source_correction","contemporaneous","normal","high","false","OLTEFOLEXT-001: confirmed duplicate equality in term substitution calculation","removed the first of two consecutive equality signs at the display opening and retained the recursive equality chain; adjacent sourcecorrection discloses the repair","te-Telu-IN","Telu","IN","standard formal Telugu","international logical and mathematical notation with Arabic decimal digits and Latin metavariables","OLP-0165","OLP-0165-B018","upstream/content/first-order-logic/syntax-and-semantics/extensionality.tex","50a329405f437b78605cafd811dbf3837efa0fde17069d1dee208bff49a20fda","87","90","3163","3317","translation/content/first-order-logic/syntax-and-semantics/extensionality.tex","15a47de0c446d52f8ae433eaaa18ee6758271fd3780fe59a676afc9a923a2e8d","90","105","5573","6792","pending","","The cited unit is not yet integrated into the coherent full reader; no printed or assembled PDF page is guessed.","Please double-check: whether the Telugu disclosure for OLTEFOLEXT-001 is mathematically precise and idiomatic."
"te-Telu-IN-OLTEFOLMAT-001","te-Telu-IN-OLTEFOLMAT-001-OCC-001","source_correction","contemporaneous","normal","high","false","OLTEFOLMAT-001: confirmed missing object language variable marker","restored only the missing \Obj marker before the final v_2 and retained the formula otherwise; adjacent sourcecorrection discloses the repair","te-Telu-IN","Telu","IN","standard formal Telugu","international logical and mathematical notation with Arabic decimal digits and Latin metavariables","OLP-0171","OLP-0171-B009","upstream/content/first-order-logic/models-theories/expressing-relations.tex","37f0dcfda647cea12a9e3182a4e868092993f1d928faca29225f8e6efb82f87b","62","64","2592","2786","translation/content/first-order-logic/models-theories/expressing-relations.tex","73957080816bd80674dc99db8954e58f1cac54fb5f233fd1ce763e1b09f837a5","62","67","4980","5619","pending","","The cited unit is not yet integrated into the coherent full reader; no printed or assembled PDF page is guessed.","Please double-check that the repaired strict-order formula gives its final v_2 the same object-language marker as the other variables, without changing any other symbol."
"te-Telu-IN-OLTEFOLBYD-001","te-Telu-IN-OLTEFOLBYD-001-OCC-001","source_correction","contemporaneous","normal","high","false","OLTEFOLBYD-001: confirmed malformed optional quantifier argument","changed only the inner universal from the malformed \lforall x] to \lforall[x][...] and added an adjacent sourcecorrection disclosure","te-Telu-IN","Telu","IN","standard formal Telugu","international logical and mathematical notation with Arabic decimal digits and Latin metavariables","OLP-0176","OLP-0176-B008","upstream/content/first-order-logic/beyond/many-sorted-logic.tex","5a6abcd66e91868de97e0c1ec44cdf848396655cc6995adc05d6771844ecfac7","37","40","1626","1758","translation/content/first-order-logic/beyond/many-sorted-logic.tex","57aba22e87125b3451399ec41ec14315afbe383fe0bd00b9284837380452bf3b","37","44","3882","4938","pending","","The cited unit is not yet integrated into the coherent full reader; no printed or assembled PDF page is guessed.","Please double-check that the inner many-sorted universal now binds x with the same two optional arguments as the outer universal and that no other display symbol changed."
"te-Telu-IN-OLTEFOLBYD-002","te-Telu-IN-OLTEFOLBYD-002-OCC-001","source_correction","contemporaneous","normal","high","false","OLTEFOLBYD-002: confirmed atomic formula constructor typo","replaced only \Obj with \Atom for the affected relation-variable atom and added an adjacent sourcecorrection disclosure","te-Telu-IN","Telu","IN","standard formal Telugu","international logical and mathematical notation with Arabic decimal digits and Latin metavariables","OLP-0177","OLP-0177-B007","upstream/content/first-order-logic/beyond/second-order-logic.tex","944e224c99309c16e3303d6688fe0bf070e9ad8a68a1207ef6b8d6add08fe16d","54","56","1957","2145","translation/content/first-order-logic/beyond/second-order-logic.tex","0880aced16a46d7051834d99b9666aae294a89c5dfaaad54eeb630bdfce9d99c","51","63","3893","5485","pending","","The cited unit is not yet integrated into the coherent full reader; no printed or assembled PDF page is guessed.","Please double-check that the comprehension explanation uses the atomic-formula constructor for R(t_1,...,t_k), consistently with the surrounding rule."
"te-Telu-IN-OLTEFOLBYD-003","te-Telu-IN-OLTEFOLBYD-003-OCC-001","source_correction","contemporaneous","normal","high","false","OLTEFOLBYD-003: confirmed undefined successor symbol","replaced the undefined s(x)=s(y) with the declared postfix-successor notation x'=y' and added an adjacent sourcecorrection disclosure","te-Telu-IN","Telu","IN","standard formal Telugu","international logical and mathematical notation with Arabic decimal digits and Latin metavariables","OLP-0177","OLP-0177-B011","upstream/content/first-order-logic/beyond/second-order-logic.tex","944e224c99309c16e3303d6688fe0bf070e9ad8a68a1207ef6b8d6add08fe16d","137","147","6553","7111","translation/content/first-order-logic/beyond/second-order-logic.tex","0880aced16a46d7051834d99b9666aae294a89c5dfaaad54eeb630bdfce9d99c","136","148","15392","16653","pending","","The cited unit is not yet integrated into the coherent full reader; no printed or assembled PDF page is guessed.","Please double-check that the second arithmetic axiom uses the declared postfix successor on x and y, rather than the source sentence’s undefined s."
"te-Telu-IN-OLTEFOLBYD-004","te-Telu-IN-OLTEFOLBYD-004-OCC-001","source_correction","contemporaneous","normal","high","false","OLTEFOLBYD-004: confirmed lambda bound variable type mismatch","changed only the stated type of the lambda-bound variable x from sigma to tau and added an adjacent sourcecorrection disclosure","te-Telu-IN","Telu","IN","standard formal Telugu","international logical and mathematical notation with Arabic decimal digits and Latin metavariables","OLP-0178","OLP-0178-B008","upstream/content/first-order-logic/beyond/higher-order-logic.tex","38ced5d3bad860479a37abcc7745229561d26bbfdbe77a5b2a1c6dece2a455b1","82","89","3827","4137","translation/content/first-order-logic/beyond/higher-order-logic.tex","1c17e93ad9b17bdafbab64d044c4d9495cecc3669e31ba67ba3ef9d38f6a9974","82","91","7321","8595","pending","","The cited unit is not yet integrated into the coherent full reader; no printed or assembled PDF page is guessed.","Please double-check that the lambda-bound x is assigned type tau, matching formation rule (6), while s remains type sigma."
"te-Telu-IN-OLTEMODBAS-001","te-Telu-IN-OLTEMODBAS-001-OCC-001","source_correction","contemporaneous","normal","high","false","OLTEMODBAS-001: confirmed editorial wording typo","read is at planning to work as is planning to work; preserved the contributor name, issue reference and intent; adjacent sourcecorrection discloses the repair","te-Telu-IN","Telu","IN","standard formal Telugu","international logical and mathematical notation with Arabic decimal digits and Latin metavariables","OLP-0182","OLP-0182-B005","upstream/content/model-theory/model-theory.tex","b003b16803f9b40df8da5a6664ff8ee5198559f77e88616aea9911323b757abf","9","16","125","588","translation/content/model-theory/model-theory.tex","44991c8b58203235d6f312f78a0122962dbcccd06b0d74670d914b9569a4e393","9","17","156","1742","pending","","The cited unit is not yet integrated into the coherent full reader; no printed or assembled PDF page is guessed.","Please double-check that the Telugu editorial reads the defective phrase as “is planning to work” while preserving the contributor and issue reference."
"te-Telu-IN-OLTEMODBAS-002","te-Telu-IN-OLTEMODBAS-002-OCC-001","source_correction","contemporaneous","normal","high","false","OLTEMODBAS-002: confirmed missing nonempty subdomain condition","added the nonempty-carrier condition required by the edition's structure definition; preserved the relation restriction; adjacent sourcecorrection discloses the repair","te-Telu-IN","Telu","IN","standard formal Telugu","international logical and mathematical notation with Arabic decimal digits and Latin metavariables","OLP-0185","OLP-0185-B007","upstream/content/model-theory/basics/substructures.tex","7e887827ad7a38da3e8c86043ea0cf6d94ddb1512241c44f4c4cdd3f3db61904","39","44","1421","1693","translation/content/model-theory/basics/substructures.tex","ab25867451ef34e8582b7f0e65b12854d0aa917110be514954d86d2d6e463e11","42","50","2476","3593","pending","","The cited unit is not yet integrated into the coherent full reader; no printed or assembled PDF page is guessed.","Please double-check that the relation-only substructure remark requires N to be non-empty, consistently with OpenLogic’s structure definition."
"te-Telu-IN-OLTEMODBAS-003","te-Telu-IN-OLTEMODBAS-003-OCC-001","source_correction","contemporaneous","normal","high","false","OLTEMODBAS-003: confirmed wrong structure in function term value","changed only the affected function interpretation from M to M-prime; adjacent sourcecorrection discloses the repair","te-Telu-IN","Telu","IN","standard formal Telugu","international logical and mathematical notation with Arabic decimal digits and Latin metavariables","OLP-0187","OLP-0187-B009","upstream/content/model-theory/basics/isomorphism.tex","bc20c7ae117da49ae395fe60f41be8baa408de9f1e0ccb78bb4356b40626861f","86","91","3508","3799","translation/content/model-theory/basics/isomorphism.tex","39d149e0e26ea0082848dda825a41f8d6fac73a7ae2a72d1516340b8ae8aec55","92","101","6203","6971","pending","","The cited unit is not yet integrated into the coherent full reader; no printed or assembled PDF page is guessed.","Please double-check that the value of the function term in M-prime uses the interpretation of f in M-prime."
"te-Telu-IN-OLTEMODBAS-004","te-Telu-IN-OLTEMODBAS-004-OCC-001","source_correction","contemporaneous","normal","high","false","OLTEMODBAS-004: confirmed missing closing parenthesis","restored one closing parenthesis for the outer h application; adjacent sourcecorrection discloses the repair","te-Telu-IN","Telu","IN","standard formal Telugu","international logical and mathematical notation with Arabic decimal digits and Latin metavariables","OLP-0187","OLP-0187-B009","upstream/content/model-theory/basics/isomorphism.tex","bc20c7ae117da49ae395fe60f41be8baa408de9f1e0ccb78bb4356b40626861f","94","101","3906","4267","translation/content/model-theory/basics/isomorphism.tex","39d149e0e26ea0082848dda825a41f8d6fac73a7ae2a72d1516340b8ae8aec55","103","114","7021","7925","pending","","The cited unit is not yet integrated into the coherent full reader; no printed or assembled PDF page is guessed.","Please double-check that the first function-term equality closes the outer h application with exactly one restored parenthesis."
"te-Telu-IN-OLTEMODBAS-005","te-Telu-IN-OLTEMODBAS-005-OCC-001","source_correction","contemporaneous","normal","high","false","OLTEMODBAS-005: confirmed back and forth enumeration index error","changed the even-branch parametrization to n=2r+1 so its range obligations begin at b_0; adjacent sourcecorrection discloses the repair","te-Telu-IN","Telu","IN","standard formal Telugu","international logical and mathematical notation with Arabic decimal digits and Latin metavariables","OLP-0189","OLP-0189-B009","upstream/content/model-theory/basics/partial-iso.tex","ff448c61f49d8375e1fcd7835e1ba9e8f2697e23c2e046336c78a02da280965d","61","70","2336","2863","translation/content/model-theory/basics/partial-iso.tex","a4a6deb43d9540768c1723d5b46b5c2525e270676a194c50233aabf8d9251500","64","76","4019","5667","pending","","The cited unit is not yet integrated into the coherent full reader; no printed or assembled PDF page is guessed.","Please double-check that the even back-and-forth stages now add b_0, b_1, and so on rather than skipping b_0."
"te-Telu-IN-OLTEMODBAS-006","te-Telu-IN-OLTEMODBAS-006-OCC-001","source_correction","contemporaneous","normal","high","false","OLTEMODBAS-006: confirmed inconsistent purely relational label","stated the source's signature inventory directly and omitted only its conflicting purely relational label; adjacent sourcecorrection discloses the repair","te-Telu-IN","Telu","IN","standard formal Telugu","international logical and mathematical notation with Arabic decimal digits and Latin metavariables","OLP-0189","OLP-0189-B016","upstream/content/model-theory/basics/partial-iso.tex","ff448c61f49d8375e1fcd7835e1ba9e8f2697e23c2e046336c78a02da280965d","122","125","4777","5018","translation/content/model-theory/basics/partial-iso.tex","a4a6deb43d9540768c1723d5b46b5c2525e270676a194c50233aabf8d9251500","130","146","9357","11840","pending","","The cited unit is not yet integrated into the coherent full reader; no printed or assembled PDF page is guessed.","Please double-check that the finite-signature proposition states its predicate, constant, and function inventory without contradicting the earlier purely-relational definition."
"te-Telu-IN-OLTEMODBAS-007","te-Telu-IN-OLTEMODBAS-007-OCC-001","source_correction","contemporaneous","normal","high","false","OLTEMODBAS-007: confirmed sequence length recursion index collision","named the common sequence length k and changed the atomic variable-list endpoint from n to k; adjacent sourcecorrection discloses the repair","te-Telu-IN","Telu","IN","standard formal Telugu","international logical and mathematical notation with Arabic decimal digits and Latin metavariables","OLP-0189","OLP-0189-B019","upstream/content/model-theory/basics/partial-iso.tex","ff448c61f49d8375e1fcd7835e1ba9e8f2697e23c2e046336c78a02da280965d","143","153","5628","6226","translation/content/model-theory/basics/partial-iso.tex","a4a6deb43d9540768c1723d5b46b5c2525e270676a194c50233aabf8d9251500","163","179","12662","14609","pending","","The cited unit is not yet integrated into the coherent full reader; no printed or assembled PDF page is guessed.","Please double-check that k is the sequence length while n remains the recursion and quantifier-rank index in I_n."
"te-Telu-IN-OLTEMODBAS-008","te-Telu-IN-OLTEMODBAS-008-OCC-001","source_correction","contemporaneous","normal","high","false","OLTEMODBAS-008: confirmed insufficient finite formula class lemma","stated the fixed-free-variable formula-class lemma, retained the sentence case at k=0, and used a finite conjunction of satisfied representatives in the proof; adjacent sourcecorrection discloses the repair","te-Telu-IN","Telu","IN","standard formal Telugu","international logical and mathematical notation with Arabic decimal digits and Latin metavariables","OLP-0189","OLP-0189-B016","upstream/content/model-theory/basics/partial-iso.tex","ff448c61f49d8375e1fcd7835e1ba9e8f2697e23c2e046336c78a02da280965d","122","129","4777","5185","translation/content/model-theory/basics/partial-iso.tex","a4a6deb43d9540768c1723d5b46b5c2525e270676a194c50233aabf8d9251500","131","146","9358","11840","pending","","The cited unit is not yet integrated into the coherent full reader; no printed or assembled PDF page is guessed.","Please double-check that the strengthened fixed-variable formula-class lemma is exactly what the finite conjunction T_n^a requires."
"te-Telu-IN-OLTEMODBAS-008","te-Telu-IN-OLTEMODBAS-008-OCC-002","source_correction","contemporaneous","normal","high","false","OLTEMODBAS-008: confirmed insufficient finite formula class lemma","stated the fixed-free-variable formula-class lemma, retained the sentence case at k=0, and used a finite conjunction of satisfied representatives in the proof; adjacent sourcecorrection discloses the repair","te-Telu-IN","Telu","IN","standard formal Telugu","international logical and mathematical notation with Arabic decimal digits and Latin metavariables","OLP-0189","OLP-0189-B025","upstream/content/model-theory/basics/partial-iso.tex","ff448c61f49d8375e1fcd7835e1ba9e8f2697e23c2e046336c78a02da280965d","199","203","8223","8544","translation/content/model-theory/basics/partial-iso.tex","a4a6deb43d9540768c1723d5b46b5c2525e270676a194c50233aabf8d9251500","226","243","17946","20008","pending","","The cited unit is not yet integrated into the coherent full reader; no printed or assembled PDF page is guessed.","Please double-check that the strengthened fixed-variable formula-class lemma is exactly what the finite conjunction T_n^a requires."
"te-Telu-IN-OLTEMODBAS-009","te-Telu-IN-OLTEMODBAS-009-OCC-001","source_correction","contemporaneous","normal","high","false","OLTEMODBAS-009: confirmed incomplete forth case split","added the empty-map and already-mapped cases, then retained the source's three order-position cases for a new point; adjacent sourcecorrection discloses the repair","te-Telu-IN","Telu","IN","standard formal Telugu","international logical and mathematical notation with Arabic decimal digits and Latin metavariables","OLP-0190","OLP-0190-B008","upstream/content/model-theory/basics/dlo.tex","9c7bd2cbee65556d3edc1316632fa5714527901ee0aed70ee76e2c4db7c03531","42","56","1444","2230","translation/content/model-theory/basics/dlo.tex","155efdcc6472a9c6eeb30941ecaf447bee3b2fd96cc76fd718d4ecc9ebaf0af6","42","65","2264","4959","pending","","The cited unit is not yet integrated into the coherent full reader; no printed or assembled PDF page is guessed.","Please double-check that the dense-order Forth proof now covers both the empty partial map and an already-mapped point before its three new-point cases."
"te-Telu-IN-OLTEMODBAS-010","te-Telu-IN-OLTEMODBAS-010-OCC-001","source_correction","contemporaneous","normal","high","false","OLTEMODBAS-010: confirmed missing parameter free definability scope","restricted the invariant-subset exercise to definability without additional parameters; preserved its automorphism and set-image equation; adjacent sourcecorrection discloses the repair","te-Telu-IN","Telu","IN","standard formal Telugu","international logical and mathematical notation with Arabic decimal digits and Latin metavariables","OLP-0187","OLP-0187-B013","upstream/content/model-theory/basics/isomorphism.tex","bc20c7ae117da49ae395fe60f41be8baa408de9f1e0ccb78bb4356b40626861f","124","128","4946","5168","translation/content/model-theory/basics/isomorphism.tex","39d149e0e26ea0082848dda825a41f8d6fac73a7ae2a72d1516340b8ae8aec55","137","144","9178","10432","pending","","The cited unit is not yet integrated into the coherent full reader; no printed or assembled PDF page is guessed.","Please double-check that the automorphism exercise is limited to parameter-free definability, so invariance under every automorphism is valid."
"te-Telu-IN-OLTEMODARI-001","te-Telu-IN-OLTEMODARI-001-OCC-001","source_correction","contemporaneous","normal","high","false","OLTEMODARI-001: confirmed wrong function argument sort","used a^n and a^m as the two operation arguments so they belong to the declared string domain; adjacent sourcecorrection discloses the repair","te-Telu-IN","Telu","IN","standard formal Telugu","international logical and mathematical notation with Arabic decimal digits and Latin metavariables","OLP-0192","OLP-0192-B005","upstream/content/model-theory/models-of-arithmetic/introduction.tex","b574af9c4ae632a5a5b121e4a404fd16d43fc60450162fe8b8bc9d0ca70ed9f6","24","34","724","1181","translation/content/model-theory/models-of-arithmetic/introduction.tex","e8d76e729e3953bffa72e122f0b7402254a188f4834255b894d88d4dd616e139","12","51","214","3278","pending","","The cited unit is not yet integrated into the coherent full reader; no printed or assembled PDF page is guessed.","Please double-check that the two operation arguments are strings a^n and a^m, while the displayed results remain a^(n+m) and a^(nm)."
"te-Telu-IN-OLTEMODARI-002","te-Telu-IN-OLTEMODARI-002-OCC-001","source_correction","contemporaneous","normal","high","false","OLTEMODARI-002: confirmed missing order interpretation","added the length-order interpretation needed to complete the L_A structure and make the stated isomorphism true; adjacent sourcecorrection discloses the repair","te-Telu-IN","Telu","IN","standard formal Telugu","international logical and mathematical notation with Arabic decimal digits and Latin metavariables","OLP-0192","OLP-0192-B005","upstream/content/model-theory/models-of-arithmetic/introduction.tex","b574af9c4ae632a5a5b121e4a404fd16d43fc60450162fe8b8bc9d0ca70ed9f6","24","39","724","1476","translation/content/model-theory/models-of-arithmetic/introduction.tex","e8d76e729e3953bffa72e122f0b7402254a188f4834255b894d88d4dd616e139","12","51","214","3278","pending","","The cited unit is not yet integrated into the coherent full reader; no printed or assembled PDF page is guessed.","Please double-check that the added order on strings compares their exponents and completes exactly the claimed arithmetic-language structure."
"te-Telu-IN-OLTEMODARI-003","te-Telu-IN-OLTEMODARI-003-OCC-001","source_correction","contemporaneous","normal","high","false","OLTEMODARI-003: confirmed missing proof predicate argument","restored x as the first argument of the binary proof predicate; adjacent sourcecorrection discloses the repair","te-Telu-IN","Telu","IN","standard formal Telugu","international logical and mathematical notation with Arabic decimal digits and Latin metavariables","OLP-0192","OLP-0192-B007","upstream/content/model-theory/models-of-arithmetic/introduction.tex","b574af9c4ae632a5a5b121e4a404fd16d43fc60450162fe8b8bc9d0ca70ed9f6","65","70","2788","3168","translation/content/model-theory/models-of-arithmetic/introduction.tex","e8d76e729e3953bffa72e122f0b7402254a188f4834255b894d88d4dd616e139","68","89","4686","7143","pending","","The cited unit is not yet integrated into the coherent full reader; no printed or assembled PDF page is guessed.","Please double-check that x is restored as the first argument of the binary PA proof predicate in the existential witness formula."
"te-Telu-IN-OLTEMODARI-004","te-Telu-IN-OLTEMODARI-004-OCC-001","source_correction","contemporaneous","normal","high","false","OLTEMODARI-004: confirmed domain range word swap","used range rather than domain in the surjectivity argument; adjacent sourcecorrection discloses the repair","te-Telu-IN","Telu","IN","standard formal Telugu","international logical and mathematical notation with Arabic decimal digits and Latin metavariables","OLP-0193","OLP-0193-B018","upstream/content/model-theory/models-of-arithmetic/standard-models.tex","8042692c33d15f357d7099f1a247f5055734446d951eabc2d337a3ca19d629b8","152","170","6630","7822","translation/content/model-theory/models-of-arithmetic/standard-models.tex","fd1ce21c27f4e4925ec171ec39da1b4f39ffad4261ccaa6d48d1bd979f72ffca","162","191","10309","13325","pending","","The cited unit is not yet integrated into the coherent full reader; no printed or assembled PDF page is guessed.","Please double-check that failure of surjectivity is described as omission from the range, not the already total function domain."
"te-Telu-IN-OLTEMODARI-005","te-Telu-IN-OLTEMODARI-005-OCC-001","source_correction","contemporaneous","normal","high","false","OLTEMODARI-005: confirmed wrong structure on new constant","evaluated c in the expanded structure M^c rather than its reduct M; adjacent sourcecorrection discloses the repair","te-Telu-IN","Telu","IN","standard formal Telugu","international logical and mathematical notation with Arabic decimal digits and Latin metavariables","OLP-0194","OLP-0194-B013","upstream/content/model-theory/models-of-arithmetic/non-standard-models.tex","2780ea77577e4e5b2430c282fd0cef5f4a017823036dbed116474bccf600cea1","83","98","3124","3850","translation/content/model-theory/models-of-arithmetic/non-standard-models.tex","68198360c4d9c7050f94529f9991755f60a09447ec3fc6d4bb87a8e8ea2d4fd8","92","112","5936","7864","pending","","The cited unit is not yet integrated into the coherent full reader; no printed or assembled PDF page is guessed.","Please double-check that the new constant c is evaluated in the expanded structure M^c rather than the reduct M."
"te-Telu-IN-OLTEMODARI-006","te-Telu-IN-OLTEMODARI-006-OCC-001","source_correction","contemporaneous","normal","high","false","OLTEMODARI-006: confirmed missing empty constraint case","handled a finite subset with no c inequality before choosing a largest constrained numeral; adjacent sourcecorrection discloses the repair","te-Telu-IN","Telu","IN","standard formal Telugu","international logical and mathematical notation with Arabic decimal digits and Latin metavariables","OLP-0194","OLP-0194-B014","upstream/content/model-theory/models-of-arithmetic/non-standard-models.tex","2780ea77577e4e5b2430c282fd0cef5f4a017823036dbed116474bccf600cea1","100","112","3851","4636","translation/content/model-theory/models-of-arithmetic/non-standard-models.tex","68198360c4d9c7050f94529f9991755f60a09447ec3fc6d4bb87a8e8ea2d4fd8","114","143","7865","11412","pending","","The cited unit is not yet integrated into the coherent full reader; no printed or assembled PDF page is guessed.","Please double-check that the finite-subset proof handles the case with no c-inequality before choosing a largest constrained numeral."
"te-Telu-IN-OLTEMODARI-007","te-Telu-IN-OLTEMODARI-007-OCC-001","source_correction","contemporaneous","normal","high","false","OLTEMODARI-007: confirmed missing countability argument","applied Downward Lowenheim--Skolem after compactness to obtain the asserted countable model; adjacent sourcecorrection discloses the repair","te-Telu-IN","Telu","IN","standard formal Telugu","international logical and mathematical notation with Arabic decimal digits and Latin metavariables","OLP-0194","OLP-0194-B012","upstream/content/model-theory/models-of-arithmetic/non-standard-models.tex","2780ea77577e4e5b2430c282fd0cef5f4a017823036dbed116474bccf600cea1","78","81","2977","3123","translation/content/model-theory/models-of-arithmetic/non-standard-models.tex","68198360c4d9c7050f94529f9991755f60a09447ec3fc6d4bb87a8e8ea2d4fd8","86","90","5626","5935","pending","","The cited unit is not yet integrated into the coherent full reader; no printed or assembled PDF page is guessed.","Please double-check that Downward Löwenheim--Skolem is invoked after compactness to obtain the proposition’s countable model."
"te-Telu-IN-OLTEMODARI-007","te-Telu-IN-OLTEMODARI-007-OCC-002","source_correction","contemporaneous","normal","high","false","OLTEMODARI-007: confirmed missing countability argument","applied Downward Lowenheim--Skolem after compactness to obtain the asserted countable model; adjacent sourcecorrection discloses the repair","te-Telu-IN","Telu","IN","standard formal Telugu","international logical and mathematical notation with Arabic decimal digits and Latin metavariables","OLP-0194","OLP-0194-B013","upstream/content/model-theory/models-of-arithmetic/non-standard-models.tex","2780ea77577e4e5b2430c282fd0cef5f4a017823036dbed116474bccf600cea1","83","98","3124","3850","translation/content/model-theory/models-of-arithmetic/non-standard-models.tex","68198360c4d9c7050f94529f9991755f60a09447ec3fc6d4bb87a8e8ea2d4fd8","92","112","5936","7864","pending","","The cited unit is not yet integrated into the coherent full reader; no printed or assembled PDF page is guessed.","Please double-check that Downward Löwenheim--Skolem is invoked after compactness to obtain the proposition’s countable model."
"te-Telu-IN-OLTEMODARI-007","te-Telu-IN-OLTEMODARI-007-OCC-003","source_correction","contemporaneous","normal","high","false","OLTEMODARI-007: confirmed missing countability argument","applied Downward Lowenheim--Skolem after compactness to obtain the asserted countable model; adjacent sourcecorrection discloses the repair","te-Telu-IN","Telu","IN","standard formal Telugu","international logical and mathematical notation with Arabic decimal digits and Latin metavariables","OLP-0194","OLP-0194-B014","upstream/content/model-theory/models-of-arithmetic/non-standard-models.tex","2780ea77577e4e5b2430c282fd0cef5f4a017823036dbed116474bccf600cea1","100","113","3851","4648","translation/content/model-theory/models-of-arithmetic/non-standard-models.tex","68198360c4d9c7050f94529f9991755f60a09447ec3fc6d4bb87a8e8ea2d4fd8","114","143","7865","11412","pending","","The cited unit is not yet integrated into the coherent full reader; no printed or assembled PDF page is guessed.","Please double-check that Downward Löwenheim--Skolem is invoked after compactness to obtain the proposition’s countable model."
"te-Telu-IN-OLTEMODARI-008","te-Telu-IN-OLTEMODARI-008-OCC-001","source_correction","contemporaneous","normal","high","false","OLTEMODARI-008: confirmed nonexistent case element","used y=a, the only non-standard element of K, rather than nonexistent b; adjacent sourcecorrection discloses the repair","te-Telu-IN","Telu","IN","standard formal Telugu","international logical and mathematical notation with Arabic decimal digits and Latin metavariables","OLP-0195","OLP-0195-B008","upstream/content/model-theory/models-of-arithmetic/models-of-q.tex","09bdaf0730f142d22d7f8fcc6c3155cb76d851f550a90bd70b04b2de1a9855fc","96","107","3088","3839","translation/content/model-theory/models-of-arithmetic/models-of-q.tex","f99d4328fd2b723dace8a5089b3c36a1ba4a4ae549555632211d1c4328332376","97","122","4399","6485","pending","","The cited unit is not yet integrated into the coherent full reader; no printed or assembled PDF page is guessed.","Please double-check that the last non-standard K case is y=a, since the domain contains no b."
"te-Telu-IN-OLTEMODARI-009","te-Telu-IN-OLTEMODARI-009-OCC-001","source_correction","contemporaneous","normal","high","false","OLTEMODARI-009: confirmed free variable in case calculation","replaced the stray y by the branch's fixed second argument a; adjacent sourcecorrection discloses the repair","te-Telu-IN","Telu","IN","standard formal Telugu","international logical and mathematical notation with Arabic decimal digits and Latin metavariables","OLP-0195","OLP-0195-B011","upstream/content/model-theory/models-of-arithmetic/models-of-q.tex","09bdaf0730f142d22d7f8fcc6c3155cb76d851f550a90bd70b04b2de1a9855fc","154","171","5348","6437","translation/content/model-theory/models-of-arithmetic/models-of-q.tex","f99d4328fd2b723dace8a5089b3c36a1ba4a4ae549555632211d1c4328332376","146","196","7857","10620","pending","","The cited unit is not yet integrated into the coherent full reader; no printed or assembled PDF page is guessed.","Please double-check that the b-plus-a calculation ends with (b plus a)^succ rather than the source’s free y."
"te-Telu-IN-OLTEMODARI-010","te-Telu-IN-OLTEMODARI-010-OCC-001","source_correction","contemporaneous","normal","high","false","OLTEMODARI-010: confirmed missing nonzero predecessor condition","restricted the unique-predecessor claim to x unequal to zero; adjacent sourcecorrection discloses the repair","te-Telu-IN","Telu","IN","standard formal Telugu","international logical and mathematical notation with Arabic decimal digits and Latin metavariables","OLP-0196","OLP-0196-B010","upstream/content/model-theory/models-of-arithmetic/models-of-pa.tex","1aedec586a50a24471318214a8a7d0e8f3a3caa62733e2259c951efe927873a4","60","67","2298","2685","translation/content/model-theory/models-of-arithmetic/models-of-pa.tex","0a7223dbf6de9f1394fd25ee9fa12f4429f158cdda0a1e2d71f2043dc080aca2","64","77","3883","5197","pending","","The cited unit is not yet integrated into the coherent full reader; no printed or assembled PDF page is guessed.","Please double-check that the unique-predecessor assertion is restricted exactly to nonzero elements."
"te-Telu-IN-OLTEMODARI-011","te-Telu-IN-OLTEMODARI-011-OCC-001","source_correction","contemporaneous","normal","high","false","OLTEMODARI-011: confirmed undefined addition notation","replaced three unrelated opulus symbols by the defined model-addition nsplus; adjacent sourcecorrection discloses the repair","te-Telu-IN","Telu","IN","standard formal Telugu","international logical and mathematical notation with Arabic decimal digits and Latin metavariables","OLP-0196","OLP-0196-B032","upstream/content/model-theory/models-of-arithmetic/models-of-pa.tex","1aedec586a50a24471318214a8a7d0e8f3a3caa62733e2259c951efe927873a4","215","220","8264","8468","translation/content/model-theory/models-of-arithmetic/models-of-pa.tex","0a7223dbf6de9f1394fd25ee9fa12f4429f158cdda0a1e2d71f2043dc080aca2","235","239","14154","14472","pending","","The cited unit is not yet integrated into the coherent full reader; no printed or assembled PDF page is guessed.","Please double-check that all three averages use the chapter’s defined model-addition symbol nsplus rather than the unrelated opulus."
"te-Telu-IN-OLTEMODARI-011","te-Telu-IN-OLTEMODARI-011-OCC-002","source_correction","contemporaneous","normal","high","false","OLTEMODARI-011: confirmed undefined addition notation","replaced three unrelated opulus symbols by the defined model-addition nsplus; adjacent sourcecorrection discloses the repair","te-Telu-IN","Telu","IN","standard formal Telugu","international logical and mathematical notation with Arabic decimal digits and Latin metavariables","OLP-0196","OLP-0196-B033","upstream/content/model-theory/models-of-arithmetic/models-of-pa.tex","1aedec586a50a24471318214a8a7d0e8f3a3caa62733e2259c951efe927873a4","222","228","8469","8791","translation/content/model-theory/models-of-arithmetic/models-of-pa.tex","0a7223dbf6de9f1394fd25ee9fa12f4429f158cdda0a1e2d71f2043dc080aca2","241","251","14473","15377","pending","","The cited unit is not yet integrated into the coherent full reader; no printed or assembled PDF page is guessed.","Please double-check that all three averages use the chapter’s defined model-addition symbol nsplus rather than the unrelated opulus."
"te-Telu-IN-OLTEMODARI-012","te-Telu-IN-OLTEMODARI-012-OCC-001","source_correction","contemporaneous","normal","high","false","OLTEMODARI-012: confirmed unrestricted countability claim","made denumerability conditional on the model being countable while retaining density and endpointlessness generally; adjacent sourcecorrection discloses the repair","te-Telu-IN","Telu","IN","standard formal Telugu","international logical and mathematical notation with Arabic decimal digits and Latin metavariables","OLP-0196","OLP-0196-B035","upstream/content/model-theory/models-of-arithmetic/models-of-pa.tex","1aedec586a50a24471318214a8a7d0e8f3a3caa62733e2259c951efe927873a4","238","258","9064","10458","translation/content/model-theory/models-of-arithmetic/models-of-pa.tex","0a7223dbf6de9f1394fd25ee9fa12f4429f158cdda0a1e2d71f2043dc080aca2","261","293","15813","19814","pending","","The cited unit is not yet integrated into the coherent full reader; no printed or assembled PDF page is guessed.","Please double-check that density and endpointlessness remain general while denumerability is conditional on a countable model."
"te-Telu-IN-OLTEMODARI-013","te-Telu-IN-OLTEMODARI-013-OCC-001","source_correction","contemporaneous","normal","high","false","OLTEMODARI-013: confirmed wrong set builder variable","constrained x, the ordered pair's first component, rather than unrelated n; adjacent sourcecorrection discloses the repair","te-Telu-IN","Telu","IN","standard formal Telugu","international logical and mathematical notation with Arabic decimal digits and Latin metavariables","OLP-0197","OLP-0197-B008","upstream/content/model-theory/models-of-arithmetic/computable-models.tex","f1c4b345068d3e682305016ad13ac443c498c95d0cae14dca0c07322ca970b89","42","67","1750","2505","translation/content/model-theory/models-of-arithmetic/computable-models.tex","3226bf84c4d0cde20a3a52bd0ca2a4d7c075acb51354eb66f683eea7a8ea5e87","46","91","3567","6871","pending","","The cited unit is not yet integrated into the coherent full reader; no printed or assembled PDF page is guessed.","Please double-check that the final set builder constrains x, the ordered pair’s first component, rather than unrelated n."
"te-Telu-IN-OLTEMODARI-014","te-Telu-IN-OLTEMODARI-014-OCC-001","source_correction","contemporaneous","normal","high","false","OLTEMODARI-014: confirmed literal uniqueness overstatement","stated that every computable PA model is standard and hence isomorphic to N; adjacent sourcecorrection discloses the repair","te-Telu-IN","Telu","IN","standard formal Telugu","international logical and mathematical notation with Arabic decimal digits and Latin metavariables","OLP-0197","OLP-0197-B013","upstream/content/model-theory/models-of-arithmetic/computable-models.tex","f1c4b345068d3e682305016ad13ac443c498c95d0cae14dca0c07322ca970b89","119","121","4518","4618","translation/content/model-theory/models-of-arithmetic/computable-models.tex","3226bf84c4d0cde20a3a52bd0ca2a4d7c075acb51354eb66f683eea7a8ea5e87","135","144","9678","10804","pending","","The cited unit is not yet integrated into the coherent full reader; no printed or assembled PDF page is guessed.","Please double-check that Tennenbaum’s theorem rules out computable non-standard PA models and states uniqueness only up to isomorphism."
"te-Telu-IN-OLTEMODARI-015","te-Telu-IN-OLTEMODARI-015-OCC-001","source_correction","contemporaneous","normal","high","false","OLTEMODARI-015: confirmed nonbijective transport map","used g(n)=n-1 for n>0, the bijection that yields the displayed transported operations; adjacent sourcecorrection discloses the repair","te-Telu-IN","Telu","IN","standard formal Telugu","international logical and mathematical notation with Arabic decimal digits and Latin metavariables","OLP-0197","OLP-0197-B008","upstream/content/model-theory/models-of-arithmetic/computable-models.tex","f1c4b345068d3e682305016ad13ac443c498c95d0cae14dca0c07322ca970b89","68","75","2505","2978","translation/content/model-theory/models-of-arithmetic/computable-models.tex","3226bf84c4d0cde20a3a52bd0ca2a4d7c075acb51354eb66f683eea7a8ea5e87","46","91","3567","6871","pending","","The cited unit is not yet integrated into the coherent full reader; no printed or assembled PDF page is guessed.","Please double-check that g(n)=n-1 for n>0 is bijective onto N union {a} and yields the displayed transported operations."
"te-Telu-IN-OLTEMODARI-015","te-Telu-IN-OLTEMODARI-015-OCC-002","source_correction","contemporaneous","normal","high","false","OLTEMODARI-015: confirmed nonbijective transport map","used g(n)=n-1 for n>0, the bijection that yields the displayed transported operations; adjacent sourcecorrection discloses the repair","te-Telu-IN","Telu","IN","standard formal Telugu","international logical and mathematical notation with Arabic decimal digits and Latin metavariables","OLP-0197","OLP-0197-B009","upstream/content/model-theory/models-of-arithmetic/computable-models.tex","f1c4b345068d3e682305016ad13ac443c498c95d0cae14dca0c07322ca970b89","77","98","2979","3820","translation/content/model-theory/models-of-arithmetic/computable-models.tex","3226bf84c4d0cde20a3a52bd0ca2a4d7c075acb51354eb66f683eea7a8ea5e87","93","114","6872","8473","pending","","The cited unit is not yet integrated into the coherent full reader; no printed or assembled PDF page is guessed.","Please double-check that g(n)=n-1 for n>0 is bijective onto N union {a} and yields the displayed transported operations."
"te-Telu-IN-OLTEMODINT-001","te-Telu-IN-OLTEMODINT-001-OCC-001","source_correction","contemporaneous","normal","high","false","OLTEMODINT-001: confirmed undefined formula symbol","restored H, the conjunction defined immediately before, in place of undefined delta; adjacent sourcecorrection discloses the repair","te-Telu-IN","Telu","IN","standard formal Telugu","international logical and mathematical notation with Arabic decimal digits and Latin metavariables","OLP-0200","OLP-0200-B010","upstream/content/model-theory/interpolation/separation.tex","169acacd363892790848d7a4c51119a3f123f6e997e137f584fe88eea1062a6d","72","81","2994","3451","translation/content/model-theory/interpolation/separation.tex","f7056cc7467bb50215f027cb5bf921855add1d6bee5a11eac748d7c0b760978c","74","94","4990","6432","pending","","The cited unit is not yet integrated into the coherent full reader; no printed or assembled PDF page is guessed.","Please double-check that the first separation proof restores H, the conjunction defined immediately above, rather than retaining the undefined delta."
"te-Telu-IN-OLTEMODINT-002","te-Telu-IN-OLTEMODINT-002-OCC-001","source_correction","contemporaneous","normal","high","false","OLTEMODINT-002: confirmed malformed quantifier call","placed S in the existential macro's standard optional argument; adjacent sourcecorrection discloses the repair","te-Telu-IN","Telu","IN","standard formal Telugu","international logical and mathematical notation with Arabic decimal digits and Latin metavariables","OLP-0200","OLP-0200-B012","upstream/content/model-theory/interpolation/separation.tex","169acacd363892790848d7a4c51119a3f123f6e997e137f584fe88eea1062a6d","92","96","3759","4000","translation/content/model-theory/interpolation/separation.tex","f7056cc7467bb50215f027cb5bf921855add1d6bee5a11eac748d7c0b760978c","104","114","6896","7930","pending","","The cited unit is not yet integrated into the coherent full reader; no printed or assembled PDF page is guessed.","Please double-check that the existential macro places S in the same optional formula argument used by every adjacent occurrence."
"te-Telu-IN-OLTEMODINT-003","te-Telu-IN-OLTEMODINT-003-OCC-001","source_correction","contemporaneous","normal","high","false","OLTEMODINT-003: confirmed wrong enumeration languages","enumerated all sentences of the expanded languages required by the later maximality argument; adjacent sourcecorrection discloses the repair","te-Telu-IN","Telu","IN","standard formal Telugu","international logical and mathematical notation with Arabic decimal digits and Latin metavariables","OLP-0201","OLP-0201-B010","upstream/content/model-theory/interpolation/interpolation-proof.tex","702a67f4ca1d4cc9f9e7de64621e6a73a9fdda40c8976d452493a98e2d87a931","39","47","1380","1918","translation/content/model-theory/interpolation/interpolation-proof.tex","d6de2eb462bf1eecc24e8c6375ba987d552c8e85fc16cd51eca7f0f3a0243989","41","54","2460","3852","pending","","The cited unit is not yet integrated into the coherent full reader; no printed or assembled PDF page is guessed.","Please double-check that the maximal-pair construction enumerates sentences of the expanded languages L-prime-1 and L-prime-2."
"te-Telu-IN-OLTEMODINT-004","te-Telu-IN-OLTEMODINT-004-OCC-001","source_correction","contemporaneous","normal","high","false","OLTEMODINT-004: confirmed missing expanded language interpretations","retained the shared Henkin constants when evaluating the expanded theories, then took the intended original-language reduct; adjacent sourcecorrection discloses the repair","te-Telu-IN","Telu","IN","standard formal Telugu","international logical and mathematical notation with Arabic decimal digits and Latin metavariables","OLP-0201","OLP-0201-B016","upstream/content/model-theory/interpolation/interpolation-proof.tex","702a67f4ca1d4cc9f9e7de64621e6a73a9fdda40c8976d452493a98e2d87a931","165","181","7959","8822","translation/content/model-theory/interpolation/interpolation-proof.tex","d6de2eb462bf1eecc24e8c6375ba987d552c8e85fc16cd51eca7f0f3a0243989","197","231","15891","19172","pending","","The cited unit is not yet integrated into the coherent full reader; no printed or assembled PDF page is guessed.","Please double-check that the amalgamated model retains the shared new-constant interpretations while Gamma-star and Delta-star are evaluated, before taking the original-language reduct."
"te-Telu-IN-OLTEMODINT-004","te-Telu-IN-OLTEMODINT-004-OCC-002","source_correction","contemporaneous","normal","high","false","OLTEMODINT-004: confirmed missing expanded language interpretations","retained the shared Henkin constants when evaluating the expanded theories, then took the intended original-language reduct; adjacent sourcecorrection discloses the repair","te-Telu-IN","Telu","IN","standard formal Telugu","international logical and mathematical notation with Arabic decimal digits and Latin metavariables","OLP-0201","OLP-0201-B017","upstream/content/model-theory/interpolation/interpolation-proof.tex","702a67f4ca1d4cc9f9e7de64621e6a73a9fdda40c8976d452493a98e2d87a931","183","189","8823","9235","translation/content/model-theory/interpolation/interpolation-proof.tex","d6de2eb462bf1eecc24e8c6375ba987d552c8e85fc16cd51eca7f0f3a0243989","233","247","19173","20796","pending","","The cited unit is not yet integrated into the coherent full reader; no printed or assembled PDF page is guessed.","Please double-check that the amalgamated model retains the shared new-constant interpretations while Gamma-star and Delta-star are evaluated, before taking the original-language reduct."
"te-Telu-IN-OLTEMODINT-005","te-Telu-IN-OLTEMODINT-005-OCC-001","source_correction","contemporaneous","normal","high","false","OLTEMODINT-005: confirmed undefined predicate interpretation","transported P's M'_1 interpretation along h rather than invoking the nonexistent M'_2 interpretation; adjacent sourcecorrection discloses the repair","te-Telu-IN","Telu","IN","standard formal Telugu","international logical and mathematical notation with Arabic decimal digits and Latin metavariables","OLP-0201","OLP-0201-B016","upstream/content/model-theory/interpolation/interpolation-proof.tex","702a67f4ca1d4cc9f9e7de64621e6a73a9fdda40c8976d452493a98e2d87a931","172","176","8300","8589","translation/content/model-theory/interpolation/interpolation-proof.tex","d6de2eb462bf1eecc24e8c6375ba987d552c8e85fc16cd51eca7f0f3a0243989","204","215","16440","17404","pending","","The cited unit is not yet integrated into the coherent full reader; no printed or assembled PDF page is guessed.","Please double-check that a predicate exclusive to L1 is transported from its M-prime-1 interpretation, which agrees with the following tuplewise clause."
"te-Telu-IN-OLTEMODINT-006","te-Telu-IN-OLTEMODINT-006-OCC-001","source_correction","contemporaneous","normal","high","false","OLTEMODINT-006: confirmed unqualified cross domain agreement claim","qualified the formula induction by transporting variable assignments along the established isomorphism; adjacent sourcecorrection discloses the repair","te-Telu-IN","Telu","IN","standard formal Telugu","international logical and mathematical notation with Arabic decimal digits and Latin metavariables","OLP-0201","OLP-0201-B017","upstream/content/model-theory/interpolation/interpolation-proof.tex","702a67f4ca1d4cc9f9e7de64621e6a73a9fdda40c8976d452493a98e2d87a931","183","189","8823","9235","translation/content/model-theory/interpolation/interpolation-proof.tex","d6de2eb462bf1eecc24e8c6375ba987d552c8e85fc16cd51eca7f0f3a0243989","232","247","19172","20796","pending","","The cited unit is not yet integrated into the coherent full reader; no printed or assembled PDF page is guessed.","Please double-check that formula satisfaction across the two domains is compared only after variable assignments are transported along h."
"te-Telu-IN-OLTEMODINT-007","te-Telu-IN-OLTEMODINT-007-OCC-001","source_correction","contemporaneous","normal","high","false","OLTEMODINT-007: confirmed missing biconditional word","restored the full if-and-only-if statement proved by the two directions; adjacent sourcecorrection discloses the repair","te-Telu-IN","Telu","IN","standard formal Telugu","international logical and mathematical notation with Arabic decimal digits and Latin metavariables","OLP-0202","OLP-0202-B010","upstream/content/model-theory/interpolation/definability.tex","9e62aced717792940ae792b2c6af8ab5a57802f60ebc911276e9065847184c29","66","69","2449","2628","translation/content/model-theory/interpolation/definability.tex","553a87a16a855e4f80b8baf38a753d947cce7f654014d89c4fc2024a73014942","72","81","4734","5673","pending","","The cited unit is not yet integrated into the coherent full reader; no printed or assembled PDF page is guessed.","Please double-check that the Beth theorem is stated as the biconditional proved by its explicit-to-implicit and implicit-to-explicit directions."
"te-Telu-IN-OLTEMODINT-008","te-Telu-IN-OLTEMODINT-008-OCC-001","source_correction","contemporaneous","normal","high","false","OLTEMODINT-008: confirmed malformed atomic formula","restored the same Atom(P') constructor used in the adjacent entailments; adjacent sourcecorrection discloses the repair","te-Telu-IN","Telu","IN","standard formal Telugu","international logical and mathematical notation with Arabic decimal digits and Latin metavariables","OLP-0202","OLP-0202-B011","upstream/content/model-theory/interpolation/definability.tex","9e62aced717792940ae792b2c6af8ab5a57802f60ebc911276e9065847184c29","92","101","3430","3937","translation/content/model-theory/interpolation/definability.tex","553a87a16a855e4f80b8baf38a753d947cce7f654014d89c4fc2024a73014942","104","115","6904","8023","pending","","The cited unit is not yet integrated into the coherent full reader; no printed or assembled PDF page is guessed.","Please double-check that the P-prime atomic formula uses the same Atom constructor as all adjacent entailments."
"te-Telu-IN-OLTEMODINT-009","te-Telu-IN-OLTEMODINT-009-OCC-001","source_correction","contemporaneous","normal","high","false","OLTEMODINT-009: confirmed incomplete recursive definition","supplied the two omitted no-addition stabilization clauses required by the immediately following induction; adjacent sourcecorrection discloses the repair","te-Telu-IN","Telu","IN","standard formal Telugu","international logical and mathematical notation with Arabic decimal digits and Latin metavariables","OLP-0201","OLP-0201-B010","upstream/content/model-theory/interpolation/interpolation-proof.tex","702a67f4ca1d4cc9f9e7de64621e6a73a9fdda40c8976d452493a98e2d87a931","39","59","1380","2617","translation/content/model-theory/interpolation/interpolation-proof.tex","d6de2eb462bf1eecc24e8c6375ba987d552c8e85fc16cd51eca7f0f3a0243989","41","81","2460","6670","pending","","The cited unit is not yet integrated into the coherent full reader; no printed or assembled PDF page is guessed.","Please double-check that both recursive sequences explicitly remain unchanged whenever their respective addition condition fails."
"te-Telu-IN-OLTEMODLIN-016","te-Telu-IN-OLTEMODLIN-016-OCC-001","source_correction","contemporaneous","normal","high","false","OLTEMODLIN-016: confirmed incomplete first order vocabulary description","expanded the ordinary first-order vocabulary to include predicate and constant symbols; adjacent sourcecorrection discloses the repair","te-Telu-IN","Telu","IN","standard formal Telugu","international logical and mathematical notation with Arabic decimal digits and Latin metavariables","OLP-0205","OLP-0205-B005","upstream/content/model-theory/lindstrom/abstract-logics.tex","5ab9d1c3b8861e71c3691c3333e5824f9467ecd5747e67edcd3b31ca3790b678","17","21","494","785","translation/content/model-theory/lindstrom/abstract-logics.tex","1014f8ee8f2d77bedcd0f250e3e6247ee78067d5ee46bf2ac46407df3a3fbdab","25","30","1482","2307","pending","","The cited unit is not yet integrated into the coherent full reader; no printed or assembled PDF page is guessed.","Please double-check that ordinary first-order sentences are described as built from all language symbols, including predicates, rather than from constants alone."
"te-Telu-IN-OLTEMODLIN-004","te-Telu-IN-OLTEMODLIN-004-OCC-001","source_correction","contemporaneous","normal","high","false","OLTEMODLIN-004: confirmed missing finite vocabulary membership","required finite-sublanguage membership for E; adjacent sourcecorrection discloses the repair","te-Telu-IN","Telu","IN","standard formal Telugu","international logical and mathematical notation with Arabic decimal digits and Latin metavariables","OLP-0205","OLP-0205-B008","upstream/content/model-theory/lindstrom/abstract-logics.tex","5ab9d1c3b8861e71c3691c3333e5824f9467ecd5747e67edcd3b31ca3790b678","55","60","2471","2859","translation/content/model-theory/lindstrom/abstract-logics.tex","1014f8ee8f2d77bedcd0f250e3e6247ee78067d5ee46bf2ac46407df3a3fbdab","69","81","5769","7338","pending","","The cited unit is not yet integrated into the coherent full reader; no printed or assembled PDF page is guessed.","Please double-check that the Expansion Property places E in L of the finite sublanguage L-prime before later proofs use that membership."
"te-Telu-IN-OLTEMODLIN-001","te-Telu-IN-OLTEMODLIN-001-OCC-001","source_correction","contemporaneous","normal","high","false","OLTEMODLIN-001: confirmed wrong renaming referent","made M-prime the renamed L-prime structure corresponding to M; adjacent sourcecorrection discloses the repair","te-Telu-IN","Telu","IN","standard formal Telugu","international logical and mathematical notation with Arabic decimal digits and Latin metavariables","OLP-0205","OLP-0205-B008","upstream/content/model-theory/lindstrom/abstract-logics.tex","5ab9d1c3b8861e71c3691c3333e5824f9467ecd5747e67edcd3b31ca3790b678","64","71","3000","3519","translation/content/model-theory/lindstrom/abstract-logics.tex","1014f8ee8f2d77bedcd0f250e3e6247ee78067d5ee46bf2ac46407df3a3fbdab","85","99","7510","9010","pending","","The cited unit is not yet integrated into the coherent full reader; no printed or assembled PDF page is guessed.","Please double-check that the renamed L-prime structure M-prime corresponds to the original structure M, rather than to the language L."
"te-Telu-IN-OLTEMODLIN-018","te-Telu-IN-OLTEMODLIN-018-OCC-001","source_correction","contemporaneous","normal","high","false","OLTEMODLIN-018: confirmed undefined atomic formula closure clause","stated the atomic-sentence base clause explicitly; adjacent sourcecorrection discloses the repair","te-Telu-IN","Telu","IN","standard formal Telugu","international logical and mathematical notation with Arabic decimal digits and Latin metavariables","OLP-0205","OLP-0205-B008","upstream/content/model-theory/lindstrom/abstract-logics.tex","5ab9d1c3b8861e71c3691c3333e5824f9467ecd5747e67edcd3b31ca3790b678","72","79","3519","3970","translation/content/model-theory/lindstrom/abstract-logics.tex","1014f8ee8f2d77bedcd0f250e3e6247ee78067d5ee46bf2ac46407df3a3fbdab","100","115","9010","11186","pending","","The cited unit is not yet integrated into the coherent full reader; no printed or assembled PDF page is guessed.","Please double-check that the Boolean Property supplies the atomic-sentence base case using constants, without presupposing semantics for open formulas."
"te-Telu-IN-OLTEMODLIN-019","te-Telu-IN-OLTEMODLIN-019-OCC-001","source_correction","contemporaneous","normal","high","false","OLTEMODLIN-019: confirmed wrong quantified sentence language","placed the quantified result F in the reduced language L-prime; adjacent sourcecorrection discloses the repair","te-Telu-IN","Telu","IN","standard formal Telugu","international logical and mathematical notation with Arabic decimal digits and Latin metavariables","OLP-0205","OLP-0205-B008","upstream/content/model-theory/lindstrom/abstract-logics.tex","5ab9d1c3b8861e71c3691c3333e5824f9467ecd5747e67edcd3b31ca3790b678","80","89","3970","4372","translation/content/model-theory/lindstrom/abstract-logics.tex","1014f8ee8f2d77bedcd0f250e3e6247ee78067d5ee46bf2ac46407df3a3fbdab","116","129","11186","12377","pending","","The cited unit is not yet integrated into the coherent full reader; no printed or assembled PDF page is guessed.","Please double-check that binding and removing c places the resulting sentence F in L of the reduced language L-prime."
"te-Telu-IN-OLTEMODLIN-002","te-Telu-IN-OLTEMODLIN-002-OCC-001","source_correction","contemporaneous","normal","high","false","OLTEMODLIN-002: confirmed undefined relation interpretation","defined the relativized fibre with X, the supplied interpretation of R; adjacent sourcecorrection discloses the repair","te-Telu-IN","Telu","IN","standard formal Telugu","international logical and mathematical notation with Arabic decimal digits and Latin metavariables","OLP-0205","OLP-0205-B008","upstream/content/model-theory/lindstrom/abstract-logics.tex","5ab9d1c3b8861e71c3691c3333e5824f9467ecd5747e67edcd3b31ca3790b678","90","104","4372","5199","translation/content/model-theory/lindstrom/abstract-logics.tex","1014f8ee8f2d77bedcd0f250e3e6247ee78067d5ee46bf2ac46407df3a3fbdab","130","150","12377","14335","pending","","The cited unit is not yet integrated into the coherent full reader; no printed or assembled PDF page is guessed.","Please double-check that the relativized domain uses X, the supplied interpretation of the fresh predicate R, instead of the undefined interpretation of R in the original structure."
"te-Telu-IN-OLTEMODLIN-003","te-Telu-IN-OLTEMODLIN-003-OCC-001","source_correction","contemporaneous","normal","high","false","OLTEMODLIN-003: confirmed missing relativized domain admissibility","required a nonempty fibre closed under original constant interpretations; adjacent sourcecorrection discloses the repair","te-Telu-IN","Telu","IN","standard formal Telugu","international logical and mathematical notation with Arabic decimal digits and Latin metavariables","OLP-0205","OLP-0205-B008","upstream/content/model-theory/lindstrom/abstract-logics.tex","5ab9d1c3b8861e71c3691c3333e5824f9467ecd5747e67edcd3b31ca3790b678","90","104","4372","5199","translation/content/model-theory/lindstrom/abstract-logics.tex","1014f8ee8f2d77bedcd0f250e3e6247ee78067d5ee46bf2ac46407df3a3fbdab","151","160","14335","15573","pending","","The cited unit is not yet integrated into the coherent full reader; no printed or assembled PDF page is guessed.","Please double-check that relativization is restricted to a nonempty fibre containing every original constant interpretation, exactly as required for an induced substructure."
"te-Telu-IN-OLTEMODLIN-017","te-Telu-IN-OLTEMODLIN-017-OCC-001","source_correction","contemporaneous","normal","high","false","OLTEMODLIN-017: confirmed mismatched concatenation predicate symbols","used one shared P,Q pair for both coded structures; adjacent sourcecorrection discloses the repair","te-Telu-IN","Telu","IN","standard formal Telugu","international logical and mathematical notation with Arabic decimal digits and Latin metavariables","OLP-0206","OLP-0206-B012","upstream/content/model-theory/lindstrom/ls-property.tex","ea41d7c2886da3b341c6a216f369f5c55f33978d330a0ddaf305fd6c409511b5","68","72","2873","3191","translation/content/model-theory/lindstrom/ls-property.tex","78c7209322f7b3512b459d253dd47df908964e7f6d84ac3e9236596542a7c48f","61","77","4328","6035","pending","","The cited unit is not yet integrated into the coherent full reader; no printed or assembled PDF page is guessed.","Please double-check that both coded sequence structures interpret the same fresh predicate symbols P and Q, so the ambient comparison has one vocabulary."
"te-Telu-IN-OLTEMODLIN-017","te-Telu-IN-OLTEMODLIN-017-OCC-002","source_correction","contemporaneous","normal","high","false","OLTEMODLIN-017: confirmed mismatched concatenation predicate symbols","used one shared P,Q pair for both coded structures; adjacent sourcecorrection discloses the repair","te-Telu-IN","Telu","IN","standard formal Telugu","international logical and mathematical notation with Arabic decimal digits and Latin metavariables","OLP-0206","OLP-0206-B013","upstream/content/model-theory/lindstrom/ls-property.tex","ea41d7c2886da3b341c6a216f369f5c55f33978d330a0ddaf305fd6c409511b5","74","86","3192","3962","translation/content/model-theory/lindstrom/ls-property.tex","78c7209322f7b3512b459d253dd47df908964e7f6d84ac3e9236596542a7c48f","79","127","6036","11867","pending","","The cited unit is not yet integrated into the coherent full reader; no printed or assembled PDF page is guessed.","Please double-check that both coded sequence structures interpret the same fresh predicate symbols P and Q, so the ambient comparison has one vocabulary."
"te-Telu-IN-OLTEMODLIN-021","te-Telu-IN-OLTEMODLIN-021-OCC-001","source_correction","contemporaneous","normal","high","false","OLTEMODLIN-021: confirmed unprepared sort union","prepared disjoint tagged element and sequence sorts before coding; adjacent sourcecorrection discloses the repair","te-Telu-IN","Telu","IN","standard formal Telugu","international logical and mathematical notation with Arabic decimal digits and Latin metavariables","OLP-0206","OLP-0206-B012","upstream/content/model-theory/lindstrom/ls-property.tex","ea41d7c2886da3b341c6a216f369f5c55f33978d330a0ddaf305fd6c409511b5","59","72","2249","3191","translation/content/model-theory/lindstrom/ls-property.tex","78c7209322f7b3512b459d253dd47df908964e7f6d84ac3e9236596542a7c48f","61","77","4328","6035","pending","","The cited unit is not yet integrated into the coherent full reader; no printed or assembled PDF page is guessed.","Please double-check that the element and finite-sequence domains are prepared as tagged disjoint sorts before their union is used."
"te-Telu-IN-OLTEMODLIN-021","te-Telu-IN-OLTEMODLIN-021-OCC-002","source_correction","contemporaneous","normal","high","false","OLTEMODLIN-021: confirmed unprepared sort union","prepared disjoint tagged element and sequence sorts before coding; adjacent sourcecorrection discloses the repair","te-Telu-IN","Telu","IN","standard formal Telugu","international logical and mathematical notation with Arabic decimal digits and Latin metavariables","OLP-0206","OLP-0206-B013","upstream/content/model-theory/lindstrom/ls-property.tex","ea41d7c2886da3b341c6a216f369f5c55f33978d330a0ddaf305fd6c409511b5","74","86","3192","3962","translation/content/model-theory/lindstrom/ls-property.tex","78c7209322f7b3512b459d253dd47df908964e7f6d84ac3e9236596542a7c48f","79","127","6036","11867","pending","","The cited unit is not yet integrated into the coherent full reader; no printed or assembled PDF page is guessed.","Please double-check that the element and finite-sequence domains are prepared as tagged disjoint sorts before their union is used."
"te-Telu-IN-OLTEMODLIN-005","te-Telu-IN-OLTEMODLIN-005-OCC-001","source_correction","contemporaneous","normal","high","false","OLTEMODLIN-005: confirmed misdescribed partial isomorphism code","coded membership of the coordinate map in the chosen partial-isomorphism family; adjacent sourcecorrection discloses the repair","te-Telu-IN","Telu","IN","standard formal Telugu","international logical and mathematical notation with Arabic decimal digits and Latin metavariables","OLP-0206","OLP-0206-B013","upstream/content/model-theory/lindstrom/ls-property.tex","ea41d7c2886da3b341c6a216f369f5c55f33978d330a0ddaf305fd6c409511b5","74","80","3192","3628","translation/content/model-theory/lindstrom/ls-property.tex","78c7209322f7b3512b459d253dd47df908964e7f6d84ac3e9236596542a7c48f","98","108","8524","9902","pending","","The cited unit is not yet integrated into the coherent full reader; no printed or assembled PDF page is guessed.","Please double-check that I codes membership of the coordinate map sending each a_i to b_i in the chosen partial-isomorphism family."
"te-Telu-IN-OLTEMODLIN-006","te-Telu-IN-OLTEMODLIN-006-OCC-001","source_correction","contemporaneous","normal","high","false","OLTEMODLIN-006: confirmed structure symbol collision and malformed star","renamed the ambient coding structure K and model K-zero and repaired starred domains; adjacent sourcecorrection discloses the repair","te-Telu-IN","Telu","IN","standard formal Telugu","international logical and mathematical notation with Arabic decimal digits and Latin metavariables","OLP-0206","OLP-0206-B013","upstream/content/model-theory/lindstrom/ls-property.tex","ea41d7c2886da3b341c6a216f369f5c55f33978d330a0ddaf305fd6c409511b5","80","86","3562","3962","translation/content/model-theory/lindstrom/ls-property.tex","78c7209322f7b3512b459d253dd47df908964e7f6d84ac3e9236596542a7c48f","79","127","6036","11867","pending","","The cited unit is not yet integrated into the coherent full reader; no printed or assembled PDF page is guessed.","Please double-check that K and K-zero name the ambient coding structure and its countable model, and that both starred domains use well-formed subscripts."
"te-Telu-IN-OLTEMODLIN-006","te-Telu-IN-OLTEMODLIN-006-OCC-002","source_correction","contemporaneous","normal","high","false","OLTEMODLIN-006: confirmed structure symbol collision and malformed star","renamed the ambient coding structure K and model K-zero and repaired starred domains; adjacent sourcecorrection discloses the repair","te-Telu-IN","Telu","IN","standard formal Telugu","international logical and mathematical notation with Arabic decimal digits and Latin metavariables","OLP-0206","OLP-0206-B014","upstream/content/model-theory/lindstrom/ls-property.tex","ea41d7c2886da3b341c6a216f369f5c55f33978d330a0ddaf305fd6c409511b5","88","107","3963","4757","translation/content/model-theory/lindstrom/ls-property.tex","78c7209322f7b3512b459d253dd47df908964e7f6d84ac3e9236596542a7c48f","129","148","11868","12725","pending","","The cited unit is not yet integrated into the coherent full reader; no printed or assembled PDF page is guessed.","Please double-check that K and K-zero name the ambient coding structure and its countable model, and that both starred domains use well-formed subscripts."
"te-Telu-IN-OLTEMODLIN-006","te-Telu-IN-OLTEMODLIN-006-OCC-003","source_correction","contemporaneous","normal","high","false","OLTEMODLIN-006: confirmed structure symbol collision and malformed star","renamed the ambient coding structure K and model K-zero and repaired starred domains; adjacent sourcecorrection discloses the repair","te-Telu-IN","Telu","IN","standard formal Telugu","international logical and mathematical notation with Arabic decimal digits and Latin metavariables","OLP-0206","OLP-0206-B015","upstream/content/model-theory/lindstrom/ls-property.tex","ea41d7c2886da3b341c6a216f369f5c55f33978d330a0ddaf305fd6c409511b5","109","118","4758","5431","translation/content/model-theory/lindstrom/ls-property.tex","78c7209322f7b3512b459d253dd47df908964e7f6d84ac3e9236596542a7c48f","150","172","12726","15349","pending","","The cited unit is not yet integrated into the coherent full reader; no printed or assembled PDF page is guessed.","Please double-check that K and K-zero name the ambient coding structure and its countable model, and that both starred domains use well-formed subscripts."
"te-Telu-IN-OLTEMODLIN-007","te-Telu-IN-OLTEMODLIN-007-OCC-001","source_correction","contemporaneous","normal","high","false","OLTEMODLIN-007: confirmed wrong sentence classification","classified D-one as an abstract L-sentence and D-two as first-order; adjacent sourcecorrection discloses the repair","te-Telu-IN","Telu","IN","standard formal Telugu","international logical and mathematical notation with Arabic decimal digits and Latin metavariables","OLP-0206","OLP-0206-B015","upstream/content/model-theory/lindstrom/ls-property.tex","ea41d7c2886da3b341c6a216f369f5c55f33978d330a0ddaf305fd6c409511b5","109","116","4758","5295","translation/content/model-theory/lindstrom/ls-property.tex","78c7209322f7b3512b459d253dd47df908964e7f6d84ac3e9236596542a7c48f","149","160","12725","14093","pending","","The cited unit is not yet integrated into the coherent full reader; no printed or assembled PDF page is guessed.","Please double-check that D-one is an abstract L-sentence obtained by relativization and Boolean closure, while D-two alone is first-order."
"te-Telu-IN-OLTEMODLIN-008","te-Telu-IN-OLTEMODLIN-008-OCC-001","source_correction","contemporaneous","normal","high","false","OLTEMODLIN-008: confirmed missing lemma normality hypothesis","added normality to the finite-rank lemma hypothesis; adjacent sourcecorrection discloses the repair","te-Telu-IN","Telu","IN","standard formal Telugu","international logical and mathematical notation with Arabic decimal digits and Latin metavariables","OLP-0207","OLP-0207-B006","upstream/content/model-theory/lindstrom/lindstrom-proof.tex","a9de6ae6e6dd2ec2db64e9c7d3afad37a695896af57d50a64f003f958db499d9","13","21","217","652","translation/content/model-theory/lindstrom/lindstrom-proof.tex","c3ee6421f777b5c1c9e66f6037e95da4c02f88f7cea8c9660b98e8689a2c3817","15","26","302","1719","pending","","The cited unit is not yet integrated into the coherent full reader; no printed or assembled PDF page is guessed.","Please double-check that the finite-rank lemma explicitly assumes a normal abstract logic, as required to treat its first-order D inside L."
"te-Telu-IN-OLTEMODLIN-009","te-Telu-IN-OLTEMODLIN-009-OCC-001","source_correction","contemporaneous","normal","high","false","OLTEMODLIN-009: confirmed bound formula symbol collision","used A for the bounded first-order sentence variable; adjacent sourcecorrection discloses the repair","te-Telu-IN","Telu","IN","standard formal Telugu","international logical and mathematical notation with Arabic decimal digits and Latin metavariables","OLP-0207","OLP-0207-B007","upstream/content/model-theory/lindstrom/lindstrom-proof.tex","a9de6ae6e6dd2ec2db64e9c7d3afad37a695896af57d50a64f003f958db499d9","24","36","663","1444","translation/content/model-theory/lindstrom/lindstrom-proof.tex","c3ee6421f777b5c1c9e66f6037e95da4c02f88f7cea8c9660b98e8689a2c3817","30","46","1744","3612","pending","","The cited unit is not yet integrated into the coherent full reader; no printed or assembled PDF page is guessed.","Please double-check that A, rather than the abstract sentence E, ranges over bounded-rank first-order sentences in the finite conjunction."
"te-Telu-IN-OLTEMODLIN-020","te-Telu-IN-OLTEMODLIN-020-OCC-001","source_correction","contemporaneous","normal","high","false","OLTEMODLIN-020: confirmed improper infinite conjunction and disjunction","selected finite representatives for the Boolean constructions; adjacent sourcecorrection discloses the repair","te-Telu-IN","Telu","IN","standard formal Telugu","international logical and mathematical notation with Arabic decimal digits and Latin metavariables","OLP-0207","OLP-0207-B007","upstream/content/model-theory/lindstrom/lindstrom-proof.tex","a9de6ae6e6dd2ec2db64e9c7d3afad37a695896af57d50a64f003f958db499d9","24","36","663","1444","translation/content/model-theory/lindstrom/lindstrom-proof.tex","c3ee6421f777b5c1c9e66f6037e95da4c02f88f7cea8c9660b98e8689a2c3817","47","55","3612","4721","pending","","The cited unit is not yet integrated into the coherent full reader; no printed or assembled PDF page is guessed.","Please double-check that the conjunctions and disjunction use one representative from each of finitely many equivalence classes, so they are genuine finite first-order formulas."
"te-Telu-IN-OLTEMODLIN-010","te-Telu-IN-OLTEMODLIN-010-OCC-001","source_correction","contemporaneous","normal","high","false","OLTEMODLIN-010: confirmed malformed structure subscripts","repaired both D-N subscripts; adjacent sourcecorrection discloses the repair","te-Telu-IN","Telu","IN","standard formal Telugu","international logical and mathematical notation with Arabic decimal digits and Latin metavariables","OLP-0207","OLP-0207-B008","upstream/content/model-theory/lindstrom/lindstrom-proof.tex","a9de6ae6e6dd2ec2db64e9c7d3afad37a695896af57d50a64f003f958db499d9","38","44","1445","1856","translation/content/model-theory/lindstrom/lindstrom-proof.tex","c3ee6421f777b5c1c9e66f6037e95da4c02f88f7cea8c9660b98e8689a2c3817","57","68","4863","5812","pending","","The cited unit is not yet integrated into the coherent full reader; no printed or assembled PDF page is guessed.","Please double-check that both occurrences of D sub N enclose the full structure symbol N in the subscript."
"te-Telu-IN-OLTEMODLIN-011","te-Telu-IN-OLTEMODLIN-011-OCC-001","source_correction","contemporaneous","normal","high","false","OLTEMODLIN-011: confirmed missing theorem normality hypothesis","added normality to the Lindstrom theorem hypothesis; adjacent sourcecorrection discloses the repair","te-Telu-IN","Telu","IN","standard formal Telugu","international logical and mathematical notation with Arabic decimal digits and Latin metavariables","OLP-0207","OLP-0207-B009","upstream/content/model-theory/lindstrom/lindstrom-proof.tex","a9de6ae6e6dd2ec2db64e9c7d3afad37a695896af57d50a64f003f958db499d9","47","52","1869","2152","translation/content/model-theory/lindstrom/lindstrom-proof.tex","c3ee6421f777b5c1c9e66f6037e95da4c02f88f7cea8c9660b98e8689a2c3817","72","81","5876","7095","pending","","The cited unit is not yet integrated into the coherent full reader; no printed or assembled PDF page is guessed.","Please double-check that the Lindström theorem explicitly assumes normality in addition to compactness and the Löwenheim--Skolem property."
"te-Telu-IN-OLTEMODLIN-022","te-Telu-IN-OLTEMODLIN-022-OCC-001","source_correction","contemporaneous","normal","high","false","OLTEMODLIN-022: confirmed wrong empty sequence notation","restored emptyseq notation for the empty sequence; adjacent sourcecorrection discloses the repair","te-Telu-IN","Telu","IN","standard formal Telugu","international logical and mathematical notation with Arabic decimal digits and Latin metavariables","OLP-0207","OLP-0207-B010","upstream/content/model-theory/lindstrom/lindstrom-proof.tex","a9de6ae6e6dd2ec2db64e9c7d3afad37a695896af57d50a64f003f958db499d9","61","64","2564","2811","translation/content/model-theory/lindstrom/lindstrom-proof.tex","c3ee6421f777b5c1c9e66f6037e95da4c02f88f7cea8c9660b98e8689a2c3817","85","100","7163","8741","pending","","The cited unit is not yet integrated into the coherent full reader; no printed or assembled PDF page is guessed.","Please double-check that both base-tuple occurrences use the chapter’s empty-sequence notation emptyseq rather than the empty-set notation emptyset."
"te-Telu-IN-OLTEMODLIN-022","te-Telu-IN-OLTEMODLIN-022-OCC-002","source_correction","contemporaneous","normal","high","false","OLTEMODLIN-022: confirmed wrong empty sequence notation","restored emptyseq notation for the empty sequence; adjacent sourcecorrection discloses the repair","te-Telu-IN","Telu","IN","standard formal Telugu","international logical and mathematical notation with Arabic decimal digits and Latin metavariables","OLP-0207","OLP-0207-B011","upstream/content/model-theory/lindstrom/lindstrom-proof.tex","a9de6ae6e6dd2ec2db64e9c7d3afad37a695896af57d50a64f003f958db499d9","66","69","2812","3079","translation/content/model-theory/lindstrom/lindstrom-proof.tex","c3ee6421f777b5c1c9e66f6037e95da4c02f88f7cea8c9660b98e8689a2c3817","102","131","8742","12497","pending","","The cited unit is not yet integrated into the coherent full reader; no printed or assembled PDF page is guessed.","Please double-check that both base-tuple occurrences use the chapter’s empty-sequence notation emptyseq rather than the empty-set notation emptyset."
"te-Telu-IN-OLTEMODLIN-012","te-Telu-IN-OLTEMODLIN-012-OCC-001","source_correction","contemporaneous","normal","high","false","OLTEMODLIN-012: confirmed unjustified structure unions","made the compatible-copy, rank-preserving reindexing, and tagged-sort preparations explicit; adjacent sourcecorrection discloses the repair","te-Telu-IN","Telu","IN","standard formal Telugu","international logical and mathematical notation with Arabic decimal digits and Latin metavariables","OLP-0207","OLP-0207-B011","upstream/content/model-theory/lindstrom/lindstrom-proof.tex","a9de6ae6e6dd2ec2db64e9c7d3afad37a695896af57d50a64f003f958db499d9","66","80","2812","3786","translation/content/model-theory/lindstrom/lindstrom-proof.tex","c3ee6421f777b5c1c9e66f6037e95da4c02f88f7cea8c9660b98e8689a2c3817","102","131","8742","12497","pending","","The cited unit is not yet integrated into the coherent full reader; no printed or assembled PDF page is guessed.","Please double-check that the subsequence is reindexed rank-preservingly and that compatible copies and tagged disjoint sorts make the stated unions well defined."
"te-Telu-IN-OLTEMODLIN-012","te-Telu-IN-OLTEMODLIN-012-OCC-002","source_correction","contemporaneous","normal","high","false","OLTEMODLIN-012: confirmed unjustified structure unions","made the compatible-copy, rank-preserving reindexing, and tagged-sort preparations explicit; adjacent sourcecorrection discloses the repair","te-Telu-IN","Telu","IN","standard formal Telugu","international logical and mathematical notation with Arabic decimal digits and Latin metavariables","OLP-0207","OLP-0207-B012","upstream/content/model-theory/lindstrom/lindstrom-proof.tex","a9de6ae6e6dd2ec2db64e9c7d3afad37a695896af57d50a64f003f958db499d9","82","95","3787","4595","translation/content/model-theory/lindstrom/lindstrom-proof.tex","c3ee6421f777b5c1c9e66f6037e95da4c02f88f7cea8c9660b98e8689a2c3817","133","152","12498","14274","pending","","The cited unit is not yet integrated into the coherent full reader; no printed or assembled PDF page is guessed.","Please double-check that the subsequence is reindexed rank-preservingly and that compatible copies and tagged disjoint sorts make the stated unions well defined."
"te-Telu-IN-OLTEMODLIN-013","te-Telu-IN-OLTEMODLIN-013-OCC-001","source_correction","contemporaneous","normal","high","false","OLTEMODLIN-013: confirmed ambient structure symbol collision","separated the ambient K and compactness model K-star from the side structures; adjacent sourcecorrection discloses the repair","te-Telu-IN","Telu","IN","standard formal Telugu","international logical and mathematical notation with Arabic decimal digits and Latin metavariables","OLP-0207","OLP-0207-B012","upstream/content/model-theory/lindstrom/lindstrom-proof.tex","a9de6ae6e6dd2ec2db64e9c7d3afad37a695896af57d50a64f003f958db499d9","82","98","3787","4751","translation/content/model-theory/lindstrom/lindstrom-proof.tex","c3ee6421f777b5c1c9e66f6037e95da4c02f88f7cea8c9660b98e8689a2c3817","133","152","12498","14274","pending","","The cited unit is not yet integrated into the coherent full reader; no printed or assembled PDF page is guessed.","Please double-check that K names the ambient structure and K-star its compactness model, without colliding with the previously constructed M-star side structure."
"te-Telu-IN-OLTEMODLIN-013","te-Telu-IN-OLTEMODLIN-013-OCC-002","source_correction","contemporaneous","normal","high","false","OLTEMODLIN-013: confirmed ambient structure symbol collision","separated the ambient K and compactness model K-star from the side structures; adjacent sourcecorrection discloses the repair","te-Telu-IN","Telu","IN","standard formal Telugu","international logical and mathematical notation with Arabic decimal digits and Latin metavariables","OLP-0207","OLP-0207-B013","upstream/content/model-theory/lindstrom/lindstrom-proof.tex","a9de6ae6e6dd2ec2db64e9c7d3afad37a695896af57d50a64f003f958db499d9","100","105","4752","5117","translation/content/model-theory/lindstrom/lindstrom-proof.tex","c3ee6421f777b5c1c9e66f6037e95da4c02f88f7cea8c9660b98e8689a2c3817","154","171","14275","16194","pending","","The cited unit is not yet integrated into the coherent full reader; no printed or assembled PDF page is guessed.","Please double-check that K names the ambient structure and K-star its compactness model, without colliding with the previously constructed M-star side structure."
"te-Telu-IN-OLTEMODLIN-013","te-Telu-IN-OLTEMODLIN-013-OCC-003","source_correction","contemporaneous","normal","high","false","OLTEMODLIN-013: confirmed ambient structure symbol collision","separated the ambient K and compactness model K-star from the side structures; adjacent sourcecorrection discloses the repair","te-Telu-IN","Telu","IN","standard formal Telugu","international logical and mathematical notation with Arabic decimal digits and Latin metavariables","OLP-0207","OLP-0207-B014","upstream/content/model-theory/lindstrom/lindstrom-proof.tex","a9de6ae6e6dd2ec2db64e9c7d3afad37a695896af57d50a64f003f958db499d9","107","109","5118","5319","translation/content/model-theory/lindstrom/lindstrom-proof.tex","c3ee6421f777b5c1c9e66f6037e95da4c02f88f7cea8c9660b98e8689a2c3817","173","203","16195","19067","pending","","The cited unit is not yet integrated into the coherent full reader; no printed or assembled PDF page is guessed.","Please double-check that K names the ambient structure and K-star its compactness model, without colliding with the previously constructed M-star side structure."
"te-Telu-IN-OLTEMODLIN-014","te-Telu-IN-OLTEMODLIN-014-OCC-001","source_correction","contemporaneous","normal","high","false","OLTEMODLIN-014: confirmed wrong satisfaction relation","used the abstract satisfaction relation models-L in the coding sentence; adjacent sourcecorrection discloses the repair","te-Telu-IN","Telu","IN","standard formal Telugu","international logical and mathematical notation with Arabic decimal digits and Latin metavariables","OLP-0207","OLP-0207-B013","upstream/content/model-theory/lindstrom/lindstrom-proof.tex","a9de6ae6e6dd2ec2db64e9c7d3afad37a695896af57d50a64f003f958db499d9","100","105","4752","5117","translation/content/model-theory/lindstrom/lindstrom-proof.tex","c3ee6421f777b5c1c9e66f6037e95da4c02f88f7cea8c9660b98e8689a2c3817","155","167","14370","15720","pending","","The cited unit is not yet integrated into the coherent full reader; no printed or assembled PDF page is guessed.","Please double-check that the abstract sentence E is evaluated with models-L in both M_n and N_n clauses."
"te-Telu-IN-OLTEMODLIN-015","te-Telu-IN-OLTEMODLIN-015-OCC-001","source_correction","contemporaneous","normal","high","false","OLTEMODLIN-015: confirmed missing nonstandard type","added the fresh constant and finite type forcing a nonstandard index; adjacent sourcecorrection discloses the repair","te-Telu-IN","Telu","IN","standard formal Telugu","international logical and mathematical notation with Arabic decimal digits and Latin metavariables","OLP-0207","OLP-0207-B014","upstream/content/model-theory/lindstrom/lindstrom-proof.tex","a9de6ae6e6dd2ec2db64e9c7d3afad37a695896af57d50a64f003f958db499d9","107","121","5118","6017","translation/content/model-theory/lindstrom/lindstrom-proof.tex","c3ee6421f777b5c1c9e66f6037e95da4c02f88f7cea8c9660b98e8689a2c3817","169","184","15802","17406","pending","","The cited unit is not yet integrated into the coherent full reader; no printed or assembled PDF page is guessed.","Please double-check that the fresh constant d and the full type of numeral inequalities force its value to be a nonstandard index after compactness."
"te-Telu-IN-OLTECMPREC-001","te-Telu-IN-OLTECMPREC-001-OCC-001","source_correction","contemporaneous","normal","high","false","OLTECMPREC-001: confirmed reversed recursive direction","restored the forward dependency from h(x) to h(x+1); adjacent sourcecorrection discloses the repair","te-Telu-IN","Telu","IN","standard formal Telugu","international logical and mathematical notation with Arabic decimal digits and Latin metavariables","OLP-0211","OLP-0211-B005","upstream/content/computability/recursive-functions/primitive-recursion.tex","97d3f46ebb20b4b14aea28616d16869c138c56b6a2b4128e378f8f35cef806af","15","24","420","1096","translation/content/computability/recursive-functions/primitive-recursion.tex","5bb38a50e4af8115022732f9eff13fd5b8af3a7dfcbbe7c7ed301012981a8d8b","22","25","1736","2505","pending","","The cited unit is not yet integrated into the coherent full reader; no printed or assembled PDF page is guessed.","Please double-check that the motivating recursion proceeds from h(x) to h(x+1), consistently with every adjacent example and defining equation."
"te-Telu-IN-OLTECMPREC-002","te-Telu-IN-OLTECMPREC-002-OCC-001","source_correction","contemporaneous","normal","high","false","OLTECMPREC-002: confirmed wrong argument index","restored n-1 as the final argument index of the n-place function h; adjacent sourcecorrection discloses the repair","te-Telu-IN","Telu","IN","standard formal Telugu","international logical and mathematical notation with Arabic decimal digits and Latin metavariables","OLP-0212","OLP-0212-B006","upstream/content/computability/recursive-functions/composition.tex","a9cd5dc0f4ae4fa06879d81b829b0ae4b57473bc00b801ba6532a98dbdb1dc4a","20","27","672","1037","translation/content/computability/recursive-functions/composition.tex","e640f2ecf2c830672d95477366337cc37837c83be5c777c0e56406bfa62445a8","24","29","1383","2191","pending","","The cited unit is not yet integrated into the coherent full reader; no printed or assembled PDF page is guessed.","Please double-check that the composed n-place function h retains arguments x_0 through x_{n-1}, while k continues to count the inner functions supplied to f."
"te-Telu-IN-OLTECMPREC-003","te-Telu-IN-OLTECMPREC-003-OCC-001","source_correction","contemporaneous","normal","high","false","OLTECMPREC-003: confirmed malformed section title","rendered the title with the primitive-recursive-function meaning used throughout the section; adjacent sourcecorrection discloses the repair","te-Telu-IN","Telu","IN","standard formal Telugu","international logical and mathematical notation with Arabic decimal digits and Latin metavariables","OLP-0213","OLP-0213-B004","upstream/content/computability/recursive-functions/pr-functions.tex","893f3c79391b6a02b0af25282b921b2a06db27f5b94b4a6e0fed0c807e1e0ee1","9","10","159","226","translation/content/computability/recursive-functions/pr-functions.tex","cc6adf42cc9b3c8daa965b49ba5c77d1ed41f2a0d7aa21844d90927e10d38795","10","11","184","670","pending","","The cited unit is not yet integrated into the coherent full reader; no printed or assembled PDF page is guessed.","Please double-check that the repaired title denotes primitive recursive functions, not functions named “primitive recursion.”"
"te-Telu-IN-OLTECMPREC-004","te-Telu-IN-OLTECMPREC-004-OCC-001","source_correction","contemporaneous","normal","high","false","OLTECMPREC-004: confirmed non cumulative stage definition","made the construction cumulative by retaining S_i inside S_{i+1}; adjacent sourcecorrection discloses the repair","te-Telu-IN","Telu","IN","standard formal Telugu","international logical and mathematical notation with Arabic decimal digits and Latin metavariables","OLP-0213","OLP-0213-B011","upstream/content/computability/recursive-functions/pr-functions.tex","893f3c79391b6a02b0af25282b921b2a06db27f5b94b4a6e0fed0c807e1e0ee1","69","79","2440","2968","translation/content/computability/recursive-functions/pr-functions.tex","cc6adf42cc9b3c8daa965b49ba5c77d1ed41f2a0d7aa21844d90927e10d38795","69","79","4725","6369","pending","","The cited unit is not yet integrated into the coherent full reader; no printed or assembled PDF page is guessed.","Please double-check that every stage S_{i+1} retains S_i and adds the one-step compositions and primitive recursions, so the union is the intended closure."
"te-Telu-IN-OLTECMPREC-005","te-Telu-IN-OLTECMPREC-005-OCC-001","source_correction","contemporaneous","normal","high","false","OLTECMPREC-005: confirmed projection arity symbol mismatch","restored n as the projection arity symbol used by the adjacent definition; adjacent sourcecorrection discloses the repair","te-Telu-IN","Telu","IN","standard formal Telugu","international logical and mathematical notation with Arabic decimal digits and Latin metavariables","OLP-0212","OLP-0212-B007","upstream/content/computability/recursive-functions/composition.tex","a9cd5dc0f4ae4fa06879d81b829b0ae4b57473bc00b801ba6532a98dbdb1dc4a","34","39","1375","1576","translation/content/computability/recursive-functions/composition.tex","e640f2ecf2c830672d95477366337cc37837c83be5c777c0e56406bfa62445a8","37","42","3075","3751","pending","","The cited unit is not yet integrated into the coherent full reader; no printed or assembled PDF page is guessed.","Please double-check that the projection family is indexed by its n argument places in the naming sentence, matching the adjacent definition."
"te-Telu-IN-OLTECMPREC-006","te-Telu-IN-OLTECMPREC-006-OCC-001","source_correction","contemporaneous","normal","high","false","OLTECMPREC-006: confirmed wrong constant function subscript","used const_2 in the doubling construction, matching the stated function and displayed composition; adjacent sourcecorrection discloses the repair","te-Telu-IN","Telu","IN","standard formal Telugu","international logical and mathematical notation with Arabic decimal digits and Latin metavariables","OLP-0216","OLP-0216-B005","upstream/content/computability/recursive-functions/examples.tex","d76450ea38acccc3c51ca125104c6e09b6b02ecbc33c11e31cfa9ce190d29c26","13","23","236","910","translation/content/computability/recursive-functions/examples.tex","8ac0fe1c1b322b48a62bc9fd27ef14d50e69bda2291ae32b1e8dbdaddcdafac4","13","23","288","1915","pending","","The cited unit is not yet integrated into the coherent full reader; no printed or assembled PDF page is guessed.","Please double-check that the doubling construction uses const_2 rather than the unrestricted const_n, matching f(x)=2 times x and the displayed composition."
"te-Telu-IN-OLTECRREM-001","te-Telu-IN-OLTECRREM-001-OCC-001","source_correction","contemporaneous","normal","high","false","OLTECRREM-001: confirmed mislabeled nonstrict relation","named the displayed x less-than-or-equal y relation correctly; adjacent sourcecorrection discloses the repair","te-Telu-IN","Telu","IN","standard formal Telugu","international logical and mathematical notation with Arabic decimal digits and Latin metavariables","OLP-0217","OLP-0217-B007","upstream/content/computability/recursive-functions/pr-relations.tex","9ab1255a55ef04404aadcde303e86a6d245f8d92c42f096de134658aebf82f97","38","45","994","1332","translation/content/computability/recursive-functions/pr-relations.tex","2f45347368741cd21260afcfe85944324047786ad731c9cf1590f614942f78d8","38","46","1707","2690","pending","","The cited unit is not yet integrated into the coherent full reader; no printed or assembled PDF page is guessed.","Please double-check that the displayed x less-than-or-equal y relation is named non-strict order rather than strict less-than."
"te-Telu-IN-OLTECRREM-002","te-Telu-IN-OLTECRREM-002-OCC-001","source_correction","contemporaneous","normal","high","false","OLTECRREM-002: confirmed wrong vector argument","preserved vec x as the parameter vector in the third case; adjacent sourcecorrection discloses the repair","te-Telu-IN","Telu","IN","standard formal Telugu","international logical and mathematical notation with Arabic decimal digits and Latin metavariables","OLP-0218","OLP-0218-B008","upstream/content/computability/recursive-functions/bounded-minimization.tex","682737f7312e08999a21f07a0a6859e4e0b4ed81ec5c9094789f774f1596bda6","41","49","1473","1847","translation/content/computability/recursive-functions/bounded-minimization.tex","71f6458734cd024507ca4292ccabb4d88f0377a52937eeb644cf53cfb1970872","42","51","2863","3862","pending","","The cited unit is not yet integrated into the coherent full reader; no printed or assembled PDF page is guessed.","Please double-check that the third successor-bound case preserves the parameter vector x used by the relation and the other two cases."
"te-Telu-IN-OLTECRREM-003","te-Telu-IN-OLTECRREM-003-OCC-001","source_correction","contemporaneous","normal","high","false","OLTECRREM-003: confirmed reversed dividend divisor","described the remainder when y is divided by x; adjacent sourcecorrection discloses the repair","te-Telu-IN","Telu","IN","standard formal Telugu","international logical and mathematical notation with Arabic decimal digits and Latin metavariables","OLP-0219","OLP-0219-B005","upstream/content/computability/recursive-functions/primes.tex","76fc5fb7d628c14a52d6a8b0e9fbad24fe15fa49f170e89f8982d79043daa1b4","12","27","198","1079","translation/content/computability/recursive-functions/primes.tex","9bb82454da738fc678aa0092c486f633d88c69169952ac2ceb88ba34304ce362","12","28","232","2321","pending","","The cited unit is not yet integrated into the coherent full reader; no printed or assembled PDF page is guessed.","Please double-check that x divides y is explained through the remainder when y is divided by x, not the reverse operation."
"te-Telu-IN-OLTECRREM-004","te-Telu-IN-OLTECRREM-004-OCC-001","source_correction","contemporaneous","normal","high","false","OLTECRREM-004: confirmed malformed function notation","separated the nextPrime function name from its argument in both malformed occurrences; adjacent sourcecorrection discloses the repair","te-Telu-IN","Telu","IN","standard formal Telugu","international logical and mathematical notation with Arabic decimal digits and Latin metavariables","OLP-0219","OLP-0219-B008","upstream/content/computability/recursive-functions/primes.tex","76fc5fb7d628c14a52d6a8b0e9fbad24fe15fa49f170e89f8982d79043daa1b4","46","60","1873","2457","translation/content/computability/recursive-functions/primes.tex","9bb82454da738fc678aa0092c486f633d88c69169952ac2ceb88ba34304ce362","48","65","3967","5719","pending","","The cited unit is not yet integrated into the coherent full reader; no printed or assembled PDF page is guessed.","Please double-check that nextPrime is typeset as a function name followed by its argument in both repaired occurrences."
"te-Telu-IN-OLTECRREM-005","te-Telu-IN-OLTECRREM-005-OCC-001","source_correction","contemporaneous","normal","high","false","OLTECRREM-005: confirmed missing small bound cases","handled x=0 and x=1 directly before applying the prime-product argument at x at least 2; adjacent sourcecorrection discloses the repair","te-Telu-IN","Telu","IN","standard formal Telugu","international logical and mathematical notation with Arabic decimal digits and Latin metavariables","OLP-0219","OLP-0219-B009","upstream/content/computability/recursive-functions/primes.tex","76fc5fb7d628c14a52d6a8b0e9fbad24fe15fa49f170e89f8982d79043daa1b4","64","74","2563","3251","translation/content/computability/recursive-functions/primes.tex","9bb82454da738fc678aa0092c486f633d88c69169952ac2ceb88ba34304ce362","67","80","5720","7972","pending","","The cited unit is not yet integrated into the coherent full reader; no printed or assembled PDF page is guessed.","Please double-check that x=0 and x=1 are discharged directly before the Euclid product proof assumes a largest prime at most x."
"te-Telu-IN-OLTECRREM-006","te-Telu-IN-OLTECRREM-006-OCC-001","source_correction","contemporaneous","normal","high","false","OLTECRREM-006: confirmed malformed encoding map","replaced the malformed empty-tuple application with the asserted sequence-to-code mapping; adjacent sourcecorrection discloses the repair","te-Telu-IN","Telu","IN","standard formal Telugu","international logical and mathematical notation with Arabic decimal digits and Latin metavariables","OLP-0220","OLP-0220-B006","upstream/content/computability/recursive-functions/sequences.tex","044570a5499177a994d08baaa6109db5db40c6d69dda2d8961909cdce945b8ae","27","36","905","1376","translation/content/computability/recursive-functions/sequences.tex","27e4a7e5e3175a2a62ed12a713ecf26d2e845c234fda82bb2fdfc04c3ad0afce","26","35","1474","2729","pending","","The cited unit is not yet integrated into the coherent full reader; no printed or assembled PDF page is guessed.","Please double-check that the repaired map explicitly sends a finite tuple to its numeric sequence code and states the injective direction correctly."
"te-Telu-IN-OLTECRREM-007","te-Telu-IN-OLTECRREM-007-OCC-001","source_correction","contemporaneous","normal","high","false","OLTECRREM-007: confirmed invalid sequence bound","defined the bound at k=0 and made the bounded search inclusive; adjacent sourcecorrection discloses the repair","te-Telu-IN","Telu","IN","standard formal Telugu","international logical and mathematical notation with Arabic decimal digits and Latin metavariables","OLP-0220","OLP-0220-B018","upstream/content/computability/recursive-functions/sequences.tex","044570a5499177a994d08baaa6109db5db40c6d69dda2d8961909cdce945b8ae","144","154","4627","5170","translation/content/computability/recursive-functions/sequences.tex","27e4a7e5e3175a2a62ed12a713ecf26d2e845c234fda82bb2fdfc04c3ad0afce","144","154","8445","9748","pending","","The cited unit is not yet integrated into the coherent full reader; no printed or assembled PDF page is guessed.","Please double-check that the sequence bound is defined at length zero and that the bounded search includes a code equal to the proved upper bound."
"te-Telu-IN-OLTECRREM-007","te-Telu-IN-OLTECRREM-007-OCC-002","source_correction","contemporaneous","normal","high","false","OLTECRREM-007: confirmed invalid sequence bound","defined the bound at k=0 and made the bounded search inclusive; adjacent sourcecorrection discloses the repair","te-Telu-IN","Telu","IN","standard formal Telugu","international logical and mathematical notation with Arabic decimal digits and Latin metavariables","OLP-0220","OLP-0220-B019","upstream/content/computability/recursive-functions/sequences.tex","044570a5499177a994d08baaa6109db5db40c6d69dda2d8961909cdce945b8ae","156","168","5171","5824","translation/content/computability/recursive-functions/sequences.tex","27e4a7e5e3175a2a62ed12a713ecf26d2e845c234fda82bb2fdfc04c3ad0afce","156","168","9749","11465","pending","","The cited unit is not yet integrated into the coherent full reader; no printed or assembled PDF page is guessed.","Please double-check that the sequence bound is defined at length zero and that the bounded search includes a code equal to the proved upper bound."
"te-Telu-IN-OLTECRREM-008","te-Telu-IN-OLTECRREM-008-OCC-001","source_correction","contemporaneous","normal","high","false","OLTECRREM-008: confirmed level description recurrence mismatch","described the cumulative construction as containing subtrees at distance at most n; adjacent sourcecorrection discloses the repair","te-Telu-IN","Telu","IN","standard formal Telugu","international logical and mathematical notation with Arabic decimal digits and Latin metavariables","OLP-0221","OLP-0221-B008","upstream/content/computability/recursive-functions/trees.tex","a6e3ba54bc944e81c1db72ae00f56f1dc27b3ed05c57de110585810927569277","37","47","1461","2146","translation/content/computability/recursive-functions/trees.tex","3a357ed7d2f8fa0c766a5cb2745bbefb7717267a15248b5b088b06ad9c308f83","36","47","2730","5007","pending","","The cited unit is not yet integrated into the coherent full reader; no printed or assembled PDF page is guessed.","Please double-check that hSubtreeSeq is described cumulatively as listing subtrees at distance at most n, matching its recurrence."
"te-Telu-IN-OLTECRREM-009","te-Telu-IN-OLTECRREM-009-OCC-001","source_correction","contemporaneous","normal","high","false","OLTECRREM-009: confirmed off by one sequence fold","used an empty base and added the kth entry in the k-to-k+1 step, so the length call stays in range; adjacent sourcecorrection discloses the repair","te-Telu-IN","Telu","IN","standard formal Telugu","international logical and mathematical notation with Arabic decimal digits and Latin metavariables","OLP-0221","OLP-0221-B008","upstream/content/computability/recursive-functions/trees.tex","a6e3ba54bc944e81c1db72ae00f56f1dc27b3ed05c57de110585810927569277","48","57","2146","2640","translation/content/computability/recursive-functions/trees.tex","3a357ed7d2f8fa0c766a5cb2745bbefb7717267a15248b5b088b06ad9c308f83","48","59","5007","6479","pending","","The cited unit is not yet integrated into the coherent full reader; no printed or assembled PDF page is guessed.","Please double-check that the sequence fold starts empty and appends indices 0 through k-1, so the length call never reads past the sequence."
"te-Telu-IN-OLTECRREM-010","te-Telu-IN-OLTECRREM-010-OCC-001","source_correction","contemporaneous","normal","high","false","OLTECRREM-010: confirmed index family inconsistency","removed the impossible non-index disjunct and stated the direct contradiction in each diagonal case; adjacent sourcecorrection discloses the repair","te-Telu-IN","Telu","IN","standard formal Telugu","international logical and mathematical notation with Arabic decimal digits and Latin metavariables","OLP-0226","OLP-0226-B006","upstream/content/computability/recursive-functions/halting-problem.tex","08569f88dbc93bf89320bc9e7ea3224dabcfc2d0af8125edf9dd22f37220483e","27","48","710","1627","translation/content/computability/recursive-functions/halting-problem.tex","1d1f1edcb2f53131b3e0fe4883eb00f691a977c80120b6ab82f150122050db92","25","44","1260","2892","pending","","The cited unit is not yet integrated into the coherent full reader; no printed or assembled PDF page is guessed.","Please double-check that the universal indexed family removes the impossible non-index branch and that both halting values directly contradict the diagonal index equation."
"te-Telu-IN-OLTECRREM-010","te-Telu-IN-OLTECRREM-010-OCC-002","source_correction","contemporaneous","normal","high","false","OLTECRREM-010: confirmed index family inconsistency","removed the impossible non-index disjunct and stated the direct contradiction in each diagonal case; adjacent sourcecorrection discloses the repair","te-Telu-IN","Telu","IN","standard formal Telugu","international logical and mathematical notation with Arabic decimal digits and Latin metavariables","OLP-0226","OLP-0226-B008","upstream/content/computability/recursive-functions/halting-problem.tex","08569f88dbc93bf89320bc9e7ea3224dabcfc2d0af8125edf9dd22f37220483e","55","89","1732","3196","translation/content/computability/recursive-functions/halting-problem.tex","1d1f1edcb2f53131b3e0fe4883eb00f691a977c80120b6ab82f150122050db92","51","83","3080","6225","pending","","The cited unit is not yet integrated into the coherent full reader; no printed or assembled PDF page is guessed.","Please double-check that the universal indexed family removes the impossible non-index branch and that both halting values directly contradict the diagonal index equation."
"te-Telu-IN-OLTECOMTHY-001","te-Telu-IN-OLTECOMTHY-001-OCC-001","source_correction","contemporaneous","normal","high","false","OLTECOMTHY-001: confirmed program index variable mismatch","used e consistently as the program and machine-description index; adjacent sourcecorrection discloses the repair","te-Telu-IN","Telu","IN","standard formal Telugu","international logical and mathematical notation with Arabic decimal digits and Latin metavariables","OLP-0232","OLP-0232-B007","upstream/content/computability/computability-theory/s-m-n.tex","24f3238689ed3251d63da8eb5e2daaa5cd99c8f2c29afb114d3b99183e555efc","31","40","862","1504","translation/content/computability/computability-theory/s-m-n.tex","1f3ff939d886ff43691a5199f5254b8860d393ff2092aa56393f82592be332f2","31","41","1338","3255","pending","","The cited unit is not yet integrated into the coherent full reader; no printed or assembled PDF page is guessed.","Please double-check that e remains the program or machine-description index throughout the s-m-n explanation."
"te-Telu-IN-OLTECOMTHY-002","te-Telu-IN-OLTECOMTHY-002-OCC-001","source_correction","contemporaneous","normal","high","false","OLTECOMTHY-002: confirmed universal total word swap","stated that the partial function is universal for all partial computable functions; adjacent sourcecorrection discloses the repair","te-Telu-IN","Telu","IN","standard formal Telugu","international logical and mathematical notation with Arabic decimal digits and Latin metavariables","OLP-0234","OLP-0234-B005","upstream/content/computability/computability-theory/no-universal-function.tex","b0d4d93239c8276120c26d25bb5caa43e9a71001ccbd1246860cb35bf9a6ebcb","12","14","240","433","translation/content/computability/computability-theory/no-universal-function.tex","2d5fa6ac827a58d5224258fe99a57d80573a0d6d4cd3e05aec59ac923518b216","12","15","289","1464","pending","","The cited unit is not yet integrated into the coherent full reader; no printed or assembled PDF page is guessed.","Please double-check that the opening contrast says the partial function is universal, not total, for all partial computable functions."
"te-Telu-IN-OLTECOMTHY-003","te-Telu-IN-OLTECOMTHY-003-OCC-001","source_correction","contemporaneous","normal","high","false","OLTECOMTHY-003: confirmed wrong definedness subject","attributed the zero-value definedness condition to g rather than the assumed-total h; adjacent sourcecorrection discloses the repair","te-Telu-IN","Telu","IN","standard formal Telugu","international logical and mathematical notation with Arabic decimal digits and Latin metavariables","OLP-0235","OLP-0235-B008","upstream/content/computability/computability-theory/halting-problem.tex","7bd566448fde580f1a32b27cd9382544c05535009656f0710b2ea41135799cd7","71","77","1972","2451","translation/content/computability/computability-theory/halting-problem.tex","ed04271b9525f26dfb807ee9be41e195138b5706cc11579a6f969bb61c99fada","67","80","3606","5735","pending","","The cited unit is not yet integrated into the coherent full reader; no printed or assembled PDF page is guessed.","Please double-check that the second halting proof attributes definedness to g and treats the assumed computable h as total."
"te-Telu-IN-OLTECOMTHY-004","te-Telu-IN-OLTECOMTHY-004-OCC-001","source_correction","contemporaneous","normal","high","false","OLTECOMTHY-004: confirmed wrong self membership symbol","used S in the second self-membership clause; adjacent sourcecorrection discloses the repair","te-Telu-IN","Telu","IN","standard formal Telugu","international logical and mathematical notation with Arabic decimal digits and Latin metavariables","OLP-0236","OLP-0236-B005","upstream/content/computability/computability-theory/russells-paradox.tex","eb1fc81105316b076e39d9a9737473da60dcbec63583615813773d5c0649b98b","15","16","350","472","translation/content/computability/computability-theory/russells-paradox.tex","e0f93b677f4b5afc7e27f865a4cf7ea53b405788960dc48f6eb5a4b68e60f989","12","16","265","763","pending","","The cited unit is not yet integrated into the coherent full reader; no printed or assembled PDF page is guessed.","Please double-check that Russell self-membership uses S on both sides of the biconditional and introduces no stray X."
"te-Telu-IN-OLTECOMTHY-004","te-Telu-IN-OLTECOMTHY-004-OCC-002","source_correction","contemporaneous","normal","high","false","OLTECOMTHY-004: confirmed wrong self membership symbol","used S in the second self-membership clause; adjacent sourcecorrection discloses the repair","te-Telu-IN","Telu","IN","standard formal Telugu","international logical and mathematical notation with Arabic decimal digits and Latin metavariables","OLP-0236","OLP-0236-B006","upstream/content/computability/computability-theory/russells-paradox.tex","eb1fc81105316b076e39d9a9737473da60dcbec63583615813773d5c0649b98b","18","20","473","625","translation/content/computability/computability-theory/russells-paradox.tex","e0f93b677f4b5afc7e27f865a4cf7ea53b405788960dc48f6eb5a4b68e60f989","18","20","764","1591","pending","","The cited unit is not yet integrated into the coherent full reader; no printed or assembled PDF page is guessed.","Please double-check that Russell self-membership uses S on both sides of the biconditional and introduces no stray X."
"te-Telu-IN-OLTECOMTHY-005","te-Telu-IN-OLTECOMTHY-005-OCC-001","source_correction","contemporaneous","normal","high","false","OLTECOMTHY-005: confirmed title spelling error","translated the correctly spelled full title; adjacent sourcecorrection discloses the repair","te-Telu-IN","Telu","IN","standard formal Telugu","international logical and mathematical notation with Arabic decimal digits and Latin metavariables","OLP-0239","OLP-0239-B005","upstream/content/computability/computability-theory/equiv-ce-defs.tex","d997e01b3f6cae024d43895694771f165f9bff070b5b3b7469ddd827e2777d51","11","12","187","283","translation/content/computability/computability-theory/equiv-ce-defs.tex","1e132490e91432439d8bf98cdf92ad974f0426e3ef685e173063b053be8d93e6","11","12","187","436","pending","","The cited unit is not yet integrated into the coherent full reader; no printed or assembled PDF page is guessed.","Please double-check that the corrected full section title simply removes the source spelling error without changing its scope."
"te-Telu-IN-OLTECOMTHY-005","te-Telu-IN-OLTECOMTHY-005-OCC-002","source_correction","contemporaneous","normal","high","false","OLTECOMTHY-005: confirmed title spelling error","translated the correctly spelled full title; adjacent sourcecorrection discloses the repair","te-Telu-IN","Telu","IN","standard formal Telugu","international logical and mathematical notation with Arabic decimal digits and Latin metavariables","OLP-0239","OLP-0239-B006","upstream/content/computability/computability-theory/equiv-ce-defs.tex","d997e01b3f6cae024d43895694771f165f9bff070b5b3b7469ddd827e2777d51","15","16","285","395","translation/content/computability/computability-theory/equiv-ce-defs.tex","1e132490e91432439d8bf98cdf92ad974f0426e3ef685e173063b053be8d93e6","15","17","438","1180","pending","","The cited unit is not yet integrated into the coherent full reader; no printed or assembled PDF page is guessed.","Please double-check that the corrected full section title simply removes the source spelling error without changing its scope."
"te-Telu-IN-OLTECOMTHY-006","te-Telu-IN-OLTECOMTHY-006-OCC-001","source_correction","contemporaneous","normal","high","false","OLTECOMTHY-006: confirmed unbound value argument","used (z)_0 as the argument whose computation code is (z)_1; adjacent sourcecorrection discloses the repair","te-Telu-IN","Telu","IN","standard formal Telugu","international logical and mathematical notation with Arabic decimal digits and Latin metavariables","OLP-0239","OLP-0239-B011","upstream/content/computability/computability-theory/equiv-ce-defs.tex","d997e01b3f6cae024d43895694771f165f9bff070b5b3b7469ddd827e2777d51","75","81","2848","3297","translation/content/computability/computability-theory/equiv-ce-defs.tex","1e132490e91432439d8bf98cdf92ad974f0426e3ef685e173063b053be8d93e6","76","82","6249","7473","pending","","The cited unit is not yet integrated into the coherent full reader; no printed or assembled PDF page is guessed.","Please double-check that the reverse range proof evaluates cfind_e at (z)_0, the input encoded by the displayed computation pair."
"te-Telu-IN-OLTECOMTHY-007","te-Telu-IN-OLTECOMTHY-007-OCC-001","source_correction","contemporaneous","normal","high","false","OLTECOMTHY-007: confirmed local prose errors","rendered the intended by-looking relation and comparative meaning; adjacent sourcecorrection discloses both local repairs","te-Telu-IN","Telu","IN","standard formal Telugu","international logical and mathematical notation with Arabic decimal digits and Latin metavariables","OLP-0241","OLP-0241-B010","upstream/content/computability/computability-theory/ce-closed-cup-cap.tex","392c55f9b3a78a7c396fe53bcfe80e60af85d1f0ffe1e527619d2eb7c54e5e2e","37","40","1062","1323","translation/content/computability/computability-theory/ce-closed-cup-cap.tex","ed1d9f24e2cf8b7c5d64551e428dfb2c16455e45a7a7078bd1037902ce6b5d09","36","42","1936","2696","pending","","The cited unit is not yet integrated into the coherent full reader; no printed or assembled PDF page is guessed.","Please double-check that the closure proof repairs “for looking” and “tricker” without changing either enumeration construction."
"te-Telu-IN-OLTECOMTHY-007","te-Telu-IN-OLTECOMTHY-007-OCC-002","source_correction","contemporaneous","normal","high","false","OLTECOMTHY-007: confirmed local prose errors","rendered the intended by-looking relation and comparative meaning; adjacent sourcecorrection discloses both local repairs","te-Telu-IN","Telu","IN","standard formal Telugu","international logical and mathematical notation with Arabic decimal digits and Latin metavariables","OLP-0241","OLP-0241-B011","upstream/content/computability/computability-theory/ce-closed-cup-cap.tex","392c55f9b3a78a7c396fe53bcfe80e60af85d1f0ffe1e527619d2eb7c54e5e2e","52","54","1593","1797","translation/content/computability/computability-theory/ce-closed-cup-cap.tex","ed1d9f24e2cf8b7c5d64551e428dfb2c16455e45a7a7078bd1037902ce6b5d09","44","66","2697","4804","pending","","The cited unit is not yet integrated into the coherent full reader; no printed or assembled PDF page is guessed.","Please double-check that the closure proof repairs “for looking” and “tricker” without changing either enumeration construction."
"te-Telu-IN-OLTECOMTHY-008","te-Telu-IN-OLTECOMTHY-008-OCC-001","source_correction","contemporaneous","normal","high","false","OLTECOMTHY-008: confirmed complement domain index swap","used d in the two T atoms and in the statement identifying the computation defined exactly on A; adjacent sourcecorrection discloses the repair","te-Telu-IN","Telu","IN","standard formal Telugu","international logical and mathematical notation with Arabic decimal digits and Latin metavariables","OLP-0242","OLP-0242-B008","upstream/content/computability/computability-theory/complement-ce.tex","9bc0f9cc61b6f4e68b6e95079d2966b0e05ed3c0ed1128710532e2f76258208f","29","41","905","1571","translation/content/computability/computability-theory/complement-ce.tex","2bb6169f8f1fa2c10725bb823a6a34089da86908b76877c6a0dfe1db4c5a310c","28","41","1386","3133","pending","","The cited unit is not yet integrated into the coherent full reader; no printed or assembled PDF page is guessed.","Please double-check that the complement proof uses d, not e, in T(d,x,h(x)) because cfind_d has domain A."
"te-Telu-IN-OLTECOMTHY-009","te-Telu-IN-OLTECOMTHY-009-OCC-001","source_correction","contemporaneous","normal","high","false","OLTECOMTHY-009: confirmed informal index pair mismatch","used the already defined d,e pair and associated d with A; adjacent sourcecorrection discloses the repair","te-Telu-IN","Telu","IN","standard formal Telugu","international logical and mathematical notation with Arabic decimal digits and Latin metavariables","OLP-0242","OLP-0242-B009","upstream/content/computability/computability-theory/complement-ce.tex","9bc0f9cc61b6f4e68b6e95079d2966b0e05ed3c0ed1128710532e2f76258208f","44","49","1584","1898","translation/content/computability/computability-theory/complement-ce.tex","2bb6169f8f1fa2c10725bb823a6a34089da86908b76877c6a0dfe1db4c5a310c","44","50","3146","4166","pending","","The cited unit is not yet integrated into the coherent full reader; no printed or assembled PDF page is guessed.","Please double-check that the informal parallel-search explanation consistently uses the already assigned indices d and e rather than introducing e and f."
"te-Telu-IN-OLTECOMTHY-010","te-Telu-IN-OLTECOMTHY-010-OCC-001","source_correction","contemporaneous","normal","high","false","OLTECOMTHY-010: confirmed duplicated wording","removed the accidental repeated word; adjacent sourcecorrection discloses the repair","te-Telu-IN","Telu","IN","standard formal Telugu","international logical and mathematical notation with Arabic decimal digits and Latin metavariables","OLP-0243","OLP-0243-B007","upstream/content/computability/computability-theory/reducibility.tex","f8797ad4502fbd9611f45780b5f706c1cf9b9c0ee49f44b05a9cc535bf201b1a","31","31","1281","1352","translation/content/computability/computability-theory/reducibility.tex","43aed5c6710ec5e08bec293db2bf7a6dff727eea6e14700cca938ed55f9abca7","30","37","2709","3461","pending","","The cited unit is not yet integrated into the coherent full reader; no printed or assembled PDF page is guessed.","Please double-check that removing the duplicated word “notion” leaves the intended reducibility claim unchanged."
"te-Telu-IN-OLTECOMTHY-011","te-Telu-IN-OLTECOMTHY-011-OCC-001","source_correction","contemporaneous","normal","high","false","OLTECOMTHY-011: confirmed local spelling error","rendered the intended is-unsolvable claim; adjacent sourcecorrection discloses the repair","te-Telu-IN","Telu","IN","standard formal Telugu","international logical and mathematical notation with Arabic decimal digits and Latin metavariables","OLP-0243","OLP-0243-B007","upstream/content/computability/computability-theory/reducibility.tex","f8797ad4502fbd9611f45780b5f706c1cf9b9c0ee49f44b05a9cc535bf201b1a","35","37","1410","1552","translation/content/computability/computability-theory/reducibility.tex","43aed5c6710ec5e08bec293db2bf7a6dff727eea6e14700cca938ed55f9abca7","34","38","2793","3856","pending","","The cited unit is not yet integrated into the coherent full reader; no printed or assembled PDF page is guessed.","Please double-check that “in unsolvable” is treated as the local typo “is unsolvable,” matching the cited halting result."
"te-Telu-IN-OLTECOMTHY-012","te-Telu-IN-OLTECOMTHY-012-OCC-001","source_correction","contemporaneous","normal","high","false","OLTECOMTHY-012: confirmed pair coordinate reversal","kept program index e before input x in the W_e characterization; adjacent sourcecorrection discloses the repair","te-Telu-IN","Telu","IN","standard formal Telugu","international logical and mathematical notation with Arabic decimal digits and Latin metavariables","OLP-0243","OLP-0243-B007","upstream/content/computability/computability-theory/reducibility.tex","f8797ad4502fbd9611f45780b5f706c1cf9b9c0ee49f44b05a9cc535bf201b1a","39","42","1609","1737","translation/content/computability/computability-theory/reducibility.tex","43aed5c6710ec5e08bec293db2bf7a6dff727eea6e14700cca938ed55f9abca7","39","49","3856","5182","pending","","The cited unit is not yet integrated into the coherent full reader; no printed or assembled PDF page is guessed.","Please double-check that the W_e characterization of K_0 uses the ordered pair <e,x>, in the same order as its defining computation."
"te-Telu-IN-OLTECOMTHY-013","te-Telu-IN-OLTECOMTHY-013-OCC-001","source_correction","contemporaneous","normal","high","false","OLTECOMTHY-013: confirmed local spelling errors","rendered the intended says-that introduction; adjacent sourcecorrection discloses the repair","te-Telu-IN","Telu","IN","standard formal Telugu","international logical and mathematical notation with Arabic decimal digits and Latin metavariables","OLP-0244","OLP-0244-B005","upstream/content/computability/computability-theory/prop-reduce.tex","20795f49f8764c1062416ecda88edb34ad983a8f3643cb0878ccf64f08ede5e8","14","17","357","609","translation/content/computability/computability-theory/prop-reduce.tex","9e0b372150541088864a64bae6c18f0d108b04f1e528ec92c08c6f9f9335e804","12","19","256","1505","pending","","The cited unit is not yet integrated into the coherent full reader; no printed or assembled PDF page is guessed.","Please double-check that the repaired sentence says the first proposition establishes transitivity of many-one reducibility."
"te-Telu-IN-OLTECOMTHY-014","te-Telu-IN-OLTECOMTHY-014-OCC-001","source_correction","contemporaneous","normal","high","false","OLTECOMTHY-014: confirmed reduction function type error","typed f as Nat-to-Nat while naming A and B as the reduced sets; adjacent sourcecorrection discloses the repair","te-Telu-IN","Telu","IN","standard formal Telugu","international logical and mathematical notation with Arabic decimal digits and Latin metavariables","OLP-0244","OLP-0244-B013","upstream/content/computability/computability-theory/prop-reduce.tex","20795f49f8764c1062416ecda88edb34ad983a8f3643cb0878ccf64f08ede5e8","68","70","2259","2366","translation/content/computability/computability-theory/prop-reduce.tex","9e0b372150541088864a64bae6c18f0d108b04f1e528ec92c08c6f9f9335e804","73","76","4675","5456","pending","","The cited unit is not yet integrated into the coherent full reader; no printed or assembled PDF page is guessed.","Please double-check that a many-one reduction is typed f: N to N, not merely f: A to B, so the characteristic-function composition is well formed."
"te-Telu-IN-OLTECOMTHY-015","te-Telu-IN-OLTECOMTHY-015-OCC-001","source_correction","contemporaneous","normal","high","false","OLTECOMTHY-015: confirmed completeness proof direction insufficient exercise valid","used K_0 reduces to K in the proof; retained the valid source exercise K reduces to K_0; added a separately labelled exercise for K_0 reduces to K; adjacent sourcecorrection discloses the distinction","te-Telu-IN","Telu","IN","standard formal Telugu","international logical and mathematical notation with Arabic decimal digits and Latin metavariables","OLP-0245","OLP-0245-B010","upstream/content/computability/computability-theory/complete-ce-sets.tex","8df21b8f708dbf50a1929c42788669af2c7e6b5ab1841eab1c4c328dc9e62030","44","45","1306","1368","translation/content/computability/computability-theory/complete-ce-sets.tex","6886561a0269e49868aacb0ac997f9354b7a94aacaea49327fd5975c23e803cc","44","46","2704","3697","pending","","The cited unit is not yet integrated into the coherent full reader; no printed or assembled PDF page is guessed.","Please double-check that the proof uses K_0 many-one reduces to K, that the valid original exercise K reduces to K_0 is retained, and that the reverse direction appears only as a separately labelled added exercise completing the proof."
"te-Telu-IN-OLTECOMTHY-015","te-Telu-IN-OLTECOMTHY-015-OCC-002","source_correction","contemporaneous","normal","high","false","OLTECOMTHY-015: confirmed completeness proof direction insufficient exercise valid","used K_0 reduces to K in the proof; retained the valid source exercise K reduces to K_0; added a separately labelled exercise for K_0 reduces to K; adjacent sourcecorrection discloses the distinction","te-Telu-IN","Telu","IN","standard formal Telugu","international logical and mathematical notation with Arabic decimal digits and Latin metavariables","OLP-0245","OLP-0245-B011","upstream/content/computability/computability-theory/complete-ce-sets.tex","8df21b8f708dbf50a1929c42788669af2c7e6b5ab1841eab1c4c328dc9e62030","47","49","1369","1427","translation/content/computability/computability-theory/complete-ce-sets.tex","6886561a0269e49868aacb0ac997f9354b7a94aacaea49327fd5975c23e803cc","48","52","3698","4067","pending","","The cited unit is not yet integrated into the coherent full reader; no printed or assembled PDF page is guessed.","Please double-check that the proof uses K_0 many-one reduces to K, that the valid original exercise K reduces to K_0 is retained, and that the reverse direction appears only as a separately labelled added exercise completing the proof."
"te-Telu-IN-OLTECOMTHY-016","te-Telu-IN-OLTECOMTHY-016-OCC-001","source_correction","contemporaneous","normal","high","false","OLTECOMTHY-016: confirmed local prose error","rendered the intended procedural sequence; adjacent sourcecorrection discloses the repair","te-Telu-IN","Telu","IN","standard formal Telugu","international logical and mathematical notation with Arabic decimal digits and Latin metavariables","OLP-0247","OLP-0247-B007","upstream/content/computability/computability-theory/total.tex","020737f92a1de1a6ce8664bcf1037021d0dc8454049e5afa6732305015c345ca","34","38","784","1133","translation/content/computability/computability-theory/total.tex","cb3c11681c2a22ec64d9d8c631d8e3ca99614d7dfa3538e7c8db632f902d0950","34","40","1261","2298","pending","","The cited unit is not yet integrated into the coherent full reader; no printed or assembled PDF page is guessed.","Please double-check that the repaired procedural sentence first simulates cfind_x(x) and returns zero exactly if that computation halts."
"te-Telu-IN-OLTECOMTHY-017","te-Telu-IN-OLTECOMTHY-017-OCC-001","source_correction","contemporaneous","normal","high","false","OLTECOMTHY-017: confirmed malformed definedness condition","made the conditional scope explicitly require both values to be defined; adjacent sourcecorrection discloses the repair","te-Telu-IN","Telu","IN","standard formal Telugu","international logical and mathematical notation with Arabic decimal digits and Latin metavariables","OLP-0248","OLP-0248-B016","upstream/content/computability/computability-theory/rice-theorem.tex","6d6ff6b882375fb44ebb79ee1ef6b2c5e5b6f0d783e8110ce23a681c6afb4b80","113","119","5073","5415","translation/content/computability/computability-theory/rice-theorem.tex","98a89126ff7eff1db6b0202164b082d1ffd1b5957ffa5f66189104c2a9ed7372","106","116","10269","11589","pending","","The cited unit is not yet integrated into the coherent full reader; no printed or assembled PDF page is guessed.","Please double-check that the fourth Rice-theorem example asserts strict increase only when both displayed function values are defined."
"te-Telu-IN-OLTECOMTHY-018","te-Telu-IN-OLTECOMTHY-018-OCC-001","source_correction","contemporaneous","normal","high","false","OLTECOMTHY-018: confirmed partiality scope error","started the proof with arbitrary partial computable f, for which the same partial construction works; adjacent sourcecorrection discloses the repair","te-Telu-IN","Telu","IN","standard formal Telugu","international logical and mathematical notation with Arabic decimal digits and Latin metavariables","OLP-0250","OLP-0250-B007","upstream/content/computability/computability-theory/application-fixed-point.tex","4bdbdec16af8ee62d1cf0af9b3e4b79a01a5f404c826076a10e59fe8b4228696","28","32","979","1178","translation/content/computability/computability-theory/application-fixed-point.tex","d5af0796218cbb88f8626aa9c9c355ec3989d59aa9427d5197a6c36f6b3b2569","28","32","1977","2331","pending","","The cited unit is not yet integrated into the coherent full reader; no printed or assembled PDF page is guessed.","Please double-check that the fixed-point application begins with arbitrary partial computable f, matching the theorem and the partial construction of g."
"te-Telu-IN-OLTECOMTHY-018","te-Telu-IN-OLTECOMTHY-018-OCC-002","source_correction","contemporaneous","normal","high","false","OLTECOMTHY-018: confirmed partiality scope error","started the proof with arbitrary partial computable f, for which the same partial construction works; adjacent sourcecorrection discloses the repair","te-Telu-IN","Telu","IN","standard formal Telugu","international logical and mathematical notation with Arabic decimal digits and Latin metavariables","OLP-0250","OLP-0250-B008","upstream/content/computability/computability-theory/application-fixed-point.tex","4bdbdec16af8ee62d1cf0af9b3e4b79a01a5f404c826076a10e59fe8b4228696","34","36","1179","1315","translation/content/computability/computability-theory/application-fixed-point.tex","d5af0796218cbb88f8626aa9c9c355ec3989d59aa9427d5197a6c36f6b3b2569","34","59","2332","4974","pending","","The cited unit is not yet integrated into the coherent full reader; no printed or assembled PDF page is guessed.","Please double-check that the fixed-point application begins with arbitrary partial computable f, matching the theorem and the partial construction of g."
"te-Telu-IN-OLTETURMAC-001","te-Telu-IN-OLTETURMAC-001-OCC-001","source_correction","contemporaneous","normal","high","false","OLTETURMAC-001: confirmed state label mismatch","named q_0 explicitly in the inconsistent sentence; adjacent sourcecorrection discloses the repair","te-Telu-IN","Telu","IN","standard formal Telugu","international logical and mathematical notation with Arabic decimal digits and Latin metavariables","OLP-0255","OLP-0255-B014","upstream/content/turing-machines/machines-computations/representing-tms.tex","099ee6e5370880ce3164bdeeb6fe36a06d2387228fa2ce4df943cb88ed6f3afd","82","92","3387","3977","translation/content/turing-machines/machines-computations/representing-tms.tex","74be4153d2e9733f2dc993159e0bf52b20db9317dd8acbfc0c6aa3e02f7b104a","83","89","6296","7645","pending","","The cited unit is not yet integrated into the coherent full reader; no printed or assembled PDF page is guessed.","Please double-check: whether the Telugu disclosure for OLTETURMAC-001 is mathematically precise and idiomatic."
"te-Telu-IN-OLTETURMAC-002","te-Telu-IN-OLTETURMAC-002-OCC-001","source_correction","contemporaneous","normal","high","false","OLTETURMAC-002: confirmed undefined direction variable","used D and stated its three allowed values; adjacent sourcecorrection discloses the repair","te-Telu-IN","Telu","IN","standard formal Telugu","international logical and mathematical notation with Arabic decimal digits and Latin metavariables","OLP-0256","OLP-0256-B007","upstream/content/turing-machines/machines-computations/turing-machines.tex","20d13655358fa780af8f9a2e4994c101c1495ecce098512c28a60293ee239a65","42","44","1515","1711","translation/content/turing-machines/machines-computations/turing-machines.tex","f6e29a08c87fe20d02605afb36959ee15f733efe539f638acd58176fe643c3d6","39","45","2984","4315","pending","","The cited unit is not yet integrated into the coherent full reader; no printed or assembled PDF page is guessed.","Please double-check: whether the Telugu disclosure for OLTETURMAC-002 is mathematically precise and idiomatic."
"te-Telu-IN-OLTETURMAC-003","te-Telu-IN-OLTETURMAC-003-OCC-001","source_correction","contemporaneous","normal","high","false","OLTETURMAC-003: confirmed malformed adjacency phrase","stated that input begins immediately to the right of the left-end marker; adjacent sourcecorrection discloses the repair","te-Telu-IN","Telu","IN","standard formal Telugu","international logical and mathematical notation with Arabic decimal digits and Latin metavariables","OLP-0257","OLP-0257-B009","upstream/content/turing-machines/machines-computations/configuration.tex","8596ba7be3af54cf8eff3993ca931ba11f3664431eb2378f7fda47a2cf446b0b","58","60","2297","2423","translation/content/turing-machines/machines-computations/configuration.tex","4ed2bde12121ccf5736b3ff284c8a37aed23eb69b4657f9f6df7e3db44819dcb","55","58","4712","5558","pending","","The cited unit is not yet integrated into the coherent full reader; no printed or assembled PDF page is guessed.","Please double-check: whether the Telugu disclosure for OLTETURMAC-003 is mathematically precise and idiomatic."
"te-Telu-IN-OLTETURMAC-004","te-Telu-IN-OLTETURMAC-004-OCC-001","source_correction","contemporaneous","normal","high","false","OLTETURMAC-004: confirmed halting run definition conflict","allowed finite or infinite runs and applied the one-step condition only where a successor is present; adjacent sourcecorrection discloses the repair","te-Telu-IN","Telu","IN","standard formal Telugu","international logical and mathematical notation with Arabic decimal digits and Latin metavariables","OLP-0257","OLP-0257-B011","upstream/content/turing-machines/machines-computations/configuration.tex","8596ba7be3af54cf8eff3993ca931ba11f3664431eb2378f7fda47a2cf446b0b","84","87","3190","3415","translation/content/turing-machines/machines-computations/configuration.tex","4ed2bde12121ccf5736b3ff284c8a37aed23eb69b4657f9f6df7e3db44819dcb","82","87","6734","8083","pending","","The cited unit is not yet integrated into the coherent full reader; no printed or assembled PDF page is guessed.","Please double-check: whether the Telugu disclosure for OLTETURMAC-004 is mathematically precise and idiomatic."
"te-Telu-IN-OLTETURMAC-004","te-Telu-IN-OLTETURMAC-004-OCC-002","source_correction","contemporaneous","normal","high","false","OLTETURMAC-004: confirmed halting run definition conflict","allowed finite or infinite runs and applied the one-step condition only where a successor is present; adjacent sourcecorrection discloses the repair","te-Telu-IN","Telu","IN","standard formal Telugu","international logical and mathematical notation with Arabic decimal digits and Latin metavariables","OLP-0257","OLP-0257-B012","upstream/content/turing-machines/machines-computations/configuration.tex","8596ba7be3af54cf8eff3993ca931ba11f3664431eb2378f7fda47a2cf446b0b","89","91","3416","3621","translation/content/turing-machines/machines-computations/configuration.tex","4ed2bde12121ccf5736b3ff284c8a37aed23eb69b4657f9f6df7e3db44819dcb","89","95","8084","8768","pending","","The cited unit is not yet integrated into the coherent full reader; no printed or assembled PDF page is guessed.","Please double-check: whether the Telugu disclosure for OLTETURMAC-004 is mathematically precise and idiomatic."
"te-Telu-IN-OLTETURMAC-005","te-Telu-IN-OLTETURMAC-005-OCC-001","source_correction","contemporaneous","normal","high","false","OLTETURMAC-005: confirmed adder loop target error","retargeted the q_0 stroke loop to q_0; adjacent sourcecorrection discloses the repair","te-Telu-IN","Telu","IN","standard formal Telugu","international logical and mathematical notation with Arabic decimal digits and Latin metavariables","OLP-0258","OLP-0258-B010","upstream/content/turing-machines/machines-computations/unary-numbers.tex","c1e405708a0c2a3ff77377f136b2d94703174a4a23eefa25a9f6555a13cfcba3","55","59","2031","2408","translation/content/turing-machines/machines-computations/unary-numbers.tex","b8fecc31f6494b32db733a08f3daaf71e9b733cd5c5c88c3a661a1e6a72e9123","53","62","3564","4832","pending","","The cited unit is not yet integrated into the coherent full reader; no printed or assembled PDF page is guessed.","Please double-check: whether the Telugu disclosure for OLTETURMAC-005 is mathematically precise and idiomatic."
"te-Telu-IN-OLTETURMAC-006","te-Telu-IN-OLTETURMAC-006-OCC-001","source_correction","contemporaneous","normal","high","false","OLTETURMAC-006: confirmed copied adder loop target error","retargeted the copied q_0 stroke loop to q_0; adjacent sourcecorrection discloses the repair","te-Telu-IN","Telu","IN","standard formal Telugu","international logical and mathematical notation with Arabic decimal digits and Latin metavariables","OLP-0260","OLP-0260-B010","upstream/content/turing-machines/machines-computations/disciplined-machines.tex","b90ae0706db20b57872c40cdbd28e8ecb3d9aa98bbab8f18974ca235e4607aaa","66","70","2827","3190","translation/content/turing-machines/machines-computations/disciplined-machines.tex","01d22a97e48eb06a0cbd3a26fade9db32b6d09e38748b76dd042e97b4f1ab549","63","74","5316","6591","pending","","The cited unit is not yet integrated into the coherent full reader; no printed or assembled PDF page is guessed.","Please double-check: whether the Telugu disclosure for OLTETURMAC-006 is mathematically precise and idiomatic."
"te-Telu-IN-OLTETURMAC-007","te-Telu-IN-OLTETURMAC-007-OCC-001","source_correction","contemporaneous","normal","high","false","OLTETURMAC-007: confirmed overlapping transition cases","restricted the first case to defined component transitions; adjacent sourcecorrection discloses the repair","te-Telu-IN","Telu","IN","standard formal Telugu","international logical and mathematical notation with Arabic decimal digits and Latin metavariables","OLP-0261","OLP-0261-B006","upstream/content/turing-machines/machines-computations/combining-machines.tex","02dfa5443489d4035dc4e83de121becb3ebcd8a13564f9531ffb21b8ff5fef48","37","43","1673","1932","translation/content/turing-machines/machines-computations/combining-machines.tex","4c0be68bc5222e1d2373e6537351af795d26efc33c3b409c1ec4b9e08deb2795","35","43","3413","4480","pending","","The cited unit is not yet integrated into the coherent full reader; no printed or assembled PDF page is guessed.","Please double-check: whether the Telugu disclosure for OLTETURMAC-007 is mathematically precise and idiomatic."
"te-Telu-IN-OLTETURMAC-008","te-Telu-IN-OLTETURMAC-008-OCC-001","source_correction","contemporaneous","normal","high","false","OLTETURMAC-008: confirmed triplicated adder loop target error","retargeted all three copied q_0 stroke loops to q_0; adjacent sourcecorrection discloses the repair","te-Telu-IN","Telu","IN","standard formal Telugu","international logical and mathematical notation with Arabic decimal digits and Latin metavariables","OLP-0261","OLP-0261-B010","upstream/content/turing-machines/machines-computations/combining-machines.tex","02dfa5443489d4035dc4e83de121becb3ebcd8a13564f9531ffb21b8ff5fef48","74","78","3301","3679","translation/content/turing-machines/machines-computations/combining-machines.tex","4c0be68bc5222e1d2373e6537351af795d26efc33c3b409c1ec4b9e08deb2795","71","86","7119","8548","pending","","The cited unit is not yet integrated into the coherent full reader; no printed or assembled PDF page is guessed.","Please double-check: whether the Telugu disclosure for OLTETURMAC-008 is mathematically precise and idiomatic."
"te-Telu-IN-OLTETURMAC-008","te-Telu-IN-OLTETURMAC-008-OCC-002","source_correction","contemporaneous","normal","high","false","OLTETURMAC-008: confirmed triplicated adder loop target error","retargeted all three copied q_0 stroke loops to q_0; adjacent sourcecorrection discloses the repair","te-Telu-IN","Telu","IN","standard formal Telugu","international logical and mathematical notation with Arabic decimal digits and Latin metavariables","OLP-0261","OLP-0261-B012","upstream/content/turing-machines/machines-computations/combining-machines.tex","02dfa5443489d4035dc4e83de121becb3ebcd8a13564f9531ffb21b8ff5fef48","97","101","4454","4818","translation/content/turing-machines/machines-computations/combining-machines.tex","4c0be68bc5222e1d2373e6537351af795d26efc33c3b409c1ec4b9e08deb2795","94","121","8805","10784","pending","","The cited unit is not yet integrated into the coherent full reader; no printed or assembled PDF page is guessed.","Please double-check: whether the Telugu disclosure for OLTETURMAC-008 is mathematically precise and idiomatic."
"te-Telu-IN-OLTETURMAC-008","te-Telu-IN-OLTETURMAC-008-OCC-003","source_correction","contemporaneous","normal","high","false","OLTETURMAC-008: confirmed triplicated adder loop target error","retargeted all three copied q_0 stroke loops to q_0; adjacent sourcecorrection discloses the repair","te-Telu-IN","Telu","IN","standard formal Telugu","international logical and mathematical notation with Arabic decimal digits and Latin metavariables","OLP-0261","OLP-0261-B013","upstream/content/turing-machines/machines-computations/combining-machines.tex","02dfa5443489d4035dc4e83de121becb3ebcd8a13564f9531ffb21b8ff5fef48","127","131","6011","6375","translation/content/turing-machines/machines-computations/combining-machines.tex","4c0be68bc5222e1d2373e6537351af795d26efc33c3b409c1ec4b9e08deb2795","123","147","10785","12948","pending","","The cited unit is not yet integrated into the coherent full reader; no printed or assembled PDF page is guessed.","Please double-check: whether the Telugu disclosure for OLTETURMAC-008 is mathematically precise and idiomatic."
"te-Telu-IN-OLTETURUND-001","te-Telu-IN-OLTETURUND-001-OCC-001","source_correction","contemporaneous","normal","high","false","OLTETURUND-001: confirmed missing auxiliary","rendered the intended cannot-be-effectively-decided claim; adjacent sourcecorrection discloses the repair","te-Telu-IN","Telu","IN","standard formal Telugu","international logical and mathematical notation with Arabic decimal digits and Latin metavariables","OLP-0265","OLP-0265-B008","upstream/content/turing-machines/undecidability/introduction.tex","93d2253ac6e586e10383a07e5851584833964c1fbcffaedef10a806a09023334","45","48","1941","2203","translation/content/turing-machines/undecidability/introduction.tex","2a96e726026ff38731c6e1bc16914eae8f7851455407c62db436f8e5a5d4468a","43","51","4389","6578","pending","","The cited unit is not yet integrated into the coherent full reader; no printed or assembled PDF page is guessed.","Please double-check: whether the Telugu disclosure for OLTETURUND-001 is mathematically precise and idiomatic."
"te-Telu-IN-OLTETURUND-002","te-Telu-IN-OLTETURUND-002-OCC-001","source_correction","contemporaneous","normal","high","false","OLTETURUND-002: confirmed duplicate noun","referred simply to machine M; adjacent sourcecorrection discloses the repair","te-Telu-IN","Telu","IN","standard formal Telugu","international logical and mathematical notation with Arabic decimal digits and Latin metavariables","OLP-0265","OLP-0265-B010","upstream/content/turing-machines/undecidability/introduction.tex","93d2253ac6e586e10383a07e5851584833964c1fbcffaedef10a806a09023334","80","83","4129","4363","translation/content/turing-machines/undecidability/introduction.tex","2a96e726026ff38731c6e1bc16914eae8f7851455407c62db436f8e5a5d4468a","69","78","9659","11786","pending","","The cited unit is not yet integrated into the coherent full reader; no printed or assembled PDF page is guessed.","Please double-check: whether the Telugu disclosure for OLTETURUND-002 is mathematically precise and idiomatic."
"te-Telu-IN-OLTETURUND-003","te-Telu-IN-OLTETURUND-003-OCC-001","source_correction","contemporaneous","normal","high","false","OLTETURUND-003: confirmed category error in exercise","asked why every Turing-computable function is computed by a standard machine; adjacent sourcecorrection discloses the repair","te-Telu-IN","Telu","IN","standard formal Telugu","international logical and mathematical notation with Arabic decimal digits and Latin metavariables","OLP-0266","OLP-0266-B018","upstream/content/turing-machines/undecidability/enumerating-tms.tex","4c8ce821f6a0585dcd5a20f4d7d1082b439c2a21b1450cc967155a5a548f62c1","145","150","6597","6919","translation/content/turing-machines/undecidability/enumerating-tms.tex","59cf30ff7a8689de4029af3defc9c3935a1e20c240bcf1a1075b9b090dd988e6","138","145","12106","13578","pending","","The cited unit is not yet integrated into the coherent full reader; no printed or assembled PDF page is guessed.","Please double-check: whether the Telugu disclosure for OLTETURUND-003 is mathematically precise and idiomatic."
"te-Telu-IN-OLTETURUND-004","te-Telu-IN-OLTETURUND-004-OCC-001","source_correction","contemporaneous","normal","high","false","OLTETURUND-004: confirmed sentence fragment","completed the first-element premise and retained the erasure-and-halt conclusion; adjacent sourcecorrection discloses the repair","te-Telu-IN","Telu","IN","standard formal Telugu","international logical and mathematical notation with Arabic decimal digits and Latin metavariables","OLP-0267","OLP-0267-B009","upstream/content/turing-machines/undecidability/universal-tm.tex","aa4bdd1cf46621152e74cecfe49f34398c6e9f29ac92473bc2835c7acfcf9ed6","47","55","2115","2695","translation/content/turing-machines/undecidability/universal-tm.tex","6b987ad8bcca18b6c61151ff25dd3cfceb661f473859610d00f9072660ddaf7d","42","50","4608","6455","pending","","The cited unit is not yet integrated into the coherent full reader; no printed or assembled PDF page is guessed.","Please double-check: whether the Telugu disclosure for OLTETURUND-004 is mathematically precise and idiomatic."
"te-Telu-IN-OLTETURUND-005","te-Telu-IN-OLTETURUND-005-OCC-001","source_correction","contemporaneous","normal","high","false","OLTETURUND-005: confirmed function machine category error","stated h's values and reserved halting language for a computing machine; adjacent sourcecorrection discloses the repair","te-Telu-IN","Telu","IN","standard formal Telugu","international logical and mathematical notation with Arabic decimal digits and Latin metavariables","OLP-0269","OLP-0269-B007","upstream/content/turing-machines/undecidability/decision-problem.tex","e55cc5610483e274125f4d5caa00965ecee3b77e819218f7cb6f59e879e9bdd3","28","35","1122","1674","translation/content/turing-machines/undecidability/decision-problem.tex","335d42ea03557f97b9ff3bbc55d8b94ef665e19efbab58361fbbe847e4bcb002","27","34","2569","4186","pending","","The cited unit is not yet integrated into the coherent full reader; no printed or assembled PDF page is guessed.","Please double-check: whether the Telugu disclosure for OLTETURUND-005 is mathematically precise and idiomatic."
"te-Telu-IN-OLTETURUND-006","te-Telu-IN-OLTETURUND-006-OCC-001","source_correction","contemporaneous","normal","high","false","OLTETURUND-006: confirmed left transition frame error","used A(x',y) so all squares except the written origin square are preserved; adjacent sourcecorrection discloses the repair","te-Telu-IN","Telu","IN","standard formal Telugu","international logical and mathematical notation with Arabic decimal digits and Latin metavariables","OLP-0270","OLP-0270-B014","upstream/content/turing-machines/undecidability/representing-tms.tex","9b07ae3b7dc8802daae69390c7c6ca17b1550a0c99b8d38a16732406b28a58c5","139","156","5234","6106","translation/content/turing-machines/undecidability/representing-tms.tex","80fc7e6b6b6ce03d935e7401fe1eecd5f050c0dba120670781cca0bf20698ff3","132","147","10257","11544","pending","","The cited unit is not yet integrated into the coherent full reader; no printed or assembled PDF page is guessed.","Please double-check: whether the Telugu disclosure for OLTETURUND-006 is mathematically precise and idiomatic."
"te-Telu-IN-OLTETURUND-006","te-Telu-IN-OLTETURUND-006-OCC-002","source_correction","contemporaneous","normal","high","false","OLTETURUND-006: confirmed left transition frame error","used A(x',y) so all squares except the written origin square are preserved; adjacent sourcecorrection discloses the repair","te-Telu-IN","Telu","IN","standard formal Telugu","international logical and mathematical notation with Arabic decimal digits and Latin metavariables","OLP-0270","OLP-0270-B015","upstream/content/turing-machines/undecidability/representing-tms.tex","9b07ae3b7dc8802daae69390c7c6ca17b1550a0c99b8d38a16732406b28a58c5","158","166","6107","6709","translation/content/turing-machines/undecidability/representing-tms.tex","80fc7e6b6b6ce03d935e7401fe1eecd5f050c0dba120670781cca0bf20698ff3","149","167","11545","13977","pending","","The cited unit is not yet integrated into the coherent full reader; no printed or assembled PDF page is guessed.","Please double-check: whether the Telugu disclosure for OLTETURUND-006 is mathematically precise and idiomatic."
"te-Telu-IN-OLTETURUND-007","te-Telu-IN-OLTETURUND-007-OCC-001","source_correction","contemporaneous","normal","high","false","OLTETURUND-007: confirmed metavariable marker omission","restored !T(M,w); adjacent sourcecorrection discloses the repair","te-Telu-IN","Telu","IN","standard formal Telugu","international logical and mathematical notation with Arabic decimal digits and Latin metavariables","OLP-0271","OLP-0271-B007","upstream/content/turing-machines/undecidability/verification.tex","4d63cccc4113d567d9f0c874bc0690fa99330705b9a840a344a20ebdcd8a2660","37","42","1700","2059","translation/content/turing-machines/undecidability/verification.tex","14853394c6b41b2cf6919e705e05f94fa7f0da9132c2ec9028b6b18ec5318ba9","31","43","2855","4817","pending","","The cited unit is not yet integrated into the coherent full reader; no printed or assembled PDF page is guessed.","Please double-check: whether the Telugu disclosure for OLTETURUND-007 is mathematically precise and idiomatic."
"te-Telu-IN-OLTETURUND-008","te-Telu-IN-OLTETURUND-008-OCC-001","source_correction","contemporaneous","normal","high","false","OLTETURUND-008: confirmed machine metavariable substitution","named machine M rather than sentence metavariable T; adjacent sourcecorrection discloses the repair","te-Telu-IN","Telu","IN","standard formal Telugu","international logical and mathematical notation with Arabic decimal digits and Latin metavariables","OLP-0271","OLP-0271-B008","upstream/content/turing-machines/undecidability/verification.tex","4d63cccc4113d567d9f0c874bc0690fa99330705b9a840a344a20ebdcd8a2660","44","57","2060","2995","translation/content/turing-machines/undecidability/verification.tex","14853394c6b41b2cf6919e705e05f94fa7f0da9132c2ec9028b6b18ec5318ba9","45","58","4993","7029","pending","","The cited unit is not yet integrated into the coherent full reader; no printed or assembled PDF page is guessed.","Please double-check: whether the Telugu disclosure for OLTETURUND-008 is mathematically precise and idiomatic."
"te-Telu-IN-OLTETURUND-009","te-Telu-IN-OLTETURUND-009-OCC-001","source_correction","contemporaneous","normal","high","false","OLTETURUND-009: confirmed witness variable and symbol mismatch","used chosen q,sigma as the premise, distinct bound q',sigma' in the disjunction and restored Obj; adjacent sourcecorrection discloses the repair","te-Telu-IN","Telu","IN","standard formal Telugu","international logical and mathematical notation with Arabic decimal digits and Latin metavariables","OLP-0271","OLP-0271-B011","upstream/content/turing-machines/undecidability/verification.tex","4d63cccc4113d567d9f0c874bc0690fa99330705b9a840a344a20ebdcd8a2660","79","98","3752","4611","translation/content/turing-machines/undecidability/verification.tex","14853394c6b41b2cf6919e705e05f94fa7f0da9132c2ec9028b6b18ec5318ba9","80","100","8511","10389","pending","","The cited unit is not yet integrated into the coherent full reader; no printed or assembled PDF page is guessed.","Please double-check: whether the Telugu disclosure for OLTETURUND-009 is mathematically precise and idiomatic."
"te-Telu-IN-OLTETURUND-010","te-Telu-IN-OLTETURUND-010-OCC-001","source_correction","contemporaneous","normal","high","false","OLTETURUND-010: confirmed induction scope conflict","used the exact not-halted-before-n domain of the run throughout; adjacent sourcecorrection discloses the repair","te-Telu-IN","Telu","IN","standard formal Telugu","international logical and mathematical notation with Arabic decimal digits and Latin metavariables","OLP-0271","OLP-0271-B013","upstream/content/turing-machines/undecidability/verification.tex","4d63cccc4113d567d9f0c874bc0690fa99330705b9a840a344a20ebdcd8a2660","107","111","4825","4954","translation/content/turing-machines/undecidability/verification.tex","14853394c6b41b2cf6919e705e05f94fa7f0da9132c2ec9028b6b18ec5318ba9","107","111","10755","10927","pending","","The cited unit is not yet integrated into the coherent full reader; no printed or assembled PDF page is guessed.","Please double-check: whether the Telugu disclosure for OLTETURUND-010 is mathematically precise and idiomatic."
"te-Telu-IN-OLTETURUND-010","te-Telu-IN-OLTETURUND-010-OCC-002","source_correction","contemporaneous","normal","high","false","OLTETURUND-010: confirmed induction scope conflict","used the exact not-halted-before-n domain of the run throughout; adjacent sourcecorrection discloses the repair","te-Telu-IN","Telu","IN","standard formal Telugu","international logical and mathematical notation with Arabic decimal digits and Latin metavariables","OLP-0271","OLP-0271-B014","upstream/content/turing-machines/undecidability/verification.tex","4d63cccc4113d567d9f0c874bc0690fa99330705b9a840a344a20ebdcd8a2660","113","115","4955","5087","translation/content/turing-machines/undecidability/verification.tex","14853394c6b41b2cf6919e705e05f94fa7f0da9132c2ec9028b6b18ec5318ba9","113","115","10928","11214","pending","","The cited unit is not yet integrated into the coherent full reader; no printed or assembled PDF page is guessed.","Please double-check: whether the Telugu disclosure for OLTETURUND-010 is mathematically precise and idiomatic."
"te-Telu-IN-OLTETURUND-010","te-Telu-IN-OLTETURUND-010-OCC-003","source_correction","contemporaneous","normal","high","false","OLTETURUND-010: confirmed induction scope conflict","used the exact not-halted-before-n domain of the run throughout; adjacent sourcecorrection discloses the repair","te-Telu-IN","Telu","IN","standard formal Telugu","international logical and mathematical notation with Arabic decimal digits and Latin metavariables","OLP-0271","OLP-0271-B015","upstream/content/turing-machines/undecidability/verification.tex","4d63cccc4113d567d9f0c874bc0690fa99330705b9a840a344a20ebdcd8a2660","117","120","5088","5306","translation/content/turing-machines/undecidability/verification.tex","14853394c6b41b2cf6919e705e05f94fa7f0da9132c2ec9028b6b18ec5318ba9","117","119","11215","12494","pending","","The cited unit is not yet integrated into the coherent full reader; no printed or assembled PDF page is guessed.","Please double-check: whether the Telugu disclosure for OLTETURUND-010 is mathematically precise and idiomatic."
"te-Telu-IN-OLTETURUND-010","te-Telu-IN-OLTETURUND-010-OCC-004","source_correction","contemporaneous","normal","high","false","OLTETURUND-010: confirmed induction scope conflict","used the exact not-halted-before-n domain of the run throughout; adjacent sourcecorrection discloses the repair","te-Telu-IN","Telu","IN","standard formal Telugu","international logical and mathematical notation with Arabic decimal digits and Latin metavariables","OLP-0271","OLP-0271-B027","upstream/content/turing-machines/undecidability/verification.tex","4d63cccc4113d567d9f0c874bc0690fa99330705b9a840a344a20ebdcd8a2660","238","238","10712","10777","translation/content/turing-machines/undecidability/verification.tex","14853394c6b41b2cf6919e705e05f94fa7f0da9132c2ec9028b6b18ec5318ba9","237","241","22835","23117","pending","","The cited unit is not yet integrated into the coherent full reader; no printed or assembled PDF page is guessed.","Please double-check: whether the Telugu disclosure for OLTETURUND-010 is mathematically precise and idiomatic."
"te-Telu-IN-OLTETURUND-011","te-Telu-IN-OLTETURUND-011-OCC-001","source_correction","contemporaneous","normal","high","false","OLTETURUND-011: confirmed missing first induction step","used n>=0 so the step covers the transition from the base case; adjacent sourcecorrection discloses the repair","te-Telu-IN","Telu","IN","standard formal Telugu","international logical and mathematical notation with Arabic decimal digits and Latin metavariables","OLP-0271","OLP-0271-B016","upstream/content/turing-machines/undecidability/verification.tex","4d63cccc4113d567d9f0c874bc0690fa99330705b9a840a344a20ebdcd8a2660","122","125","5307","5529","translation/content/turing-machines/undecidability/verification.tex","14853394c6b41b2cf6919e705e05f94fa7f0da9132c2ec9028b6b18ec5318ba9","121","123","12495","13010","pending","","The cited unit is not yet integrated into the coherent full reader; no printed or assembled PDF page is guessed.","Please double-check: whether the Telugu disclosure for OLTETURUND-011 is mathematically precise and idiomatic."
"te-Telu-IN-OLTETURUND-011","te-Telu-IN-OLTETURUND-011-OCC-002","source_correction","contemporaneous","normal","high","false","OLTETURUND-011: confirmed missing first induction step","used n>=0 so the step covers the transition from the base case; adjacent sourcecorrection discloses the repair","te-Telu-IN","Telu","IN","standard formal Telugu","international logical and mathematical notation with Arabic decimal digits and Latin metavariables","OLP-0271","OLP-0271-B019","upstream/content/turing-machines/undecidability/verification.tex","4d63cccc4113d567d9f0c874bc0690fa99330705b9a840a344a20ebdcd8a2660","132","133","5697","5785","translation/content/turing-machines/undecidability/verification.tex","14853394c6b41b2cf6919e705e05f94fa7f0da9132c2ec9028b6b18ec5318ba9","130","131","13177","13701","pending","","The cited unit is not yet integrated into the coherent full reader; no printed or assembled PDF page is guessed.","Please double-check: whether the Telugu disclosure for OLTETURUND-011 is mathematically precise and idiomatic."
"te-Telu-IN-OLTETURUND-012","te-Telu-IN-OLTETURUND-012-OCC-001","source_correction","contemporaneous","normal","high","false","OLTETURUND-012: confirmed right transition duplicate symbol clause","made the unchanged conjunction explicitly range over i not equal to m; adjacent sourcecorrection discloses the repair","te-Telu-IN","Telu","IN","standard formal Telugu","international logical and mathematical notation with Arabic decimal digits and Latin metavariables","OLP-0271","OLP-0271-B021","upstream/content/turing-machines/undecidability/verification.tex","4d63cccc4113d567d9f0c874bc0690fa99330705b9a840a344a20ebdcd8a2660","163","173","7061","7635","translation/content/turing-machines/undecidability/verification.tex","14853394c6b41b2cf6919e705e05f94fa7f0da9132c2ec9028b6b18ec5318ba9","162","176","15718","17865","pending","","The cited unit is not yet integrated into the coherent full reader; no printed or assembled PDF page is guessed.","Please double-check: whether the Telugu disclosure for OLTETURUND-012 is mathematically precise and idiomatic."
"te-Telu-IN-OLTETURUND-013","te-Telu-IN-OLTETURUND-013-OCC-001","source_correction","contemporaneous","normal","high","false","OLTETURUND-013: confirmed left transition verification errors","used A(x',y), q/q' and excluded the old written-square conjunct; adjacent sourcecorrection discloses the repair","te-Telu-IN","Telu","IN","standard formal Telugu","international logical and mathematical notation with Arabic decimal digits and Latin metavariables","OLP-0271","OLP-0271-B026","upstream/content/turing-machines/undecidability/verification.tex","4d63cccc4113d567d9f0c874bc0690fa99330705b9a840a344a20ebdcd8a2660","201","234","8967","10647","translation/content/turing-machines/undecidability/verification.tex","14853394c6b41b2cf6919e705e05f94fa7f0da9132c2ec9028b6b18ec5318ba9","207","245","20093","23291","pending","","The cited unit is not yet integrated into the coherent full reader; no printed or assembled PDF page is guessed.","Please double-check: whether the Telugu disclosure for OLTETURUND-013 is mathematically precise and idiomatic."
"te-Telu-IN-OLTETURUND-014","te-Telu-IN-OLTETURUND-014-OCC-001","source_correction","contemporaneous","normal","high","false","OLTETURUND-014: confirmed finite domain bound too small","used n=max(k+1,len(w)) in both finite-model constructions; adjacent sourcecorrection discloses the repair","te-Telu-IN","Telu","IN","standard formal Telugu","international logical and mathematical notation with Arabic decimal digits and Latin metavariables","OLP-0273","OLP-0273-B007","upstream/content/turing-machines/undecidability/trakhtenbrot.tex","bd1a1c362c23d954d78610dbb7dcde85e7a3aff378b80eb51607c26cd718e802","35","50","1505","2211","translation/content/turing-machines/undecidability/trakhtenbrot.tex","ae1edca39ccb6d8652238554b15c52eba2c6fe1b32a789605392e2c41fc96b33","28","51","2301","5428","pending","","The cited unit is not yet integrated into the coherent full reader; no printed or assembled PDF page is guessed.","Please double-check: whether the Telugu disclosure for OLTETURUND-014 is mathematically precise and idiomatic."
"te-Telu-IN-OLTETURUND-014","te-Telu-IN-OLTETURUND-014-OCC-002","source_correction","contemporaneous","normal","high","false","OLTETURUND-014: confirmed finite domain bound too small","used n=max(k+1,len(w)) in both finite-model constructions; adjacent sourcecorrection discloses the repair","te-Telu-IN","Telu","IN","standard formal Telugu","international logical and mathematical notation with Arabic decimal digits and Latin metavariables","OLP-0273","OLP-0273-B013","upstream/content/turing-machines/undecidability/trakhtenbrot.tex","bd1a1c362c23d954d78610dbb7dcde85e7a3aff378b80eb51607c26cd718e802","170","184","7479","8053","translation/content/turing-machines/undecidability/trakhtenbrot.tex","ae1edca39ccb6d8652238554b15c52eba2c6fe1b32a789605392e2c41fc96b33","167","183","15584","16510","pending","","The cited unit is not yet integrated into the coherent full reader; no printed or assembled PDF page is guessed.","Please double-check: whether the Telugu disclosure for OLTETURUND-014 is mathematically precise and idiomatic."
"te-Telu-IN-OLTETURUND-015","te-Telu-IN-OLTETURUND-015-OCC-001","source_correction","contemporaneous","normal","high","false","OLTETURUND-015: confirmed exercise symbol and structure typos","restored q_0 and M'' in the one-state M'' exercise; adjacent sourcecorrection discloses the repair","te-Telu-IN","Telu","IN","standard formal Telugu","international logical and mathematical notation with Arabic decimal digits and Latin metavariables","OLP-0273","OLP-0273-B009","upstream/content/turing-machines/undecidability/trakhtenbrot.tex","bd1a1c362c23d954d78610dbb7dcde85e7a3aff378b80eb51607c26cd718e802","68","85","3157","4157","translation/content/turing-machines/undecidability/trakhtenbrot.tex","ae1edca39ccb6d8652238554b15c52eba2c6fe1b32a789605392e2c41fc96b33","66","85","7250","9355","pending","","The cited unit is not yet integrated into the coherent full reader; no printed or assembled PDF page is guessed.","Please double-check: whether the Telugu disclosure for OLTETURUND-015 is mathematically precise and idiomatic."
"te-Telu-IN-OLTETURUND-016","te-Telu-IN-OLTETURUND-016-OCC-001","source_correction","contemporaneous","normal","high","false","OLTETURUND-016: confirmed modified left transition omissions","added B(y') to the nonzero branch and used A(x',y); adjacent sourcecorrection discloses the repair","te-Telu-IN","Telu","IN","standard formal Telugu","international logical and mathematical notation with Arabic decimal digits and Latin metavariables","OLP-0273","OLP-0273-B011","upstream/content/turing-machines/undecidability/trakhtenbrot.tex","bd1a1c362c23d954d78610dbb7dcde85e7a3aff378b80eb51607c26cd718e802","112","137","5070","6254","translation/content/turing-machines/undecidability/trakhtenbrot.tex","ae1edca39ccb6d8652238554b15c52eba2c6fe1b32a789605392e2c41fc96b33","112","135","11051","13623","pending","","The cited unit is not yet integrated into the coherent full reader; no printed or assembled PDF page is guessed.","Please double-check: whether the Telugu disclosure for OLTETURUND-016 is mathematically precise and idiomatic."
"te-Telu-IN-OLTETURUND-017","te-Telu-IN-OLTETURUND-017-OCC-001","source_correction","contemporaneous","normal","high","false","OLTETURUND-017: confirmed lemma formula regressions","used !T' and !E throughout and retained the corrected finite bound; adjacent sourcecorrection discloses the repair","te-Telu-IN","Telu","IN","standard formal Telugu","international logical and mathematical notation with Arabic decimal digits and Latin metavariables","OLP-0273","OLP-0273-B013","upstream/content/turing-machines/undecidability/trakhtenbrot.tex","bd1a1c362c23d954d78610dbb7dcde85e7a3aff378b80eb51607c26cd718e802","170","185","7479","8065","translation/content/turing-machines/undecidability/trakhtenbrot.tex","ae1edca39ccb6d8652238554b15c52eba2c6fe1b32a789605392e2c41fc96b33","167","183","15584","16510","pending","","The cited unit is not yet integrated into the coherent full reader; no printed or assembled PDF page is guessed.","Please double-check: whether the Telugu disclosure for OLTETURUND-017 is mathematically precise and idiomatic."
"te-Telu-IN-OLTETURUND-017","te-Telu-IN-OLTETURUND-017-OCC-002","source_correction","contemporaneous","normal","high","false","OLTETURUND-017: confirmed lemma formula regressions","used !T' and !E throughout and retained the corrected finite bound; adjacent sourcecorrection discloses the repair","te-Telu-IN","Telu","IN","standard formal Telugu","international logical and mathematical notation with Arabic decimal digits and Latin metavariables","OLP-0273","OLP-0273-B014","upstream/content/turing-machines/undecidability/trakhtenbrot.tex","bd1a1c362c23d954d78610dbb7dcde85e7a3aff378b80eb51607c26cd718e802","187","190","8066","8203","translation/content/turing-machines/undecidability/trakhtenbrot.tex","ae1edca39ccb6d8652238554b15c52eba2c6fe1b32a789605392e2c41fc96b33","185","188","16511","17574","pending","","The cited unit is not yet integrated into the coherent full reader; no printed or assembled PDF page is guessed.","Please double-check: whether the Telugu disclosure for OLTETURUND-017 is mathematically precise and idiomatic."
"te-Telu-IN-OLTETURUND-018","te-Telu-IN-OLTETURUND-018-OCC-001","source_correction","contemporaneous","normal","high","false","OLTETURUND-018: confirmed contrapositive model and base scope errors","assumed a model of !T' and !E and restricted B(num(n)) to n>0; adjacent sourcecorrection discloses the repair","te-Telu-IN","Telu","IN","standard formal Telugu","international logical and mathematical notation with Arabic decimal digits and Latin metavariables","OLP-0273","OLP-0273-B016","upstream/content/turing-machines/undecidability/trakhtenbrot.tex","bd1a1c362c23d954d78610dbb7dcde85e7a3aff378b80eb51607c26cd718e802","197","201","8339","8603","translation/content/turing-machines/undecidability/trakhtenbrot.tex","ae1edca39ccb6d8652238554b15c52eba2c6fe1b32a789605392e2c41fc96b33","195","199","17806","18356","pending","","The cited unit is not yet integrated into the coherent full reader; no printed or assembled PDF page is guessed.","Please double-check: whether the Telugu disclosure for OLTETURUND-018 is mathematically precise and idiomatic."
"te-Telu-IN-OLTETURUND-018","te-Telu-IN-OLTETURUND-018-OCC-002","source_correction","contemporaneous","normal","high","false","OLTETURUND-018: confirmed contrapositive model and base scope errors","assumed a model of !T' and !E and restricted B(num(n)) to n>0; adjacent sourcecorrection discloses the repair","te-Telu-IN","Telu","IN","standard formal Telugu","international logical and mathematical notation with Arabic decimal digits and Latin metavariables","OLP-0273","OLP-0273-B017","upstream/content/turing-machines/undecidability/trakhtenbrot.tex","bd1a1c362c23d954d78610dbb7dcde85e7a3aff378b80eb51607c26cd718e802","203","215","8606","9369","translation/content/turing-machines/undecidability/trakhtenbrot.tex","ae1edca39ccb6d8652238554b15c52eba2c6fe1b32a789605392e2c41fc96b33","201","214","18357","20666","pending","","The cited unit is not yet integrated into the coherent full reader; no printed or assembled PDF page is guessed.","Please double-check: whether the Telugu disclosure for OLTETURUND-018 is mathematically precise and idiomatic."
"te-Telu-IN-OLTETURUND-018","te-Telu-IN-OLTETURUND-018-OCC-003","source_correction","contemporaneous","normal","high","false","OLTETURUND-018: confirmed contrapositive model and base scope errors","assumed a model of !T' and !E and restricted B(num(n)) to n>0; adjacent sourcecorrection discloses the repair","te-Telu-IN","Telu","IN","standard formal Telugu","international logical and mathematical notation with Arabic decimal digits and Latin metavariables","OLP-0273","OLP-0273-B018","upstream/content/turing-machines/undecidability/trakhtenbrot.tex","bd1a1c362c23d954d78610dbb7dcde85e7a3aff378b80eb51607c26cd718e802","217","220","9370","9564","translation/content/turing-machines/undecidability/trakhtenbrot.tex","ae1edca39ccb6d8652238554b15c52eba2c6fe1b32a789605392e2c41fc96b33","216","220","20667","21036","pending","","The cited unit is not yet integrated into the coherent full reader; no printed or assembled PDF page is guessed.","Please double-check: whether the Telugu disclosure for OLTETURUND-018 is mathematically precise and idiomatic."
"te-Telu-IN-OLTEINCINT-001","te-Telu-IN-OLTEINCINT-001-OCC-001","source_correction","contemporaneous","normal","high","false","OLTEINCINT-001: confirmed singular plural mismatch","used the intended plural logical assumptions; adjacent sourcecorrection discloses the repair","te-Telu-IN","Telu","IN","standard formal Telugu","international logical and mathematical notation with Arabic decimal digits and Latin metavariables","OLP-0276","OLP-0276-B010","upstream/content/incompleteness/introduction/historical-background.tex","24c4a36e9f95064267c6bd001f81091cbc7f963c25e32a6d3c8630483b76d3e6","51","55","2276","2595","translation/content/incompleteness/introduction/historical-background.tex","a969dc22874dde259d7fb45430fdd4bf22cb112d47092dd97374422aeb092d27","47","52","5700","7066","pending","","The cited unit is not yet integrated into the coherent full reader; no printed or assembled PDF page is guessed.","Please double-check: whether the Telugu disclosure for OLTEINCINT-001 is mathematically precise and idiomatic."
"te-Telu-IN-OLTEINCINT-002","te-Telu-IN-OLTEINCINT-002-OCC-001","source_correction","contemporaneous","normal","high","false","OLTEINCINT-002: confirmed missing plural inflection","used the intended plural mathematical objects; adjacent sourcecorrection discloses the repair","te-Telu-IN","Telu","IN","standard formal Telugu","international logical and mathematical notation with Arabic decimal digits and Latin metavariables","OLP-0276","OLP-0276-B014","upstream/content/incompleteness/introduction/historical-background.tex","24c4a36e9f95064267c6bd001f81091cbc7f963c25e32a6d3c8630483b76d3e6","107","110","5640","5899","translation/content/incompleteness/introduction/historical-background.tex","a969dc22874dde259d7fb45430fdd4bf22cb112d47092dd97374422aeb092d27","89","94","13507","14688","pending","","The cited unit is not yet integrated into the coherent full reader; no printed or assembled PDF page is guessed.","Please double-check: whether the Telugu disclosure for OLTEINCINT-002 is mathematically precise and idiomatic."
"te-Telu-IN-OLTEINCINT-003","te-Telu-IN-OLTEINCINT-003-OCC-001","source_correction","contemporaneous","normal","high","false","OLTEINCINT-003: confirmed subject verb agreement","used a complete past-tense contribution claim; adjacent sourcecorrection discloses the repair","te-Telu-IN","Telu","IN","standard formal Telugu","international logical and mathematical notation with Arabic decimal digits and Latin metavariables","OLP-0276","OLP-0276-B015","upstream/content/incompleteness/introduction/historical-background.tex","24c4a36e9f95064267c6bd001f81091cbc7f963c25e32a6d3c8630483b76d3e6","117","119","6250","6460","translation/content/incompleteness/introduction/historical-background.tex","a969dc22874dde259d7fb45430fdd4bf22cb112d47092dd97374422aeb092d27","98","103","15304","16465","pending","","The cited unit is not yet integrated into the coherent full reader; no printed or assembled PDF page is guessed.","Please double-check: whether the Telugu disclosure for OLTEINCINT-003 is mathematically precise and idiomatic."
"te-Telu-IN-OLTEINCINT-004","te-Telu-IN-OLTEINCINT-004-OCC-001","source_correction","contemporaneous","normal","high","false","OLTEINCINT-004: confirmed overbroad incompleteness claim","added the controlling consistency, effective-axiomatization and strength hypotheses and limited the consistency consequence to non-provability; adjacent sourcecorrection discloses the repair","te-Telu-IN","Telu","IN","standard formal Telugu","international logical and mathematical notation with Arabic decimal digits and Latin metavariables","OLP-0276","OLP-0276-B021","upstream/content/incompleteness/introduction/historical-background.tex","24c4a36e9f95064267c6bd001f81091cbc7f963c25e32a6d3c8630483b76d3e6","203","207","11361","11659","translation/content/incompleteness/introduction/historical-background.tex","a969dc22874dde259d7fb45430fdd4bf22cb112d47092dd97374422aeb092d27","167","173","27556","28669","pending","","The cited unit is not yet integrated into the coherent full reader; no printed or assembled PDF page is guessed.","Please double-check: whether the Telugu disclosure for OLTEINCINT-004 is mathematically precise and idiomatic."
"te-Telu-IN-OLTEINCINT-005","te-Telu-IN-OLTEINCINT-005-OCC-001","source_correction","contemporaneous","normal","high","false","OLTEINCINT-005: confirmed subject verb agreement","stated directly that the eight sentences are the axioms; adjacent sourcecorrection discloses the repair","te-Telu-IN","Telu","IN","standard formal Telugu","international logical and mathematical notation with Arabic decimal digits and Latin metavariables","OLP-0277","OLP-0277-B015","upstream/content/incompleteness/introduction/definitions.tex","bca709e14f7652027776c1a55e484466d5fe4e2dcc91390f598d374ed70cee71","116","120","5146","5346","translation/content/incompleteness/introduction/definitions.tex","58b16f26ac9802cf71315374045090585f7249234d0a79505f2ab14cef67cc6b","113","119","10065","10727","pending","","The cited unit is not yet integrated into the coherent full reader; no printed or assembled PDF page is guessed.","Please double-check: whether the Telugu disclosure for OLTEINCINT-005 is mathematically precise and idiomatic."
"te-Telu-IN-OLTEINCINT-006","te-Telu-IN-OLTEINCINT-006-OCC-001","source_correction","contemporaneous","normal","high","false","OLTEINCINT-006: confirmed induction parameter omission","restored y_1 through y_n in the base, successor and conclusion occurrences of A; adjacent sourcecorrection discloses the repair","te-Telu-IN","Telu","IN","standard formal Telugu","international logical and mathematical notation with Arabic decimal digits and Latin metavariables","OLP-0277","OLP-0277-B016","upstream/content/incompleteness/introduction/definitions.tex","bca709e14f7652027776c1a55e484466d5fe4e2dcc91390f598d374ed70cee71","123","130","5358","5667","translation/content/incompleteness/introduction/definitions.tex","58b16f26ac9802cf71315374045090585f7249234d0a79505f2ab14cef67cc6b","121","131","10728","11957","pending","","The cited unit is not yet integrated into the coherent full reader; no printed or assembled PDF page is guessed.","Please double-check: whether the Telugu disclosure for OLTEINCINT-006 is mathematically precise and idiomatic."
"te-Telu-IN-OLTEINCINT-007","te-Telu-IN-OLTEINCINT-007-OCC-001","source_correction","contemporaneous","normal","high","false","OLTEINCINT-007: confirmed pronoun number mismatch","used the plural possessive sense; adjacent sourcecorrection discloses the repair","te-Telu-IN","Telu","IN","standard formal Telugu","international logical and mathematical notation with Arabic decimal digits and Latin metavariables","OLP-0277","OLP-0277-B032","upstream/content/incompleteness/introduction/definitions.tex","bca709e14f7652027776c1a55e484466d5fe4e2dcc91390f598d374ed70cee71","248","255","10774","11315","translation/content/incompleteness/introduction/definitions.tex","58b16f26ac9802cf71315374045090585f7249234d0a79505f2ab14cef67cc6b","254","262","24614","26106","pending","","The cited unit is not yet integrated into the coherent full reader; no printed or assembled PDF page is guessed.","Please double-check: whether the Telugu disclosure for OLTEINCINT-007 is mathematically precise and idiomatic."
"te-Telu-IN-OLTEINCINT-008","te-Telu-IN-OLTEINCINT-008-OCC-001","source_correction","contemporaneous","normal","high","false","OLTEINCINT-008: confirmed missing controlling theory phrase","restored the controlling in-Gamma phrase in the introductory sentence; adjacent sourcecorrection discloses the repair","te-Telu-IN","Telu","IN","standard formal Telugu","international logical and mathematical notation with Arabic decimal digits and Latin metavariables","OLP-0277","OLP-0277-B034","upstream/content/incompleteness/introduction/definitions.tex","bca709e14f7652027776c1a55e484466d5fe4e2dcc91390f598d374ed70cee71","280","288","12472","12804","translation/content/incompleteness/introduction/definitions.tex","58b16f26ac9802cf71315374045090585f7249234d0a79505f2ab14cef67cc6b","275","285","26733","27936","pending","","The cited unit is not yet integrated into the coherent full reader; no printed or assembled PDF page is guessed.","Please double-check: whether the Telugu disclosure for OLTEINCINT-008 is mathematically precise and idiomatic."
"te-Telu-IN-OLTEINCINT-009","te-Telu-IN-OLTEINCINT-009-OCC-001","source_correction","contemporaneous","normal","high","false","OLTEINCINT-009: confirmed merged verb phrases","stated that the proof was generalized to depend only on the isolated features; adjacent sourcecorrection discloses the repair","te-Telu-IN","Telu","IN","standard formal Telugu","international logical and mathematical notation with Arabic decimal digits and Latin metavariables","OLP-0278","OLP-0278-B007","upstream/content/incompleteness/introduction/overview.tex","4391b197866deaf9b67d1aa3ab870d0d11eb9d30e73475e56ee757a4c0fef0a0","27","30","1025","1294","translation/content/incompleteness/introduction/overview.tex","0efad2f670762e7c06a9c4e131779f7a246ea7ce5b9034f785885aa58ec318c6","25","30","2135","3605","pending","","The cited unit is not yet integrated into the coherent full reader; no printed or assembled PDF page is guessed.","Please double-check: whether the Telugu disclosure for OLTEINCINT-009 is mathematically precise and idiomatic."
"te-Telu-IN-OLTEINCINT-010","te-Telu-IN-OLTEINCINT-010-OCC-001","source_correction","contemporaneous","normal","high","false","OLTEINCINT-010: confirmed infinitive verb form","preserved the raw OpenLogic token identity and rendered the correct infinitive sense; adjacent sourcecorrection discloses the repair","te-Telu-IN","Telu","IN","standard formal Telugu","international logical and mathematical notation with Arabic decimal digits and Latin metavariables","OLP-0278","OLP-0278-B011","upstream/content/incompleteness/introduction/overview.tex","4391b197866deaf9b67d1aa3ab870d0d11eb9d30e73475e56ee757a4c0fef0a0","71","76","3542","3936","translation/content/incompleteness/introduction/overview.tex","0efad2f670762e7c06a9c4e131779f7a246ea7ce5b9034f785885aa58ec318c6","72","82","8693","10431","pending","","The cited unit is not yet integrated into the coherent full reader; no printed or assembled PDF page is guessed.","Please double-check: whether the Telugu disclosure for OLTEINCINT-010 is mathematically precise and idiomatic."
"te-Telu-IN-OLTEINCINT-011","te-Telu-IN-OLTEINCINT-011-OCC-001","source_correction","contemporaneous","normal","high","false","OLTEINCINT-011: confirmed subject verb agreement","used the intended singular agreement; adjacent sourcecorrection discloses the repair","te-Telu-IN","Telu","IN","standard formal Telugu","international logical and mathematical notation with Arabic decimal digits and Latin metavariables","OLP-0279","OLP-0279-B006","upstream/content/incompleteness/introduction/undecidability.tex","ceeb4a161ad8064be0bd024febf2061d9fdfbf8b748293cb28c08c397cfa55f4","13","16","226","501","translation/content/incompleteness/introduction/undecidability.tex","f59416b2e80c80f3422e68abb83e23a4b8315a8a95c666b6fd676a92fe643a14","13","18","270","1473","pending","","The cited unit is not yet integrated into the coherent full reader; no printed or assembled PDF page is guessed.","Please double-check: whether the Telugu disclosure for OLTEINCINT-011 is mathematically precise and idiomatic."
"te-Telu-IN-OLTEINCINT-012","te-Telu-IN-OLTEINCINT-012-OCC-001","source_correction","contemporaneous","normal","high","false","OLTEINCINT-012: confirmed diagonal formula subscript omission","restored the subscript n in both diagonal formula occurrences; adjacent sourcecorrection discloses the repair","te-Telu-IN","Telu","IN","standard formal Telugu","international logical and mathematical notation with Arabic decimal digits and Latin metavariables","OLP-0279","OLP-0279-B009","upstream/content/incompleteness/introduction/undecidability.tex","ceeb4a161ad8064be0bd024febf2061d9fdfbf8b748293cb28c08c397cfa55f4","35","41","1136","1595","translation/content/incompleteness/introduction/undecidability.tex","f59416b2e80c80f3422e68abb83e23a4b8315a8a95c666b6fd676a92fe643a14","38","45","2940","4485","pending","","The cited unit is not yet integrated into the coherent full reader; no printed or assembled PDF page is guessed.","Please double-check: whether the Telugu disclosure for OLTEINCINT-012 is mathematically precise and idiomatic."
"te-Telu-IN-OLTEINCINT-013","te-Telu-IN-OLTEINCINT-013-OCC-001","source_correction","contemporaneous","normal","high","false","OLTEINCINT-013: confirmed duplicate verb inflection","preserved both raw OpenLogic token identities and rendered the grammatically correct representation senses; adjacent sourcecorrection discloses the repair","te-Telu-IN","Telu","IN","standard formal Telugu","international logical and mathematical notation with Arabic decimal digits and Latin metavariables","OLP-0279","OLP-0279-B012","upstream/content/incompleteness/introduction/undecidability.tex","ceeb4a161ad8064be0bd024febf2061d9fdfbf8b748293cb28c08c397cfa55f4","58","65","2325","2758","translation/content/incompleteness/introduction/undecidability.tex","f59416b2e80c80f3422e68abb83e23a4b8315a8a95c666b6fd676a92fe643a14","66","74","6152","7354","pending","","The cited unit is not yet integrated into the coherent full reader; no printed or assembled PDF page is guessed.","Please double-check: whether the Telugu disclosure for OLTEINCINT-013 is mathematically precise and idiomatic."
"te-Telu-IN-OLTEINCINT-013","te-Telu-IN-OLTEINCINT-013-OCC-002","source_correction","contemporaneous","normal","high","false","OLTEINCINT-013: confirmed duplicate verb inflection","preserved both raw OpenLogic token identities and rendered the grammatically correct representation senses; adjacent sourcecorrection discloses the repair","te-Telu-IN","Telu","IN","standard formal Telugu","international logical and mathematical notation with Arabic decimal digits and Latin metavariables","OLP-0279","OLP-0279-B013","upstream/content/incompleteness/introduction/undecidability.tex","ceeb4a161ad8064be0bd024febf2061d9fdfbf8b748293cb28c08c397cfa55f4","67","71","2759","3048","translation/content/incompleteness/introduction/undecidability.tex","f59416b2e80c80f3422e68abb83e23a4b8315a8a95c666b6fd676a92fe643a14","76","85","7355","8898","pending","","The cited unit is not yet integrated into the coherent full reader; no printed or assembled PDF page is guessed.","Please double-check: whether the Telugu disclosure for OLTEINCINT-013 is mathematically precise and idiomatic."
"te-Telu-IN-OLTEINCINT-014","te-Telu-IN-OLTEINCINT-014-OCC-001","source_correction","contemporaneous","normal","high","false","OLTEINCINT-014: confirmed spelling error","rendered the intended satisfy sense; adjacent sourcecorrection discloses the repair","te-Telu-IN","Telu","IN","standard formal Telugu","international logical and mathematical notation with Arabic decimal digits and Latin metavariables","OLP-0279","OLP-0279-B021","upstream/content/incompleteness/introduction/undecidability.tex","ceeb4a161ad8064be0bd024febf2061d9fdfbf8b748293cb28c08c397cfa55f4","127","133","5386","5849","translation/content/incompleteness/introduction/undecidability.tex","f59416b2e80c80f3422e68abb83e23a4b8315a8a95c666b6fd676a92fe643a14","146","152","14558","15652","pending","","The cited unit is not yet integrated into the coherent full reader; no printed or assembled PDF page is guessed.","Please double-check: whether the Telugu disclosure for OLTEINCINT-014 is mathematically precise and idiomatic."
"te-Telu-IN-OLTEART-001","te-Telu-IN-OLTEART-001-OCC-001","source_correction","contemporaneous","normal","high","false","OLTEART-001: confirmed subject number agreement error","rendered one arithmetized substitution function with singular agreement; adjacent sourcecorrection discloses the repair","te-Telu-IN","Telu","IN","standard formal Telugu","international logical and mathematical notation with Arabic decimal digits and Latin metavariables","OLP-0281","OLP-0281-B008","upstream/content/incompleteness/arithmetization-syntax/introduction.tex","12b6779f25c86d92821b6f2dbd9acd095d934a7d22438493d5f043b9c5526c96","62","71","3286","3942","translation/content/incompleteness/arithmetization-syntax/introduction.tex","b3ea4f8d4f4e998bb6582a22e93992d3d51232965587ea84aa612e0b995c88af","60","67","7786","9384","pending","","The cited unit is not yet integrated into the coherent full reader; no printed or assembled PDF page is guessed.","Please double-check that the arithmetized substitution construction is singular throughout and maps the three input codes k, l and m to the output code n."
"te-Telu-IN-OLTEART-002","te-Telu-IN-OLTEART-002-OCC-001","source_correction","contemporaneous","normal","high","false","OLTEART-002: confirmed missing index quantifier","quantified j together with n and z in formation clause (3); adjacent sourcecorrection discloses the repair","te-Telu-IN","Telu","IN","standard formal Telugu","international logical and mathematical notation with Arabic decimal digits and Latin metavariables","OLP-0283","OLP-0283-B009","upstream/content/incompleteness/arithmetization-syntax/coding-terms.tex","8b7fe6f274da5f46458440ad1e2abb4549f983738a7edd9ae90ae994df19200a","60","78","2500","3399","translation/content/incompleteness/arithmetization-syntax/coding-terms.tex","c4eb329d1256df380fe5957c40088a2d41978639da53c08fbd10fa1fa16464a5","63","74","5471","6684","pending","","The cited unit is not yet integrated into the coherent full reader; no printed or assembled PDF page is guessed.","Please double-check that the term-formation clause explicitly quantifies the function-symbol index j together with n and z."
"te-Telu-IN-OLTEART-003","te-Telu-IN-OLTEART-003-OCC-001","source_correction","contemporaneous","normal","high","false","OLTEART-003: confirmed formation sequence bound error","replaced the false sequence-code-below-x claim with the bounded formation-sequence argument from the term proof; adjacent sourcecorrection discloses the repair","te-Telu-IN","Telu","IN","standard formal Telugu","international logical and mathematical notation with Arabic decimal digits and Latin metavariables","OLP-0284","OLP-0284-B009","upstream/content/incompleteness/arithmetization-syntax/coding-formulas.tex","b8658dcae853e6a0e1321e127effe853874900cc16270e1cc25ab03c8f37b8be","46","53","1290","1655","translation/content/incompleteness/arithmetization-syntax/coding-formulas.tex","4685d0a50b950d68adf76e049432a2c9e1f18132997acfd59efed491a8dd951f","47","55","1970","3150","pending","","The cited unit is not yet integrated into the coherent full reader; no printed or assembled PDF page is guessed.","Please double-check that the formula-formation proof uses the valid bounded sequence-code argument from the term proof rather than claiming that the whole sequence code is below its final formula code."
"te-Telu-IN-OLTEART-004","te-Telu-IN-OLTEART-004-OCC-001","source_correction","contemporaneous","normal","high","false","OLTEART-004: confirmed extra parentheses in godel codes","removed the unmatched right parenthesis from the expanded initial-sequent code; adjacent sourcecorrection discloses the repair","te-Telu-IN","Telu","IN","standard formal Telugu","international logical and mathematical notation with Arabic decimal digits and Latin metavariables","OLP-0286","OLP-0286-B010","upstream/content/incompleteness/arithmetization-syntax/proofs-in-lk.tex","841537ac9e922a29d77bcdc56665413533d40831e7b19d9053644ceccdf6b64b","78","90","2730","3442","translation/content/incompleteness/arithmetization-syntax/proofs-in-lk.tex","dc8dfef5116ae6e2e4ccd445f010c74f85173360aec30717a493acef505ed611","86","91","4833","5233","pending","","The cited unit is not yet integrated into the coherent full reader; no printed or assembled PDF page is guessed.","Please double-check that both repaired LK Gödel codes have balanced parentheses and agree with the displayed conclusion and the definition of p_0."
"te-Telu-IN-OLTEART-005","te-Telu-IN-OLTEART-005-OCC-001","source_correction","contemporaneous","normal","high","false","OLTEART-005: confirmed function name inconsistency","used EndSequent for the projection definition and all later calls; adjacent sourcecorrection discloses the repair","te-Telu-IN","Telu","IN","standard formal Telugu","international logical and mathematical notation with Arabic decimal digits and Latin metavariables","OLP-0286","OLP-0286-B011","upstream/content/incompleteness/arithmetization-syntax/proofs-in-lk.tex","841537ac9e922a29d77bcdc56665413533d40831e7b19d9053644ceccdf6b64b","93","105","3452","4176","translation/content/incompleteness/arithmetization-syntax/proofs-in-lk.tex","dc8dfef5116ae6e2e4ccd445f010c74f85173360aec30717a493acef505ed611","94","102","5883","6784","pending","","The cited unit is not yet integrated into the coherent full reader; no printed or assembled PDF page is guessed.","Please double-check that EndSequent is the single projection name used in its definition and every subsequent rule and proof predicate."
"te-Telu-IN-OLTEART-006","te-Telu-IN-OLTEART-006-OCC-001","source_correction","contemporaneous","normal","high","false","OLTEART-006: confirmed predicate name inconsistency","called the defined InitSeq predicate in Correct(p); adjacent sourcecorrection discloses the repair","te-Telu-IN","Telu","IN","standard formal Telugu","international logical and mathematical notation with Arabic decimal digits and Latin metavariables","OLP-0286","OLP-0286-B013","upstream/content/incompleteness/arithmetization-syntax/proofs-in-lk.tex","841537ac9e922a29d77bcdc56665413533d40831e7b19d9053644ceccdf6b64b","119","133","4651","5328","translation/content/incompleteness/arithmetization-syntax/proofs-in-lk.tex","dc8dfef5116ae6e2e4ccd445f010c74f85173360aec30717a493acef505ed611","201","209","14254","14550","pending","","The cited unit is not yet integrated into the coherent full reader; no printed or assembled PDF page is guessed.","Please double-check that the final LK correctness formula calls the defined InitSeq predicate rather than an undefined InitialSeq predicate."
"te-Telu-IN-OLTEART-006","te-Telu-IN-OLTEART-006-OCC-002","source_correction","contemporaneous","normal","high","false","OLTEART-006: confirmed predicate name inconsistency","called the defined InitSeq predicate in Correct(p); adjacent sourcecorrection discloses the repair","te-Telu-IN","Telu","IN","standard formal Telugu","international logical and mathematical notation with Arabic decimal digits and Latin metavariables","OLP-0286","OLP-0286-B018","upstream/content/incompleteness/arithmetization-syntax/proofs-in-lk.tex","841537ac9e922a29d77bcdc56665413533d40831e7b19d9053644ceccdf6b64b","204","211","8343","8674","translation/content/incompleteness/arithmetization-syntax/proofs-in-lk.tex","dc8dfef5116ae6e2e4ccd445f010c74f85173360aec30717a493acef505ed611","201","209","14254","14550","pending","","The cited unit is not yet integrated into the coherent full reader; no printed or assembled PDF page is guessed.","Please double-check that the final LK correctness formula calls the defined InitSeq predicate rather than an undefined InitialSeq predicate."
"te-Telu-IN-OLTEART-007","te-Telu-IN-OLTEART-007-OCC-001","source_correction","contemporaneous","normal","high","false","OLTEART-007: confirmed local variable name typo","referred to p rather than undefined d in the explanation; adjacent sourcecorrection discloses the repair","te-Telu-IN","Telu","IN","standard formal Telugu","international logical and mathematical notation with Arabic decimal digits and Latin metavariables","OLP-0286","OLP-0286-B018","upstream/content/incompleteness/arithmetization-syntax/proofs-in-lk.tex","841537ac9e922a29d77bcdc56665413533d40831e7b19d9053644ceccdf6b64b","204","214","8343","8844","translation/content/incompleteness/arithmetization-syntax/proofs-in-lk.tex","dc8dfef5116ae6e2e4ccd445f010c74f85173360aec30717a493acef505ed611","210","213","14550","14731","pending","","The cited unit is not yet integrated into the coherent full reader; no printed or assembled PDF page is guessed.","Please double-check that the explanation of Correct refers to the end-sequent of p, matching the displayed formula and proposition."
"te-Telu-IN-OLTEART-008","te-Telu-IN-OLTEART-008-OCC-001","source_correction","contemporaneous","normal","high","false","OLTEART-008: confirmed derivation code variable mismatch","used p consistently in the proposition, proof sentence and subtree formula; adjacent sourcecorrection discloses the repair","te-Telu-IN","Telu","IN","standard formal Telugu","international logical and mathematical notation with Arabic decimal digits and Latin metavariables","OLP-0286","OLP-0286-B020","upstream/content/incompleteness/arithmetization-syntax/proofs-in-lk.tex","841537ac9e922a29d77bcdc56665413533d40831e7b19d9053644ceccdf6b64b","235","247","9473","9950","translation/content/incompleteness/arithmetization-syntax/proofs-in-lk.tex","dc8dfef5116ae6e2e4ccd445f010c74f85173360aec30717a493acef505ed611","235","245","17010","17813","pending","","The cited unit is not yet integrated into the coherent full reader; no printed or assembled PDF page is guessed.","Please double-check that the primitive-recursiveness proof calls Deriv(p), consistently with its quantified subtree formula and proposition."
"te-Telu-IN-OLTEART-009","te-Telu-IN-OLTEART-009-OCC-001","source_correction","contemporaneous","normal","high","false","OLTEART-009: confirmed proof formula variable mismatch","equated the sole right-side formula code with y rather than the derivation code x; adjacent sourcecorrection discloses the repair","te-Telu-IN","Telu","IN","standard formal Telugu","international logical and mathematical notation with Arabic decimal digits and Latin metavariables","OLP-0286","OLP-0286-B024","upstream/content/incompleteness/arithmetization-syntax/proofs-in-lk.tex","841537ac9e922a29d77bcdc56665413533d40831e7b19d9053644ceccdf6b64b","266","282","10604","11561","translation/content/incompleteness/arithmetization-syntax/proofs-in-lk.tex","dc8dfef5116ae6e2e4ccd445f010c74f85173360aec30717a493acef505ed611","264","273","19540","20652","pending","","The cited unit is not yet integrated into the coherent full reader; no printed or assembled PDF page is guessed.","Please double-check that the sole right-side formula code is equated with y, the Gödel number of A, rather than x, the derivation code."
"te-Telu-IN-OLTEART-010","te-Telu-IN-OLTEART-010-OCC-001","source_correction","contemporaneous","normal","high","false","OLTEART-010: confirmed boolean scope parenthesization error","scoped the sentence test over the complete disjunction of rule and assumption cases; adjacent sourcecorrection discloses the repair","te-Telu-IN","Telu","IN","standard formal Telugu","international logical and mathematical notation with Arabic decimal digits and Latin metavariables","OLP-0287","OLP-0287-B020","upstream/content/incompleteness/arithmetization-syntax/proofs-in-nd.tex","06044a4b70f61e07629055bfc3cfb7a940ce5ccfc09efe1a5473e9c5e3af3d47","217","227","9199","9676","translation/content/incompleteness/arithmetization-syntax/proofs-in-nd.tex","582c5872374acf75f4f432ee664a5e92f9bef34d621d4d5e6891ab94ed6bf655","217","225","15518","16708","pending","","The cited unit is not yet integrated into the coherent full reader; no printed or assembled PDF page is guessed.","Please double-check that Sent(EndFmla(d)) is conjoined with the complete disjunction of every natural-deduction correctness case."
"te-Telu-IN-OLTEART-011","te-Telu-IN-OLTEART-011-OCC-001","source_correction","contemporaneous","normal","high","false","OLTEART-011: confirmed subderivation tuple index error","indexed immediate subderivation codes at j+1 after the arity field; adjacent sourcecorrection discloses the repair","te-Telu-IN","Telu","IN","standard formal Telugu","international logical and mathematical notation with Arabic decimal digits and Latin metavariables","OLP-0287","OLP-0287-B027","upstream/content/incompleteness/arithmetization-syntax/proofs-in-nd.tex","06044a4b70f61e07629055bfc3cfb7a940ce5ccfc09efe1a5473e9c5e3af3d47","287","301","12022","12898","translation/content/incompleteness/arithmetization-syntax/proofs-in-nd.tex","582c5872374acf75f4f432ee664a5e92f9bef34d621d4d5e6891ab94ed6bf655","287","297","21424","23017","pending","","The cited unit is not yet integrated into the coherent full reader; no printed or assembled PDF page is guessed.","Please double-check that Subderiv searches tuple positions j+1 for j below the recorded arity, thereby covering exactly positions 1 through (d-prime)_0."
"te-Telu-IN-OLTEART-012","te-Telu-IN-OLTEART-012-OCC-001","source_correction","contemporaneous","normal","high","false","OLTEART-012: confirmed unbound preceding line index and local variable typo","quantified j below i and described the constant code c as bounded by line j; adjacent sourcecorrection discloses the repair","te-Telu-IN","Telu","IN","standard formal Telugu","international logical and mathematical notation with Arabic decimal digits and Latin metavariables","OLP-0288","OLP-0288-B010","upstream/content/incompleteness/arithmetization-syntax/proofs-in-ax.tex","6498fe743671727c99bee3ff39efb8e83bf46be470a8c2b613b62a8757c3e4eb","110","140","4383","5939","translation/content/incompleteness/arithmetization-syntax/proofs-in-ax.tex","0d1dcd92c3d4b41387d8f79e705093ded73cec02e437baf78c60711acdccc46e","115","139","8360","10217","pending","","The cited unit is not yet integrated into the coherent full reader; no printed or assembled PDF page is guessed.","Please double-check that the QR_1 test existentially binds a preceding-line index j<i and that the bounded symbol is c, the constant appearing on that line."
"te-Telu-IN-OLTEART-013","te-Telu-IN-OLTEART-013-OCC-001","source_correction","contemporaneous","normal","high","false","OLTEART-013: confirmed recursive call name error","called hCond(s,y,n) in the recursive clause rather than undefined three-argument Cond; adjacent sourcecorrection discloses the repair","te-Telu-IN","Telu","IN","standard formal Telugu","international logical and mathematical notation with Arabic decimal digits and Latin metavariables","OLP-0288","OLP-0288-B016","upstream/content/incompleteness/arithmetization-syntax/proofs-in-ax.tex","6498fe743671727c99bee3ff39efb8e83bf46be470a8c2b613b62a8757c3e4eb","195","204","8407","8923","translation/content/incompleteness/arithmetization-syntax/proofs-in-ax.tex","0d1dcd92c3d4b41387d8f79e705093ded73cec02e437baf78c60711acdccc46e","205","215","16760","17593","pending","","The cited unit is not yet integrated into the coherent full reader; no printed or assembled PDF page is guessed.","Please double-check that the recursive hCond clause calls hCond(s,y,n), while Cond remains only the two-argument wrapper introduced afterwards."
"te-Telu-IN-OLTEART-014","te-Telu-IN-OLTEART-014-OCC-001","source_correction","contemporaneous","normal","high","false","OLTEART-014: confirmed missing predicate call parenthesis","closed the Correct predicate call in the bounded-universal matrix; adjacent sourcecorrection discloses the repair","te-Telu-IN","Telu","IN","standard formal Telugu","international logical and mathematical notation with Arabic decimal digits and Latin metavariables","OLP-0286","OLP-0286-B021","upstream/content/incompleteness/arithmetization-syntax/proofs-in-lk.tex","841537ac9e922a29d77bcdc56665413533d40831e7b19d9053644ceccdf6b64b","240","247","9641","9950","translation/content/incompleteness/arithmetization-syntax/proofs-in-lk.tex","dc8dfef5116ae6e2e4ccd445f010c74f85173360aec30717a493acef505ed611","244","249","17466","17957","pending","","The cited unit is not yet integrated into the coherent full reader; no printed or assembled PDF page is guessed.","Please double-check that the unary Correct call in the LK Deriv definition is closed before the bounded-universal body is closed."
"te-Telu-IN-OLTEREQ-001","te-Telu-IN-OLTEREQ-001-OCC-001","source_correction","contemporaneous","normal","high","false","OLTEREQ-001: confirmed formula name inconsistency","used A_f consistently in the lemma; adjacent sourcecorrection discloses the repair","te-Telu-IN","Telu","IN","standard formal Telugu","international logical and mathematical notation with Arabic decimal digits and Latin metavariables","OLP-0291","OLP-0291-B006","upstream/content/incompleteness/representability-in-q/representable-comp.tex","d5b487962fa2cdb7c4aa920366ccd501d5b83c9e9308861906906b802cd856ef","16","23","417","682","translation/content/incompleteness/representability-in-q/representable-comp.tex","527dd1ec99d55ffc0c10395303820e190b6a1a3fe3a3632658355848a79e3d59","16","23","731","1633","pending","","The cited unit is not yet integrated into the coherent full reader; no printed or assembled PDF page is guessed.","Please double-check that the representing formula is named A_f consistently in the lemma."
"te-Telu-IN-OLTEREQ-002","te-Telu-IN-OLTEREQ-002-OCC-001","source_correction","contemporaneous","normal","high","false","OLTEREQ-002: confirmed missing provability prefix","restored the Th(Q) proves prefix before the universal formula; adjacent sourcecorrection discloses the repair","te-Telu-IN","Telu","IN","standard formal Telugu","international logical and mathematical notation with Arabic decimal digits and Latin metavariables","OLP-0291","OLP-0291-B007","upstream/content/incompleteness/representability-in-q/representable-comp.tex","d5b487962fa2cdb7c4aa920366ccd501d5b83c9e9308861906906b802cd856ef","31","38","938","1387","translation/content/incompleteness/representability-in-q/representable-comp.tex","527dd1ec99d55ffc0c10395303820e190b6a1a3fe3a3632658355848a79e3d59","40","48","2652","3863","pending","","The cited unit is not yet integrated into the coherent full reader; no printed or assembled PDF page is guessed.","Please double-check that the restored Th(Q)-proves prefix makes the use of representability clause (b) explicit."
"te-Telu-IN-OLTEREQ-003","te-Telu-IN-OLTEREQ-003-OCC-001","source_correction","contemporaneous","normal","high","false","OLTEREQ-003: confirmed argument vector typo","used h(vector x,y) from the defining equations; adjacent sourcecorrection discloses the repair","te-Telu-IN","Telu","IN","standard formal Telugu","international logical and mathematical notation with Arabic decimal digits and Latin metavariables","OLP-0293","OLP-0293-B005","upstream/content/incompleteness/representability-in-q/prim-rec.tex","ec7c33837767fa024b45506d818a6601efa0523abef7c474881281d6c7e969a9","12","19","227","593","translation/content/incompleteness/representability-in-q/prim-rec.tex","7bb89d083bc6dde82416321234bc5926d93e6554fff1f170da55d342c7de8181","12","20","280","1359","pending","","The cited unit is not yet integrated into the coherent full reader; no printed or assembled PDF page is guessed.","Please double-check that the primitive-recursion prose uses h(vector x,y), matching the displayed defining equations."
"te-Telu-IN-OLTEREQ-004","te-Telu-IN-OLTEREQ-004-OCC-001","source_correction","contemporaneous","normal","high","false","OLTEREQ-004: confirmed characteristic function notation inconsistency","used the defined Char{=} and A_{Char{=}} notation throughout; adjacent sourcecorrection discloses the repair","te-Telu-IN","Telu","IN","standard formal Telugu","international logical and mathematical notation with Arabic decimal digits and Latin metavariables","OLP-0294","OLP-0294-B011","upstream/content/incompleteness/representability-in-q/basic-representable.tex","0bc250900584465d2c4b4db0dc26dbad8b6b23ed808586d9080afe9f91255b32","56","68","1960","2248","translation/content/incompleteness/representability-in-q/basic-representable.tex","54b1e74487ceccde2fd17bd768c7985b7e371a98fac04882532148a64397322b","112","137","7237","9359","pending","","The cited unit is not yet integrated into the coherent full reader; no printed or assembled PDF page is guessed.","Please double-check that the equality characteristic-function notation is consistently Char{=} and A_{Char{=}}."
"te-Telu-IN-OLTEREQ-004","te-Telu-IN-OLTEREQ-004-OCC-002","source_correction","contemporaneous","normal","high","false","OLTEREQ-004: confirmed characteristic function notation inconsistency","used the defined Char{=} and A_{Char{=}} notation throughout; adjacent sourcecorrection discloses the repair","te-Telu-IN","Telu","IN","standard formal Telugu","international logical and mathematical notation with Arabic decimal digits and Latin metavariables","OLP-0294","OLP-0294-B018","upstream/content/incompleteness/representability-in-q/basic-representable.tex","0bc250900584465d2c4b4db0dc26dbad8b6b23ed808586d9080afe9f91255b32","110","124","3981","4739","translation/content/incompleteness/representability-in-q/basic-representable.tex","54b1e74487ceccde2fd17bd768c7985b7e371a98fac04882532148a64397322b","112","137","7237","9359","pending","","The cited unit is not yet integrated into the coherent full reader; no printed or assembled PDF page is guessed.","Please double-check that the equality characteristic-function notation is consistently Char{=} and A_{Char{=}}."
"te-Telu-IN-OLTEREQ-005","te-Telu-IN-OLTEREQ-005-OCC-001","source_correction","contemporaneous","normal","high","false","OLTEREQ-005: confirmed malformed quantifier scope","placed all g_i and A_f conjuncts inside the balanced existential scope; adjacent sourcecorrection discloses the repair","te-Telu-IN","Telu","IN","standard formal Telugu","international logical and mathematical notation with Arabic decimal digits and Latin metavariables","OLP-0295","OLP-0295-B012","upstream/content/incompleteness/representability-in-q/composition-representable.tex","7dc6295f9eb46462918d4b261094f0e6fe0c6bae7d7aeac12603e45c0afd9bf6","74","88","2638","3180","translation/content/incompleteness/representability-in-q/composition-representable.tex","f6994a8543c7c09fa1ed503eee65ea7c4eaa18b8a7afe87487668f422ac7f329","74","91","4333","5947","pending","","The cited unit is not yet integrated into the coherent full reader; no printed or assembled PDF page is guessed.","Please double-check that every g_i conjunct and the A_f conjunct lie inside the balanced existential scope."
"te-Telu-IN-OLTEREQ-006","te-Telu-IN-OLTEREQ-006-OCC-001","source_correction","contemporaneous","normal","high","false","OLTEREQ-006: confirmed duplicate cross reference","replaced the first duplicated prop:rep2 reference with prop:rep1; adjacent sourcecorrection discloses the repair","te-Telu-IN","Telu","IN","standard formal Telugu","international logical and mathematical notation with Arabic decimal digits and Latin metavariables","OLP-0295","OLP-0295-B014","upstream/content/incompleteness/representability-in-q/composition-representable.tex","7dc6295f9eb46462918d4b261094f0e6fe0c6bae7d7aeac12603e45c0afd9bf6","95","99","3229","3433","translation/content/incompleteness/representability-in-q/composition-representable.tex","f6994a8543c7c09fa1ed503eee65ea7c4eaa18b8a7afe87487668f422ac7f329","96","102","5987","6806","pending","","The cited unit is not yet integrated into the coherent full reader; no printed or assembled PDF page is guessed.","Please double-check that the two composition exercises now refer to prop:rep1 and prop:rep2 respectively."
"te-Telu-IN-OLTEREQ-007","te-Telu-IN-OLTEREQ-007-OCC-001","source_correction","contemporaneous","normal","high","false","OLTEREQ-007: confirmed invalid induction step","added the successor-of-hypothesis equation and both Q5 rewrites while retaining step5 and step6; adjacent sourcecorrection discloses the repair","te-Telu-IN","Telu","IN","standard formal Telugu","international logical and mathematical notation with Arabic decimal digits and Latin metavariables","OLP-0296","OLP-0296-B008","upstream/content/incompleteness/representability-in-q/minimization-representable.tex","396bbd36dbb04280e2521c9fb1af6b07ef3084e0205917c22eb308362f035e94","51","62","1719","2304","translation/content/incompleteness/representability-in-q/minimization-representable.tex","839209250cc87d66cff1a7edacc5ff3567111e6789ccaa41ac3a1b567dcf2a8b","49","62","2873","4553","pending","","The cited unit is not yet integrated into the coherent full reader; no printed or assembled PDF page is guessed.","Please double-check that the repaired induction step uses the successor of the induction hypothesis and the two required Q5 rewrites."
"te-Telu-IN-OLTEREQ-008","te-Telu-IN-OLTEREQ-008-OCC-001","source_correction","contemporaneous","normal","high","false","OLTEREQ-008: confirmed closed term value typo","equated t_2 with numeral m; adjacent sourcecorrection discloses the repair","te-Telu-IN","Telu","IN","standard formal Telugu","international logical and mathematical notation with Arabic decimal digits and Latin metavariables","OLP-0300","OLP-0300-B015","upstream/content/incompleteness/representability-in-q/sigma1-completeness.tex","9509cb0c6c1a6d93245a581021a177b4a658d0b098eb467d96a1fd0ba2e14d3d","111","121","3876","4375","translation/content/incompleteness/representability-in-q/sigma1-completeness.tex","88db2e18b64d55eefbf53ba9332704a9ba80e6aa0622e47e09bacc3eff59d5cd","109","116","6331","7238","pending","","The cited unit is not yet integrated into the coherent full reader; no printed or assembled PDF page is guessed.","Please double-check that the second closed term is equated with numeral m rather than numeral n."
"te-Telu-IN-OLTEREQ-009","te-Telu-IN-OLTEREQ-009-OCC-001","source_correction","contemporaneous","normal","high","false","OLTEREQ-009: confirmed axiom reference error","cited Q2 for both successor-versus-zero contradictions; adjacent sourcecorrection discloses the repair","te-Telu-IN","Telu","IN","standard formal Telugu","international logical and mathematical notation with Arabic decimal digits and Latin metavariables","OLP-0300","OLP-0300-B019","upstream/content/incompleteness/representability-in-q/sigma1-completeness.tex","9509cb0c6c1a6d93245a581021a177b4a658d0b098eb467d96a1fd0ba2e14d3d","137","149","5028","5637","translation/content/incompleteness/representability-in-q/sigma1-completeness.tex","88db2e18b64d55eefbf53ba9332704a9ba80e6aa0622e47e09bacc3eff59d5cd","130","143","8185","9544","pending","","The cited unit is not yet integrated into the coherent full reader; no printed or assembled PDF page is guessed.","Please double-check that both successor-versus-zero contradictions cite Q2 rather than Q3."
"te-Telu-IN-OLTEREQ-010","te-Telu-IN-OLTEREQ-010-OCC-001","source_correction","contemporaneous","normal","high","false","OLTEREQ-010: confirmed connective name error","called the zero-member universal expansion an empty conjunction; adjacent sourcecorrection discloses the repair","te-Telu-IN","Telu","IN","standard formal Telugu","international logical and mathematical notation with Arabic decimal digits and Latin metavariables","OLP-0300","OLP-0300-B021","upstream/content/incompleteness/representability-in-q/sigma1-completeness.tex","9509cb0c6c1a6d93245a581021a177b4a658d0b098eb467d96a1fd0ba2e14d3d","163","169","6041","6400","translation/content/incompleteness/representability-in-q/sigma1-completeness.tex","88db2e18b64d55eefbf53ba9332704a9ba80e6aa0622e47e09bacc3eff59d5cd","153","164","9961","11356","pending","","The cited unit is not yet integrated into the coherent full reader; no printed or assembled PDF page is guessed.","Please double-check that the zero-member bounded-universal expansion is described as an empty conjunction."
"te-Telu-IN-OLTETCP-001","te-Telu-IN-OLTETCP-001-OCC-001","source_correction","contemporaneous","normal","high","false","OLTETCP-001: confirmed axiomatizability requirement mismatch","rendered the intended computable-axiomatizability requirement while retaining the source token identity; adjacent sourcecorrection discloses the repair","te-Telu-IN","Telu","IN","standard formal Telugu","international logical and mathematical notation with Arabic decimal digits and Latin metavariables","OLP-0308","OLP-0308-B007","upstream/content/incompleteness/theories-computability/first-incompleteness.tex","6d136f51b1d58f3d8831a237dd21b65a146381874e9549c7e504080264df82bd","20","23","413","577","translation/content/incompleteness/theories-computability/first-incompleteness.tex","f1f7656946a03408602ce24629efe570ec5d19f179cff16c8b67336bdd53196e","19","23","684","1690","pending","","The cited unit is not yet integrated into the coherent full reader; no printed or assembled PDF page is guessed.","Please double-check that the first-incompleteness proof retains computable axiomatizability rather than weakening the premise to mere axiomatization."
"te-Telu-IN-OLTETCP-002","te-Telu-IN-OLTETCP-002-OCC-001","source_correction","contemporaneous","normal","high","false","OLTETCP-002: confirmed malformed formula code","replaced the numeral-substituted hash expression with the Goedel code of the one-variable representing formula; adjacent sourcecorrection discloses the repair","te-Telu-IN","Telu","IN","standard formal Telugu","international logical and mathematical notation with Arabic decimal digits and Latin metavariables","OLP-0309","OLP-0309-B009","upstream/content/incompleteness/theories-computability/inseparability.tex","d9da8fc6073ab195b526966775f35c67384af226328d0e98531a7a8b111c6ff8","45","45","1364","1417","translation/content/incompleteness/theories-computability/inseparability.tex","ef01a33f1d757a94d5fba360036e7feaae1786ffd558977598acfd093258707a","46","46","2225","3001","pending","","The cited unit is not yet integrated into the coherent full reader; no printed or assembled PDF page is guessed.","Please double-check that the universal-relation argument uses the Goedel code of the one-variable formula D_S(u)."
"te-Telu-IN-OLTETCP-003","te-Telu-IN-OLTETCP-003-OCC-001","source_correction","contemporaneous","normal","high","false","OLTETCP-003: confirmed missing consistency hypothesis","restored the theorem's consistency qualification in the ZFC corollary; adjacent sourcecorrection discloses the repair","te-Telu-IN","Telu","IN","standard formal Telugu","international logical and mathematical notation with Arabic decimal digits and Latin metavariables","OLP-0311","OLP-0311-B007","upstream/content/incompleteness/theories-computability/interpretability.tex","180003bb40b9c0d66d6e9805dba9989e14b350ad857b45e35479923bb712a966","20","25","601","950","translation/content/incompleteness/theories-computability/interpretability.tex","fdd96d08b7cb93c525f26c655c150d9db44e7901fc4327844a4c5ded86039779","34","36","2870","3804","pending","","The cited unit is not yet integrated into the coherent full reader; no printed or assembled PDF page is guessed.","Please double-check that the first ZFC corollary excludes consistent decidable extensions, since an inconsistent extension is decidable."
"te-Telu-IN-OLTETCP-003","te-Telu-IN-OLTETCP-003-OCC-002","source_correction","contemporaneous","normal","high","false","OLTETCP-003: confirmed missing consistency hypothesis","restored the theorem's consistency qualification in the ZFC corollary; adjacent sourcecorrection discloses the repair","te-Telu-IN","Telu","IN","standard formal Telugu","international logical and mathematical notation with Arabic decimal digits and Latin metavariables","OLP-0311","OLP-0311-B009","upstream/content/incompleteness/theories-computability/interpretability.tex","180003bb40b9c0d66d6e9805dba9989e14b350ad857b45e35479923bb712a966","36","38","1424","1493","translation/content/incompleteness/theories-computability/interpretability.tex","fdd96d08b7cb93c525f26c655c150d9db44e7901fc4327844a4c5ded86039779","34","36","2870","3804","pending","","The cited unit is not yet integrated into the coherent full reader; no printed or assembled PDF page is guessed.","Please double-check that the first ZFC corollary excludes consistent decidable extensions, since an inconsistent extension is decidable."
"te-Telu-IN-OLTEINP-001","te-Telu-IN-OLTEINP-001-OCC-001","source_correction","contemporaneous","normal","high","false","OLTEINP-001: confirmed formula representation symbol mismatch","replaced the external relation symbol with the object-language representing formula in the definition of OProv; adjacent sourcecorrection discloses the repair","te-Telu-IN","Telu","IN","standard formal Telugu","international logical and mathematical notation with Arabic decimal digits and Latin metavariables","OLP-0318","OLP-0318-B007","upstream/content/incompleteness/incompleteness-provability/provability-conditions.tex","09473b12608d6bb9393a45c7af241bc76669ad37c92b36d25d6e097cefe69f11","32","35","1262","1502","translation/content/incompleteness/incompleteness-provability/provability-conditions.tex","3b1e9090860321f70bd4b69985ec22370c7c5d8978e0343e7ec79902a1acfef4","31","34","2756","3557","pending","","The cited unit is not yet integrated into the coherent full reader; no printed or assembled PDF page is guessed.","Please double-check: whether the Telugu disclosure for OLTEINP-001 is mathematically precise and idiomatic."
"te-Telu-IN-OLTEINP-002","te-Telu-IN-OLTEINP-002-OCC-001","source_correction","contemporaneous","normal","high","false","OLTEINP-002: confirmed provability macro omission","restored the object-language OProv formula used by the fixed-point equivalence; adjacent sourcecorrection discloses the repair","te-Telu-IN","Telu","IN","standard formal Telugu","international logical and mathematical notation with Arabic decimal digits and Latin metavariables","OLP-0319","OLP-0319-B009","upstream/content/incompleteness/incompleteness-provability/second-incompleteness-thm.tex","8b96ecc610effe58fb1c422015965d42725f9f3832a00558e2b15753861a55fe","41","43","1580","1732","translation/content/incompleteness/incompleteness-provability/second-incompleteness-thm.tex","d38cdfdc7cdb2f146d0c1780d370e32dafc9d9f071a6ef74e7d000662892fc26","42","42","3230","3354","pending","","The cited unit is not yet integrated into the coherent full reader; no printed or assembled PDF page is guessed.","Please double-check: whether the Telugu disclosure for OLTEINP-002 is mathematically precise and idiomatic."
"te-Telu-IN-OLTEINP-003","te-Telu-IN-OLTEINP-003-OCC-001","source_correction","contemporaneous","normal","high","false","OLTEINP-003: confirmed formula marker omission","restored the marked formula metavariable in the Goedel numeral used by the P2 substitution; adjacent sourcecorrection discloses the repair","te-Telu-IN","Telu","IN","standard formal Telugu","international logical and mathematical notation with Arabic decimal digits and Latin metavariables","OLP-0319","OLP-0319-B011","upstream/content/incompleteness/incompleteness-provability/second-incompleteness-thm.tex","8b96ecc610effe58fb1c422015965d42725f9f3832a00558e2b15753861a55fe","89","94","3772","4160","translation/content/incompleteness/incompleteness-provability/second-incompleteness-thm.tex","d38cdfdc7cdb2f146d0c1780d370e32dafc9d9f071a6ef74e7d000662892fc26","93","93","7503","7595","pending","","The cited unit is not yet integrated into the coherent full reader; no printed or assembled PDF page is guessed.","Please double-check: whether the Telugu disclosure for OLTEINP-003 is mathematically precise and idiomatic."
"te-Telu-IN-OLTEINP-004","te-Telu-IN-OLTEINP-004-OCC-001","source_correction","contemporaneous","normal","high","false","OLTEINP-004: confirmed theory identifier mismatch","parameterized the consistency predicate by the same theory object used in the theorem and its provability predicate; adjacent sourcecorrection discloses the repair","te-Telu-IN","Telu","IN","standard formal Telugu","international logical and mathematical notation with Arabic decimal digits and Latin metavariables","OLP-0319","OLP-0319-B013","upstream/content/incompleteness/incompleteness-provability/second-incompleteness-thm.tex","8b96ecc610effe58fb1c422015965d42725f9f3832a00558e2b15753861a55fe","98","102","4240","4515","translation/content/incompleteness/incompleteness-provability/second-incompleteness-thm.tex","d38cdfdc7cdb2f146d0c1780d370e32dafc9d9f071a6ef74e7d000662892fc26","102","102","8661","8782","pending","","The cited unit is not yet integrated into the coherent full reader; no printed or assembled PDF page is guessed.","Please double-check: whether the Telugu disclosure for OLTEINP-004 is mathematically precise and idiomatic."
"te-Telu-IN-OLTEINP-005","te-Telu-IN-OLTEINP-005-OCC-001","source_correction","contemporaneous","normal","high","false","OLTEINP-005: confirmed incomplete proof reference chain","added the missing L-7 bridge from provability of D to provability of A in the final justification; adjacent sourcecorrection discloses the repair","te-Telu-IN","Telu","IN","standard formal Telugu","international logical and mathematical notation with Arabic decimal digits and Latin metavariables","OLP-0320","OLP-0320-B011","upstream/content/incompleteness/incompleteness-provability/lob-thm.tex","7b95df7ebaf50f218a71b706c3189750dd9499bb66f2b725dcbf3dec778fd73f","117","117","5658","5724","translation/content/incompleteness/incompleteness-provability/lob-thm.tex","e29c8abd9c0e1cf41f1359a563527c1e29661a6733afe668a310781d01f7e080","118","120","10592","11080","pending","","The cited unit is not yet integrated into the coherent full reader; no printed or assembled PDF page is guessed.","Please double-check: whether the Telugu disclosure for OLTEINP-005 is mathematically precise and idiomatic."
"te-Telu-IN-OLTESOLSYN-001","te-Telu-IN-OLTESOLSYN-001-OCC-001","source_correction","contemporaneous","normal","high","false","OLTESOLSYN-001: confirmed relation assignment cases omitted","restored the predicate-symbol-to-relation and relation-variable-to-relation cases omitted by the prose summary; adjacent sourcecorrection discloses the repair","te-Telu-IN","Telu","IN","standard formal Telugu","international logical and mathematical notation with Arabic decimal digits and Latin metavariables","OLP-0326","OLP-0326-B008","upstream/content/second-order-logic/syntax-and-semantics/satisfaction.tex","be2351bde2b55b0a7446cfdfd60c62f6939a1061ffa900d9a5939305c403bfc7","37","40","1282","1515","translation/content/second-order-logic/syntax-and-semantics/satisfaction.tex","c0250609b9c974f963ce181b2fdada2c7b387f9569289a535fdc61017acdf745","37","43","2311","3974","pending","","The cited unit is not yet integrated into the coherent full reader; no printed or assembled PDF page is guessed.","Please double-check that the prose summary explicitly includes predicate-symbol-to-relation and relation-variable-to-relation assignments."
"te-Telu-IN-OLTESOLSYN-002","te-Telu-IN-OLTESOLSYN-002-OCC-001","source_correction","contemporaneous","normal","high","false","OLTESOLSYN-002: confirmed structure relation symbol collision in substitution","kept M for the structure and renamed the relation value to R throughout the relation-variable substitution clause; adjacent sourcecorrection discloses the repair","te-Telu-IN","Telu","IN","standard formal Telugu","international logical and mathematical notation with Arabic decimal digits and Latin metavariables","OLP-0326","OLP-0326-B011","upstream/content/second-order-logic/syntax-and-semantics/satisfaction.tex","be2351bde2b55b0a7446cfdfd60c62f6939a1061ffa900d9a5939305c403bfc7","65","88","2355","3270","translation/content/second-order-logic/syntax-and-semantics/satisfaction.tex","c0250609b9c974f963ce181b2fdada2c7b387f9569289a535fdc61017acdf745","69","93","5664","7855","pending","","The cited unit is not yet integrated into the coherent full reader; no printed or assembled PDF page is guessed.","Please double-check that R consistently denotes the relation value while M remains the fixed structure in the substitution definition."
"te-Telu-IN-OLTESOLSYN-003","te-Telu-IN-OLTESOLSYN-003-OCC-001","source_correction","contemporaneous","normal","high","false","OLTESOLSYN-003: confirmed structure relation symbol collision in satisfaction","kept M for the fixed structure and renamed the quantified relation to R in both relation-quantifier clauses; adjacent sourcecorrection discloses the repair","te-Telu-IN","Telu","IN","standard formal Telugu","international logical and mathematical notation with Arabic decimal digits and Latin metavariables","OLP-0326","OLP-0326-B012","upstream/content/second-order-logic/syntax-and-semantics/satisfaction.tex","be2351bde2b55b0a7446cfdfd60c62f6939a1061ffa900d9a5939305c403bfc7","90","116","3271","4303","translation/content/second-order-logic/syntax-and-semantics/satisfaction.tex","c0250609b9c974f963ce181b2fdada2c7b387f9569289a535fdc61017acdf745","96","126","7867","10062","pending","","The cited unit is not yet integrated into the coherent full reader; no printed or assembled PDF page is guessed.","Please double-check that R consistently denotes the quantified relation in both second-order relation-quantifier satisfaction clauses."
"te-Telu-IN-OLTESOLSYN-004","te-Telu-IN-OLTESOLSYN-004-OCC-001","source_correction","contemporaneous","normal","high","false","OLTESOLSYN-004: confirmed structure subset symbol collision in example","kept M for the structure and used the example's existing N for its proper subset; adjacent sourcecorrection discloses the repair","te-Telu-IN","Telu","IN","standard formal Telugu","international logical and mathematical notation with Arabic decimal digits and Latin metavariables","OLP-0326","OLP-0326-B020","upstream/content/second-order-logic/syntax-and-semantics/satisfaction.tex","be2351bde2b55b0a7446cfdfd60c62f6939a1061ffa900d9a5939305c403bfc7","181","182","7453","7601","translation/content/second-order-logic/syntax-and-semantics/satisfaction.tex","c0250609b9c974f963ce181b2fdada2c7b387f9569289a535fdc61017acdf745","187","197","15425","16723","pending","","The cited unit is not yet integrated into the coherent full reader; no printed or assembled PDF page is guessed.","Please double-check that N, already used for the example subset, consistently replaces the source collision with the structure symbol M."
"te-Telu-IN-OLTESOLSYN-005","te-Telu-IN-OLTESOLSYN-005-OCC-001","source_correction","contemporaneous","normal","high","false","OLTESOLSYN-005: confirmed structure subset symbol collision in forward proof","kept M for the structure and renamed the arbitrary subset to S throughout the forward argument; adjacent sourcecorrection discloses the repair","te-Telu-IN","Telu","IN","standard formal Telugu","international logical and mathematical notation with Arabic decimal digits and Latin metavariables","OLP-0329","OLP-0329-B011","upstream/content/second-order-logic/syntax-and-semantics/inf-count.tex","26b10cbda98d193ed98437efd26dd2b759a818f49656ff465962fd69452bd4f8","93","102","3767","4339","translation/content/second-order-logic/syntax-and-semantics/inf-count.tex","0b6f3a4e819e1f321b24255794c8aede6fd096dc463845f5b091abca65763e6c","98","110","7850","9270","pending","","The cited unit is not yet integrated into the coherent full reader; no printed or assembled PDF page is guessed.","Please double-check that S denotes the arbitrary subset throughout the forward Count proof while M remains the structure."
"te-Telu-IN-OLTESOLSYN-006","te-Telu-IN-OLTESOLSYN-006-OCC-001","source_correction","contemporaneous","normal","high","false","OLTESOLSYN-006: confirmed structure subset symbol collision in reverse proof","kept M for the structure and renamed the orbit subset to S throughout the reverse argument; adjacent sourcecorrection discloses the repair","te-Telu-IN","Telu","IN","standard formal Telugu","international logical and mathematical notation with Arabic decimal digits and Latin metavariables","OLP-0329","OLP-0329-B012","upstream/content/second-order-logic/syntax-and-semantics/inf-count.tex","26b10cbda98d193ed98437efd26dd2b759a818f49656ff465962fd69452bd4f8","104","122","4340","5180","translation/content/second-order-logic/syntax-and-semantics/inf-count.tex","0b6f3a4e819e1f321b24255794c8aede6fd096dc463845f5b091abca65763e6c","112","133","9271","11313","pending","","The cited unit is not yet integrated into the coherent full reader; no printed or assembled PDF page is guessed.","Please double-check that S denotes the orbit subset throughout the reverse Count proof while M remains the structure."
