"review_id","record_type","review_priority","confidence","source_term_or_finding","chosen_rendering_or_treatment","language","script","locale","unit_id","section_path","source_file","target_file","source_locator","target_locator","segment_id","final_printed_page","pagination_status","expert_review_status","please_double_check"
"REV-TE-T001","terminology_or_sense_decision","standard","not_separately_graded","set","సమితి","Telugu","Telu","te-Telu-IN","OLP-0005","sets-functions-relations/sets/basics","content/sets-functions-relations/sets/basics.tex","translation/content/sets-functions-relations/sets/basics.tex","content/sets-functions-relations/sets/basics.tex:12-17","translation/content/sets-functions-relations/sets/basics.tex:12-17","OLP-0005-B005","","pending_coherent_reader_pagination","provisional_pending_optional_specialist_review_no_hold","Please double-check whether “సమితి” is idiomatic and technically standard for “set” in Telugu logic/mathematics across Andhra Pradesh and Telangana. If not, what exact replacement should be used while leaving the displayed definition, formulas and source scope unchanged?"
"REV-TE-T002","terminology_or_sense_decision","standard","moderate","element/member of a set","మూలకం","Telugu","Telu","te-Telu-IN","OLP-0005","sets-functions-relations/sets/basics","content/sets-functions-relations/sets/basics.tex","translation/content/sets-functions-relations/sets/basics.tex","content/sets-functions-relations/sets/basics.tex:12-17","translation/content/sets-functions-relations/sets/basics.tex:12-17","OLP-0005-B005","","pending_coherent_reader_pagination","provisional_pending_optional_specialist_review_no_hold","Please double-check whether “మూలకం” is idiomatic and technically standard for “element/member of a set” in Telugu logic/mathematics across Andhra Pradesh and Telangana. If not, what exact replacement should be used while leaving the displayed definition, formulas and source scope unchanged?"
"REV-TE-T003","terminology_or_sense_decision","high","mixed_provisional","extensionality","సమితుల సమానత్వ సూత్రం (Extensionality)","Telugu","Telu","te-Telu-IN","OLP-0005","sets-functions-relations/sets/basics","content/sets-functions-relations/sets/basics.tex","translation/content/sets-functions-relations/sets/basics.tex","content/sets-functions-relations/sets/basics.tex:9-10","translation/content/sets-functions-relations/sets/basics.tex:9-10","OLP-0005-B004","","pending_coherent_reader_pagination","provisional_pending_optional_specialist_review_no_hold","Please double-check whether “సమితుల సమానత్వ సూత్రం (Extensionality)” is idiomatic and technically standard for “extensionality” in Telugu logic/mathematics across Andhra Pradesh and Telangana. If not, what exact replacement should be used while leaving the displayed definition, formulas and source scope unchanged?"
"REV-TE-T004","terminology_or_sense_decision","standard","moderate","subset / proper subset","ఉపసమితి / క్రమ ఉపసమితి","Telugu","Telu","te-Telu-IN","OLP-0006","sets-functions-relations/sets/subsets","content/sets-functions-relations/sets/subsets.tex","translation/content/sets-functions-relations/sets/subsets.tex","content/sets-functions-relations/sets/subsets.tex:19-25","translation/content/sets-functions-relations/sets/subsets.tex:19-26","OLP-0006-B006","","pending_coherent_reader_pagination","provisional_pending_optional_specialist_review_no_hold","Please double-check whether “ఉపసమితి / క్రమ ఉపసమితి” is idiomatic and technically standard for “subset / proper subset” in Telugu logic/mathematics across Andhra Pradesh and Telangana. If not, what exact replacement should be used while leaving the displayed definition, formulas and source scope unchanged?"
"REV-TE-T005","terminology_or_sense_decision","standard","moderate","power set","ఘాత సమితి","Telugu","Telu","te-Telu-IN","OLP-0006","sets-functions-relations/sets/subsets","content/sets-functions-relations/sets/subsets.tex","translation/content/sets-functions-relations/sets/subsets.tex","content/sets-functions-relations/sets/subsets.tex:75-81","translation/content/sets-functions-relations/sets/subsets.tex:78-84","OLP-0006-B015","","pending_coherent_reader_pagination","provisional_pending_optional_specialist_review_no_hold","Please double-check whether “ఘాత సమితి” is idiomatic and technically standard for “power set” in Telugu logic/mathematics across Andhra Pradesh and Telangana. If not, what exact replacement should be used while leaving the displayed definition, formulas and source scope unchanged?"
"REV-TE-T006","terminology_or_sense_decision","standard","not_separately_graded","proof / theorem","నిరూపణ / సిద్ధాంతం","Telugu","Telu","te-Telu-IN","OLP-0010","sets-functions-relations/sets/russells-paradox","content/sets-functions-relations/sets/russells-paradox.tex","translation/content/sets-functions-relations/sets/russells-paradox.tex","content/sets-functions-relations/sets/russells-paradox.tex:54-62","translation/content/sets-functions-relations/sets/russells-paradox.tex:57-66","OLP-0010-B011","","pending_coherent_reader_pagination","provisional_pending_optional_specialist_review_no_hold","Please double-check whether “నిరూపణ / సిద్ధాంతం” is idiomatic and technically standard for “proof / theorem” in Telugu logic/mathematics across Andhra Pradesh and Telangana. If not, what exact replacement should be used while leaving the displayed definition, formulas and source scope unchanged?"
"REV-TE-T007","terminology_or_sense_decision","standard","not_separately_graded","logic","తర్కం","Telugu","Telu","te-Telu-IN","OLP-0018","sets-functions-relations/relations/trees","content/sets-functions-relations/relations/trees.tex","translation/content/sets-functions-relations/relations/trees.tex","content/sets-functions-relations/relations/trees.tex:12-20","translation/content/sets-functions-relations/relations/trees.tex:12-19","OLP-0018-B005","","pending_coherent_reader_pagination","provisional_pending_optional_specialist_review_no_hold","Please double-check whether “తర్కం” is idiomatic and technically standard for “logic” in Telugu logic/mathematics across Andhra Pradesh and Telangana. If not, what exact replacement should be used while leaving the displayed definition, formulas and source scope unchanged?"
"REV-TE-T008","terminology_or_sense_decision","standard","not_separately_graded","natural number / integer / positive integer","సహజ సంఖ్య / పూర్ణ సంఖ్య / ధన పూర్ణ సంఖ్య","Telugu","Telu","te-Telu-IN","OLP-0007","sets-functions-relations/sets/important-sets","content/sets-functions-relations/sets/important-sets.tex","translation/content/sets-functions-relations/sets/important-sets.tex","content/sets-functions-relations/sets/important-sets.tex:12-27","translation/content/sets-functions-relations/sets/important-sets.tex:12-26","OLP-0007-B005","","pending_coherent_reader_pagination","provisional_pending_optional_specialist_review_no_hold","Please double-check whether “సహజ సంఖ్య / పూర్ణ సంఖ్య / ధన పూర్ణ సంఖ్య” is idiomatic and technically standard for “natural number / integer / positive integer” in Telugu logic/mathematics across Andhra Pradesh and Telangana. If not, what exact replacement should be used while leaving the displayed definition, formulas and source scope unchanged?"
"REV-TE-T008","terminology_or_sense_decision","standard","not_separately_graded","natural number / integer / positive integer","సహజ సంఖ్య / పూర్ణ సంఖ్య / ధన పూర్ణ సంఖ్య","Telugu","Telu","te-Telu-IN","OLP-0007","sets-functions-relations/sets/important-sets","content/sets-functions-relations/sets/important-sets.tex","translation/content/sets-functions-relations/sets/important-sets.tex","content/sets-functions-relations/sets/important-sets.tex:12-27","translation/content/sets-functions-relations/sets/important-sets.tex:12-26","OLP-0007-B005","","pending_coherent_reader_pagination","provisional_pending_optional_specialist_review_no_hold","Please double-check whether “సహజ సంఖ్య / పూర్ణ సంఖ్య / ధన పూర్ణ సంఖ్య” is idiomatic and technically standard for “natural number / integer / positive integer” in Telugu logic/mathematics across Andhra Pradesh and Telangana. If not, what exact replacement should be used while leaving the displayed definition, formulas and source scope unchanged?"
"REV-TE-T008","terminology_or_sense_decision","standard","not_separately_graded","natural number / integer / positive integer","సహజ సంఖ్య / పూర్ణ సంఖ్య / ధన పూర్ణ సంఖ్య","Telugu","Telu","te-Telu-IN","OLP-0007","sets-functions-relations/sets/important-sets","content/sets-functions-relations/sets/important-sets.tex","translation/content/sets-functions-relations/sets/important-sets.tex","content/sets-functions-relations/sets/important-sets.tex:40-43","translation/content/sets-functions-relations/sets/important-sets.tex:41-43","OLP-0007-B007","","pending_coherent_reader_pagination","provisional_pending_optional_specialist_review_no_hold","Please double-check whether “సహజ సంఖ్య / పూర్ణ సంఖ్య / ధన పూర్ణ సంఖ్య” is idiomatic and technically standard for “natural number / integer / positive integer” in Telugu logic/mathematics across Andhra Pradesh and Telangana. If not, what exact replacement should be used while leaving the displayed definition, formulas and source scope unchanged?"
"REV-TE-T009","terminology_or_sense_decision","standard","not_separately_graded","empty set / union / intersection / difference / disjoint","శూన్య సమితి / సమ్మేళనం / ఛేదనం / భేదం / వియుక్త","Telugu","Telu","te-Telu-IN","OLP-0008","sets-functions-relations/sets/unions-and-intersections","content/sets-functions-relations/sets/unions-and-intersections.tex","translation/content/sets-functions-relations/sets/unions-and-intersections.tex","content/sets-functions-relations/sets/unions-and-intersections.tex:34-40","translation/content/sets-functions-relations/sets/unions-and-intersections.tex:35-42","OLP-0008-B008","","pending_coherent_reader_pagination","provisional_pending_optional_specialist_review_no_hold","Please double-check whether “శూన్య సమితి / సమ్మేళనం / ఛేదనం / భేదం / వియుక్త” is idiomatic and technically standard for “empty set / union / intersection / difference / disjoint” in Telugu logic/mathematics across Andhra Pradesh and Telangana. If not, what exact replacement should be used while leaving the displayed definition, formulas and source scope unchanged?"
"REV-TE-T009","terminology_or_sense_decision","standard","not_separately_graded","empty set / union / intersection / difference / disjoint","శూన్య సమితి / సమ్మేళనం / ఛేదనం / భేదం / వియుక్త","Telugu","Telu","te-Telu-IN","OLP-0008","sets-functions-relations/sets/unions-and-intersections","content/sets-functions-relations/sets/unions-and-intersections.tex","translation/content/sets-functions-relations/sets/unions-and-intersections.tex","content/sets-functions-relations/sets/unions-and-intersections.tex:71-79","translation/content/sets-functions-relations/sets/unions-and-intersections.tex:74-82","OLP-0008-B014","","pending_coherent_reader_pagination","provisional_pending_optional_specialist_review_no_hold","Please double-check whether “శూన్య సమితి / సమ్మేళనం / ఛేదనం / భేదం / వియుక్త” is idiomatic and technically standard for “empty set / union / intersection / difference / disjoint” in Telugu logic/mathematics across Andhra Pradesh and Telangana. If not, what exact replacement should be used while leaving the displayed definition, formulas and source scope unchanged?"
"REV-TE-T009","terminology_or_sense_decision","standard","not_separately_graded","empty set / union / intersection / difference / disjoint","శూన్య సమితి / సమ్మేళనం / ఛేదనం / భేదం / వియుక్త","Telugu","Telu","te-Telu-IN","OLP-0008","sets-functions-relations/sets/unions-and-intersections","content/sets-functions-relations/sets/unions-and-intersections.tex","translation/content/sets-functions-relations/sets/unions-and-intersections.tex","content/sets-functions-relations/sets/unions-and-intersections.tex:71-79","translation/content/sets-functions-relations/sets/unions-and-intersections.tex:74-82","OLP-0008-B014","","pending_coherent_reader_pagination","provisional_pending_optional_specialist_review_no_hold","Please double-check whether “శూన్య సమితి / సమ్మేళనం / ఛేదనం / భేదం / వియుక్త” is idiomatic and technically standard for “empty set / union / intersection / difference / disjoint” in Telugu logic/mathematics across Andhra Pradesh and Telangana. If not, what exact replacement should be used while leaving the displayed definition, formulas and source scope unchanged?"
"REV-TE-T009","terminology_or_sense_decision","standard","not_separately_graded","empty set / union / intersection / difference / disjoint","శూన్య సమితి / సమ్మేళనం / ఛేదనం / భేదం / వియుక్త","Telugu","Telu","te-Telu-IN","OLP-0008","sets-functions-relations/sets/unions-and-intersections","content/sets-functions-relations/sets/unions-and-intersections.tex","translation/content/sets-functions-relations/sets/unions-and-intersections.tex","content/sets-functions-relations/sets/unions-and-intersections.tex:162-168","translation/content/sets-functions-relations/sets/unions-and-intersections.tex:165-172","OLP-0008-B028","","pending_coherent_reader_pagination","provisional_pending_optional_specialist_review_no_hold","Please double-check whether “శూన్య సమితి / సమ్మేళనం / ఛేదనం / భేదం / వియుక్త” is idiomatic and technically standard for “empty set / union / intersection / difference / disjoint” in Telugu logic/mathematics across Andhra Pradesh and Telangana. If not, what exact replacement should be used while leaving the displayed definition, formulas and source scope unchanged?"
"REV-TE-T010","terminology_or_sense_decision","standard","not_separately_graded","rational / irrational / real number","కరణీయ సంఖ్య / అకరణీయ సంఖ్య / వాస్తవ సంఖ్య","Telugu","Telu","te-Telu-IN","OLP-0007","sets-functions-relations/sets/important-sets","content/sets-functions-relations/sets/important-sets.tex","translation/content/sets-functions-relations/sets/important-sets.tex","content/sets-functions-relations/sets/important-sets.tex:12-27","translation/content/sets-functions-relations/sets/important-sets.tex:12-26","OLP-0007-B005","","pending_coherent_reader_pagination","provisional_pending_optional_specialist_review_no_hold","Please double-check whether “కరణీయ సంఖ్య / అకరణీయ సంఖ్య / వాస్తవ సంఖ్య” is idiomatic and technically standard for “rational / irrational / real number” in Telugu logic/mathematics across Andhra Pradesh and Telangana. If not, what exact replacement should be used while leaving the displayed definition, formulas and source scope unchanged?"
"REV-TE-T010","terminology_or_sense_decision","standard","not_separately_graded","rational / irrational / real number","కరణీయ సంఖ్య / అకరణీయ సంఖ్య / వాస్తవ సంఖ్య","Telugu","Telu","te-Telu-IN","OLP-0007","sets-functions-relations/sets/important-sets","content/sets-functions-relations/sets/important-sets.tex","translation/content/sets-functions-relations/sets/important-sets.tex","content/sets-functions-relations/sets/important-sets.tex:12-27","translation/content/sets-functions-relations/sets/important-sets.tex:12-26","OLP-0007-B005","","pending_coherent_reader_pagination","provisional_pending_optional_specialist_review_no_hold","Please double-check whether “కరణీయ సంఖ్య / అకరణీయ సంఖ్య / వాస్తవ సంఖ్య” is idiomatic and technically standard for “rational / irrational / real number” in Telugu logic/mathematics across Andhra Pradesh and Telangana. If not, what exact replacement should be used while leaving the displayed definition, formulas and source scope unchanged?"
"REV-TE-T011","terminology_or_sense_decision","high","mixed_provisional","finite / infinite / string / sequence / alphabet","పరిమిత / అనంత (witness synonym అపరిమిత) / సంకేతమాల / క్రమం / వర్ణమాల","Telugu","Telu","te-Telu-IN","OLP-0007","sets-functions-relations/sets/important-sets","content/sets-functions-relations/sets/important-sets.tex","translation/content/sets-functions-relations/sets/important-sets.tex","content/sets-functions-relations/sets/important-sets.tex:45-60","translation/content/sets-functions-relations/sets/important-sets.tex:45-61","OLP-0007-B008","","pending_coherent_reader_pagination","provisional_pending_optional_specialist_review_no_hold","Please double-check whether “పరిమిత / అనంత (witness synonym అపరిమిత) / సంకేతమాల / క్రమం / వర్ణమాల” is idiomatic and technically standard for “finite / infinite / string / sequence / alphabet” in Telugu logic/mathematics across Andhra Pradesh and Telangana. If not, what exact replacement should be used while leaving the displayed definition, formulas and source scope unchanged?"
"REV-TE-T011","terminology_or_sense_decision","high","mixed_provisional","finite / infinite / string / sequence / alphabet","పరిమిత / అనంత (witness synonym అపరిమిత) / సంకేతమాల / క్రమం / వర్ణమాల","Telugu","Telu","te-Telu-IN","OLP-0007","sets-functions-relations/sets/important-sets","content/sets-functions-relations/sets/important-sets.tex","translation/content/sets-functions-relations/sets/important-sets.tex","content/sets-functions-relations/sets/important-sets.tex:62-67","translation/content/sets-functions-relations/sets/important-sets.tex:63-68","OLP-0007-B009","","pending_coherent_reader_pagination","provisional_pending_optional_specialist_review_no_hold","Please double-check whether “పరిమిత / అనంత (witness synonym అపరిమిత) / సంకేతమాల / క్రమం / వర్ణమాల” is idiomatic and technically standard for “finite / infinite / string / sequence / alphabet” in Telugu logic/mathematics across Andhra Pradesh and Telangana. If not, what exact replacement should be used while leaving the displayed definition, formulas and source scope unchanged?"
"REV-TE-T012","terminology_or_sense_decision","high","mixed_provisional","ordered pair / tuple / Cartesian product","క్రమయుగ్మం / క్రమిత బహుళకం / కార్టీజియన్ లబ్ధం","Telugu","Telu","te-Telu-IN","OLP-0009","sets-functions-relations/sets/pairs-and-products","content/sets-functions-relations/sets/pairs-and-products.tex","translation/content/sets-functions-relations/sets/pairs-and-products.tex","content/sets-functions-relations/sets/pairs-and-products.tex:12-17","translation/content/sets-functions-relations/sets/pairs-and-products.tex:12-17","OLP-0009-B005","","pending_coherent_reader_pagination","provisional_pending_optional_specialist_review_no_hold","Please double-check whether “క్రమయుగ్మం / క్రమిత బహుళకం / కార్టీజియన్ లబ్ధం” is idiomatic and technically standard for “ordered pair / tuple / Cartesian product” in Telugu logic/mathematics across Andhra Pradesh and Telangana. If not, what exact replacement should be used while leaving the displayed definition, formulas and source scope unchanged?"
"REV-TE-T012","terminology_or_sense_decision","high","mixed_provisional","ordered pair / tuple / Cartesian product","క్రమయుగ్మం / క్రమిత బహుళకం / కార్టీజియన్ లబ్ధం","Telugu","Telu","te-Telu-IN","OLP-0009","sets-functions-relations/sets/pairs-and-products","content/sets-functions-relations/sets/pairs-and-products.tex","translation/content/sets-functions-relations/sets/pairs-and-products.tex","content/sets-functions-relations/sets/pairs-and-products.tex:38-47","translation/content/sets-functions-relations/sets/pairs-and-products.tex:39-49","OLP-0009-B009","","pending_coherent_reader_pagination","provisional_pending_optional_specialist_review_no_hold","Please double-check whether “క్రమయుగ్మం / క్రమిత బహుళకం / కార్టీజియన్ లబ్ధం” is idiomatic and technically standard for “ordered pair / tuple / Cartesian product” in Telugu logic/mathematics across Andhra Pradesh and Telangana. If not, what exact replacement should be used while leaving the displayed definition, formulas and source scope unchanged?"
"REV-TE-T012","terminology_or_sense_decision","high","mixed_provisional","ordered pair / tuple / Cartesian product","క్రమయుగ్మం / క్రమిత బహుళకం / కార్టీజియన్ లబ్ధం","Telugu","Telu","te-Telu-IN","OLP-0009","sets-functions-relations/sets/pairs-and-products","content/sets-functions-relations/sets/pairs-and-products.tex","translation/content/sets-functions-relations/sets/pairs-and-products.tex","content/sets-functions-relations/sets/pairs-and-products.tex:52-58","translation/content/sets-functions-relations/sets/pairs-and-products.tex:55-61","OLP-0009-B011","","pending_coherent_reader_pagination","provisional_pending_optional_specialist_review_no_hold","Please double-check whether “క్రమయుగ్మం / క్రమిత బహుళకం / కార్టీజియన్ లబ్ధం” is idiomatic and technically standard for “ordered pair / tuple / Cartesian product” in Telugu logic/mathematics across Andhra Pradesh and Telangana. If not, what exact replacement should be used while leaving the displayed definition, formulas and source scope unchanged?"
"REV-TE-T013","terminology_or_sense_decision","high","mixed_provisional","Russell's paradox / contradiction / comprehension / axiom","రసెల్ వైరుధ్యం / విరోధం / ధర్మసంగ్రహం / స్వీకృతం","Telugu","Telu","te-Telu-IN","OLP-0010","sets-functions-relations/sets/russells-paradox","content/sets-functions-relations/sets/russells-paradox.tex","translation/content/sets-functions-relations/sets/russells-paradox.tex","content/sets-functions-relations/sets/russells-paradox.tex:21-25","translation/content/sets-functions-relations/sets/russells-paradox.tex:22-26","OLP-0010-B006","","pending_coherent_reader_pagination","provisional_pending_optional_specialist_review_no_hold","Please double-check whether “రసెల్ వైరుధ్యం / విరోధం / ధర్మసంగ్రహం / స్వీకృతం” is idiomatic and technically standard for “Russell's paradox / contradiction / comprehension / axiom” in Telugu logic/mathematics across Andhra Pradesh and Telangana. If not, what exact replacement should be used while leaving the displayed definition, formulas and source scope unchanged?"
"REV-TE-T013","terminology_or_sense_decision","high","mixed_provisional","Russell's paradox / contradiction / comprehension / axiom","రసెల్ వైరుధ్యం / విరోధం / ధర్మసంగ్రహం / స్వీకృతం","Telugu","Telu","te-Telu-IN","OLP-0010","sets-functions-relations/sets/russells-paradox","content/sets-functions-relations/sets/russells-paradox.tex","translation/content/sets-functions-relations/sets/russells-paradox.tex","content/sets-functions-relations/sets/russells-paradox.tex:21-25","translation/content/sets-functions-relations/sets/russells-paradox.tex:22-26","OLP-0010-B006","","pending_coherent_reader_pagination","provisional_pending_optional_specialist_review_no_hold","Please double-check whether “రసెల్ వైరుధ్యం / విరోధం / ధర్మసంగ్రహం / స్వీకృతం” is idiomatic and technically standard for “Russell's paradox / contradiction / comprehension / axiom” in Telugu logic/mathematics across Andhra Pradesh and Telangana. If not, what exact replacement should be used while leaving the displayed definition, formulas and source scope unchanged?"
"REV-TE-T013","terminology_or_sense_decision","high","mixed_provisional","Russell's paradox / contradiction / comprehension / axiom","రసెల్ వైరుధ్యం / విరోధం / ధర్మసంగ్రహం / స్వీకృతం","Telugu","Telu","te-Telu-IN","OLP-0010","sets-functions-relations/sets/russells-paradox","content/sets-functions-relations/sets/russells-paradox.tex","translation/content/sets-functions-relations/sets/russells-paradox.tex","content/sets-functions-relations/sets/russells-paradox.tex:72-77","translation/content/sets-functions-relations/sets/russells-paradox.tex:77-82","OLP-0010-B013","","pending_coherent_reader_pagination","provisional_pending_optional_specialist_review_no_hold","Please double-check whether “రసెల్ వైరుధ్యం / విరోధం / ధర్మసంగ్రహం / స్వీకృతం” is idiomatic and technically standard for “Russell's paradox / contradiction / comprehension / axiom” in Telugu logic/mathematics across Andhra Pradesh and Telangana. If not, what exact replacement should be used while leaving the displayed definition, formulas and source scope unchanged?"
"REV-TE-T014","terminology_or_sense_decision","high","mixed_provisional","perfect number / proper divisor / continuum / induction / recursive","పరిపూర్ణ సంఖ్య / నిజ భాజకం / అవిచ్ఛిన్న సమితి / ఆగమనం / పునరావృత్త","Telugu","Telu","te-Telu-IN","OLP-0005","sets-functions-relations/sets/basics","content/sets-functions-relations/sets/basics.tex","translation/content/sets-functions-relations/sets/basics.tex","content/sets-functions-relations/sets/basics.tex:73-92","translation/content/sets-functions-relations/sets/basics.tex:76-96","OLP-0005-B012","","pending_coherent_reader_pagination","provisional_pending_optional_specialist_review_no_hold","Please double-check whether “పరిపూర్ణ సంఖ్య / నిజ భాజకం / అవిచ్ఛిన్న సమితి / ఆగమనం / పునరావృత్త” is idiomatic and technically standard for “perfect number / proper divisor / continuum / induction / recursive” in Telugu logic/mathematics across Andhra Pradesh and Telangana. If not, what exact replacement should be used while leaving the displayed definition, formulas and source scope unchanged?"
"REV-TE-T014","terminology_or_sense_decision","high","mixed_provisional","perfect number / proper divisor / continuum / induction / recursive","పరిపూర్ణ సంఖ్య / నిజ భాజకం / అవిచ్ఛిన్న సమితి / ఆగమనం / పునరావృత్త","Telugu","Telu","te-Telu-IN","OLP-0005","sets-functions-relations/sets/basics","content/sets-functions-relations/sets/basics.tex","translation/content/sets-functions-relations/sets/basics.tex","content/sets-functions-relations/sets/basics.tex:73-92","translation/content/sets-functions-relations/sets/basics.tex:76-96","OLP-0005-B012","","pending_coherent_reader_pagination","provisional_pending_optional_specialist_review_no_hold","Please double-check whether “పరిపూర్ణ సంఖ్య / నిజ భాజకం / అవిచ్ఛిన్న సమితి / ఆగమనం / పునరావృత్త” is idiomatic and technically standard for “perfect number / proper divisor / continuum / induction / recursive” in Telugu logic/mathematics across Andhra Pradesh and Telangana. If not, what exact replacement should be used while leaving the displayed definition, formulas and source scope unchanged?"
"REV-TE-T015","terminology_or_sense_decision","standard","not_separately_graded","binary relation / domain / range / function / inverse / composition","ద్విస్థానిక సంబంధం / ప్రవేశం / వ్యాప్తి / ప్రమేయం / విలోమం / సంయుక్తం","Telugu","Telu","te-Telu-IN","OLP-0012","sets-functions-relations/relations/relations-as-sets","content/sets-functions-relations/relations/relations-as-sets.tex","translation/content/sets-functions-relations/relations/relations-as-sets.tex","content/sets-functions-relations/relations/relations-as-sets.tex:55-59","translation/content/sets-functions-relations/relations/relations-as-sets.tex:54-59","OLP-0012-B009","","pending_coherent_reader_pagination","provisional_pending_optional_specialist_review_no_hold","Please double-check whether “ద్విస్థానిక సంబంధం / ప్రవేశం / వ్యాప్తి / ప్రమేయం / విలోమం / సంయుక్తం” is idiomatic and technically standard for “binary relation / domain / range / function / inverse / composition” in Telugu logic/mathematics across Andhra Pradesh and Telangana. If not, what exact replacement should be used while leaving the displayed definition, formulas and source scope unchanged?"
"REV-TE-T015","terminology_or_sense_decision","standard","not_separately_graded","binary relation / domain / range / function / inverse / composition","ద్విస్థానిక సంబంధం / ప్రవేశం / వ్యాప్తి / ప్రమేయం / విలోమం / సంయుక్తం","Telugu","Telu","te-Telu-IN","OLP-0021","sets-functions-relations/functions/function-basics","content/sets-functions-relations/functions/function-basics.tex","translation/content/sets-functions-relations/functions/function-basics.tex","content/sets-functions-relations/functions/function-basics.tex:28-30","translation/content/sets-functions-relations/functions/function-basics.tex:28-30","OLP-0021-B008","","pending_coherent_reader_pagination","provisional_pending_optional_specialist_review_no_hold","Please double-check whether “ద్విస్థానిక సంబంధం / ప్రవేశం / వ్యాప్తి / ప్రమేయం / విలోమం / సంయుక్తం” is idiomatic and technically standard for “binary relation / domain / range / function / inverse / composition” in Telugu logic/mathematics across Andhra Pradesh and Telangana. If not, what exact replacement should be used while leaving the displayed definition, formulas and source scope unchanged?"
"REV-TE-T015","terminology_or_sense_decision","standard","not_separately_graded","binary relation / domain / range / function / inverse / composition","ద్విస్థానిక సంబంధం / ప్రవేశం / వ్యాప్తి / ప్రమేయం / విలోమం / సంయుక్తం","Telugu","Telu","te-Telu-IN","OLP-0024","sets-functions-relations/functions/inverses","content/sets-functions-relations/functions/inverses.tex","translation/content/sets-functions-relations/functions/inverses.tex","content/sets-functions-relations/functions/inverses.tex:27-31","translation/content/sets-functions-relations/functions/inverses.tex:27-31","OLP-0024-B008","","pending_coherent_reader_pagination","provisional_pending_optional_specialist_review_no_hold","Please double-check whether “ద్విస్థానిక సంబంధం / ప్రవేశం / వ్యాప్తి / ప్రమేయం / విలోమం / సంయుక్తం” is idiomatic and technically standard for “binary relation / domain / range / function / inverse / composition” in Telugu logic/mathematics across Andhra Pradesh and Telangana. If not, what exact replacement should be used while leaving the displayed definition, formulas and source scope unchanged?"
"REV-TE-T015","terminology_or_sense_decision","standard","not_separately_graded","binary relation / domain / range / function / inverse / composition","ద్విస్థానిక సంబంధం / ప్రవేశం / వ్యాప్తి / ప్రమేయం / విలోమం / సంయుక్తం","Telugu","Telu","te-Telu-IN","OLP-0025","sets-functions-relations/functions/composition","content/sets-functions-relations/functions/composition.tex","translation/content/sets-functions-relations/functions/composition.tex","content/sets-functions-relations/functions/composition.tex:39-43","translation/content/sets-functions-relations/functions/composition.tex:38-42","OLP-0025-B007","","pending_coherent_reader_pagination","provisional_pending_optional_specialist_review_no_hold","Please double-check whether “ద్విస్థానిక సంబంధం / ప్రవేశం / వ్యాప్తి / ప్రమేయం / విలోమం / సంయుక్తం” is idiomatic and technically standard for “binary relation / domain / range / function / inverse / composition” in Telugu logic/mathematics across Andhra Pradesh and Telangana. If not, what exact replacement should be used while leaving the displayed definition, formulas and source scope unchanged?"
"REV-TE-T016","terminology_or_sense_decision","standard","not_separately_graded","reflexive / transitive / symmetric / antisymmetric / irreflexive / asymmetric / connected","స్వావర్తన / సంక్రామక / సౌష్ఠవ / ప్రతిసౌష్ఠవ / అస్వావర్తన / ఏకదిశ / సంయుక్త","Telugu","Telu","te-Telu-IN","OLP-0014","sets-functions-relations/relations/special-properties","content/sets-functions-relations/relations/special-properties.tex","translation/content/sets-functions-relations/relations/special-properties.tex","content/sets-functions-relations/relations/special-properties.tex:23-26","translation/content/sets-functions-relations/relations/special-properties.tex:23-26","OLP-0014-B006","","pending_coherent_reader_pagination","provisional_pending_optional_specialist_review_no_hold","Please double-check whether “స్వావర్తన / సంక్రామక / సౌష్ఠవ / ప్రతిసౌష్ఠవ / అస్వావర్తన / ఏకదిశ / సంయుక్త” is idiomatic and technically standard for “reflexive / transitive / symmetric / antisymmetric / irreflexive / asymmetric / connected” in Telugu logic/mathematics across Andhra Pradesh and Telangana. If not, what exact replacement should be used while leaving the displayed definition, formulas and source scope unchanged?"
"REV-TE-T016","terminology_or_sense_decision","standard","not_separately_graded","reflexive / transitive / symmetric / antisymmetric / irreflexive / asymmetric / connected","స్వావర్తన / సంక్రామక / సౌష్ఠవ / ప్రతిసౌష్ఠవ / అస్వావర్తన / ఏకదిశ / సంయుక్త","Telugu","Telu","te-Telu-IN","OLP-0014","sets-functions-relations/relations/special-properties","content/sets-functions-relations/relations/special-properties.tex","translation/content/sets-functions-relations/relations/special-properties.tex","content/sets-functions-relations/relations/special-properties.tex:28-31","translation/content/sets-functions-relations/relations/special-properties.tex:28-32","OLP-0014-B007","","pending_coherent_reader_pagination","provisional_pending_optional_specialist_review_no_hold","Please double-check whether “స్వావర్తన / సంక్రామక / సౌష్ఠవ / ప్రతిసౌష్ఠవ / అస్వావర్తన / ఏకదిశ / సంయుక్త” is idiomatic and technically standard for “reflexive / transitive / symmetric / antisymmetric / irreflexive / asymmetric / connected” in Telugu logic/mathematics across Andhra Pradesh and Telangana. If not, what exact replacement should be used while leaving the displayed definition, formulas and source scope unchanged?"
"REV-TE-T016","terminology_or_sense_decision","standard","not_separately_graded","reflexive / transitive / symmetric / antisymmetric / irreflexive / asymmetric / connected","స్వావర్తన / సంక్రామక / సౌష్ఠవ / ప్రతిసౌష్ఠవ / అస్వావర్తన / ఏకదిశ / సంయుక్త","Telugu","Telu","te-Telu-IN","OLP-0014","sets-functions-relations/relations/special-properties","content/sets-functions-relations/relations/special-properties.tex","translation/content/sets-functions-relations/relations/special-properties.tex","content/sets-functions-relations/relations/special-properties.tex:33-36","translation/content/sets-functions-relations/relations/special-properties.tex:34-38","OLP-0014-B008","","pending_coherent_reader_pagination","provisional_pending_optional_specialist_review_no_hold","Please double-check whether “స్వావర్తన / సంక్రామక / సౌష్ఠవ / ప్రతిసౌష్ఠవ / అస్వావర్తన / ఏకదిశ / సంయుక్త” is idiomatic and technically standard for “reflexive / transitive / symmetric / antisymmetric / irreflexive / asymmetric / connected” in Telugu logic/mathematics across Andhra Pradesh and Telangana. If not, what exact replacement should be used while leaving the displayed definition, formulas and source scope unchanged?"
"REV-TE-T016","terminology_or_sense_decision","standard","not_separately_graded","reflexive / transitive / symmetric / antisymmetric / irreflexive / asymmetric / connected","స్వావర్తన / సంక్రామక / సౌష్ఠవ / ప్రతిసౌష్ఠవ / అస్వావర్తన / ఏకదిశ / సంయుక్త","Telugu","Telu","te-Telu-IN","OLP-0014","sets-functions-relations/relations/special-properties","content/sets-functions-relations/relations/special-properties.tex","translation/content/sets-functions-relations/relations/special-properties.tex","content/sets-functions-relations/relations/special-properties.tex:38-42","translation/content/sets-functions-relations/relations/special-properties.tex:40-45","OLP-0014-B009","","pending_coherent_reader_pagination","provisional_pending_optional_specialist_review_no_hold","Please double-check whether “స్వావర్తన / సంక్రామక / సౌష్ఠవ / ప్రతిసౌష్ఠవ / అస్వావర్తన / ఏకదిశ / సంయుక్త” is idiomatic and technically standard for “reflexive / transitive / symmetric / antisymmetric / irreflexive / asymmetric / connected” in Telugu logic/mathematics across Andhra Pradesh and Telangana. If not, what exact replacement should be used while leaving the displayed definition, formulas and source scope unchanged?"
"REV-TE-T016","terminology_or_sense_decision","standard","not_separately_graded","reflexive / transitive / symmetric / antisymmetric / irreflexive / asymmetric / connected","స్వావర్తన / సంక్రామక / సౌష్ఠవ / ప్రతిసౌష్ఠవ / అస్వావర్తన / ఏకదిశ / సంయుక్త","Telugu","Telu","te-Telu-IN","OLP-0014","sets-functions-relations/relations/special-properties","content/sets-functions-relations/relations/special-properties.tex","translation/content/sets-functions-relations/relations/special-properties.tex","content/sets-functions-relations/relations/special-properties.tex:57-60","translation/content/sets-functions-relations/relations/special-properties.tex:59-63","OLP-0014-B011","","pending_coherent_reader_pagination","provisional_pending_optional_specialist_review_no_hold","Please double-check whether “స్వావర్తన / సంక్రామక / సౌష్ఠవ / ప్రతిసౌష్ఠవ / అస్వావర్తన / ఏకదిశ / సంయుక్త” is idiomatic and technically standard for “reflexive / transitive / symmetric / antisymmetric / irreflexive / asymmetric / connected” in Telugu logic/mathematics across Andhra Pradesh and Telangana. If not, what exact replacement should be used while leaving the displayed definition, formulas and source scope unchanged?"
"REV-TE-T016","terminology_or_sense_decision","standard","not_separately_graded","reflexive / transitive / symmetric / antisymmetric / irreflexive / asymmetric / connected","స్వావర్తన / సంక్రామక / సౌష్ఠవ / ప్రతిసౌష్ఠవ / అస్వావర్తన / ఏకదిశ / సంయుక్త","Telugu","Telu","te-Telu-IN","OLP-0014","sets-functions-relations/relations/special-properties","content/sets-functions-relations/relations/special-properties.tex","translation/content/sets-functions-relations/relations/special-properties.tex","content/sets-functions-relations/relations/special-properties.tex:69-72","translation/content/sets-functions-relations/relations/special-properties.tex:74-77","OLP-0014-B013","","pending_coherent_reader_pagination","provisional_pending_optional_specialist_review_no_hold","Please double-check whether “స్వావర్తన / సంక్రామక / సౌష్ఠవ / ప్రతిసౌష్ఠవ / అస్వావర్తన / ఏకదిశ / సంయుక్త” is idiomatic and technically standard for “reflexive / transitive / symmetric / antisymmetric / irreflexive / asymmetric / connected” in Telugu logic/mathematics across Andhra Pradesh and Telangana. If not, what exact replacement should be used while leaving the displayed definition, formulas and source scope unchanged?"
"REV-TE-T016","terminology_or_sense_decision","standard","not_separately_graded","reflexive / transitive / symmetric / antisymmetric / irreflexive / asymmetric / connected","స్వావర్తన / సంక్రామక / సౌష్ఠవ / ప్రతిసౌష్ఠవ / అస్వావర్తన / ఏకదిశ / సంయుక్త","Telugu","Telu","te-Telu-IN","OLP-0014","sets-functions-relations/relations/special-properties","content/sets-functions-relations/relations/special-properties.tex","translation/content/sets-functions-relations/relations/special-properties.tex","content/sets-functions-relations/relations/special-properties.tex:74-77","translation/content/sets-functions-relations/relations/special-properties.tex:79-82","OLP-0014-B014","","pending_coherent_reader_pagination","provisional_pending_optional_specialist_review_no_hold","Please double-check whether “స్వావర్తన / సంక్రామక / సౌష్ఠవ / ప్రతిసౌష్ఠవ / అస్వావర్తన / ఏకదిశ / సంయుక్త” is idiomatic and technically standard for “reflexive / transitive / symmetric / antisymmetric / irreflexive / asymmetric / connected” in Telugu logic/mathematics across Andhra Pradesh and Telangana. If not, what exact replacement should be used while leaving the displayed definition, formulas and source scope unchanged?"
"REV-TE-T017","terminology_or_sense_decision","standard","not_separately_graded","identity / equivalence relation / equivalence class / quotient / preorder / partial order / linear order / strict order","తాదాత్మ్య / తుల్యతా సంబంధం / తుల్యతా వర్గం / వర్గీకృత సమితి / పూర్వక్రమం / పాక్షిక క్రమం / రేఖీయ క్రమం / కఠిన క్రమం","Telugu","Telu","te-Telu-IN","OLP-0015","sets-functions-relations/relations/equivalence-relations","content/sets-functions-relations/relations/equivalence-relations.tex","translation/content/sets-functions-relations/relations/equivalence-relations.tex","content/sets-functions-relations/relations/equivalence-relations.tex:17-21","translation/content/sets-functions-relations/relations/equivalence-relations.tex:16-21","OLP-0015-B007","","pending_coherent_reader_pagination","provisional_pending_optional_specialist_review_no_hold","Please double-check whether “తాదాత్మ్య / తుల్యతా సంబంధం / తుల్యతా వర్గం / వర్గీకృత సమితి / పూర్వక్రమం / పాక్షిక క్రమం / రేఖీయ క్రమం / కఠిన క్రమం” is idiomatic and technically standard for “identity / equivalence relation / equivalence class / quotient / preorder / partial order / linear order / strict order” in Telugu logic/mathematics across Andhra Pradesh and Telangana. If not, what exact replacement should be used while leaving the displayed definition, formulas and source scope unchanged?"
"REV-TE-T017","terminology_or_sense_decision","standard","not_separately_graded","identity / equivalence relation / equivalence class / quotient / preorder / partial order / linear order / strict order","తాదాత్మ్య / తుల్యతా సంబంధం / తుల్యతా వర్గం / వర్గీకృత సమితి / పూర్వక్రమం / పాక్షిక క్రమం / రేఖీయ క్రమం / కఠిన క్రమం","Telugu","Telu","te-Telu-IN","OLP-0015","sets-functions-relations/relations/equivalence-relations","content/sets-functions-relations/relations/equivalence-relations.tex","translation/content/sets-functions-relations/relations/equivalence-relations.tex","content/sets-functions-relations/relations/equivalence-relations.tex:31-37","translation/content/sets-functions-relations/relations/equivalence-relations.tex:30-37","OLP-0015-B009","","pending_coherent_reader_pagination","provisional_pending_optional_specialist_review_no_hold","Please double-check whether “తాదాత్మ్య / తుల్యతా సంబంధం / తుల్యతా వర్గం / వర్గీకృత సమితి / పూర్వక్రమం / పాక్షిక క్రమం / రేఖీయ క్రమం / కఠిన క్రమం” is idiomatic and technically standard for “identity / equivalence relation / equivalence class / quotient / preorder / partial order / linear order / strict order” in Telugu logic/mathematics across Andhra Pradesh and Telangana. If not, what exact replacement should be used while leaving the displayed definition, formulas and source scope unchanged?"
"REV-TE-T017","terminology_or_sense_decision","standard","not_separately_graded","identity / equivalence relation / equivalence class / quotient / preorder / partial order / linear order / strict order","తాదాత్మ్య / తుల్యతా సంబంధం / తుల్యతా వర్గం / వర్గీకృత సమితి / పూర్వక్రమం / పాక్షిక క్రమం / రేఖీయ క్రమం / కఠిన క్రమం","Telugu","Telu","te-Telu-IN","OLP-0016","sets-functions-relations/relations/orders","content/sets-functions-relations/relations/orders.tex","translation/content/sets-functions-relations/relations/orders.tex","content/sets-functions-relations/relations/orders.tex:22-25","translation/content/sets-functions-relations/relations/orders.tex:23-26","OLP-0016-B006","","pending_coherent_reader_pagination","provisional_pending_optional_specialist_review_no_hold","Please double-check whether “తాదాత్మ్య / తుల్యతా సంబంధం / తుల్యతా వర్గం / వర్గీకృత సమితి / పూర్వక్రమం / పాక్షిక క్రమం / రేఖీయ క్రమం / కఠిన క్రమం” is idiomatic and technically standard for “identity / equivalence relation / equivalence class / quotient / preorder / partial order / linear order / strict order” in Telugu logic/mathematics across Andhra Pradesh and Telangana. If not, what exact replacement should be used while leaving the displayed definition, formulas and source scope unchanged?"
"REV-TE-T017","terminology_or_sense_decision","standard","not_separately_graded","identity / equivalence relation / equivalence class / quotient / preorder / partial order / linear order / strict order","తాదాత్మ్య / తుల్యతా సంబంధం / తుల్యతా వర్గం / వర్గీకృత సమితి / పూర్వక్రమం / పాక్షిక క్రమం / రేఖీయ క్రమం / కఠిన క్రమం","Telugu","Telu","te-Telu-IN","OLP-0016","sets-functions-relations/relations/orders","content/sets-functions-relations/relations/orders.tex","translation/content/sets-functions-relations/relations/orders.tex","content/sets-functions-relations/relations/orders.tex:27-30","translation/content/sets-functions-relations/relations/orders.tex:28-31","OLP-0016-B007","","pending_coherent_reader_pagination","provisional_pending_optional_specialist_review_no_hold","Please double-check whether “తాదాత్మ్య / తుల్యతా సంబంధం / తుల్యతా వర్గం / వర్గీకృత సమితి / పూర్వక్రమం / పాక్షిక క్రమం / రేఖీయ క్రమం / కఠిన క్రమం” is idiomatic and technically standard for “identity / equivalence relation / equivalence class / quotient / preorder / partial order / linear order / strict order” in Telugu logic/mathematics across Andhra Pradesh and Telangana. If not, what exact replacement should be used while leaving the displayed definition, formulas and source scope unchanged?"
"REV-TE-T017","terminology_or_sense_decision","standard","not_separately_graded","identity / equivalence relation / equivalence class / quotient / preorder / partial order / linear order / strict order","తాదాత్మ్య / తుల్యతా సంబంధం / తుల్యతా వర్గం / వర్గీకృత సమితి / పూర్వక్రమం / పాక్షిక క్రమం / రేఖీయ క్రమం / కఠిన క్రమం","Telugu","Telu","te-Telu-IN","OLP-0016","sets-functions-relations/relations/orders","content/sets-functions-relations/relations/orders.tex","translation/content/sets-functions-relations/relations/orders.tex","content/sets-functions-relations/relations/orders.tex:32-35","translation/content/sets-functions-relations/relations/orders.tex:33-36","OLP-0016-B008","","pending_coherent_reader_pagination","provisional_pending_optional_specialist_review_no_hold","Please double-check whether “తాదాత్మ్య / తుల్యతా సంబంధం / తుల్యతా వర్గం / వర్గీకృత సమితి / పూర్వక్రమం / పాక్షిక క్రమం / రేఖీయ క్రమం / కఠిన క్రమం” is idiomatic and technically standard for “identity / equivalence relation / equivalence class / quotient / preorder / partial order / linear order / strict order” in Telugu logic/mathematics across Andhra Pradesh and Telangana. If not, what exact replacement should be used while leaving the displayed definition, formulas and source scope unchanged?"
"REV-TE-T017","terminology_or_sense_decision","standard","not_separately_graded","identity / equivalence relation / equivalence class / quotient / preorder / partial order / linear order / strict order","తాదాత్మ్య / తుల్యతా సంబంధం / తుల్యతా వర్గం / వర్గీకృత సమితి / పూర్వక్రమం / పాక్షిక క్రమం / రేఖీయ క్రమం / కఠిన క్రమం","Telugu","Telu","te-Telu-IN","OLP-0016","sets-functions-relations/relations/orders","content/sets-functions-relations/relations/orders.tex","translation/content/sets-functions-relations/relations/orders.tex","content/sets-functions-relations/relations/orders.tex:82-85","translation/content/sets-functions-relations/relations/orders.tex:88-91","OLP-0016-B014","","pending_coherent_reader_pagination","provisional_pending_optional_specialist_review_no_hold","Please double-check whether “తాదాత్మ్య / తుల్యతా సంబంధం / తుల్యతా వర్గం / వర్గీకృత సమితి / పూర్వక్రమం / పాక్షిక క్రమం / రేఖీయ క్రమం / కఠిన క్రమం” is idiomatic and technically standard for “identity / equivalence relation / equivalence class / quotient / preorder / partial order / linear order / strict order” in Telugu logic/mathematics across Andhra Pradesh and Telangana. If not, what exact replacement should be used while leaving the displayed definition, formulas and source scope unchanged?"
"REV-TE-T018","terminology_or_sense_decision","high","mixed_provisional","predicate / proposition / singular term / set-theoretic reductionism / metaphysical identity","విధేయం / ప్రతిజ్ఞావాక్యం / ఏకవస్తు పదం / సమితి-సిద్ధాంత సంక్షేపణవాదం / అధిభౌతిక తాదాత్మ్యం","Telugu","Telu","te-Telu-IN","OLP-0013","sets-functions-relations/relations/reflections","content/sets-functions-relations/relations/reflections.tex","translation/content/sets-functions-relations/relations/reflections.tex","content/sets-functions-relations/relations/reflections.tex:12-19","translation/content/sets-functions-relations/relations/reflections.tex:12-19","OLP-0013-B004","","pending_coherent_reader_pagination","provisional_pending_optional_specialist_review_no_hold","Please double-check whether “విధేయం / ప్రతిజ్ఞావాక్యం / ఏకవస్తు పదం / సమితి-సిద్ధాంత సంక్షేపణవాదం / అధిభౌతిక తాదాత్మ్యం” is idiomatic and technically standard for “predicate / proposition / singular term / set-theoretic reductionism / metaphysical identity” in Telugu logic/mathematics across Andhra Pradesh and Telangana. If not, what exact replacement should be used while leaving the displayed definition, formulas and source scope unchanged?"
"REV-TE-T018","terminology_or_sense_decision","high","mixed_provisional","predicate / proposition / singular term / set-theoretic reductionism / metaphysical identity","విధేయం / ప్రతిజ్ఞావాక్యం / ఏకవస్తు పదం / సమితి-సిద్ధాంత సంక్షేపణవాదం / అధిభౌతిక తాదాత్మ్యం","Telugu","Telu","te-Telu-IN","OLP-0013","sets-functions-relations/relations/reflections","content/sets-functions-relations/relations/reflections.tex","translation/content/sets-functions-relations/relations/reflections.tex","content/sets-functions-relations/relations/reflections.tex:21-39","translation/content/sets-functions-relations/relations/reflections.tex:21-42","OLP-0013-B005","","pending_coherent_reader_pagination","provisional_pending_optional_specialist_review_no_hold","Please double-check whether “విధేయం / ప్రతిజ్ఞావాక్యం / ఏకవస్తు పదం / సమితి-సిద్ధాంత సంక్షేపణవాదం / అధిభౌతిక తాదాత్మ్యం” is idiomatic and technically standard for “predicate / proposition / singular term / set-theoretic reductionism / metaphysical identity” in Telugu logic/mathematics across Andhra Pradesh and Telangana. If not, what exact replacement should be used while leaving the displayed definition, formulas and source scope unchanged?"
"REV-TE-T018","terminology_or_sense_decision","high","mixed_provisional","predicate / proposition / singular term / set-theoretic reductionism / metaphysical identity","విధేయం / ప్రతిజ్ఞావాక్యం / ఏకవస్తు పదం / సమితి-సిద్ధాంత సంక్షేపణవాదం / అధిభౌతిక తాదాత్మ్యం","Telugu","Telu","te-Telu-IN","OLP-0013","sets-functions-relations/relations/reflections","content/sets-functions-relations/relations/reflections.tex","translation/content/sets-functions-relations/relations/reflections.tex","content/sets-functions-relations/relations/reflections.tex:57-68","translation/content/sets-functions-relations/relations/reflections.tex:61-73","OLP-0013-B007","","pending_coherent_reader_pagination","provisional_pending_optional_specialist_review_no_hold","Please double-check whether “విధేయం / ప్రతిజ్ఞావాక్యం / ఏకవస్తు పదం / సమితి-సిద్ధాంత సంక్షేపణవాదం / అధిభౌతిక తాదాత్మ్యం” is idiomatic and technically standard for “predicate / proposition / singular term / set-theoretic reductionism / metaphysical identity” in Telugu logic/mathematics across Andhra Pradesh and Telangana. If not, what exact replacement should be used while leaving the displayed definition, formulas and source scope unchanged?"
"REV-TE-T019","terminology_or_sense_decision","standard","not_separately_graded","graph / vertex / edge / tree / root / branch / well-order / successor / predecessor","గ్రాఫు / శీర్షం / అంచు / వృక్షం / వృక్షమూలం / శాఖ / సుక్రమం / ఉత్తరవర్తి / పూర్వవర్తి","Telugu","Telu","te-Telu-IN","OLP-0017","sets-functions-relations/relations/graphs","content/sets-functions-relations/relations/graphs.tex","translation/content/sets-functions-relations/relations/graphs.tex","content/sets-functions-relations/relations/graphs.tex:12-22","translation/content/sets-functions-relations/relations/graphs.tex:12-22","OLP-0017-B005","","pending_coherent_reader_pagination","provisional_pending_optional_specialist_review_no_hold","Please double-check whether “గ్రాఫు / శీర్షం / అంచు / వృక్షం / వృక్షమూలం / శాఖ / సుక్రమం / ఉత్తరవర్తి / పూర్వవర్తి” is idiomatic and technically standard for “graph / vertex / edge / tree / root / branch / well-order / successor / predecessor” in Telugu logic/mathematics across Andhra Pradesh and Telangana. If not, what exact replacement should be used while leaving the displayed definition, formulas and source scope unchanged?"
"REV-TE-T019","terminology_or_sense_decision","standard","not_separately_graded","graph / vertex / edge / tree / root / branch / well-order / successor / predecessor","గ్రాఫు / శీర్షం / అంచు / వృక్షం / వృక్షమూలం / శాఖ / సుక్రమం / ఉత్తరవర్తి / పూర్వవర్తి","Telugu","Telu","te-Telu-IN","OLP-0018","sets-functions-relations/relations/trees","content/sets-functions-relations/relations/trees.tex","translation/content/sets-functions-relations/relations/trees.tex","content/sets-functions-relations/relations/trees.tex:37-40","translation/content/sets-functions-relations/relations/trees.tex:36-40","OLP-0018-B008","","pending_coherent_reader_pagination","provisional_pending_optional_specialist_review_no_hold","Please double-check whether “గ్రాఫు / శీర్షం / అంచు / వృక్షం / వృక్షమూలం / శాఖ / సుక్రమం / ఉత్తరవర్తి / పూర్వవర్తి” is idiomatic and technically standard for “graph / vertex / edge / tree / root / branch / well-order / successor / predecessor” in Telugu logic/mathematics across Andhra Pradesh and Telangana. If not, what exact replacement should be used while leaving the displayed definition, formulas and source scope unchanged?"
"REV-TE-T019","terminology_or_sense_decision","standard","not_separately_graded","graph / vertex / edge / tree / root / branch / well-order / successor / predecessor","గ్రాఫు / శీర్షం / అంచు / వృక్షం / వృక్షమూలం / శాఖ / సుక్రమం / ఉత్తరవర్తి / పూర్వవర్తి","Telugu","Telu","te-Telu-IN","OLP-0018","sets-functions-relations/relations/trees","content/sets-functions-relations/relations/trees.tex","translation/content/sets-functions-relations/relations/trees.tex","content/sets-functions-relations/relations/trees.tex:56-60","translation/content/sets-functions-relations/relations/trees.tex:60-64","OLP-0018-B011","","pending_coherent_reader_pagination","provisional_pending_optional_specialist_review_no_hold","Please double-check whether “గ్రాఫు / శీర్షం / అంచు / వృక్షం / వృక్షమూలం / శాఖ / సుక్రమం / ఉత్తరవర్తి / పూర్వవర్తి” is idiomatic and technically standard for “graph / vertex / edge / tree / root / branch / well-order / successor / predecessor” in Telugu logic/mathematics across Andhra Pradesh and Telangana. If not, what exact replacement should be used while leaving the displayed definition, formulas and source scope unchanged?"
"REV-TE-T020","terminology_or_sense_decision","high","mixed_provisional","formula / derivation / propositional logic / first-order logic / completeness / computability","సూత్రం / వ్యుత్పత్తి / ప్రతిజ్ఞావాక్యాత్మక తర్కం / మొదటిస్థాయి విధేయ తర్కం / సంపూర్ణత / గణనీయత","Telugu","Telu","te-Telu-IN","OLP-0018","sets-functions-relations/relations/trees","content/sets-functions-relations/relations/trees.tex","translation/content/sets-functions-relations/relations/trees.tex","content/sets-functions-relations/relations/trees.tex:12-20","translation/content/sets-functions-relations/relations/trees.tex:12-19","OLP-0018-B005","","pending_coherent_reader_pagination","provisional_pending_optional_specialist_review_no_hold","Please double-check whether “సూత్రం / వ్యుత్పత్తి / ప్రతిజ్ఞావాక్యాత్మక తర్కం / మొదటిస్థాయి విధేయ తర్కం / సంపూర్ణత / గణనీయత” is idiomatic and technically standard for “formula / derivation / propositional logic / first-order logic / completeness / computability” in Telugu logic/mathematics across Andhra Pradesh and Telangana. If not, what exact replacement should be used while leaving the displayed definition, formulas and source scope unchanged?"
"REV-TE-T020","terminology_or_sense_decision","high","mixed_provisional","formula / derivation / propositional logic / first-order logic / completeness / computability","సూత్రం / వ్యుత్పత్తి / ప్రతిజ్ఞావాక్యాత్మక తర్కం / మొదటిస్థాయి విధేయ తర్కం / సంపూర్ణత / గణనీయత","Telugu","Telu","te-Telu-IN","OLP-0018","sets-functions-relations/relations/trees","content/sets-functions-relations/relations/trees.tex","translation/content/sets-functions-relations/relations/trees.tex","content/sets-functions-relations/relations/trees.tex:126-128","translation/content/sets-functions-relations/relations/trees.tex:135-137","OLP-0018-B020","","pending_coherent_reader_pagination","provisional_pending_optional_specialist_review_no_hold","Please double-check whether “సూత్రం / వ్యుత్పత్తి / ప్రతిజ్ఞావాక్యాత్మక తర్కం / మొదటిస్థాయి విధేయ తర్కం / సంపూర్ణత / గణనీయత” is idiomatic and technically standard for “formula / derivation / propositional logic / first-order logic / completeness / computability” in Telugu logic/mathematics across Andhra Pradesh and Telangana. If not, what exact replacement should be used while leaving the displayed definition, formulas and source scope unchanged?"
"REV-TE-T021","terminology_or_sense_decision","standard","not_separately_graded","closure / restriction / relational image / relative product","సంవృతం / పరిమితం చేసిన సంబంధం / వర్తింపజేసిన ఫలితం / సాపేక్ష లబ్ధం","Telugu","Telu","te-Telu-IN","OLP-0019","sets-functions-relations/relations/operations","content/sets-functions-relations/relations/operations.tex","translation/content/sets-functions-relations/relations/operations.tex","content/sets-functions-relations/relations/operations.tex:25-26","translation/content/sets-functions-relations/relations/operations.tex:25-26","OLP-0019-B008","","pending_coherent_reader_pagination","provisional_pending_optional_specialist_review_no_hold","Please double-check whether “సంవృతం / పరిమితం చేసిన సంబంధం / వర్తింపజేసిన ఫలితం / సాపేక్ష లబ్ధం” is idiomatic and technically standard for “closure / restriction / relational image / relative product” in Telugu logic/mathematics across Andhra Pradesh and Telangana. If not, what exact replacement should be used while leaving the displayed definition, formulas and source scope unchanged?"
"REV-TE-T021","terminology_or_sense_decision","standard","not_separately_graded","closure / restriction / relational image / relative product","సంవృతం / పరిమితం చేసిన సంబంధం / వర్తింపజేసిన ఫలితం / సాపేక్ష లబ్ధం","Telugu","Telu","te-Telu-IN","OLP-0019","sets-functions-relations/relations/operations","content/sets-functions-relations/relations/operations.tex","translation/content/sets-functions-relations/relations/operations.tex","content/sets-functions-relations/relations/operations.tex:28-29","translation/content/sets-functions-relations/relations/operations.tex:28-29","OLP-0019-B009","","pending_coherent_reader_pagination","provisional_pending_optional_specialist_review_no_hold","Please double-check whether “సంవృతం / పరిమితం చేసిన సంబంధం / వర్తింపజేసిన ఫలితం / సాపేక్ష లబ్ధం” is idiomatic and technically standard for “closure / restriction / relational image / relative product” in Telugu logic/mathematics across Andhra Pradesh and Telangana. If not, what exact replacement should be used while leaving the displayed definition, formulas and source scope unchanged?"
"REV-TE-T021","terminology_or_sense_decision","standard","not_separately_graded","closure / restriction / relational image / relative product","సంవృతం / పరిమితం చేసిన సంబంధం / వర్తింపజేసిన ఫలితం / సాపేక్ష లబ్ధం","Telugu","Telu","te-Telu-IN","OLP-0019","sets-functions-relations/relations/operations","content/sets-functions-relations/relations/operations.tex","translation/content/sets-functions-relations/relations/operations.tex","content/sets-functions-relations/relations/operations.tex:31-33","translation/content/sets-functions-relations/relations/operations.tex:31-33","OLP-0019-B010","","pending_coherent_reader_pagination","provisional_pending_optional_specialist_review_no_hold","Please double-check whether “సంవృతం / పరిమితం చేసిన సంబంధం / వర్తింపజేసిన ఫలితం / సాపేక్ష లబ్ధం” is idiomatic and technically standard for “closure / restriction / relational image / relative product” in Telugu logic/mathematics across Andhra Pradesh and Telangana. If not, what exact replacement should be used while leaving the displayed definition, formulas and source scope unchanged?"
"REV-TE-T021","terminology_or_sense_decision","standard","not_separately_graded","closure / restriction / relational image / relative product","సంవృతం / పరిమితం చేసిన సంబంధం / వర్తింపజేసిన ఫలితం / సాపేక్ష లబ్ధం","Telugu","Telu","te-Telu-IN","OLP-0019","sets-functions-relations/relations/operations","content/sets-functions-relations/relations/operations.tex","translation/content/sets-functions-relations/relations/operations.tex","content/sets-functions-relations/relations/operations.tex:50","translation/content/sets-functions-relations/relations/operations.tex:51","OLP-0019-B016","","pending_coherent_reader_pagination","provisional_pending_optional_specialist_review_no_hold","Please double-check whether “సంవృతం / పరిమితం చేసిన సంబంధం / వర్తింపజేసిన ఫలితం / సాపేక్ష లబ్ధం” is idiomatic and technically standard for “closure / restriction / relational image / relative product” in Telugu logic/mathematics across Andhra Pradesh and Telangana. If not, what exact replacement should be used while leaving the displayed definition, formulas and source scope unchanged?"
"REV-TE-T022","terminology_or_sense_decision","standard","not_separately_graded","codomain / mapping / argument / value","సహప్రవేశం / ప్రతిచిత్రణం / ఆర్గ్యుమెంట్ / విలువ","Telugu","Telu","te-Telu-IN","OLP-0021","sets-functions-relations/functions/function-basics","content/sets-functions-relations/functions/function-basics.tex","translation/content/sets-functions-relations/functions/function-basics.tex","content/sets-functions-relations/functions/function-basics.tex:32-36","translation/content/sets-functions-relations/functions/function-basics.tex:32-36","OLP-0021-B009","","pending_coherent_reader_pagination","provisional_pending_optional_specialist_review_no_hold","Please double-check whether “సహప్రవేశం / ప్రతిచిత్రణం / ఆర్గ్యుమెంట్ / విలువ” is idiomatic and technically standard for “codomain / mapping / argument / value” in Telugu logic/mathematics across Andhra Pradesh and Telangana. If not, what exact replacement should be used while leaving the displayed definition, formulas and source scope unchanged?"
"REV-TE-T023","terminology_or_sense_decision","standard","not_separately_graded","injective / surjective / bijective; injection / surjection / bijection","ఒకటి-ఒకటి / సంగ్రస్త / ద్విగుణ; corresponding ప్రమేయం nouns","Telugu","Telu","te-Telu-IN","OLP-0022","sets-functions-relations/functions/function-kinds","content/sets-functions-relations/functions/function-kinds.tex","translation/content/sets-functions-relations/functions/function-kinds.tex","content/sets-functions-relations/functions/function-kinds.tex:29-37","translation/content/sets-functions-relations/functions/function-kinds.tex:28-37","OLP-0022-B008","","pending_coherent_reader_pagination","provisional_pending_optional_specialist_review_no_hold","Please double-check whether “ఒకటి-ఒకటి / సంగ్రస్త / ద్విగుణ; corresponding ప్రమేయం nouns” is idiomatic and technically standard for “injective / surjective / bijective; injection / surjection / bijection” in Telugu logic/mathematics across Andhra Pradesh and Telangana. If not, what exact replacement should be used while leaving the displayed definition, formulas and source scope unchanged?"
"REV-TE-T023","terminology_or_sense_decision","standard","not_separately_graded","injective / surjective / bijective; injection / surjection / bijection","ఒకటి-ఒకటి / సంగ్రస్త / ద్విగుణ; corresponding ప్రమేయం nouns","Telugu","Telu","te-Telu-IN","OLP-0022","sets-functions-relations/functions/function-kinds","content/sets-functions-relations/functions/function-kinds.tex","translation/content/sets-functions-relations/functions/function-kinds.tex","content/sets-functions-relations/functions/function-kinds.tex:64-68","translation/content/sets-functions-relations/functions/function-kinds.tex:63-67","OLP-0022-B012","","pending_coherent_reader_pagination","provisional_pending_optional_specialist_review_no_hold","Please double-check whether “ఒకటి-ఒకటి / సంగ్రస్త / ద్విగుణ; corresponding ప్రమేయం nouns” is idiomatic and technically standard for “injective / surjective / bijective; injection / surjection / bijection” in Telugu logic/mathematics across Andhra Pradesh and Telangana. If not, what exact replacement should be used while leaving the displayed definition, formulas and source scope unchanged?"
"REV-TE-T023","terminology_or_sense_decision","standard","not_separately_graded","injective / surjective / bijective; injection / surjection / bijection","ఒకటి-ఒకటి / సంగ్రస్త / ద్విగుణ; corresponding ప్రమేయం nouns","Telugu","Telu","te-Telu-IN","OLP-0022","sets-functions-relations/functions/function-kinds","content/sets-functions-relations/functions/function-kinds.tex","translation/content/sets-functions-relations/functions/function-kinds.tex","content/sets-functions-relations/functions/function-kinds.tex:97-110","translation/content/sets-functions-relations/functions/function-kinds.tex:95-107","OLP-0022-B018","","pending_coherent_reader_pagination","provisional_pending_optional_specialist_review_no_hold","Please double-check whether “ఒకటి-ఒకటి / సంగ్రస్త / ద్విగుణ; corresponding ప్రమేయం nouns” is idiomatic and technically standard for “injective / surjective / bijective; injection / surjection / bijection” in Telugu logic/mathematics across Andhra Pradesh and Telangana. If not, what exact replacement should be used while leaving the displayed definition, formulas and source scope unchanged?"
"REV-TE-T024","terminology_or_sense_decision","standard","not_separately_graded","partial / total / defined / undefined / well-defined / serial / left inverse / right inverse / Axiom of Choice","పాక్షిక / సర్వత్ర నిర్వచిత / నిర్వచిత / అనిర్వచిత / సునిర్వచిత / సీరియల్ / ఎడమ విలోమం / కుడి విలోమం / ఎంపిక స్వీకృతం","Telugu","Telu","te-Telu-IN","OLP-0026","sets-functions-relations/functions/partial-functions","content/sets-functions-relations/functions/partial-functions.tex","translation/content/sets-functions-relations/functions/partial-functions.tex","content/sets-functions-relations/functions/partial-functions.tex:12","translation/content/sets-functions-relations/functions/partial-functions.tex:11","OLP-0026-B005","","pending_coherent_reader_pagination","provisional_pending_optional_specialist_review_no_hold","Please double-check whether “పాక్షిక / సర్వత్ర నిర్వచిత / నిర్వచిత / అనిర్వచిత / సునిర్వచిత / సీరియల్ / ఎడమ విలోమం / కుడి విలోమం / ఎంపిక స్వీకృతం” is idiomatic and technically standard for “partial / total / defined / undefined / well-defined / serial / left inverse / right inverse / Axiom of Choice” in Telugu logic/mathematics across Andhra Pradesh and Telangana. If not, what exact replacement should be used while leaving the displayed definition, formulas and source scope unchanged?"
"REV-TE-T024","terminology_or_sense_decision","standard","not_separately_graded","partial / total / defined / undefined / well-defined / serial / left inverse / right inverse / Axiom of Choice","పాక్షిక / సర్వత్ర నిర్వచిత / నిర్వచిత / అనిర్వచిత / సునిర్వచిత / సీరియల్ / ఎడమ విలోమం / కుడి విలోమం / ఎంపిక స్వీకృతం","Telugu","Telu","te-Telu-IN","OLP-0026","sets-functions-relations/functions/partial-functions","content/sets-functions-relations/functions/partial-functions.tex","translation/content/sets-functions-relations/functions/partial-functions.tex","content/sets-functions-relations/functions/partial-functions.tex:58-65","translation/content/sets-functions-relations/functions/partial-functions.tex:60-68","OLP-0026-B012","","pending_coherent_reader_pagination","provisional_pending_optional_specialist_review_no_hold","Please double-check whether “పాక్షిక / సర్వత్ర నిర్వచిత / నిర్వచిత / అనిర్వచిత / సునిర్వచిత / సీరియల్ / ఎడమ విలోమం / కుడి విలోమం / ఎంపిక స్వీకృతం” is idiomatic and technically standard for “partial / total / defined / undefined / well-defined / serial / left inverse / right inverse / Axiom of Choice” in Telugu logic/mathematics across Andhra Pradesh and Telangana. If not, what exact replacement should be used while leaving the displayed definition, formulas and source scope unchanged?"
"REV-TE-T024","terminology_or_sense_decision","standard","not_separately_graded","partial / total / defined / undefined / well-defined / serial / left inverse / right inverse / Axiom of Choice","పాక్షిక / సర్వత్ర నిర్వచిత / నిర్వచిత / అనిర్వచిత / సునిర్వచిత / సీరియల్ / ఎడమ విలోమం / కుడి విలోమం / ఎంపిక స్వీకృతం","Telugu","Telu","te-Telu-IN","OLP-0024","sets-functions-relations/functions/inverses","content/sets-functions-relations/functions/inverses.tex","translation/content/sets-functions-relations/functions/inverses.tex","content/sets-functions-relations/functions/inverses.tex:54-60","translation/content/sets-functions-relations/functions/inverses.tex:53-61","OLP-0024-B011","","pending_coherent_reader_pagination","provisional_pending_optional_specialist_review_no_hold","Please double-check whether “పాక్షిక / సర్వత్ర నిర్వచిత / నిర్వచిత / అనిర్వచిత / సునిర్వచిత / సీరియల్ / ఎడమ విలోమం / కుడి విలోమం / ఎంపిక స్వీకృతం” is idiomatic and technically standard for “partial / total / defined / undefined / well-defined / serial / left inverse / right inverse / Axiom of Choice” in Telugu logic/mathematics across Andhra Pradesh and Telangana. If not, what exact replacement should be used while leaving the displayed definition, formulas and source scope unchanged?"
"REV-TE-T024","terminology_or_sense_decision","standard","not_separately_graded","partial / total / defined / undefined / well-defined / serial / left inverse / right inverse / Axiom of Choice","పాక్షిక / సర్వత్ర నిర్వచిత / నిర్వచిత / అనిర్వచిత / సునిర్వచిత / సీరియల్ / ఎడమ విలోమం / కుడి విలోమం / ఎంపిక స్వీకృతం","Telugu","Telu","te-Telu-IN","OLP-0024","sets-functions-relations/functions/inverses","content/sets-functions-relations/functions/inverses.tex","translation/content/sets-functions-relations/functions/inverses.tex","content/sets-functions-relations/functions/inverses.tex:97-114","translation/content/sets-functions-relations/functions/inverses.tex:104-126","OLP-0024-B016","","pending_coherent_reader_pagination","provisional_pending_optional_specialist_review_no_hold","Please double-check whether “పాక్షిక / సర్వత్ర నిర్వచిత / నిర్వచిత / అనిర్వచిత / సునిర్వచిత / సీరియల్ / ఎడమ విలోమం / కుడి విలోమం / ఎంపిక స్వీకృతం” is idiomatic and technically standard for “partial / total / defined / undefined / well-defined / serial / left inverse / right inverse / Axiom of Choice” in Telugu logic/mathematics across Andhra Pradesh and Telangana. If not, what exact replacement should be used while leaving the displayed definition, formulas and source scope unchanged?"
"REV-TE-T025","terminology_or_sense_decision","standard","not_separately_graded","constant function / identity function","స్థిర ప్రమేయం / తాదాత్మ్య ప్రమేయం","Telugu","Telu","te-Telu-IN","OLP-0022","sets-functions-relations/functions/function-kinds","content/sets-functions-relations/functions/function-kinds.tex","translation/content/sets-functions-relations/functions/function-kinds.tex","content/sets-functions-relations/functions/function-kinds.tex:76-78","translation/content/sets-functions-relations/functions/function-kinds.tex:74-76","OLP-0022-B014","","pending_coherent_reader_pagination","provisional_pending_optional_specialist_review_no_hold","Please double-check whether “స్థిర ప్రమేయం / తాదాత్మ్య ప్రమేయం” is idiomatic and technically standard for “constant function / identity function” in Telugu logic/mathematics across Andhra Pradesh and Telangana. If not, what exact replacement should be used while leaving the displayed definition, formulas and source scope unchanged?"
"REV-TE-T026","terminology_or_sense_decision","standard","not_separately_graded","enumeration / enumerable / nonenumerable / countability","లెక్కింపు / లెక్కించదగిన / లెక్కించలేని / లెక్కించదగినతనం","Telugu","Telu","te-Telu-IN","OLP-0029","sets-functions-relations/size-of-sets/enumerability","content/sets-functions-relations/size-of-sets/enumerability.tex","translation/content/sets-functions-relations/size-of-sets/enumerability.tex","content/sets-functions-relations/size-of-sets/enumerability.tex:27-32","translation/content/sets-functions-relations/size-of-sets/enumerability.tex:27-32","OLP-0029-B008","","pending_coherent_reader_pagination","provisional_pending_optional_specialist_review_no_hold","Please double-check whether “లెక్కింపు / లెక్కించదగిన / లెక్కించలేని / లెక్కించదగినతనం” is idiomatic and technically standard for “enumeration / enumerable / nonenumerable / countability” in Telugu logic/mathematics across Andhra Pradesh and Telangana. If not, what exact replacement should be used while leaving the displayed definition, formulas and source scope unchanged?"
"REV-TE-T026","terminology_or_sense_decision","standard","not_separately_graded","enumeration / enumerable / nonenumerable / countability","లెక్కింపు / లెక్కించదగిన / లెక్కించలేని / లెక్కించదగినతనం","Telugu","Telu","te-Telu-IN","OLP-0038","sets-functions-relations/size-of-sets/enumerability-alt","content/sets-functions-relations/size-of-sets/enumerability-alt.tex","translation/content/sets-functions-relations/size-of-sets/enumerability-alt.tex","content/sets-functions-relations/size-of-sets/enumerability-alt.tex:39-43","translation/content/sets-functions-relations/size-of-sets/enumerability-alt.tex:39-43","OLP-0038-B009","","pending_coherent_reader_pagination","provisional_pending_optional_specialist_review_no_hold","Please double-check whether “లెక్కింపు / లెక్కించదగిన / లెక్కించలేని / లెక్కించదగినతనం” is idiomatic and technically standard for “enumeration / enumerable / nonenumerable / countability” in Telugu logic/mathematics across Andhra Pradesh and Telangana. If not, what exact replacement should be used while leaving the displayed definition, formulas and source scope unchanged?"
"REV-TE-T027","terminology_or_sense_decision","standard","moderate","equinumerous / equinumerosity / cardinality / no larger than / smaller than","సమసంఖ్యాక / సమసంఖ్యాకత / సమితి పరిమాణం / పరిమాణంలో మించని / పరిమాణంలో చిన్నది","Telugu","Telu","te-Telu-IN","OLP-0028","sets-functions-relations/size-of-sets/introduction","content/sets-functions-relations/size-of-sets/introduction.tex","translation/content/sets-functions-relations/size-of-sets/introduction.tex","content/sets-functions-relations/size-of-sets/introduction.tex:13-19","translation/content/sets-functions-relations/size-of-sets/introduction.tex:13-19","OLP-0028-B006","","pending_coherent_reader_pagination","provisional_pending_optional_specialist_review_no_hold","Please double-check whether “సమసంఖ్యాక / సమసంఖ్యాకత / సమితి పరిమాణం / పరిమాణంలో మించని / పరిమాణంలో చిన్నది” is idiomatic and technically standard for “equinumerous / equinumerosity / cardinality / no larger than / smaller than” in Telugu logic/mathematics across Andhra Pradesh and Telangana. If not, what exact replacement should be used while leaving the displayed definition, formulas and source scope unchanged?"
"REV-TE-T027","terminology_or_sense_decision","standard","moderate","equinumerous / equinumerosity / cardinality / no larger than / smaller than","సమసంఖ్యాక / సమసంఖ్యాకత / సమితి పరిమాణం / పరిమాణంలో మించని / పరిమాణంలో చిన్నది","Telugu","Telu","te-Telu-IN","OLP-0035","sets-functions-relations/size-of-sets/equinumerous-sets","content/sets-functions-relations/size-of-sets/equinumerous-sets.tex","translation/content/sets-functions-relations/size-of-sets/equinumerous-sets.tex","content/sets-functions-relations/size-of-sets/equinumerous-sets.tex:29-32","translation/content/sets-functions-relations/size-of-sets/equinumerous-sets.tex:28-31","OLP-0035-B007","","pending_coherent_reader_pagination","provisional_pending_optional_specialist_review_no_hold","Please double-check whether “సమసంఖ్యాక / సమసంఖ్యాకత / సమితి పరిమాణం / పరిమాణంలో మించని / పరిమాణంలో చిన్నది” is idiomatic and technically standard for “equinumerous / equinumerosity / cardinality / no larger than / smaller than” in Telugu logic/mathematics across Andhra Pradesh and Telangana. If not, what exact replacement should be used while leaving the displayed definition, formulas and source scope unchanged?"
"REV-TE-T028","terminology_or_sense_decision","high","mixed_provisional","Cantor zig-zag / pairing function / encode / code / diagonal method / diagonalization / reduction / Schröder-Bernstein","కాంటర్ జిగ్‌జాగ్ పద్ధతి / జతీకరణ ప్రమేయం / సంకేతీకరించు / సంకేత సంఖ్య / కాంటర్ వికర్ణ పద్ధతి / వికర్ణీకరణ / సమస్యా తగ్గింపు / ష్రోడర్–బెర్న్‌స్టైన్","Telugu","Telu","te-Telu-IN","OLP-0030","sets-functions-relations/size-of-sets/zig-zag","content/sets-functions-relations/size-of-sets/zig-zag.tex","translation/content/sets-functions-relations/size-of-sets/zig-zag.tex","content/sets-functions-relations/size-of-sets/zig-zag.tex:13-66","translation/content/sets-functions-relations/size-of-sets/zig-zag.tex:13-66","OLP-0030-B006","","pending_coherent_reader_pagination","provisional_pending_optional_specialist_review_no_hold","Please double-check whether “కాంటర్ జిగ్‌జాగ్ పద్ధతి / జతీకరణ ప్రమేయం / సంకేతీకరించు / సంకేత సంఖ్య / కాంటర్ వికర్ణ పద్ధతి / వికర్ణీకరణ / సమస్యా తగ్గింపు / ష్రోడర్–బెర్న్‌స్టైన్” is idiomatic and technically standard for “Cantor zig-zag / pairing function / encode / code / diagonal method / diagonalization / reduction / Schröder-Bernstein” in Telugu logic/mathematics across Andhra Pradesh and Telangana. If not, what exact replacement should be used while leaving the displayed definition, formulas and source scope unchanged?"
"REV-TE-T028","terminology_or_sense_decision","high","mixed_provisional","Cantor zig-zag / pairing function / encode / code / diagonal method / diagonalization / reduction / Schröder-Bernstein","కాంటర్ జిగ్‌జాగ్ పద్ధతి / జతీకరణ ప్రమేయం / సంకేతీకరించు / సంకేత సంఖ్య / కాంటర్ వికర్ణ పద్ధతి / వికర్ణీకరణ / సమస్యా తగ్గింపు / ష్రోడర్–బెర్న్‌స్టైన్","Telugu","Telu","te-Telu-IN","OLP-0031","sets-functions-relations/size-of-sets/pairing","content/sets-functions-relations/size-of-sets/pairing.tex","translation/content/sets-functions-relations/size-of-sets/pairing.tex","content/sets-functions-relations/size-of-sets/pairing.tex:51-56","translation/content/sets-functions-relations/size-of-sets/pairing.tex:53-58","OLP-0031-B008","","pending_coherent_reader_pagination","provisional_pending_optional_specialist_review_no_hold","Please double-check whether “కాంటర్ జిగ్‌జాగ్ పద్ధతి / జతీకరణ ప్రమేయం / సంకేతీకరించు / సంకేత సంఖ్య / కాంటర్ వికర్ణ పద్ధతి / వికర్ణీకరణ / సమస్యా తగ్గింపు / ష్రోడర్–బెర్న్‌స్టైన్” is idiomatic and technically standard for “Cantor zig-zag / pairing function / encode / code / diagonal method / diagonalization / reduction / Schröder-Bernstein” in Telugu logic/mathematics across Andhra Pradesh and Telangana. If not, what exact replacement should be used while leaving the displayed definition, formulas and source scope unchanged?"
"REV-TE-T028","terminology_or_sense_decision","high","mixed_provisional","Cantor zig-zag / pairing function / encode / code / diagonal method / diagonalization / reduction / Schröder-Bernstein","కాంటర్ జిగ్‌జాగ్ పద్ధతి / జతీకరణ ప్రమేయం / సంకేతీకరించు / సంకేత సంఖ్య / కాంటర్ వికర్ణ పద్ధతి / వికర్ణీకరణ / సమస్యా తగ్గింపు / ష్రోడర్–బెర్న్‌స్టైన్","Telugu","Telu","te-Telu-IN","OLP-0033","sets-functions-relations/size-of-sets/non-enumerability","content/sets-functions-relations/size-of-sets/non-enumerability.tex","translation/content/sets-functions-relations/size-of-sets/non-enumerability.tex","content/sets-functions-relations/size-of-sets/non-enumerability.tex:33-41","translation/content/sets-functions-relations/size-of-sets/non-enumerability.tex:33-40","OLP-0033-B009","","pending_coherent_reader_pagination","provisional_pending_optional_specialist_review_no_hold","Please double-check whether “కాంటర్ జిగ్‌జాగ్ పద్ధతి / జతీకరణ ప్రమేయం / సంకేతీకరించు / సంకేత సంఖ్య / కాంటర్ వికర్ణ పద్ధతి / వికర్ణీకరణ / సమస్యా తగ్గింపు / ష్రోడర్–బెర్న్‌స్టైన్” is idiomatic and technically standard for “Cantor zig-zag / pairing function / encode / code / diagonal method / diagonalization / reduction / Schröder-Bernstein” in Telugu logic/mathematics across Andhra Pradesh and Telangana. If not, what exact replacement should be used while leaving the displayed definition, formulas and source scope unchanged?"
"REV-TE-T028","terminology_or_sense_decision","high","mixed_provisional","Cantor zig-zag / pairing function / encode / code / diagonal method / diagonalization / reduction / Schröder-Bernstein","కాంటర్ జిగ్‌జాగ్ పద్ధతి / జతీకరణ ప్రమేయం / సంకేతీకరించు / సంకేత సంఖ్య / కాంటర్ వికర్ణ పద్ధతి / వికర్ణీకరణ / సమస్యా తగ్గింపు / ష్రోడర్–బెర్న్‌స్టైన్","Telugu","Telu","te-Telu-IN","OLP-0034","sets-functions-relations/size-of-sets/reduction","content/sets-functions-relations/size-of-sets/reduction.tex","translation/content/sets-functions-relations/size-of-sets/reduction.tex","content/sets-functions-relations/size-of-sets/reduction.tex:20-31","translation/content/sets-functions-relations/size-of-sets/reduction.tex:20-31","OLP-0034-B007","","pending_coherent_reader_pagination","provisional_pending_optional_specialist_review_no_hold","Please double-check whether “కాంటర్ జిగ్‌జాగ్ పద్ధతి / జతీకరణ ప్రమేయం / సంకేతీకరించు / సంకేత సంఖ్య / కాంటర్ వికర్ణ పద్ధతి / వికర్ణీకరణ / సమస్యా తగ్గింపు / ష్రోడర్–బెర్న్‌స్టైన్” is idiomatic and technically standard for “Cantor zig-zag / pairing function / encode / code / diagonal method / diagonalization / reduction / Schröder-Bernstein” in Telugu logic/mathematics across Andhra Pradesh and Telangana. If not, what exact replacement should be used while leaving the displayed definition, formulas and source scope unchanged?"
"REV-TE-T028","terminology_or_sense_decision","high","mixed_provisional","Cantor zig-zag / pairing function / encode / code / diagonal method / diagonalization / reduction / Schröder-Bernstein","కాంటర్ జిగ్‌జాగ్ పద్ధతి / జతీకరణ ప్రమేయం / సంకేతీకరించు / సంకేత సంఖ్య / కాంటర్ వికర్ణ పద్ధతి / వికర్ణీకరణ / సమస్యా తగ్గింపు / ష్రోడర్–బెర్న్‌స్టైన్","Telugu","Telu","te-Telu-IN","OLP-0037","sets-functions-relations/size-of-sets/schroder-bernstein","content/sets-functions-relations/size-of-sets/schroder-bernstein.tex","translation/content/sets-functions-relations/size-of-sets/schroder-bernstein.tex","content/sets-functions-relations/size-of-sets/schroder-bernstein.tex:11","translation/content/sets-functions-relations/size-of-sets/schroder-bernstein.tex:11","OLP-0037-B005","","pending_coherent_reader_pagination","provisional_pending_optional_specialist_review_no_hold","Please double-check whether “కాంటర్ జిగ్‌జాగ్ పద్ధతి / జతీకరణ ప్రమేయం / సంకేతీకరించు / సంకేత సంఖ్య / కాంటర్ వికర్ణ పద్ధతి / వికర్ణీకరణ / సమస్యా తగ్గింపు / ష్రోడర్–బెర్న్‌స్టైన్” is idiomatic and technically standard for “Cantor zig-zag / pairing function / encode / code / diagonal method / diagonalization / reduction / Schröder-Bernstein” in Telugu logic/mathematics across Andhra Pradesh and Telangana. If not, what exact replacement should be used while leaving the displayed definition, formulas and source scope unchanged?"
"REV-TE-T029","terminology_or_sense_decision","high","mixed_provisional","arithmetization / embedding / commutative ring / ordered ring / ordered field","అంకగణితీకరణ / అంతఃస్థాపన / వినిమయ వలయం / క్రమిత వలయం / క్రమిత క్షేత్రం","Telugu","Telu","te-Telu-IN","OLP-0041","sets-functions-relations/arithmetization/arithmetization","content/sets-functions-relations/arithmetization/arithmetization.tex","translation/content/sets-functions-relations/arithmetization/arithmetization.tex","content/sets-functions-relations/arithmetization/arithmetization.tex:8","translation/content/sets-functions-relations/arithmetization/arithmetization.tex:8","OLP-0041-B004","","pending_coherent_reader_pagination","provisional_pending_optional_specialist_review_no_hold","Please double-check whether “అంకగణితీకరణ / అంతఃస్థాపన / వినిమయ వలయం / క్రమిత వలయం / క్రమిత క్షేత్రం” is idiomatic and technically standard for “arithmetization / embedding / commutative ring / ordered ring / ordered field” in Telugu logic/mathematics across Andhra Pradesh and Telangana. If not, what exact replacement should be used while leaving the displayed definition, formulas and source scope unchanged?"
"REV-TE-T029","terminology_or_sense_decision","high","mixed_provisional","arithmetization / embedding / commutative ring / ordered ring / ordered field","అంకగణితీకరణ / అంతఃస్థాపన / వినిమయ వలయం / క్రమిత వలయం / క్రమిత క్షేత్రం","Telugu","Telu","te-Telu-IN","OLP-0047","sets-functions-relations/arithmetization/checking-details","content/sets-functions-relations/arithmetization/checking-details.tex","translation/content/sets-functions-relations/arithmetization/checking-details.tex","content/sets-functions-relations/arithmetization/checking-details.tex:23-36","translation/content/sets-functions-relations/arithmetization/checking-details.tex:22-39","OLP-0047-B006","","pending_coherent_reader_pagination","provisional_pending_optional_specialist_review_no_hold","Please double-check whether “అంకగణితీకరణ / అంతఃస్థాపన / వినిమయ వలయం / క్రమిత వలయం / క్రమిత క్షేత్రం” is idiomatic and technically standard for “arithmetization / embedding / commutative ring / ordered ring / ordered field” in Telugu logic/mathematics across Andhra Pradesh and Telangana. If not, what exact replacement should be used while leaving the displayed definition, formulas and source scope unchanged?"
"REV-TE-T029","terminology_or_sense_decision","high","mixed_provisional","arithmetization / embedding / commutative ring / ordered ring / ordered field","అంకగణితీకరణ / అంతఃస్థాపన / వినిమయ వలయం / క్రమిత వలయం / క్రమిత క్షేత్రం","Telugu","Telu","te-Telu-IN","OLP-0047","sets-functions-relations/arithmetization/checking-details","content/sets-functions-relations/arithmetization/checking-details.tex","translation/content/sets-functions-relations/arithmetization/checking-details.tex","content/sets-functions-relations/arithmetization/checking-details.tex:127-136","translation/content/sets-functions-relations/arithmetization/checking-details.tex:131-140","OLP-0047-B019","","pending_coherent_reader_pagination","provisional_pending_optional_specialist_review_no_hold","Please double-check whether “అంకగణితీకరణ / అంతఃస్థాపన / వినిమయ వలయం / క్రమిత వలయం / క్రమిత క్షేత్రం” is idiomatic and technically standard for “arithmetization / embedding / commutative ring / ordered ring / ordered field” in Telugu logic/mathematics across Andhra Pradesh and Telangana. If not, what exact replacement should be used while leaving the displayed definition, formulas and source scope unchanged?"
"REV-TE-T030","terminology_or_sense_decision","high","mixed_provisional","upper bound / least upper bound / greatest lower bound / Completeness Property / Dedekind cut / initial segment / Cauchy sequence / limit","ఊర్ధ్వ అవధి / కనిష్ఠ ఊర్ధ్వ అవధి / గరిష్ఠ అధో అవధి / సంపూర్ణతా ధర్మం / డెడెకిండ్ కోత / ఆద్య ఖండం / కౌషీ క్రమం / పరిమితి","Telugu","Telu","te-Telu-IN","OLP-0044","sets-functions-relations/arithmetization/reals","content/sets-functions-relations/arithmetization/reals.tex","translation/content/sets-functions-relations/arithmetization/reals.tex","content/sets-functions-relations/arithmetization/reals.tex:74","translation/content/sets-functions-relations/arithmetization/reals.tex:76-81","OLP-0044-B011","","pending_coherent_reader_pagination","provisional_pending_optional_specialist_review_no_hold","Please double-check whether “ఊర్ధ్వ అవధి / కనిష్ఠ ఊర్ధ్వ అవధి / గరిష్ఠ అధో అవధి / సంపూర్ణతా ధర్మం / డెడెకిండ్ కోత / ఆద్య ఖండం / కౌషీ క్రమం / పరిమితి” is idiomatic and technically standard for “upper bound / least upper bound / greatest lower bound / Completeness Property / Dedekind cut / initial segment / Cauchy sequence / limit” in Telugu logic/mathematics across Andhra Pradesh and Telangana. If not, what exact replacement should be used while leaving the displayed definition, formulas and source scope unchanged?"
"REV-TE-T030","terminology_or_sense_decision","high","mixed_provisional","upper bound / least upper bound / greatest lower bound / Completeness Property / Dedekind cut / initial segment / Cauchy sequence / limit","ఊర్ధ్వ అవధి / కనిష్ఠ ఊర్ధ్వ అవధి / గరిష్ఠ అధో అవధి / సంపూర్ణతా ధర్మం / డెడెకిండ్ కోత / ఆద్య ఖండం / కౌషీ క్రమం / పరిమితి","Telugu","Telu","te-Telu-IN","OLP-0045","sets-functions-relations/arithmetization/cuts","content/sets-functions-relations/arithmetization/cuts.tex","translation/content/sets-functions-relations/arithmetization/cuts.tex","content/sets-functions-relations/arithmetization/cuts.tex:26-36","translation/content/sets-functions-relations/arithmetization/cuts.tex:26-36","OLP-0045-B006","","pending_coherent_reader_pagination","provisional_pending_optional_specialist_review_no_hold","Please double-check whether “ఊర్ధ్వ అవధి / కనిష్ఠ ఊర్ధ్వ అవధి / గరిష్ఠ అధో అవధి / సంపూర్ణతా ధర్మం / డెడెకిండ్ కోత / ఆద్య ఖండం / కౌషీ క్రమం / పరిమితి” is idiomatic and technically standard for “upper bound / least upper bound / greatest lower bound / Completeness Property / Dedekind cut / initial segment / Cauchy sequence / limit” in Telugu logic/mathematics across Andhra Pradesh and Telangana. If not, what exact replacement should be used while leaving the displayed definition, formulas and source scope unchanged?"
"REV-TE-T030","terminology_or_sense_decision","high","mixed_provisional","upper bound / least upper bound / greatest lower bound / Completeness Property / Dedekind cut / initial segment / Cauchy sequence / limit","ఊర్ధ్వ అవధి / కనిష్ఠ ఊర్ధ్వ అవధి / గరిష్ఠ అధో అవధి / సంపూర్ణతా ధర్మం / డెడెకిండ్ కోత / ఆద్య ఖండం / కౌషీ క్రమం / పరిమితి","Telugu","Telu","te-Telu-IN","OLP-0048","sets-functions-relations/arithmetization/cauchy","content/sets-functions-relations/arithmetization/cauchy.tex","translation/content/sets-functions-relations/arithmetization/cauchy.tex","content/sets-functions-relations/arithmetization/cauchy.tex:75-87","translation/content/sets-functions-relations/arithmetization/cauchy.tex:70-82","OLP-0048-B009","","pending_coherent_reader_pagination","provisional_pending_optional_specialist_review_no_hold","Please double-check whether “ఊర్ధ్వ అవధి / కనిష్ఠ ఊర్ధ్వ అవధి / గరిష్ఠ అధో అవధి / సంపూర్ణతా ధర్మం / డెడెకిండ్ కోత / ఆద్య ఖండం / కౌషీ క్రమం / పరిమితి” is idiomatic and technically standard for “upper bound / least upper bound / greatest lower bound / Completeness Property / Dedekind cut / initial segment / Cauchy sequence / limit” in Telugu logic/mathematics across Andhra Pradesh and Telangana. If not, what exact replacement should be used while leaving the displayed definition, formulas and source scope unchanged?"
"REV-TE-T031","terminology_or_sense_decision","high","mixed_provisional","Dedekind infinite / Dedekind algebra / f-closed / arithmetical induction / isomorphic","డెడెకిండ్ అనంతం / డెడెకిండ్ బీజగణితం / f-సంవృతం / అంకగణిత ఆగమనం / సమరూపం","Telugu","Telu","te-Telu-IN","OLP-0051","sets-functions-relations/infinite/dedekind-algebra","content/sets-functions-relations/infinite/dedekind-algebra.tex","translation/content/sets-functions-relations/infinite/dedekind-algebra.tex","content/sets-functions-relations/infinite/dedekind-algebra.tex:81-89","translation/content/sets-functions-relations/infinite/dedekind-algebra.tex:94-102","OLP-0051-B013","","pending_coherent_reader_pagination","provisional_pending_optional_specialist_review_no_hold","Please double-check whether “డెడెకిండ్ అనంతం / డెడెకిండ్ బీజగణితం / f-సంవృతం / అంకగణిత ఆగమనం / సమరూపం” is idiomatic and technically standard for “Dedekind infinite / Dedekind algebra / f-closed / arithmetical induction / isomorphic” in Telugu logic/mathematics across Andhra Pradesh and Telangana. If not, what exact replacement should be used while leaving the displayed definition, formulas and source scope unchanged?"
"REV-TE-T031","terminology_or_sense_decision","high","mixed_provisional","Dedekind infinite / Dedekind algebra / f-closed / arithmetical induction / isomorphic","డెడెకిండ్ అనంతం / డెడెకిండ్ బీజగణితం / f-సంవృతం / అంకగణిత ఆగమనం / సమరూపం","Telugu","Telu","te-Telu-IN","OLP-0051","sets-functions-relations/infinite/dedekind-algebra","content/sets-functions-relations/infinite/dedekind-algebra.tex","translation/content/sets-functions-relations/infinite/dedekind-algebra.tex","content/sets-functions-relations/infinite/dedekind-algebra.tex:91-96","translation/content/sets-functions-relations/infinite/dedekind-algebra.tex:104-109","OLP-0051-B014","","pending_coherent_reader_pagination","provisional_pending_optional_specialist_review_no_hold","Please double-check whether “డెడెకిండ్ అనంతం / డెడెకిండ్ బీజగణితం / f-సంవృతం / అంకగణిత ఆగమనం / సమరూపం” is idiomatic and technically standard for “Dedekind infinite / Dedekind algebra / f-closed / arithmetical induction / isomorphic” in Telugu logic/mathematics across Andhra Pradesh and Telangana. If not, what exact replacement should be used while leaving the displayed definition, formulas and source scope unchanged?"
"REV-TE-T031","terminology_or_sense_decision","high","mixed_provisional","Dedekind infinite / Dedekind algebra / f-closed / arithmetical induction / isomorphic","డెడెకిండ్ అనంతం / డెడెకిండ్ బీజగణితం / f-సంవృతం / అంకగణిత ఆగమనం / సమరూపం","Telugu","Telu","te-Telu-IN","OLP-0051","sets-functions-relations/infinite/dedekind-algebra","content/sets-functions-relations/infinite/dedekind-algebra.tex","translation/content/sets-functions-relations/infinite/dedekind-algebra.tex","content/sets-functions-relations/infinite/dedekind-algebra.tex:41-46","translation/content/sets-functions-relations/infinite/dedekind-algebra.tex:45-56","OLP-0051-B006","","pending_coherent_reader_pagination","provisional_pending_optional_specialist_review_no_hold","Please double-check whether “డెడెకిండ్ అనంతం / డెడెకిండ్ బీజగణితం / f-సంవృతం / అంకగణిత ఆగమనం / సమరూపం” is idiomatic and technically standard for “Dedekind infinite / Dedekind algebra / f-closed / arithmetical induction / isomorphic” in Telugu logic/mathematics across Andhra Pradesh and Telangana. If not, what exact replacement should be used while leaving the displayed definition, formulas and source scope unchanged?"
"REV-TE-T031","terminology_or_sense_decision","high","mixed_provisional","Dedekind infinite / Dedekind algebra / f-closed / arithmetical induction / isomorphic","డెడెకిండ్ అనంతం / డెడెకిండ్ బీజగణితం / f-సంవృతం / అంకగణిత ఆగమనం / సమరూపం","Telugu","Telu","te-Telu-IN","OLP-0052","sets-functions-relations/infinite/dedekind-induction","content/sets-functions-relations/infinite/dedekind-induction.tex","translation/content/sets-functions-relations/infinite/dedekind-induction.tex","content/sets-functions-relations/infinite/dedekind-induction.tex:16-21","translation/content/sets-functions-relations/infinite/dedekind-induction.tex:16-22","OLP-0052-B006","","pending_coherent_reader_pagination","provisional_pending_optional_specialist_review_no_hold","Please double-check whether “డెడెకిండ్ అనంతం / డెడెకిండ్ బీజగణితం / f-సంవృతం / అంకగణిత ఆగమనం / సమరూపం” is idiomatic and technically standard for “Dedekind infinite / Dedekind algebra / f-closed / arithmetical induction / isomorphic” in Telugu logic/mathematics across Andhra Pradesh and Telangana. If not, what exact replacement should be used while leaving the displayed definition, formulas and source scope unchanged?"
"REV-TE-T031","terminology_or_sense_decision","high","mixed_provisional","Dedekind infinite / Dedekind algebra / f-closed / arithmetical induction / isomorphic","డెడెకిండ్ అనంతం / డెడెకిండ్ బీజగణితం / f-సంవృతం / అంకగణిత ఆగమనం / సమరూపం","Telugu","Telu","te-Telu-IN","OLP-0053","sets-functions-relations/infinite/dedekinds-proof","content/sets-functions-relations/infinite/dedekinds-proof.tex","translation/content/sets-functions-relations/infinite/dedekinds-proof.tex","content/sets-functions-relations/infinite/dedekinds-proof.tex:28-40","translation/content/sets-functions-relations/infinite/dedekinds-proof.tex:26-38","OLP-0053-B007","","pending_coherent_reader_pagination","provisional_pending_optional_specialist_review_no_hold","Please double-check whether “డెడెకిండ్ అనంతం / డెడెకిండ్ బీజగణితం / f-సంవృతం / అంకగణిత ఆగమనం / సమరూపం” is idiomatic and technically standard for “Dedekind infinite / Dedekind algebra / f-closed / arithmetical induction / isomorphic” in Telugu logic/mathematics across Andhra Pradesh and Telangana. If not, what exact replacement should be used while leaving the displayed definition, formulas and source scope unchanged?"
"REV-TE-T032","terminology_or_sense_decision","high","mixed_provisional","syntax / semantics / propositional variable / logical connective / negation / conjunction / disjunction / conditional / biconditional / atomic formula / syntactic identity / formation sequence / unique readability / uniform substitution","వాక్యనిర్మాణం / అర్థవిచారం / ప్రతిజ్ఞావాక్య చరం / తార్కిక సంయోజకం / నిషేధం / సంయోగం / వికల్పం / సోపాధికం / ద్విసోపాధికం / పరమాణు సూత్రం / వాక్యనిర్మాణ తాదాత్మ్యం / నిర్మాణ క్రమం / ఏకైక పఠనీయత / ఏకరీతి ప్రతిస్థాపన","Telugu","Telu","te-Telu-IN","OLP-0056","propositional-logic/syntax-and-semantics/syntax-and-semantics","content/propositional-logic/syntax-and-semantics/syntax-and-semantics.tex","translation/content/propositional-logic/syntax-and-semantics/syntax-and-semantics.tex","content/propositional-logic/syntax-and-semantics/syntax-and-semantics.tex:8","translation/content/propositional-logic/syntax-and-semantics/syntax-and-semantics.tex:8","OLP-0056-B004","","pending_coherent_reader_pagination","provisional_pending_optional_specialist_review_no_hold","Please double-check whether “వాక్యనిర్మాణం / అర్థవిచారం / ప్రతిజ్ఞావాక్య చరం / తార్కిక సంయోజకం / నిషేధం / సంయోగం / వికల్పం / సోపాధికం / ద్విసోపాధికం / పరమాణు సూత్రం / వాక్యనిర్మాణ తాదాత్మ్యం / నిర్మాణ క్రమం / ఏకైక పఠనీయత / ఏకరీతి ప్రతిస్థాపన” is idiomatic and technically standard for “syntax / semantics / propositional variable / logical connective / negation / conjunction / disjunction / conditional / biconditional / atomic formula / syntactic identity / formation sequence / unique readability / uniform substitution” in Telugu logic/mathematics across Andhra Pradesh and Telangana. If not, what exact replacement should be used while leaving the displayed definition, formulas and source scope unchanged?"
"REV-TE-T032","terminology_or_sense_decision","high","mixed_provisional","syntax / semantics / propositional variable / logical connective / negation / conjunction / disjunction / conditional / biconditional / atomic formula / syntactic identity / formation sequence / unique readability / uniform substitution","వాక్యనిర్మాణం / అర్థవిచారం / ప్రతిజ్ఞావాక్య చరం / తార్కిక సంయోజకం / నిషేధం / సంయోగం / వికల్పం / సోపాధికం / ద్విసోపాధికం / పరమాణు సూత్రం / వాక్యనిర్మాణ తాదాత్మ్యం / నిర్మాణ క్రమం / ఏకైక పఠనీయత / ఏకరీతి ప్రతిస్థాపన","Telugu","Telu","te-Telu-IN","OLP-0058","propositional-logic/syntax-and-semantics/formulas","content/propositional-logic/syntax-and-semantics/formulas.tex","translation/content/propositional-logic/syntax-and-semantics/formulas.tex","content/propositional-logic/syntax-and-semantics/formulas.tex:20-33","translation/content/propositional-logic/syntax-and-semantics/formulas.tex:19-32","OLP-0058-B007","","pending_coherent_reader_pagination","provisional_pending_optional_specialist_review_no_hold","Please double-check whether “వాక్యనిర్మాణం / అర్థవిచారం / ప్రతిజ్ఞావాక్య చరం / తార్కిక సంయోజకం / నిషేధం / సంయోగం / వికల్పం / సోపాధికం / ద్విసోపాధికం / పరమాణు సూత్రం / వాక్యనిర్మాణ తాదాత్మ్యం / నిర్మాణ క్రమం / ఏకైక పఠనీయత / ఏకరీతి ప్రతిస్థాపన” is idiomatic and technically standard for “syntax / semantics / propositional variable / logical connective / negation / conjunction / disjunction / conditional / biconditional / atomic formula / syntactic identity / formation sequence / unique readability / uniform substitution” in Telugu logic/mathematics across Andhra Pradesh and Telangana. If not, what exact replacement should be used while leaving the displayed definition, formulas and source scope unchanged?"
"REV-TE-T032","terminology_or_sense_decision","high","mixed_provisional","syntax / semantics / propositional variable / logical connective / negation / conjunction / disjunction / conditional / biconditional / atomic formula / syntactic identity / formation sequence / unique readability / uniform substitution","వాక్యనిర్మాణం / అర్థవిచారం / ప్రతిజ్ఞావాక్య చరం / తార్కిక సంయోజకం / నిషేధం / సంయోగం / వికల్పం / సోపాధికం / ద్విసోపాధికం / పరమాణు సూత్రం / వాక్యనిర్మాణ తాదాత్మ్యం / నిర్మాణ క్రమం / ఏకైక పఠనీయత / ఏకరీతి ప్రతిస్థాపన","Telugu","Telu","te-Telu-IN","OLP-0058","propositional-logic/syntax-and-semantics/formulas","content/propositional-logic/syntax-and-semantics/formulas.tex","translation/content/propositional-logic/syntax-and-semantics/formulas.tex","content/propositional-logic/syntax-and-semantics/formulas.tex:167-171","translation/content/propositional-logic/syntax-and-semantics/formulas.tex:177-182","OLP-0058-B034","","pending_coherent_reader_pagination","provisional_pending_optional_specialist_review_no_hold","Please double-check whether “వాక్యనిర్మాణం / అర్థవిచారం / ప్రతిజ్ఞావాక్య చరం / తార్కిక సంయోజకం / నిషేధం / సంయోగం / వికల్పం / సోపాధికం / ద్విసోపాధికం / పరమాణు సూత్రం / వాక్యనిర్మాణ తాదాత్మ్యం / నిర్మాణ క్రమం / ఏకైక పఠనీయత / ఏకరీతి ప్రతిస్థాపన” is idiomatic and technically standard for “syntax / semantics / propositional variable / logical connective / negation / conjunction / disjunction / conditional / biconditional / atomic formula / syntactic identity / formation sequence / unique readability / uniform substitution” in Telugu logic/mathematics across Andhra Pradesh and Telangana. If not, what exact replacement should be used while leaving the displayed definition, formulas and source scope unchanged?"
"REV-TE-T032","terminology_or_sense_decision","high","mixed_provisional","syntax / semantics / propositional variable / logical connective / negation / conjunction / disjunction / conditional / biconditional / atomic formula / syntactic identity / formation sequence / unique readability / uniform substitution","వాక్యనిర్మాణం / అర్థవిచారం / ప్రతిజ్ఞావాక్య చరం / తార్కిక సంయోజకం / నిషేధం / సంయోగం / వికల్పం / సోపాధికం / ద్విసోపాధికం / పరమాణు సూత్రం / వాక్యనిర్మాణ తాదాత్మ్యం / నిర్మాణ క్రమం / ఏకైక పఠనీయత / ఏకరీతి ప్రతిస్థాపన","Telugu","Telu","te-Telu-IN","OLP-0060","propositional-logic/syntax-and-semantics/formation-sequences","content/propositional-logic/syntax-and-semantics/formation-sequences.tex","translation/content/propositional-logic/syntax-and-semantics/formation-sequences.tex","content/propositional-logic/syntax-and-semantics/formation-sequences.tex:13-18","translation/content/propositional-logic/syntax-and-semantics/formation-sequences.tex:13-17","OLP-0060-B006","","pending_coherent_reader_pagination","provisional_pending_optional_specialist_review_no_hold","Please double-check whether “వాక్యనిర్మాణం / అర్థవిచారం / ప్రతిజ్ఞావాక్య చరం / తార్కిక సంయోజకం / నిషేధం / సంయోగం / వికల్పం / సోపాధికం / ద్విసోపాధికం / పరమాణు సూత్రం / వాక్యనిర్మాణ తాదాత్మ్యం / నిర్మాణ క్రమం / ఏకైక పఠనీయత / ఏకరీతి ప్రతిస్థాపన” is idiomatic and technically standard for “syntax / semantics / propositional variable / logical connective / negation / conjunction / disjunction / conditional / biconditional / atomic formula / syntactic identity / formation sequence / unique readability / uniform substitution” in Telugu logic/mathematics across Andhra Pradesh and Telangana. If not, what exact replacement should be used while leaving the displayed definition, formulas and source scope unchanged?"
"REV-TE-T032","terminology_or_sense_decision","high","mixed_provisional","syntax / semantics / propositional variable / logical connective / negation / conjunction / disjunction / conditional / biconditional / atomic formula / syntactic identity / formation sequence / unique readability / uniform substitution","వాక్యనిర్మాణం / అర్థవిచారం / ప్రతిజ్ఞావాక్య చరం / తార్కిక సంయోజకం / నిషేధం / సంయోగం / వికల్పం / సోపాధికం / ద్విసోపాధికం / పరమాణు సూత్రం / వాక్యనిర్మాణ తాదాత్మ్యం / నిర్మాణ క్రమం / ఏకైక పఠనీయత / ఏకరీతి ప్రతిస్థాపన","Telugu","Telu","te-Telu-IN","OLP-0059","propositional-logic/syntax-and-semantics/preliminaries","content/propositional-logic/syntax-and-semantics/preliminaries.tex","translation/content/propositional-logic/syntax-and-semantics/preliminaries.tex","content/propositional-logic/syntax-and-semantics/preliminaries.tex:91-98","translation/content/propositional-logic/syntax-and-semantics/preliminaries.tex:96-104","OLP-0059-B021","","pending_coherent_reader_pagination","provisional_pending_optional_specialist_review_no_hold","Please double-check whether “వాక్యనిర్మాణం / అర్థవిచారం / ప్రతిజ్ఞావాక్య చరం / తార్కిక సంయోజకం / నిషేధం / సంయోగం / వికల్పం / సోపాధికం / ద్విసోపాధికం / పరమాణు సూత్రం / వాక్యనిర్మాణ తాదాత్మ్యం / నిర్మాణ క్రమం / ఏకైక పఠనీయత / ఏకరీతి ప్రతిస్థాపన” is idiomatic and technically standard for “syntax / semantics / propositional variable / logical connective / negation / conjunction / disjunction / conditional / biconditional / atomic formula / syntactic identity / formation sequence / unique readability / uniform substitution” in Telugu logic/mathematics across Andhra Pradesh and Telangana. If not, what exact replacement should be used while leaving the displayed definition, formulas and source scope unchanged?"
"REV-TE-T033","terminology_or_sense_decision","high","mixed_provisional","truth value / valuation / evaluation / satisfaction / tautology / entailment / satisfiable / unsatisfiable / contingent / Local Determination / Semantic Deduction Theorem","సత్యమూల్యం / మూల్యనిర్ణయం / మూల్యాంకనం / సంతృప్తి / సర్వసత్యం / అర్థపర అనుగమనం / సంతృప్తిపరచదగిన / సంతృప్తిపరచలేని / పరిస్థిత్యాధీన / స్థానిక నిర్ణయితత్వం / అర్థపర నిగమన సిద్ధాంతం","Telugu","Telu","te-Telu-IN","OLP-0061","propositional-logic/syntax-and-semantics/valuations-sat","content/propositional-logic/syntax-and-semantics/valuations-sat.tex","translation/content/propositional-logic/syntax-and-semantics/valuations-sat.tex","content/propositional-logic/syntax-and-semantics/valuations-sat.tex:13-19","translation/content/propositional-logic/syntax-and-semantics/valuations-sat.tex:13-19","OLP-0061-B006","","pending_coherent_reader_pagination","provisional_pending_optional_specialist_review_no_hold","Please double-check whether “సత్యమూల్యం / మూల్యనిర్ణయం / మూల్యాంకనం / సంతృప్తి / సర్వసత్యం / అర్థపర అనుగమనం / సంతృప్తిపరచదగిన / సంతృప్తిపరచలేని / పరిస్థిత్యాధీన / స్థానిక నిర్ణయితత్వం / అర్థపర నిగమన సిద్ధాంతం” is idiomatic and technically standard for “truth value / valuation / evaluation / satisfaction / tautology / entailment / satisfiable / unsatisfiable / contingent / Local Determination / Semantic Deduction Theorem” in Telugu logic/mathematics across Andhra Pradesh and Telangana. If not, what exact replacement should be used while leaving the displayed definition, formulas and source scope unchanged?"
"REV-TE-T033","terminology_or_sense_decision","high","mixed_provisional","truth value / valuation / evaluation / satisfaction / tautology / entailment / satisfiable / unsatisfiable / contingent / Local Determination / Semantic Deduction Theorem","సత్యమూల్యం / మూల్యనిర్ణయం / మూల్యాంకనం / సంతృప్తి / సర్వసత్యం / అర్థపర అనుగమనం / సంతృప్తిపరచదగిన / సంతృప్తిపరచలేని / పరిస్థిత్యాధీన / స్థానిక నిర్ణయితత్వం / అర్థపర నిగమన సిద్ధాంతం","Telugu","Telu","te-Telu-IN","OLP-0061","propositional-logic/syntax-and-semantics/valuations-sat","content/propositional-logic/syntax-and-semantics/valuations-sat.tex","translation/content/propositional-logic/syntax-and-semantics/valuations-sat.tex","content/propositional-logic/syntax-and-semantics/valuations-sat.tex:133-140","translation/content/propositional-logic/syntax-and-semantics/valuations-sat.tex:134-148","OLP-0061-B010","","pending_coherent_reader_pagination","provisional_pending_optional_specialist_review_no_hold","Please double-check whether “సత్యమూల్యం / మూల్యనిర్ణయం / మూల్యాంకనం / సంతృప్తి / సర్వసత్యం / అర్థపర అనుగమనం / సంతృప్తిపరచదగిన / సంతృప్తిపరచలేని / పరిస్థిత్యాధీన / స్థానిక నిర్ణయితత్వం / అర్థపర నిగమన సిద్ధాంతం” is idiomatic and technically standard for “truth value / valuation / evaluation / satisfaction / tautology / entailment / satisfiable / unsatisfiable / contingent / Local Determination / Semantic Deduction Theorem” in Telugu logic/mathematics across Andhra Pradesh and Telangana. If not, what exact replacement should be used while leaving the displayed definition, formulas and source scope unchanged?"
"REV-TE-T033","terminology_or_sense_decision","high","mixed_provisional","truth value / valuation / evaluation / satisfaction / tautology / entailment / satisfiable / unsatisfiable / contingent / Local Determination / Semantic Deduction Theorem","సత్యమూల్యం / మూల్యనిర్ణయం / మూల్యాంకనం / సంతృప్తి / సర్వసత్యం / అర్థపర అనుగమనం / సంతృప్తిపరచదగిన / సంతృప్తిపరచలేని / పరిస్థిత్యాధీన / స్థానిక నిర్ణయితత్వం / అర్థపర నిగమన సిద్ధాంతం","Telugu","Telu","te-Telu-IN","OLP-0062","propositional-logic/syntax-and-semantics/semantic-notions","content/propositional-logic/syntax-and-semantics/semantic-notions.tex","translation/content/propositional-logic/syntax-and-semantics/semantic-notions.tex","content/propositional-logic/syntax-and-semantics/semantic-notions.tex:15-32","translation/content/propositional-logic/syntax-and-semantics/semantic-notions.tex:15-34","OLP-0062-B007","","pending_coherent_reader_pagination","provisional_pending_optional_specialist_review_no_hold","Please double-check whether “సత్యమూల్యం / మూల్యనిర్ణయం / మూల్యాంకనం / సంతృప్తి / సర్వసత్యం / అర్థపర అనుగమనం / సంతృప్తిపరచదగిన / సంతృప్తిపరచలేని / పరిస్థిత్యాధీన / స్థానిక నిర్ణయితత్వం / అర్థపర నిగమన సిద్ధాంతం” is idiomatic and technically standard for “truth value / valuation / evaluation / satisfaction / tautology / entailment / satisfiable / unsatisfiable / contingent / Local Determination / Semantic Deduction Theorem” in Telugu logic/mathematics across Andhra Pradesh and Telangana. If not, what exact replacement should be used while leaving the displayed definition, formulas and source scope unchanged?"
"REV-TE-T033","terminology_or_sense_decision","high","mixed_provisional","truth value / valuation / evaluation / satisfaction / tautology / entailment / satisfiable / unsatisfiable / contingent / Local Determination / Semantic Deduction Theorem","సత్యమూల్యం / మూల్యనిర్ణయం / మూల్యాంకనం / సంతృప్తి / సర్వసత్యం / అర్థపర అనుగమనం / సంతృప్తిపరచదగిన / సంతృప్తిపరచలేని / పరిస్థిత్యాధీన / స్థానిక నిర్ణయితత్వం / అర్థపర నిగమన సిద్ధాంతం","Telugu","Telu","te-Telu-IN","OLP-0062","propositional-logic/syntax-and-semantics/semantic-notions","content/propositional-logic/syntax-and-semantics/semantic-notions.tex","translation/content/propositional-logic/syntax-and-semantics/semantic-notions.tex","content/propositional-logic/syntax-and-semantics/semantic-notions.tex:83-86","translation/content/propositional-logic/syntax-and-semantics/semantic-notions.tex:85-88","OLP-0062-B015","","pending_coherent_reader_pagination","provisional_pending_optional_specialist_review_no_hold","Please double-check whether “సత్యమూల్యం / మూల్యనిర్ణయం / మూల్యాంకనం / సంతృప్తి / సర్వసత్యం / అర్థపర అనుగమనం / సంతృప్తిపరచదగిన / సంతృప్తిపరచలేని / పరిస్థిత్యాధీన / స్థానిక నిర్ణయితత్వం / అర్థపర నిగమన సిద్ధాంతం” is idiomatic and technically standard for “truth value / valuation / evaluation / satisfaction / tautology / entailment / satisfiable / unsatisfiable / contingent / Local Determination / Semantic Deduction Theorem” in Telugu logic/mathematics across Andhra Pradesh and Telangana. If not, what exact replacement should be used while leaving the displayed definition, formulas and source scope unchanged?"
"REV-TE-T034","terminology_or_sense_decision","high","mixed_provisional","derivation system / derivable / theorem / validity / soundness / completeness / consistency / inconsistency / axiom / inference rule","వ్యుత్పత్తి వ్యవస్థ / వ్యుత్పాదించదగిన / సిద్ధాంతం / చెల్లుబాటుతనం / నిర్దుష్టత / సంపూర్ణత / అవైరుధ్యం / వైరుధ్యం / స్వీకృతం / నిగమన నియమం","Telugu","Telu","te-Telu-IN","OLP-0064","first-order-logic/proof-systems/introduction","content/first-order-logic/proof-systems/introduction.tex","translation/content/first-order-logic/proof-systems/introduction.tex","content/first-order-logic/proof-systems/introduction.tex:50-71","translation/content/first-order-logic/proof-systems/introduction.tex:51-76","OLP-0064-B009","","pending_coherent_reader_pagination","provisional_pending_optional_specialist_review_no_hold","Please double-check whether “వ్యుత్పత్తి వ్యవస్థ / వ్యుత్పాదించదగిన / సిద్ధాంతం / చెల్లుబాటుతనం / నిర్దుష్టత / సంపూర్ణత / అవైరుధ్యం / వైరుధ్యం / స్వీకృతం / నిగమన నియమం” is idiomatic and technically standard for “derivation system / derivable / theorem / validity / soundness / completeness / consistency / inconsistency / axiom / inference rule” in Telugu logic/mathematics across Andhra Pradesh and Telangana. If not, what exact replacement should be used while leaving the displayed definition, formulas and source scope unchanged?"
"REV-TE-T034","terminology_or_sense_decision","high","mixed_provisional","derivation system / derivable / theorem / validity / soundness / completeness / consistency / inconsistency / axiom / inference rule","వ్యుత్పత్తి వ్యవస్థ / వ్యుత్పాదించదగిన / సిద్ధాంతం / చెల్లుబాటుతనం / నిర్దుష్టత / సంపూర్ణత / అవైరుధ్యం / వైరుధ్యం / స్వీకృతం / నిగమన నియమం","Telugu","Telu","te-Telu-IN","OLP-0064","first-order-logic/proof-systems/introduction","content/first-order-logic/proof-systems/introduction.tex","translation/content/first-order-logic/proof-systems/introduction.tex","content/first-order-logic/proof-systems/introduction.tex:73-80","translation/content/first-order-logic/proof-systems/introduction.tex:78-85","OLP-0064-B010","","pending_coherent_reader_pagination","provisional_pending_optional_specialist_review_no_hold","Please double-check whether “వ్యుత్పత్తి వ్యవస్థ / వ్యుత్పాదించదగిన / సిద్ధాంతం / చెల్లుబాటుతనం / నిర్దుష్టత / సంపూర్ణత / అవైరుధ్యం / వైరుధ్యం / స్వీకృతం / నిగమన నియమం” is idiomatic and technically standard for “derivation system / derivable / theorem / validity / soundness / completeness / consistency / inconsistency / axiom / inference rule” in Telugu logic/mathematics across Andhra Pradesh and Telangana. If not, what exact replacement should be used while leaving the displayed definition, formulas and source scope unchanged?"
"REV-TE-T034","terminology_or_sense_decision","high","mixed_provisional","derivation system / derivable / theorem / validity / soundness / completeness / consistency / inconsistency / axiom / inference rule","వ్యుత్పత్తి వ్యవస్థ / వ్యుత్పాదించదగిన / సిద్ధాంతం / చెల్లుబాటుతనం / నిర్దుష్టత / సంపూర్ణత / అవైరుధ్యం / వైరుధ్యం / స్వీకృతం / నిగమన నియమం","Telugu","Telu","te-Telu-IN","OLP-0064","first-order-logic/proof-systems/introduction","content/first-order-logic/proof-systems/introduction.tex","translation/content/first-order-logic/proof-systems/introduction.tex","content/first-order-logic/proof-systems/introduction.tex:82-99","translation/content/first-order-logic/proof-systems/introduction.tex:87-103","OLP-0064-B011","","pending_coherent_reader_pagination","provisional_pending_optional_specialist_review_no_hold","Please double-check whether “వ్యుత్పత్తి వ్యవస్థ / వ్యుత్పాదించదగిన / సిద్ధాంతం / చెల్లుబాటుతనం / నిర్దుష్టత / సంపూర్ణత / అవైరుధ్యం / వైరుధ్యం / స్వీకృతం / నిగమన నియమం” is idiomatic and technically standard for “derivation system / derivable / theorem / validity / soundness / completeness / consistency / inconsistency / axiom / inference rule” in Telugu logic/mathematics across Andhra Pradesh and Telangana. If not, what exact replacement should be used while leaving the displayed definition, formulas and source scope unchanged?"
"REV-TE-T035","terminology_or_sense_decision","high","mixed_provisional","sequent / sequent calculus / natural deduction / introduction rule / elimination rule / assumption / discharge / tableau / signed formula / closed branch / open branch / axiomatic derivation / axiom schema / modus ponens / resolution / proof-theoretic semantics","సీక్వెంట్ / సీక్వెంట్ కలనం / సహజ నిగమనం / ప్రవేశ నియమం / తొలగింపు నియమం / పరికల్పన / ఉపసంహరణ / టాబ్లో / చిహ్నిత సూత్రం / సంవృత శాఖ / వివృత శాఖ / స్వీకృతాధారిత నిగమనం / స్వీకృత నమూనా / మోడస్ పోనెన్స్ / రిజల్యూషన్ / నిరూపణ-సిద్ధాంత అర్థవిచారం","Telugu","Telu","te-Telu-IN","OLP-0065","first-order-logic/proof-systems/sequent-calculus","content/first-order-logic/proof-systems/sequent-calculus.tex","translation/content/first-order-logic/proof-systems/sequent-calculus.tex","content/first-order-logic/proof-systems/sequent-calculus.tex:13","translation/content/first-order-logic/proof-systems/sequent-calculus.tex:13","OLP-0065-B005","","pending_coherent_reader_pagination","provisional_pending_optional_specialist_review_no_hold","Please double-check whether “సీక్వెంట్ / సీక్వెంట్ కలనం / సహజ నిగమనం / ప్రవేశ నియమం / తొలగింపు నియమం / పరికల్పన / ఉపసంహరణ / టాబ్లో / చిహ్నిత సూత్రం / సంవృత శాఖ / వివృత శాఖ / స్వీకృతాధారిత నిగమనం / స్వీకృత నమూనా / మోడస్ పోనెన్స్ / రిజల్యూషన్ / నిరూపణ-సిద్ధాంత అర్థవిచారం” is idiomatic and technically standard for “sequent / sequent calculus / natural deduction / introduction rule / elimination rule / assumption / discharge / tableau / signed formula / closed branch / open branch / axiomatic derivation / axiom schema / modus ponens / resolution / proof-theoretic semantics” in Telugu logic/mathematics across Andhra Pradesh and Telangana. If not, what exact replacement should be used while leaving the displayed definition, formulas and source scope unchanged?"
"REV-TE-T035","terminology_or_sense_decision","high","mixed_provisional","sequent / sequent calculus / natural deduction / introduction rule / elimination rule / assumption / discharge / tableau / signed formula / closed branch / open branch / axiomatic derivation / axiom schema / modus ponens / resolution / proof-theoretic semantics","సీక్వెంట్ / సీక్వెంట్ కలనం / సహజ నిగమనం / ప్రవేశ నియమం / తొలగింపు నియమం / పరికల్పన / ఉపసంహరణ / టాబ్లో / చిహ్నిత సూత్రం / సంవృత శాఖ / వివృత శాఖ / స్వీకృతాధారిత నిగమనం / స్వీకృత నమూనా / మోడస్ పోనెన్స్ / రిజల్యూషన్ / నిరూపణ-సిద్ధాంత అర్థవిచారం","Telugu","Telu","te-Telu-IN","OLP-0066","first-order-logic/proof-systems/natural-deduction","content/first-order-logic/proof-systems/natural-deduction.tex","translation/content/first-order-logic/proof-systems/natural-deduction.tex","content/first-order-logic/proof-systems/natural-deduction.tex:13","translation/content/first-order-logic/proof-systems/natural-deduction.tex:13","OLP-0066-B005","","pending_coherent_reader_pagination","provisional_pending_optional_specialist_review_no_hold","Please double-check whether “సీక్వెంట్ / సీక్వెంట్ కలనం / సహజ నిగమనం / ప్రవేశ నియమం / తొలగింపు నియమం / పరికల్పన / ఉపసంహరణ / టాబ్లో / చిహ్నిత సూత్రం / సంవృత శాఖ / వివృత శాఖ / స్వీకృతాధారిత నిగమనం / స్వీకృత నమూనా / మోడస్ పోనెన్స్ / రిజల్యూషన్ / నిరూపణ-సిద్ధాంత అర్థవిచారం” is idiomatic and technically standard for “sequent / sequent calculus / natural deduction / introduction rule / elimination rule / assumption / discharge / tableau / signed formula / closed branch / open branch / axiomatic derivation / axiom schema / modus ponens / resolution / proof-theoretic semantics” in Telugu logic/mathematics across Andhra Pradesh and Telangana. If not, what exact replacement should be used while leaving the displayed definition, formulas and source scope unchanged?"
"REV-TE-T035","terminology_or_sense_decision","high","mixed_provisional","sequent / sequent calculus / natural deduction / introduction rule / elimination rule / assumption / discharge / tableau / signed formula / closed branch / open branch / axiomatic derivation / axiom schema / modus ponens / resolution / proof-theoretic semantics","సీక్వెంట్ / సీక్వెంట్ కలనం / సహజ నిగమనం / ప్రవేశ నియమం / తొలగింపు నియమం / పరికల్పన / ఉపసంహరణ / టాబ్లో / చిహ్నిత సూత్రం / సంవృత శాఖ / వివృత శాఖ / స్వీకృతాధారిత నిగమనం / స్వీకృత నమూనా / మోడస్ పోనెన్స్ / రిజల్యూషన్ / నిరూపణ-సిద్ధాంత అర్థవిచారం","Telugu","Telu","te-Telu-IN","OLP-0066","first-order-logic/proof-systems/natural-deduction","content/first-order-logic/proof-systems/natural-deduction.tex","translation/content/first-order-logic/proof-systems/natural-deduction.tex","content/first-order-logic/proof-systems/natural-deduction.tex:33-58","translation/content/first-order-logic/proof-systems/natural-deduction.tex:32-55","OLP-0066-B007","","pending_coherent_reader_pagination","provisional_pending_optional_specialist_review_no_hold","Please double-check whether “సీక్వెంట్ / సీక్వెంట్ కలనం / సహజ నిగమనం / ప్రవేశ నియమం / తొలగింపు నియమం / పరికల్పన / ఉపసంహరణ / టాబ్లో / చిహ్నిత సూత్రం / సంవృత శాఖ / వివృత శాఖ / స్వీకృతాధారిత నిగమనం / స్వీకృత నమూనా / మోడస్ పోనెన్స్ / రిజల్యూషన్ / నిరూపణ-సిద్ధాంత అర్థవిచారం” is idiomatic and technically standard for “sequent / sequent calculus / natural deduction / introduction rule / elimination rule / assumption / discharge / tableau / signed formula / closed branch / open branch / axiomatic derivation / axiom schema / modus ponens / resolution / proof-theoretic semantics” in Telugu logic/mathematics across Andhra Pradesh and Telangana. If not, what exact replacement should be used while leaving the displayed definition, formulas and source scope unchanged?"
"REV-TE-T035","terminology_or_sense_decision","high","mixed_provisional","sequent / sequent calculus / natural deduction / introduction rule / elimination rule / assumption / discharge / tableau / signed formula / closed branch / open branch / axiomatic derivation / axiom schema / modus ponens / resolution / proof-theoretic semantics","సీక్వెంట్ / సీక్వెంట్ కలనం / సహజ నిగమనం / ప్రవేశ నియమం / తొలగింపు నియమం / పరికల్పన / ఉపసంహరణ / టాబ్లో / చిహ్నిత సూత్రం / సంవృత శాఖ / వివృత శాఖ / స్వీకృతాధారిత నిగమనం / స్వీకృత నమూనా / మోడస్ పోనెన్స్ / రిజల్యూషన్ / నిరూపణ-సిద్ధాంత అర్థవిచారం","Telugu","Telu","te-Telu-IN","OLP-0067","first-order-logic/proof-systems/tableaux","content/first-order-logic/proof-systems/tableaux.tex","translation/content/first-order-logic/proof-systems/tableaux.tex","content/first-order-logic/proof-systems/tableaux.tex:15-29","translation/content/first-order-logic/proof-systems/tableaux.tex:15-29","OLP-0067-B006","","pending_coherent_reader_pagination","provisional_pending_optional_specialist_review_no_hold","Please double-check whether “సీక్వెంట్ / సీక్వెంట్ కలనం / సహజ నిగమనం / ప్రవేశ నియమం / తొలగింపు నియమం / పరికల్పన / ఉపసంహరణ / టాబ్లో / చిహ్నిత సూత్రం / సంవృత శాఖ / వివృత శాఖ / స్వీకృతాధారిత నిగమనం / స్వీకృత నమూనా / మోడస్ పోనెన్స్ / రిజల్యూషన్ / నిరూపణ-సిద్ధాంత అర్థవిచారం” is idiomatic and technically standard for “sequent / sequent calculus / natural deduction / introduction rule / elimination rule / assumption / discharge / tableau / signed formula / closed branch / open branch / axiomatic derivation / axiom schema / modus ponens / resolution / proof-theoretic semantics” in Telugu logic/mathematics across Andhra Pradesh and Telangana. If not, what exact replacement should be used while leaving the displayed definition, formulas and source scope unchanged?"
"REV-TE-T035","terminology_or_sense_decision","high","mixed_provisional","sequent / sequent calculus / natural deduction / introduction rule / elimination rule / assumption / discharge / tableau / signed formula / closed branch / open branch / axiomatic derivation / axiom schema / modus ponens / resolution / proof-theoretic semantics","సీక్వెంట్ / సీక్వెంట్ కలనం / సహజ నిగమనం / ప్రవేశ నియమం / తొలగింపు నియమం / పరికల్పన / ఉపసంహరణ / టాబ్లో / చిహ్నిత సూత్రం / సంవృత శాఖ / వివృత శాఖ / స్వీకృతాధారిత నిగమనం / స్వీకృత నమూనా / మోడస్ పోనెన్స్ / రిజల్యూషన్ / నిరూపణ-సిద్ధాంత అర్థవిచారం","Telugu","Telu","te-Telu-IN","OLP-0068","first-order-logic/proof-systems/axiomatic-deduction","content/first-order-logic/proof-systems/axiomatic-deduction.tex","translation/content/first-order-logic/proof-systems/axiomatic-deduction.tex","content/first-order-logic/proof-systems/axiomatic-deduction.tex:13","translation/content/first-order-logic/proof-systems/axiomatic-deduction.tex:13","OLP-0068-B005","","pending_coherent_reader_pagination","provisional_pending_optional_specialist_review_no_hold","Please double-check whether “సీక్వెంట్ / సీక్వెంట్ కలనం / సహజ నిగమనం / ప్రవేశ నియమం / తొలగింపు నియమం / పరికల్పన / ఉపసంహరణ / టాబ్లో / చిహ్నిత సూత్రం / సంవృత శాఖ / వివృత శాఖ / స్వీకృతాధారిత నిగమనం / స్వీకృత నమూనా / మోడస్ పోనెన్స్ / రిజల్యూషన్ / నిరూపణ-సిద్ధాంత అర్థవిచారం” is idiomatic and technically standard for “sequent / sequent calculus / natural deduction / introduction rule / elimination rule / assumption / discharge / tableau / signed formula / closed branch / open branch / axiomatic derivation / axiom schema / modus ponens / resolution / proof-theoretic semantics” in Telugu logic/mathematics across Andhra Pradesh and Telangana. If not, what exact replacement should be used while leaving the displayed definition, formulas and source scope unchanged?"
"REV-TE-T035","terminology_or_sense_decision","high","mixed_provisional","sequent / sequent calculus / natural deduction / introduction rule / elimination rule / assumption / discharge / tableau / signed formula / closed branch / open branch / axiomatic derivation / axiom schema / modus ponens / resolution / proof-theoretic semantics","సీక్వెంట్ / సీక్వెంట్ కలనం / సహజ నిగమనం / ప్రవేశ నియమం / తొలగింపు నియమం / పరికల్పన / ఉపసంహరణ / టాబ్లో / చిహ్నిత సూత్రం / సంవృత శాఖ / వివృత శాఖ / స్వీకృతాధారిత నిగమనం / స్వీకృత నమూనా / మోడస్ పోనెన్స్ / రిజల్యూషన్ / నిరూపణ-సిద్ధాంత అర్థవిచారం","Telugu","Telu","te-Telu-IN","OLP-0068","first-order-logic/proof-systems/axiomatic-deduction","content/first-order-logic/proof-systems/axiomatic-deduction.tex","translation/content/first-order-logic/proof-systems/axiomatic-deduction.tex","content/first-order-logic/proof-systems/axiomatic-deduction.tex:38-44","translation/content/first-order-logic/proof-systems/axiomatic-deduction.tex:39-45","OLP-0068-B007","","pending_coherent_reader_pagination","provisional_pending_optional_specialist_review_no_hold","Please double-check whether “సీక్వెంట్ / సీక్వెంట్ కలనం / సహజ నిగమనం / ప్రవేశ నియమం / తొలగింపు నియమం / పరికల్పన / ఉపసంహరణ / టాబ్లో / చిహ్నిత సూత్రం / సంవృత శాఖ / వివృత శాఖ / స్వీకృతాధారిత నిగమనం / స్వీకృత నమూనా / మోడస్ పోనెన్స్ / రిజల్యూషన్ / నిరూపణ-సిద్ధాంత అర్థవిచారం” is idiomatic and technically standard for “sequent / sequent calculus / natural deduction / introduction rule / elimination rule / assumption / discharge / tableau / signed formula / closed branch / open branch / axiomatic derivation / axiom schema / modus ponens / resolution / proof-theoretic semantics” in Telugu logic/mathematics across Andhra Pradesh and Telangana. If not, what exact replacement should be used while leaving the displayed definition, formulas and source scope unchanged?"
"REV-TE-T036","terminology_or_sense_decision","high","mixed_provisional","antecedent / succedent / initial sequent / end-sequent / logical rule / structural rule / eigenvariable / weakening / contraction / exchange / cut","పూర్వాంగం / ఉత్తరాంగం / ప్రారంభ సీక్వెంట్ / అంత్య సీక్వెంట్ / తార్కిక నియమం / నిర్మాణాత్మక నియమం / ఐగెన్ చరరాశి / బలహీనీకరణ / సంకోచనం / మార్పిడి / కట్","Telugu","Telu","te-Telu-IN","OLP-0070","first-order-logic/sequent-calculus/rules-and-proofs","content/first-order-logic/sequent-calculus/rules-and-proofs.tex","translation/content/first-order-logic/sequent-calculus/rules-and-proofs.tex","content/first-order-logic/sequent-calculus/rules-and-proofs.tex:18-26","translation/content/first-order-logic/sequent-calculus/rules-and-proofs.tex:18-26","OLP-0070-B007","","pending_coherent_reader_pagination","provisional_pending_optional_specialist_review_no_hold","Please double-check whether “పూర్వాంగం / ఉత్తరాంగం / ప్రారంభ సీక్వెంట్ / అంత్య సీక్వెంట్ / తార్కిక నియమం / నిర్మాణాత్మక నియమం / ఐగెన్ చరరాశి / బలహీనీకరణ / సంకోచనం / మార్పిడి / కట్” is idiomatic and technically standard for “antecedent / succedent / initial sequent / end-sequent / logical rule / structural rule / eigenvariable / weakening / contraction / exchange / cut” in Telugu logic/mathematics across Andhra Pradesh and Telangana. If not, what exact replacement should be used while leaving the displayed definition, formulas and source scope unchanged?"
"REV-TE-T036","terminology_or_sense_decision","high","mixed_provisional","antecedent / succedent / initial sequent / end-sequent / logical rule / structural rule / eigenvariable / weakening / contraction / exchange / cut","పూర్వాంగం / ఉత్తరాంగం / ప్రారంభ సీక్వెంట్ / అంత్య సీక్వెంట్ / తార్కిక నియమం / నిర్మాణాత్మక నియమం / ఐగెన్ చరరాశి / బలహీనీకరణ / సంకోచనం / మార్పిడి / కట్","Telugu","Telu","te-Telu-IN","OLP-0070","first-order-logic/sequent-calculus/rules-and-proofs","content/first-order-logic/sequent-calculus/rules-and-proofs.tex","translation/content/first-order-logic/sequent-calculus/rules-and-proofs.tex","content/first-order-logic/sequent-calculus/rules-and-proofs.tex:52-61","translation/content/first-order-logic/sequent-calculus/rules-and-proofs.tex:52-62","OLP-0070-B010","","pending_coherent_reader_pagination","provisional_pending_optional_specialist_review_no_hold","Please double-check whether “పూర్వాంగం / ఉత్తరాంగం / ప్రారంభ సీక్వెంట్ / అంత్య సీక్వెంట్ / తార్కిక నియమం / నిర్మాణాత్మక నియమం / ఐగెన్ చరరాశి / బలహీనీకరణ / సంకోచనం / మార్పిడి / కట్” is idiomatic and technically standard for “antecedent / succedent / initial sequent / end-sequent / logical rule / structural rule / eigenvariable / weakening / contraction / exchange / cut” in Telugu logic/mathematics across Andhra Pradesh and Telangana. If not, what exact replacement should be used while leaving the displayed definition, formulas and source scope unchanged?"
"REV-TE-T036","terminology_or_sense_decision","high","mixed_provisional","antecedent / succedent / initial sequent / end-sequent / logical rule / structural rule / eigenvariable / weakening / contraction / exchange / cut","పూర్వాంగం / ఉత్తరాంగం / ప్రారంభ సీక్వెంట్ / అంత్య సీక్వెంట్ / తార్కిక నియమం / నిర్మాణాత్మక నియమం / ఐగెన్ చరరాశి / బలహీనీకరణ / సంకోచనం / మార్పిడి / కట్","Telugu","Telu","te-Telu-IN","OLP-0070","first-order-logic/sequent-calculus/rules-and-proofs","content/first-order-logic/sequent-calculus/rules-and-proofs.tex","translation/content/first-order-logic/sequent-calculus/rules-and-proofs.tex","content/first-order-logic/sequent-calculus/rules-and-proofs.tex:63-72","translation/content/first-order-logic/sequent-calculus/rules-and-proofs.tex:64-74","OLP-0070-B011","","pending_coherent_reader_pagination","provisional_pending_optional_specialist_review_no_hold","Please double-check whether “పూర్వాంగం / ఉత్తరాంగం / ప్రారంభ సీక్వెంట్ / అంత్య సీక్వెంట్ / తార్కిక నియమం / నిర్మాణాత్మక నియమం / ఐగెన్ చరరాశి / బలహీనీకరణ / సంకోచనం / మార్పిడి / కట్” is idiomatic and technically standard for “antecedent / succedent / initial sequent / end-sequent / logical rule / structural rule / eigenvariable / weakening / contraction / exchange / cut” in Telugu logic/mathematics across Andhra Pradesh and Telangana. If not, what exact replacement should be used while leaving the displayed definition, formulas and source scope unchanged?"
"REV-TE-T036","terminology_or_sense_decision","high","mixed_provisional","antecedent / succedent / initial sequent / end-sequent / logical rule / structural rule / eigenvariable / weakening / contraction / exchange / cut","పూర్వాంగం / ఉత్తరాంగం / ప్రారంభ సీక్వెంట్ / అంత్య సీక్వెంట్ / తార్కిక నియమం / నిర్మాణాత్మక నియమం / ఐగెన్ చరరాశి / బలహీనీకరణ / సంకోచనం / మార్పిడి / కట్","Telugu","Telu","te-Telu-IN","OLP-0074","first-order-logic/sequent-calculus/derivations","content/first-order-logic/sequent-calculus/derivations.tex","translation/content/first-order-logic/sequent-calculus/derivations.tex","content/first-order-logic/sequent-calculus/derivations.tex:23-35","translation/content/first-order-logic/sequent-calculus/derivations.tex:23-35","OLP-0074-B007","","pending_coherent_reader_pagination","provisional_pending_optional_specialist_review_no_hold","Please double-check whether “పూర్వాంగం / ఉత్తరాంగం / ప్రారంభ సీక్వెంట్ / అంత్య సీక్వెంట్ / తార్కిక నియమం / నిర్మాణాత్మక నియమం / ఐగెన్ చరరాశి / బలహీనీకరణ / సంకోచనం / మార్పిడి / కట్” is idiomatic and technically standard for “antecedent / succedent / initial sequent / end-sequent / logical rule / structural rule / eigenvariable / weakening / contraction / exchange / cut” in Telugu logic/mathematics across Andhra Pradesh and Telangana. If not, what exact replacement should be used while leaving the displayed definition, formulas and source scope unchanged?"
"REV-TE-T036","terminology_or_sense_decision","high","mixed_provisional","antecedent / succedent / initial sequent / end-sequent / logical rule / structural rule / eigenvariable / weakening / contraction / exchange / cut","పూర్వాంగం / ఉత్తరాంగం / ప్రారంభ సీక్వెంట్ / అంత్య సీక్వెంట్ / తార్కిక నియమం / నిర్మాణాత్మక నియమం / ఐగెన్ చరరాశి / బలహీనీకరణ / సంకోచనం / మార్పిడి / కట్","Telugu","Telu","te-Telu-IN","OLP-0072","first-order-logic/sequent-calculus/quantifier-rules","content/first-order-logic/sequent-calculus/quantifier-rules.tex","translation/content/first-order-logic/sequent-calculus/quantifier-rules.tex","content/first-order-logic/sequent-calculus/quantifier-rules.tex:27-32","translation/content/first-order-logic/sequent-calculus/quantifier-rules.tex:27-32","OLP-0072-B008","","pending_coherent_reader_pagination","provisional_pending_optional_specialist_review_no_hold","Please double-check whether “పూర్వాంగం / ఉత్తరాంగం / ప్రారంభ సీక్వెంట్ / అంత్య సీక్వెంట్ / తార్కిక నియమం / నిర్మాణాత్మక నియమం / ఐగెన్ చరరాశి / బలహీనీకరణ / సంకోచనం / మార్పిడి / కట్” is idiomatic and technically standard for “antecedent / succedent / initial sequent / end-sequent / logical rule / structural rule / eigenvariable / weakening / contraction / exchange / cut” in Telugu logic/mathematics across Andhra Pradesh and Telangana. If not, what exact replacement should be used while leaving the displayed definition, formulas and source scope unchanged?"
"REV-TE-T036","terminology_or_sense_decision","high","mixed_provisional","antecedent / succedent / initial sequent / end-sequent / logical rule / structural rule / eigenvariable / weakening / contraction / exchange / cut","పూర్వాంగం / ఉత్తరాంగం / ప్రారంభ సీక్వెంట్ / అంత్య సీక్వెంట్ / తార్కిక నియమం / నిర్మాణాత్మక నియమం / ఐగెన్ చరరాశి / బలహీనీకరణ / సంకోచనం / మార్పిడి / కట్","Telugu","Telu","te-Telu-IN","OLP-0073","first-order-logic/sequent-calculus/structural-rules","content/first-order-logic/sequent-calculus/structural-rules.tex","translation/content/first-order-logic/sequent-calculus/structural-rules.tex","content/first-order-logic/sequent-calculus/structural-rules.tex:23","translation/content/first-order-logic/sequent-calculus/structural-rules.tex:23","OLP-0073-B007","","pending_coherent_reader_pagination","provisional_pending_optional_specialist_review_no_hold","Please double-check whether “పూర్వాంగం / ఉత్తరాంగం / ప్రారంభ సీక్వెంట్ / అంత్య సీక్వెంట్ / తార్కిక నియమం / నిర్మాణాత్మక నియమం / ఐగెన్ చరరాశి / బలహీనీకరణ / సంకోచనం / మార్పిడి / కట్” is idiomatic and technically standard for “antecedent / succedent / initial sequent / end-sequent / logical rule / structural rule / eigenvariable / weakening / contraction / exchange / cut” in Telugu logic/mathematics across Andhra Pradesh and Telangana. If not, what exact replacement should be used while leaving the displayed definition, formulas and source scope unchanged?"
"REV-TE-T036","terminology_or_sense_decision","high","mixed_provisional","antecedent / succedent / initial sequent / end-sequent / logical rule / structural rule / eigenvariable / weakening / contraction / exchange / cut","పూర్వాంగం / ఉత్తరాంగం / ప్రారంభ సీక్వెంట్ / అంత్య సీక్వెంట్ / తార్కిక నియమం / నిర్మాణాత్మక నియమం / ఐగెన్ చరరాశి / బలహీనీకరణ / సంకోచనం / మార్పిడి / కట్","Telugu","Telu","te-Telu-IN","OLP-0073","first-order-logic/sequent-calculus/structural-rules","content/first-order-logic/sequent-calculus/structural-rules.tex","translation/content/first-order-logic/sequent-calculus/structural-rules.tex","content/first-order-logic/sequent-calculus/structural-rules.tex:37","translation/content/first-order-logic/sequent-calculus/structural-rules.tex:37","OLP-0073-B009","","pending_coherent_reader_pagination","provisional_pending_optional_specialist_review_no_hold","Please double-check whether “పూర్వాంగం / ఉత్తరాంగం / ప్రారంభ సీక్వెంట్ / అంత్య సీక్వెంట్ / తార్కిక నియమం / నిర్మాణాత్మక నియమం / ఐగెన్ చరరాశి / బలహీనీకరణ / సంకోచనం / మార్పిడి / కట్” is idiomatic and technically standard for “antecedent / succedent / initial sequent / end-sequent / logical rule / structural rule / eigenvariable / weakening / contraction / exchange / cut” in Telugu logic/mathematics across Andhra Pradesh and Telangana. If not, what exact replacement should be used while leaving the displayed definition, formulas and source scope unchanged?"
"REV-TE-T036","terminology_or_sense_decision","high","mixed_provisional","antecedent / succedent / initial sequent / end-sequent / logical rule / structural rule / eigenvariable / weakening / contraction / exchange / cut","పూర్వాంగం / ఉత్తరాంగం / ప్రారంభ సీక్వెంట్ / అంత్య సీక్వెంట్ / తార్కిక నియమం / నిర్మాణాత్మక నియమం / ఐగెన్ చరరాశి / బలహీనీకరణ / సంకోచనం / మార్పిడి / కట్","Telugu","Telu","te-Telu-IN","OLP-0073","first-order-logic/sequent-calculus/structural-rules","content/first-order-logic/sequent-calculus/structural-rules.tex","translation/content/first-order-logic/sequent-calculus/structural-rules.tex","content/first-order-logic/sequent-calculus/structural-rules.tex:51","translation/content/first-order-logic/sequent-calculus/structural-rules.tex:51","OLP-0073-B011","","pending_coherent_reader_pagination","provisional_pending_optional_specialist_review_no_hold","Please double-check whether “పూర్వాంగం / ఉత్తరాంగం / ప్రారంభ సీక్వెంట్ / అంత్య సీక్వెంట్ / తార్కిక నియమం / నిర్మాణాత్మక నియమం / ఐగెన్ చరరాశి / బలహీనీకరణ / సంకోచనం / మార్పిడి / కట్” is idiomatic and technically standard for “antecedent / succedent / initial sequent / end-sequent / logical rule / structural rule / eigenvariable / weakening / contraction / exchange / cut” in Telugu logic/mathematics across Andhra Pradesh and Telangana. If not, what exact replacement should be used while leaving the displayed definition, formulas and source scope unchanged?"
"REV-TE-T036","terminology_or_sense_decision","high","mixed_provisional","antecedent / succedent / initial sequent / end-sequent / logical rule / structural rule / eigenvariable / weakening / contraction / exchange / cut","పూర్వాంగం / ఉత్తరాంగం / ప్రారంభ సీక్వెంట్ / అంత్య సీక్వెంట్ / తార్కిక నియమం / నిర్మాణాత్మక నియమం / ఐగెన్ చరరాశి / బలహీనీకరణ / సంకోచనం / మార్పిడి / కట్","Telugu","Telu","te-Telu-IN","OLP-0073","first-order-logic/sequent-calculus/structural-rules","content/first-order-logic/sequent-calculus/structural-rules.tex","translation/content/first-order-logic/sequent-calculus/structural-rules.tex","content/first-order-logic/sequent-calculus/structural-rules.tex:68-78","translation/content/first-order-logic/sequent-calculus/structural-rules.tex:68-78","OLP-0073-B014","","pending_coherent_reader_pagination","provisional_pending_optional_specialist_review_no_hold","Please double-check whether “పూర్వాంగం / ఉత్తరాంగం / ప్రారంభ సీక్వెంట్ / అంత్య సీక్వెంట్ / తార్కిక నియమం / నిర్మాణాత్మక నియమం / ఐగెన్ చరరాశి / బలహీనీకరణ / సంకోచనం / మార్పిడి / కట్” is idiomatic and technically standard for “antecedent / succedent / initial sequent / end-sequent / logical rule / structural rule / eigenvariable / weakening / contraction / exchange / cut” in Telugu logic/mathematics across Andhra Pradesh and Telangana. If not, what exact replacement should be used while leaving the displayed definition, formulas and source scope unchanged?"
"REV-TE-T037","terminology_or_sense_decision","high","mixed_provisional","reflexivity / monotonicity / transitivity / compactness (of derivability)","స్వావర్తనత్వం / ఏకదిశత / సంక్రామకత్వం / సంహతత్వం","Telugu","Telu","te-Telu-IN","OLP-0077","first-order-logic/sequent-calculus/proof-theoretic-notions","content/first-order-logic/sequent-calculus/proof-theoretic-notions.tex","translation/content/first-order-logic/sequent-calculus/proof-theoretic-notions.tex","content/first-order-logic/sequent-calculus/proof-theoretic-notions.tex:78-81","translation/content/first-order-logic/sequent-calculus/proof-theoretic-notions.tex:84-87","OLP-0077-B012","","pending_coherent_reader_pagination","provisional_pending_optional_specialist_review_no_hold","Please double-check whether “స్వావర్తనత్వం / ఏకదిశత / సంక్రామకత్వం / సంహతత్వం” is idiomatic and technically standard for “reflexivity / monotonicity / transitivity / compactness (of derivability)” in Telugu logic/mathematics across Andhra Pradesh and Telangana. If not, what exact replacement should be used while leaving the displayed definition, formulas and source scope unchanged?"
"REV-TE-T037","terminology_or_sense_decision","high","mixed_provisional","reflexivity / monotonicity / transitivity / compactness (of derivability)","స్వావర్తనత్వం / ఏకదిశత / సంక్రామకత్వం / సంహతత్వం","Telugu","Telu","te-Telu-IN","OLP-0077","first-order-logic/sequent-calculus/proof-theoretic-notions","content/first-order-logic/sequent-calculus/proof-theoretic-notions.tex","translation/content/first-order-logic/sequent-calculus/proof-theoretic-notions.tex","content/first-order-logic/sequent-calculus/proof-theoretic-notions.tex:88-92","translation/content/first-order-logic/sequent-calculus/proof-theoretic-notions.tex:94-98","OLP-0077-B014","","pending_coherent_reader_pagination","provisional_pending_optional_specialist_review_no_hold","Please double-check whether “స్వావర్తనత్వం / ఏకదిశత / సంక్రామకత్వం / సంహతత్వం” is idiomatic and technically standard for “reflexivity / monotonicity / transitivity / compactness (of derivability)” in Telugu logic/mathematics across Andhra Pradesh and Telangana. If not, what exact replacement should be used while leaving the displayed definition, formulas and source scope unchanged?"
"REV-TE-T037","terminology_or_sense_decision","high","mixed_provisional","reflexivity / monotonicity / transitivity / compactness (of derivability)","స్వావర్తనత్వం / ఏకదిశత / సంక్రామకత్వం / సంహతత్వం","Telugu","Telu","te-Telu-IN","OLP-0077","first-order-logic/sequent-calculus/proof-theoretic-notions","content/first-order-logic/sequent-calculus/proof-theoretic-notions.tex","translation/content/first-order-logic/sequent-calculus/proof-theoretic-notions.tex","content/first-order-logic/sequent-calculus/proof-theoretic-notions.tex:102-106","translation/content/first-order-logic/sequent-calculus/proof-theoretic-notions.tex:108-112","OLP-0077-B016","","pending_coherent_reader_pagination","provisional_pending_optional_specialist_review_no_hold","Please double-check whether “స్వావర్తనత్వం / ఏకదిశత / సంక్రామకత్వం / సంహతత్వం” is idiomatic and technically standard for “reflexivity / monotonicity / transitivity / compactness (of derivability)” in Telugu logic/mathematics across Andhra Pradesh and Telangana. If not, what exact replacement should be used while leaving the displayed definition, formulas and source scope unchanged?"
"REV-TE-T037","terminology_or_sense_decision","high","mixed_provisional","reflexivity / monotonicity / transitivity / compactness (of derivability)","స్వావర్తనత్వం / ఏకదిశత / సంక్రామకత్వం / సంహతత్వం","Telugu","Telu","te-Telu-IN","OLP-0077","first-order-logic/sequent-calculus/proof-theoretic-notions","content/first-order-logic/sequent-calculus/proof-theoretic-notions.tex","translation/content/first-order-logic/sequent-calculus/proof-theoretic-notions.tex","content/first-order-logic/sequent-calculus/proof-theoretic-notions.tex:147-155","translation/content/first-order-logic/sequent-calculus/proof-theoretic-notions.tex:153-161","OLP-0077-B022","","pending_coherent_reader_pagination","provisional_pending_optional_specialist_review_no_hold","Please double-check whether “స్వావర్తనత్వం / ఏకదిశత / సంక్రామకత్వం / సంహతత్వం” is idiomatic and technically standard for “reflexivity / monotonicity / transitivity / compactness (of derivability)” in Telugu logic/mathematics across Andhra Pradesh and Telangana. If not, what exact replacement should be used while leaving the displayed definition, formulas and source scope unchanged?"
"REV-TE-T038","terminology_or_sense_decision","high","mixed_provisional","assumption / premise / conclusion / introduction rule / elimination rule / discharged / undischarged / subderivation","పరికల్పన / పూర్వాధారం / నిష్కర్ష / ప్రవేశ నియమం / తొలగింపు నియమం / ఉపసంహరించిన / ఉపసంహరించని / ఉప-నిరూపణ","Telugu","Telu","te-Telu-IN","OLP-0085","first-order-logic/natural-deduction/rules-and-proofs","content/first-order-logic/natural-deduction/rules-and-proofs.tex","translation/content/first-order-logic/natural-deduction/rules-and-proofs.tex","content/first-order-logic/natural-deduction/rules-and-proofs.tex:15-24","translation/content/first-order-logic/natural-deduction/rules-and-proofs.tex:15-23","OLP-0085-B006","","pending_coherent_reader_pagination","provisional_pending_optional_specialist_review_no_hold","Please double-check whether “పరికల్పన / పూర్వాధారం / నిష్కర్ష / ప్రవేశ నియమం / తొలగింపు నియమం / ఉపసంహరించిన / ఉపసంహరించని / ఉప-నిరూపణ” is idiomatic and technically standard for “assumption / premise / conclusion / introduction rule / elimination rule / discharged / undischarged / subderivation” in Telugu logic/mathematics across Andhra Pradesh and Telangana. If not, what exact replacement should be used while leaving the displayed definition, formulas and source scope unchanged?"
"REV-TE-T038","terminology_or_sense_decision","high","mixed_provisional","assumption / premise / conclusion / introduction rule / elimination rule / discharged / undischarged / subderivation","పరికల్పన / పూర్వాధారం / నిష్కర్ష / ప్రవేశ నియమం / తొలగింపు నియమం / ఉపసంహరించిన / ఉపసంహరించని / ఉప-నిరూపణ","Telugu","Telu","te-Telu-IN","OLP-0088","first-order-logic/natural-deduction/derivations","content/first-order-logic/natural-deduction/derivations.tex","translation/content/first-order-logic/natural-deduction/derivations.tex","content/first-order-logic/natural-deduction/derivations.tex:23-37","translation/content/first-order-logic/natural-deduction/derivations.tex:22-36","OLP-0088-B007","","pending_coherent_reader_pagination","provisional_pending_optional_specialist_review_no_hold","Please double-check whether “పరికల్పన / పూర్వాధారం / నిష్కర్ష / ప్రవేశ నియమం / తొలగింపు నియమం / ఉపసంహరించిన / ఉపసంహరించని / ఉప-నిరూపణ” is idiomatic and technically standard for “assumption / premise / conclusion / introduction rule / elimination rule / discharged / undischarged / subderivation” in Telugu logic/mathematics across Andhra Pradesh and Telangana. If not, what exact replacement should be used while leaving the displayed definition, formulas and source scope unchanged?"
"REV-TE-T038","terminology_or_sense_decision","high","mixed_provisional","assumption / premise / conclusion / introduction rule / elimination rule / discharged / undischarged / subderivation","పరికల్పన / పూర్వాధారం / నిష్కర్ష / ప్రవేశ నియమం / తొలగింపు నియమం / ఉపసంహరించిన / ఉపసంహరించని / ఉప-నిరూపణ","Telugu","Telu","te-Telu-IN","OLP-0095","first-order-logic/natural-deduction/soundness","content/first-order-logic/natural-deduction/soundness.tex","translation/content/first-order-logic/natural-deduction/soundness.tex","content/first-order-logic/natural-deduction/soundness.tex:52-59","translation/content/first-order-logic/natural-deduction/soundness.tex:52-58","OLP-0095-B010","","pending_coherent_reader_pagination","provisional_pending_optional_specialist_review_no_hold","Please double-check whether “పరికల్పన / పూర్వాధారం / నిష్కర్ష / ప్రవేశ నియమం / తొలగింపు నియమం / ఉపసంహరించిన / ఉపసంహరించని / ఉప-నిరూపణ” is idiomatic and technically standard for “assumption / premise / conclusion / introduction rule / elimination rule / discharged / undischarged / subderivation” in Telugu logic/mathematics across Andhra Pradesh and Telangana. If not, what exact replacement should be used while leaving the displayed definition, formulas and source scope unchanged?"
"REV-TE-T039","terminology_or_sense_decision","high","mixed_provisional","signed formula / truth-value sign / tableau / closed branch / open branch / checkmark / eigenvariable condition / cut rule","చిహ్నిత సూత్రం / సత్యమూల్య సంకేతం / టాబ్లో / సంవృత శాఖ / వివృత శాఖ / తనిఖీ గుర్తు / ఐగెన్ చరరాశి షరతు / కట్ నియమం","Telugu","Telu","te-Telu-IN","OLP-0099","first-order-logic/tableaux/rules-and-proofs","content/first-order-logic/tableaux/rules-and-proofs.tex","translation/content/first-order-logic/tableaux/rules-and-proofs.tex","content/first-order-logic/tableaux/rules-and-proofs.tex:15-19","translation/content/first-order-logic/tableaux/rules-and-proofs.tex:15-19","OLP-0099-B006","","pending_coherent_reader_pagination","provisional_pending_optional_specialist_review_no_hold","Please double-check whether “చిహ్నిత సూత్రం / సత్యమూల్య సంకేతం / టాబ్లో / సంవృత శాఖ / వివృత శాఖ / తనిఖీ గుర్తు / ఐగెన్ చరరాశి షరతు / కట్ నియమం” is idiomatic and technically standard for “signed formula / truth-value sign / tableau / closed branch / open branch / checkmark / eigenvariable condition / cut rule” in Telugu logic/mathematics across Andhra Pradesh and Telangana. If not, what exact replacement should be used while leaving the displayed definition, formulas and source scope unchanged?"
"REV-TE-T039","terminology_or_sense_decision","high","mixed_provisional","signed formula / truth-value sign / tableau / closed branch / open branch / checkmark / eigenvariable condition / cut rule","చిహ్నిత సూత్రం / సత్యమూల్య సంకేతం / టాబ్లో / సంవృత శాఖ / వివృత శాఖ / తనిఖీ గుర్తు / ఐగెన్ చరరాశి షరతు / కట్ నియమం","Telugu","Telu","te-Telu-IN","OLP-0099","first-order-logic/tableaux/rules-and-proofs","content/first-order-logic/tableaux/rules-and-proofs.tex","translation/content/first-order-logic/tableaux/rules-and-proofs.tex","content/first-order-logic/tableaux/rules-and-proofs.tex:15-19","translation/content/first-order-logic/tableaux/rules-and-proofs.tex:15-19","OLP-0099-B006","","pending_coherent_reader_pagination","provisional_pending_optional_specialist_review_no_hold","Please double-check whether “చిహ్నిత సూత్రం / సత్యమూల్య సంకేతం / టాబ్లో / సంవృత శాఖ / వివృత శాఖ / తనిఖీ గుర్తు / ఐగెన్ చరరాశి షరతు / కట్ నియమం” is idiomatic and technically standard for “signed formula / truth-value sign / tableau / closed branch / open branch / checkmark / eigenvariable condition / cut rule” in Telugu logic/mathematics across Andhra Pradesh and Telangana. If not, what exact replacement should be used while leaving the displayed definition, formulas and source scope unchanged?"
"REV-TE-T039","terminology_or_sense_decision","high","mixed_provisional","signed formula / truth-value sign / tableau / closed branch / open branch / checkmark / eigenvariable condition / cut rule","చిహ్నిత సూత్రం / సత్యమూల్య సంకేతం / టాబ్లో / సంవృత శాఖ / వివృత శాఖ / తనిఖీ గుర్తు / ఐగెన్ చరరాశి షరతు / కట్ నియమం","Telugu","Telu","te-Telu-IN","OLP-0099","first-order-logic/tableaux/rules-and-proofs","content/first-order-logic/tableaux/rules-and-proofs.tex","translation/content/first-order-logic/tableaux/rules-and-proofs.tex","content/first-order-logic/tableaux/rules-and-proofs.tex:44-52","translation/content/first-order-logic/tableaux/rules-and-proofs.tex:44-52","OLP-0099-B010","","pending_coherent_reader_pagination","provisional_pending_optional_specialist_review_no_hold","Please double-check whether “చిహ్నిత సూత్రం / సత్యమూల్య సంకేతం / టాబ్లో / సంవృత శాఖ / వివృత శాఖ / తనిఖీ గుర్తు / ఐగెన్ చరరాశి షరతు / కట్ నియమం” is idiomatic and technically standard for “signed formula / truth-value sign / tableau / closed branch / open branch / checkmark / eigenvariable condition / cut rule” in Telugu logic/mathematics across Andhra Pradesh and Telangana. If not, what exact replacement should be used while leaving the displayed definition, formulas and source scope unchanged?"
"REV-TE-T039","terminology_or_sense_decision","high","mixed_provisional","signed formula / truth-value sign / tableau / closed branch / open branch / checkmark / eigenvariable condition / cut rule","చిహ్నిత సూత్రం / సత్యమూల్య సంకేతం / టాబ్లో / సంవృత శాఖ / వివృత శాఖ / తనిఖీ గుర్తు / ఐగెన్ చరరాశి షరతు / కట్ నియమం","Telugu","Telu","te-Telu-IN","OLP-0102","first-order-logic/tableaux/derivations","content/first-order-logic/tableaux/derivations.tex","translation/content/first-order-logic/tableaux/derivations.tex","content/first-order-logic/tableaux/derivations.tex:23-40","translation/content/first-order-logic/tableaux/derivations.tex:23-41","OLP-0102-B007","","pending_coherent_reader_pagination","provisional_pending_optional_specialist_review_no_hold","Please double-check whether “చిహ్నిత సూత్రం / సత్యమూల్య సంకేతం / టాబ్లో / సంవృత శాఖ / వివృత శాఖ / తనిఖీ గుర్తు / ఐగెన్ చరరాశి షరతు / కట్ నియమం” is idiomatic and technically standard for “signed formula / truth-value sign / tableau / closed branch / open branch / checkmark / eigenvariable condition / cut rule” in Telugu logic/mathematics across Andhra Pradesh and Telangana. If not, what exact replacement should be used while leaving the displayed definition, formulas and source scope unchanged?"
"REV-TE-T039","terminology_or_sense_decision","high","mixed_provisional","signed formula / truth-value sign / tableau / closed branch / open branch / checkmark / eigenvariable condition / cut rule","చిహ్నిత సూత్రం / సత్యమూల్య సంకేతం / టాబ్లో / సంవృత శాఖ / వివృత శాఖ / తనిఖీ గుర్తు / ఐగెన్ చరరాశి షరతు / కట్ నియమం","Telugu","Telu","te-Telu-IN","OLP-0103","first-order-logic/tableaux/proving-things","content/first-order-logic/tableaux/proving-things.tex","translation/content/first-order-logic/tableaux/proving-things.tex","content/first-order-logic/tableaux/proving-things.tex:25-47","translation/content/first-order-logic/tableaux/proving-things.tex:25-47","OLP-0103-B008","","pending_coherent_reader_pagination","provisional_pending_optional_specialist_review_no_hold","Please double-check whether “చిహ్నిత సూత్రం / సత్యమూల్య సంకేతం / టాబ్లో / సంవృత శాఖ / వివృత శాఖ / తనిఖీ గుర్తు / ఐగెన్ చరరాశి షరతు / కట్ నియమం” is idiomatic and technically standard for “signed formula / truth-value sign / tableau / closed branch / open branch / checkmark / eigenvariable condition / cut rule” in Telugu logic/mathematics across Andhra Pradesh and Telangana. If not, what exact replacement should be used while leaving the displayed definition, formulas and source scope unchanged?"
"REV-TE-T039","terminology_or_sense_decision","high","mixed_provisional","signed formula / truth-value sign / tableau / closed branch / open branch / checkmark / eigenvariable condition / cut rule","చిహ్నిత సూత్రం / సత్యమూల్య సంకేతం / టాబ్లో / సంవృత శాఖ / వివృత శాఖ / తనిఖీ గుర్తు / ఐగెన్ చరరాశి షరతు / కట్ నియమం","Telugu","Telu","te-Telu-IN","OLP-0101","first-order-logic/tableaux/quantifier-rules","content/first-order-logic/tableaux/quantifier-rules.tex","translation/content/first-order-logic/tableaux/quantifier-rules.tex","content/first-order-logic/tableaux/quantifier-rules.tex:53-55","translation/content/first-order-logic/tableaux/quantifier-rules.tex:54-56","OLP-0101-B012","","pending_coherent_reader_pagination","provisional_pending_optional_specialist_review_no_hold","Please double-check whether “చిహ్నిత సూత్రం / సత్యమూల్య సంకేతం / టాబ్లో / సంవృత శాఖ / వివృత శాఖ / తనిఖీ గుర్తు / ఐగెన్ చరరాశి షరతు / కట్ నియమం” is idiomatic and technically standard for “signed formula / truth-value sign / tableau / closed branch / open branch / checkmark / eigenvariable condition / cut rule” in Telugu logic/mathematics across Andhra Pradesh and Telangana. If not, what exact replacement should be used while leaving the displayed definition, formulas and source scope unchanged?"
"REV-TE-T039","terminology_or_sense_decision","high","mixed_provisional","signed formula / truth-value sign / tableau / closed branch / open branch / checkmark / eigenvariable condition / cut rule","చిహ్నిత సూత్రం / సత్యమూల్య సంకేతం / టాబ్లో / సంవృత శాఖ / వివృత శాఖ / తనిఖీ గుర్తు / ఐగెన్ చరరాశి షరతు / కట్ నియమం","Telugu","Telu","te-Telu-IN","OLP-0100","first-order-logic/tableaux/propositional-rules","content/first-order-logic/tableaux/propositional-rules.tex","translation/content/first-order-logic/tableaux/propositional-rules.tex","content/first-order-logic/tableaux/propositional-rules.tex:77","translation/content/first-order-logic/tableaux/propositional-rules.tex:77","OLP-0100-B014","","pending_coherent_reader_pagination","provisional_pending_optional_specialist_review_no_hold","Please double-check whether “చిహ్నిత సూత్రం / సత్యమూల్య సంకేతం / టాబ్లో / సంవృత శాఖ / వివృత శాఖ / తనిఖీ గుర్తు / ఐగెన్ చరరాశి షరతు / కట్ నియమం” is idiomatic and technically standard for “signed formula / truth-value sign / tableau / closed branch / open branch / checkmark / eigenvariable condition / cut rule” in Telugu logic/mathematics across Andhra Pradesh and Telangana. If not, what exact replacement should be used while leaving the displayed definition, formulas and source scope unchanged?"
"REV-TE-T040","terminology_or_sense_decision","high","mixed_provisional","axiom / axiom instance / axiomatic derivation / inference rule / modus ponens / quantifier rule / derivability relation / proof-theoretic notion / deduction theorem","స్వీకృతం / స్వీకృత రూపం / స్వీకృతాధారిత నిరూపణ / నిగమన నియమం / మోడస్ పోనెన్స్ / పరిమాణీకరణిక నియమం / నిరూప్యతా సంబంధం / నిరూపణ-సిద్ధాంత భావన / నిగమన సిద్ధాంతం","Telugu","Telu","te-Telu-IN","OLP-0113","first-order-logic/axiomatic-deduction/rules-and-proofs","content/first-order-logic/axiomatic-deduction/rules-and-proofs.tex","translation/content/first-order-logic/axiomatic-deduction/rules-and-proofs.tex","content/first-order-logic/axiomatic-deduction/rules-and-proofs.tex:15-22","translation/content/first-order-logic/axiomatic-deduction/rules-and-proofs.tex:15-22","OLP-0113-B006","","pending_coherent_reader_pagination","provisional_pending_optional_specialist_review_no_hold","Please double-check whether “స్వీకృతం / స్వీకృత రూపం / స్వీకృతాధారిత నిరూపణ / నిగమన నియమం / మోడస్ పోనెన్స్ / పరిమాణీకరణిక నియమం / నిరూప్యతా సంబంధం / నిరూపణ-సిద్ధాంత భావన / నిగమన సిద్ధాంతం” is idiomatic and technically standard for “axiom / axiom instance / axiomatic derivation / inference rule / modus ponens / quantifier rule / derivability relation / proof-theoretic notion / deduction theorem” in Telugu logic/mathematics across Andhra Pradesh and Telangana. If not, what exact replacement should be used while leaving the displayed definition, formulas and source scope unchanged?"
"REV-TE-T040","terminology_or_sense_decision","high","mixed_provisional","axiom / axiom instance / axiomatic derivation / inference rule / modus ponens / quantifier rule / derivability relation / proof-theoretic notion / deduction theorem","స్వీకృతం / స్వీకృత రూపం / స్వీకృతాధారిత నిరూపణ / నిగమన నియమం / మోడస్ పోనెన్స్ / పరిమాణీకరణిక నియమం / నిరూప్యతా సంబంధం / నిరూపణ-సిద్ధాంత భావన / నిగమన సిద్ధాంతం","Telugu","Telu","te-Telu-IN","OLP-0113","first-order-logic/axiomatic-deduction/rules-and-proofs","content/first-order-logic/axiomatic-deduction/rules-and-proofs.tex","translation/content/first-order-logic/axiomatic-deduction/rules-and-proofs.tex","content/first-order-logic/axiomatic-deduction/rules-and-proofs.tex:37-41","translation/content/first-order-logic/axiomatic-deduction/rules-and-proofs.tex:37-41","OLP-0113-B008","","pending_coherent_reader_pagination","provisional_pending_optional_specialist_review_no_hold","Please double-check whether “స్వీకృతం / స్వీకృత రూపం / స్వీకృతాధారిత నిరూపణ / నిగమన నియమం / మోడస్ పోనెన్స్ / పరిమాణీకరణిక నియమం / నిరూప్యతా సంబంధం / నిరూపణ-సిద్ధాంత భావన / నిగమన సిద్ధాంతం” is idiomatic and technically standard for “axiom / axiom instance / axiomatic derivation / inference rule / modus ponens / quantifier rule / derivability relation / proof-theoretic notion / deduction theorem” in Telugu logic/mathematics across Andhra Pradesh and Telangana. If not, what exact replacement should be used while leaving the displayed definition, formulas and source scope unchanged?"
"REV-TE-T040","terminology_or_sense_decision","high","mixed_provisional","axiom / axiom instance / axiomatic derivation / inference rule / modus ponens / quantifier rule / derivability relation / proof-theoretic notion / deduction theorem","స్వీకృతం / స్వీకృత రూపం / స్వీకృతాధారిత నిరూపణ / నిగమన నియమం / మోడస్ పోనెన్స్ / పరిమాణీకరణిక నియమం / నిరూప్యతా సంబంధం / నిరూపణ-సిద్ధాంత భావన / నిగమన సిద్ధాంతం","Telugu","Telu","te-Telu-IN","OLP-0114","first-order-logic/axiomatic-deduction/axioms-rules-propositional","content/first-order-logic/axiomatic-deduction/axioms-rules-propositional.tex","translation/content/first-order-logic/axiomatic-deduction/axioms-rules-propositional.tex","content/first-order-logic/axiomatic-deduction/axioms-rules-propositional.tex:15-34","translation/content/first-order-logic/axiomatic-deduction/axioms-rules-propositional.tex:15-34","OLP-0114-B006","","pending_coherent_reader_pagination","provisional_pending_optional_specialist_review_no_hold","Please double-check whether “స్వీకృతం / స్వీకృత రూపం / స్వీకృతాధారిత నిరూపణ / నిగమన నియమం / మోడస్ పోనెన్స్ / పరిమాణీకరణిక నియమం / నిరూప్యతా సంబంధం / నిరూపణ-సిద్ధాంత భావన / నిగమన సిద్ధాంతం” is idiomatic and technically standard for “axiom / axiom instance / axiomatic derivation / inference rule / modus ponens / quantifier rule / derivability relation / proof-theoretic notion / deduction theorem” in Telugu logic/mathematics across Andhra Pradesh and Telangana. If not, what exact replacement should be used while leaving the displayed definition, formulas and source scope unchanged?"
"REV-TE-T040","terminology_or_sense_decision","high","mixed_provisional","axiom / axiom instance / axiomatic derivation / inference rule / modus ponens / quantifier rule / derivability relation / proof-theoretic notion / deduction theorem","స్వీకృతం / స్వీకృత రూపం / స్వీకృతాధారిత నిరూపణ / నిగమన నియమం / మోడస్ పోనెన్స్ / పరిమాణీకరణిక నియమం / నిరూప్యతా సంబంధం / నిరూపణ-సిద్ధాంత భావన / నిగమన సిద్ధాంతం","Telugu","Telu","te-Telu-IN","OLP-0114","first-order-logic/axiomatic-deduction/axioms-rules-propositional","content/first-order-logic/axiomatic-deduction/axioms-rules-propositional.tex","translation/content/first-order-logic/axiomatic-deduction/axioms-rules-propositional.tex","content/first-order-logic/axiomatic-deduction/axioms-rules-propositional.tex:36-39","translation/content/first-order-logic/axiomatic-deduction/axioms-rules-propositional.tex:36-39","OLP-0114-B007","","pending_coherent_reader_pagination","provisional_pending_optional_specialist_review_no_hold","Please double-check whether “స్వీకృతం / స్వీకృత రూపం / స్వీకృతాధారిత నిరూపణ / నిగమన నియమం / మోడస్ పోనెన్స్ / పరిమాణీకరణిక నియమం / నిరూప్యతా సంబంధం / నిరూపణ-సిద్ధాంత భావన / నిగమన సిద్ధాంతం” is idiomatic and technically standard for “axiom / axiom instance / axiomatic derivation / inference rule / modus ponens / quantifier rule / derivability relation / proof-theoretic notion / deduction theorem” in Telugu logic/mathematics across Andhra Pradesh and Telangana. If not, what exact replacement should be used while leaving the displayed definition, formulas and source scope unchanged?"
"REV-TE-T040","terminology_or_sense_decision","high","mixed_provisional","axiom / axiom instance / axiomatic derivation / inference rule / modus ponens / quantifier rule / derivability relation / proof-theoretic notion / deduction theorem","స్వీకృతం / స్వీకృత రూపం / స్వీకృతాధారిత నిరూపణ / నిగమన నియమం / మోడస్ పోనెన్స్ / పరిమాణీకరణిక నియమం / నిరూప్యతా సంబంధం / నిరూపణ-సిద్ధాంత భావన / నిగమన సిద్ధాంతం","Telugu","Telu","te-Telu-IN","OLP-0115","first-order-logic/axiomatic-deduction/axioms-rules-quantifiers","content/first-order-logic/axiomatic-deduction/axioms-rules-quantifiers.tex","translation/content/first-order-logic/axiomatic-deduction/axioms-rules-quantifiers.tex","content/first-order-logic/axiomatic-deduction/axioms-rules-quantifiers.tex:23-30","translation/content/first-order-logic/axiomatic-deduction/axioms-rules-quantifiers.tex:23-30","OLP-0115-B007","","pending_coherent_reader_pagination","provisional_pending_optional_specialist_review_no_hold","Please double-check whether “స్వీకృతం / స్వీకృత రూపం / స్వీకృతాధారిత నిరూపణ / నిగమన నియమం / మోడస్ పోనెన్స్ / పరిమాణీకరణిక నియమం / నిరూప్యతా సంబంధం / నిరూపణ-సిద్ధాంత భావన / నిగమన సిద్ధాంతం” is idiomatic and technically standard for “axiom / axiom instance / axiomatic derivation / inference rule / modus ponens / quantifier rule / derivability relation / proof-theoretic notion / deduction theorem” in Telugu logic/mathematics across Andhra Pradesh and Telangana. If not, what exact replacement should be used while leaving the displayed definition, formulas and source scope unchanged?"
"REV-TE-T040","terminology_or_sense_decision","high","mixed_provisional","axiom / axiom instance / axiomatic derivation / inference rule / modus ponens / quantifier rule / derivability relation / proof-theoretic notion / deduction theorem","స్వీకృతం / స్వీకృత రూపం / స్వీకృతాధారిత నిరూపణ / నిగమన నియమం / మోడస్ పోనెన్స్ / పరిమాణీకరణిక నియమం / నిరూప్యతా సంబంధం / నిరూపణ-సిద్ధాంత భావన / నిగమన సిద్ధాంతం","Telugu","Telu","te-Telu-IN","OLP-0118","first-order-logic/axiomatic-deduction/proof-theoretic-notions","content/first-order-logic/axiomatic-deduction/proof-theoretic-notions.tex","translation/content/first-order-logic/axiomatic-deduction/proof-theoretic-notions.tex","content/first-order-logic/axiomatic-deduction/proof-theoretic-notions.tex:13","translation/content/first-order-logic/axiomatic-deduction/proof-theoretic-notions.tex:13","OLP-0118-B005","","pending_coherent_reader_pagination","provisional_pending_optional_specialist_review_no_hold","Please double-check whether “స్వీకృతం / స్వీకృత రూపం / స్వీకృతాధారిత నిరూపణ / నిగమన నియమం / మోడస్ పోనెన్స్ / పరిమాణీకరణిక నియమం / నిరూప్యతా సంబంధం / నిరూపణ-సిద్ధాంత భావన / నిగమన సిద్ధాంతం” is idiomatic and technically standard for “axiom / axiom instance / axiomatic derivation / inference rule / modus ponens / quantifier rule / derivability relation / proof-theoretic notion / deduction theorem” in Telugu logic/mathematics across Andhra Pradesh and Telangana. If not, what exact replacement should be used while leaving the displayed definition, formulas and source scope unchanged?"
"REV-TE-T040","terminology_or_sense_decision","high","mixed_provisional","axiom / axiom instance / axiomatic derivation / inference rule / modus ponens / quantifier rule / derivability relation / proof-theoretic notion / deduction theorem","స్వీకృతం / స్వీకృత రూపం / స్వీకృతాధారిత నిరూపణ / నిగమన నియమం / మోడస్ పోనెన్స్ / పరిమాణీకరణిక నియమం / నిరూప్యతా సంబంధం / నిరూపణ-సిద్ధాంత భావన / నిగమన సిద్ధాంతం","Telugu","Telu","te-Telu-IN","OLP-0121","first-order-logic/axiomatic-deduction/provability-consistency","content/first-order-logic/axiomatic-deduction/provability-consistency.tex","translation/content/first-order-logic/axiomatic-deduction/provability-consistency.tex","content/first-order-logic/axiomatic-deduction/provability-consistency.tex:15-17","translation/content/first-order-logic/axiomatic-deduction/provability-consistency.tex:15-17","OLP-0121-B006","","pending_coherent_reader_pagination","provisional_pending_optional_specialist_review_no_hold","Please double-check whether “స్వీకృతం / స్వీకృత రూపం / స్వీకృతాధారిత నిరూపణ / నిగమన నియమం / మోడస్ పోనెన్స్ / పరిమాణీకరణిక నియమం / నిరూప్యతా సంబంధం / నిరూపణ-సిద్ధాంత భావన / నిగమన సిద్ధాంతం” is idiomatic and technically standard for “axiom / axiom instance / axiomatic derivation / inference rule / modus ponens / quantifier rule / derivability relation / proof-theoretic notion / deduction theorem” in Telugu logic/mathematics across Andhra Pradesh and Telangana. If not, what exact replacement should be used while leaving the displayed definition, formulas and source scope unchanged?"
"REV-TE-T040","terminology_or_sense_decision","high","mixed_provisional","axiom / axiom instance / axiomatic derivation / inference rule / modus ponens / quantifier rule / derivability relation / proof-theoretic notion / deduction theorem","స్వీకృతం / స్వీకృత రూపం / స్వీకృతాధారిత నిరూపణ / నిగమన నియమం / మోడస్ పోనెన్స్ / పరిమాణీకరణిక నియమం / నిరూప్యతా సంబంధం / నిరూపణ-సిద్ధాంత భావన / నిగమన సిద్ధాంతం","Telugu","Telu","te-Telu-IN","OLP-0119","first-order-logic/axiomatic-deduction/deduction-theorem","content/first-order-logic/axiomatic-deduction/deduction-theorem.tex","translation/content/first-order-logic/axiomatic-deduction/deduction-theorem.tex","content/first-order-logic/axiomatic-deduction/deduction-theorem.tex:49-52","translation/content/first-order-logic/axiomatic-deduction/deduction-theorem.tex:48-51","OLP-0119-B011","","pending_coherent_reader_pagination","provisional_pending_optional_specialist_review_no_hold","Please double-check whether “స్వీకృతం / స్వీకృత రూపం / స్వీకృతాధారిత నిరూపణ / నిగమన నియమం / మోడస్ పోనెన్స్ / పరిమాణీకరణిక నియమం / నిరూప్యతా సంబంధం / నిరూపణ-సిద్ధాంత భావన / నిగమన సిద్ధాంతం” is idiomatic and technically standard for “axiom / axiom instance / axiomatic derivation / inference rule / modus ponens / quantifier rule / derivability relation / proof-theoretic notion / deduction theorem” in Telugu logic/mathematics across Andhra Pradesh and Telangana. If not, what exact replacement should be used while leaving the displayed definition, formulas and source scope unchanged?"
"REV-TE-T041","terminology_or_sense_decision","high","mixed_provisional","complete set / saturated set / Henkin expansion / Lindenbaum's Lemma / term model / Truth Lemma / factoring / finitely satisfiable / Compactness Theorem / Lowenheim--Skolem Theorem / Skolem's Paradox","సంపూర్ణ సమితి / సంతృప్తీకృత సమితి / హెన్కిన్ విస్తరణ / లిండెన్‌బామ్ ఉపసిద్ధాంతం / పద నమూనా / సత్య ఉపసిద్ధాంతం / వర్గీకరణ / పరిమితంగా సంతృప్తిపరచదగిన / సంహతత్వ సిద్ధాంతం / లొవెన్‌హైమ్--స్కోలెమ్ సిద్ధాంతం / స్కోలెమ్ విరోధాభాసం","Telugu","Telu","te-Telu-IN","OLP-0129","first-order-logic/completeness/complete-consistent-sets","content/first-order-logic/completeness/complete-consistent-sets.tex","translation/content/first-order-logic/completeness/complete-consistent-sets.tex","content/first-order-logic/completeness/complete-consistent-sets.tex:19-23","translation/content/first-order-logic/completeness/complete-consistent-sets.tex:19-23","OLP-0129-B007","","pending_coherent_reader_pagination","provisional_pending_optional_specialist_review_no_hold","Please double-check whether “సంపూర్ణ సమితి / సంతృప్తీకృత సమితి / హెన్కిన్ విస్తరణ / లిండెన్‌బామ్ ఉపసిద్ధాంతం / పద నమూనా / సత్య ఉపసిద్ధాంతం / వర్గీకరణ / పరిమితంగా సంతృప్తిపరచదగిన / సంహతత్వ సిద్ధాంతం / లొవెన్‌హైమ్--స్కోలెమ్ సిద్ధాంతం / స్కోలెమ్ విరోధాభాసం” is idiomatic and technically standard for “complete set / saturated set / Henkin expansion / Lindenbaum's Lemma / term model / Truth Lemma / factoring / finitely satisfiable / Compactness Theorem / Lowenheim--Skolem Theorem / Skolem's Paradox” in Telugu logic/mathematics across Andhra Pradesh and Telangana. If not, what exact replacement should be used while leaving the displayed definition, formulas and source scope unchanged?"
"REV-TE-T041","terminology_or_sense_decision","high","mixed_provisional","complete set / saturated set / Henkin expansion / Lindenbaum's Lemma / term model / Truth Lemma / factoring / finitely satisfiable / Compactness Theorem / Lowenheim--Skolem Theorem / Skolem's Paradox","సంపూర్ణ సమితి / సంతృప్తీకృత సమితి / హెన్కిన్ విస్తరణ / లిండెన్‌బామ్ ఉపసిద్ధాంతం / పద నమూనా / సత్య ఉపసిద్ధాంతం / వర్గీకరణ / పరిమితంగా సంతృప్తిపరచదగిన / సంహతత్వ సిద్ధాంతం / లొవెన్‌హైమ్--స్కోలెమ్ సిద్ధాంతం / స్కోలెమ్ విరోధాభాసం","Telugu","Telu","te-Telu-IN","OLP-0130","first-order-logic/completeness/henkin-expansions","content/first-order-logic/completeness/henkin-expansions.tex","translation/content/first-order-logic/completeness/henkin-expansions.tex","content/first-order-logic/completeness/henkin-expansions.tex:11","translation/content/first-order-logic/completeness/henkin-expansions.tex:11","OLP-0130-B005","","pending_coherent_reader_pagination","provisional_pending_optional_specialist_review_no_hold","Please double-check whether “సంపూర్ణ సమితి / సంతృప్తీకృత సమితి / హెన్కిన్ విస్తరణ / లిండెన్‌బామ్ ఉపసిద్ధాంతం / పద నమూనా / సత్య ఉపసిద్ధాంతం / వర్గీకరణ / పరిమితంగా సంతృప్తిపరచదగిన / సంహతత్వ సిద్ధాంతం / లొవెన్‌హైమ్--స్కోలెమ్ సిద్ధాంతం / స్కోలెమ్ విరోధాభాసం” is idiomatic and technically standard for “complete set / saturated set / Henkin expansion / Lindenbaum's Lemma / term model / Truth Lemma / factoring / finitely satisfiable / Compactness Theorem / Lowenheim--Skolem Theorem / Skolem's Paradox” in Telugu logic/mathematics across Andhra Pradesh and Telangana. If not, what exact replacement should be used while leaving the displayed definition, formulas and source scope unchanged?"
"REV-TE-T041","terminology_or_sense_decision","high","mixed_provisional","complete set / saturated set / Henkin expansion / Lindenbaum's Lemma / term model / Truth Lemma / factoring / finitely satisfiable / Compactness Theorem / Lowenheim--Skolem Theorem / Skolem's Paradox","సంపూర్ణ సమితి / సంతృప్తీకృత సమితి / హెన్కిన్ విస్తరణ / లిండెన్‌బామ్ ఉపసిద్ధాంతం / పద నమూనా / సత్య ఉపసిద్ధాంతం / వర్గీకరణ / పరిమితంగా సంతృప్తిపరచదగిన / సంహతత్వ సిద్ధాంతం / లొవెన్‌హైమ్--స్కోలెమ్ సిద్ధాంతం / స్కోలెమ్ విరోధాభాసం","Telugu","Telu","te-Telu-IN","OLP-0130","first-order-logic/completeness/henkin-expansions","content/first-order-logic/completeness/henkin-expansions.tex","translation/content/first-order-logic/completeness/henkin-expansions.tex","content/first-order-logic/completeness/henkin-expansions.tex:39-47","translation/content/first-order-logic/completeness/henkin-expansions.tex:40-48","OLP-0130-B008","","pending_coherent_reader_pagination","provisional_pending_optional_specialist_review_no_hold","Please double-check whether “సంపూర్ణ సమితి / సంతృప్తీకృత సమితి / హెన్కిన్ విస్తరణ / లిండెన్‌బామ్ ఉపసిద్ధాంతం / పద నమూనా / సత్య ఉపసిద్ధాంతం / వర్గీకరణ / పరిమితంగా సంతృప్తిపరచదగిన / సంహతత్వ సిద్ధాంతం / లొవెన్‌హైమ్--స్కోలెమ్ సిద్ధాంతం / స్కోలెమ్ విరోధాభాసం” is idiomatic and technically standard for “complete set / saturated set / Henkin expansion / Lindenbaum's Lemma / term model / Truth Lemma / factoring / finitely satisfiable / Compactness Theorem / Lowenheim--Skolem Theorem / Skolem's Paradox” in Telugu logic/mathematics across Andhra Pradesh and Telangana. If not, what exact replacement should be used while leaving the displayed definition, formulas and source scope unchanged?"
"REV-TE-T041","terminology_or_sense_decision","high","mixed_provisional","complete set / saturated set / Henkin expansion / Lindenbaum's Lemma / term model / Truth Lemma / factoring / finitely satisfiable / Compactness Theorem / Lowenheim--Skolem Theorem / Skolem's Paradox","సంపూర్ణ సమితి / సంతృప్తీకృత సమితి / హెన్కిన్ విస్తరణ / లిండెన్‌బామ్ ఉపసిద్ధాంతం / పద నమూనా / సత్య ఉపసిద్ధాంతం / వర్గీకరణ / పరిమితంగా సంతృప్తిపరచదగిన / సంహతత్వ సిద్ధాంతం / లొవెన్‌హైమ్--స్కోలెమ్ సిద్ధాంతం / స్కోలెమ్ విరోధాభాసం","Telugu","Telu","te-Telu-IN","OLP-0131","first-order-logic/completeness/lindenbaums-lemma","content/first-order-logic/completeness/lindenbaums-lemma.tex","translation/content/first-order-logic/completeness/lindenbaums-lemma.tex","content/first-order-logic/completeness/lindenbaums-lemma.tex:13","translation/content/first-order-logic/completeness/lindenbaums-lemma.tex:13","OLP-0131-B005","","pending_coherent_reader_pagination","provisional_pending_optional_specialist_review_no_hold","Please double-check whether “సంపూర్ణ సమితి / సంతృప్తీకృత సమితి / హెన్కిన్ విస్తరణ / లిండెన్‌బామ్ ఉపసిద్ధాంతం / పద నమూనా / సత్య ఉపసిద్ధాంతం / వర్గీకరణ / పరిమితంగా సంతృప్తిపరచదగిన / సంహతత్వ సిద్ధాంతం / లొవెన్‌హైమ్--స్కోలెమ్ సిద్ధాంతం / స్కోలెమ్ విరోధాభాసం” is idiomatic and technically standard for “complete set / saturated set / Henkin expansion / Lindenbaum's Lemma / term model / Truth Lemma / factoring / finitely satisfiable / Compactness Theorem / Lowenheim--Skolem Theorem / Skolem's Paradox” in Telugu logic/mathematics across Andhra Pradesh and Telangana. If not, what exact replacement should be used while leaving the displayed definition, formulas and source scope unchanged?"
"REV-TE-T041","terminology_or_sense_decision","high","mixed_provisional","complete set / saturated set / Henkin expansion / Lindenbaum's Lemma / term model / Truth Lemma / factoring / finitely satisfiable / Compactness Theorem / Lowenheim--Skolem Theorem / Skolem's Paradox","సంపూర్ణ సమితి / సంతృప్తీకృత సమితి / హెన్కిన్ విస్తరణ / లిండెన్‌బామ్ ఉపసిద్ధాంతం / పద నమూనా / సత్య ఉపసిద్ధాంతం / వర్గీకరణ / పరిమితంగా సంతృప్తిపరచదగిన / సంహతత్వ సిద్ధాంతం / లొవెన్‌హైమ్--స్కోలెమ్ సిద్ధాంతం / స్కోలెమ్ విరోధాభాసం","Telugu","Telu","te-Telu-IN","OLP-0132","first-order-logic/completeness/construction-of-model","content/first-order-logic/completeness/construction-of-model.tex","translation/content/first-order-logic/completeness/construction-of-model.tex","content/first-order-logic/completeness/construction-of-model.tex:36-73","translation/content/first-order-logic/completeness/construction-of-model.tex:37-75","OLP-0132-B007","","pending_coherent_reader_pagination","provisional_pending_optional_specialist_review_no_hold","Please double-check whether “సంపూర్ణ సమితి / సంతృప్తీకృత సమితి / హెన్కిన్ విస్తరణ / లిండెన్‌బామ్ ఉపసిద్ధాంతం / పద నమూనా / సత్య ఉపసిద్ధాంతం / వర్గీకరణ / పరిమితంగా సంతృప్తిపరచదగిన / సంహతత్వ సిద్ధాంతం / లొవెన్‌హైమ్--స్కోలెమ్ సిద్ధాంతం / స్కోలెమ్ విరోధాభాసం” is idiomatic and technically standard for “complete set / saturated set / Henkin expansion / Lindenbaum's Lemma / term model / Truth Lemma / factoring / finitely satisfiable / Compactness Theorem / Lowenheim--Skolem Theorem / Skolem's Paradox” in Telugu logic/mathematics across Andhra Pradesh and Telangana. If not, what exact replacement should be used while leaving the displayed definition, formulas and source scope unchanged?"
"REV-TE-T041","terminology_or_sense_decision","high","mixed_provisional","complete set / saturated set / Henkin expansion / Lindenbaum's Lemma / term model / Truth Lemma / factoring / finitely satisfiable / Compactness Theorem / Lowenheim--Skolem Theorem / Skolem's Paradox","సంపూర్ణ సమితి / సంతృప్తీకృత సమితి / హెన్కిన్ విస్తరణ / లిండెన్‌బామ్ ఉపసిద్ధాంతం / పద నమూనా / సత్య ఉపసిద్ధాంతం / వర్గీకరణ / పరిమితంగా సంతృప్తిపరచదగిన / సంహతత్వ సిద్ధాంతం / లొవెన్‌హైమ్--స్కోలెమ్ సిద్ధాంతం / స్కోలెమ్ విరోధాభాసం","Telugu","Telu","te-Telu-IN","OLP-0132","first-order-logic/completeness/construction-of-model","content/first-order-logic/completeness/construction-of-model.tex","translation/content/first-order-logic/completeness/construction-of-model.tex","content/first-order-logic/completeness/construction-of-model.tex:163-166","translation/content/first-order-logic/completeness/construction-of-model.tex:174-178","OLP-0132-B014","","pending_coherent_reader_pagination","provisional_pending_optional_specialist_review_no_hold","Please double-check whether “సంపూర్ణ సమితి / సంతృప్తీకృత సమితి / హెన్కిన్ విస్తరణ / లిండెన్‌బామ్ ఉపసిద్ధాంతం / పద నమూనా / సత్య ఉపసిద్ధాంతం / వర్గీకరణ / పరిమితంగా సంతృప్తిపరచదగిన / సంహతత్వ సిద్ధాంతం / లొవెన్‌హైమ్--స్కోలెమ్ సిద్ధాంతం / స్కోలెమ్ విరోధాభాసం” is idiomatic and technically standard for “complete set / saturated set / Henkin expansion / Lindenbaum's Lemma / term model / Truth Lemma / factoring / finitely satisfiable / Compactness Theorem / Lowenheim--Skolem Theorem / Skolem's Paradox” in Telugu logic/mathematics across Andhra Pradesh and Telangana. If not, what exact replacement should be used while leaving the displayed definition, formulas and source scope unchanged?"
"REV-TE-T041","terminology_or_sense_decision","high","mixed_provisional","complete set / saturated set / Henkin expansion / Lindenbaum's Lemma / term model / Truth Lemma / factoring / finitely satisfiable / Compactness Theorem / Lowenheim--Skolem Theorem / Skolem's Paradox","సంపూర్ణ సమితి / సంతృప్తీకృత సమితి / హెన్కిన్ విస్తరణ / లిండెన్‌బామ్ ఉపసిద్ధాంతం / పద నమూనా / సత్య ఉపసిద్ధాంతం / వర్గీకరణ / పరిమితంగా సంతృప్తిపరచదగిన / సంహతత్వ సిద్ధాంతం / లొవెన్‌హైమ్--స్కోలెమ్ సిద్ధాంతం / స్కోలెమ్ విరోధాభాసం","Telugu","Telu","te-Telu-IN","OLP-0133","first-order-logic/completeness/identity","content/first-order-logic/completeness/identity.tex","translation/content/first-order-logic/completeness/identity.tex","content/first-order-logic/completeness/identity.tex:12-24","translation/content/first-order-logic/completeness/identity.tex:12-22","OLP-0133-B005","","pending_coherent_reader_pagination","provisional_pending_optional_specialist_review_no_hold","Please double-check whether “సంపూర్ణ సమితి / సంతృప్తీకృత సమితి / హెన్కిన్ విస్తరణ / లిండెన్‌బామ్ ఉపసిద్ధాంతం / పద నమూనా / సత్య ఉపసిద్ధాంతం / వర్గీకరణ / పరిమితంగా సంతృప్తిపరచదగిన / సంహతత్వ సిద్ధాంతం / లొవెన్‌హైమ్--స్కోలెమ్ సిద్ధాంతం / స్కోలెమ్ విరోధాభాసం” is idiomatic and technically standard for “complete set / saturated set / Henkin expansion / Lindenbaum's Lemma / term model / Truth Lemma / factoring / finitely satisfiable / Compactness Theorem / Lowenheim--Skolem Theorem / Skolem's Paradox” in Telugu logic/mathematics across Andhra Pradesh and Telangana. If not, what exact replacement should be used while leaving the displayed definition, formulas and source scope unchanged?"
"REV-TE-T041","terminology_or_sense_decision","high","mixed_provisional","complete set / saturated set / Henkin expansion / Lindenbaum's Lemma / term model / Truth Lemma / factoring / finitely satisfiable / Compactness Theorem / Lowenheim--Skolem Theorem / Skolem's Paradox","సంపూర్ణ సమితి / సంతృప్తీకృత సమితి / హెన్కిన్ విస్తరణ / లిండెన్‌బామ్ ఉపసిద్ధాంతం / పద నమూనా / సత్య ఉపసిద్ధాంతం / వర్గీకరణ / పరిమితంగా సంతృప్తిపరచదగిన / సంహతత్వ సిద్ధాంతం / లొవెన్‌హైమ్--స్కోలెమ్ సిద్ధాంతం / స్కోలెమ్ విరోధాభాసం","Telugu","Telu","te-Telu-IN","OLP-0135","first-order-logic/completeness/compactness","content/first-order-logic/completeness/compactness.tex","translation/content/first-order-logic/completeness/compactness.tex","content/first-order-logic/completeness/compactness.tex:29-31","translation/content/first-order-logic/completeness/compactness.tex:28-32","OLP-0135-B007","","pending_coherent_reader_pagination","provisional_pending_optional_specialist_review_no_hold","Please double-check whether “సంపూర్ణ సమితి / సంతృప్తీకృత సమితి / హెన్కిన్ విస్తరణ / లిండెన్‌బామ్ ఉపసిద్ధాంతం / పద నమూనా / సత్య ఉపసిద్ధాంతం / వర్గీకరణ / పరిమితంగా సంతృప్తిపరచదగిన / సంహతత్వ సిద్ధాంతం / లొవెన్‌హైమ్--స్కోలెమ్ సిద్ధాంతం / స్కోలెమ్ విరోధాభాసం” is idiomatic and technically standard for “complete set / saturated set / Henkin expansion / Lindenbaum's Lemma / term model / Truth Lemma / factoring / finitely satisfiable / Compactness Theorem / Lowenheim--Skolem Theorem / Skolem's Paradox” in Telugu logic/mathematics across Andhra Pradesh and Telangana. If not, what exact replacement should be used while leaving the displayed definition, formulas and source scope unchanged?"
"REV-TE-T041","terminology_or_sense_decision","high","mixed_provisional","complete set / saturated set / Henkin expansion / Lindenbaum's Lemma / term model / Truth Lemma / factoring / finitely satisfiable / Compactness Theorem / Lowenheim--Skolem Theorem / Skolem's Paradox","సంపూర్ణ సమితి / సంతృప్తీకృత సమితి / హెన్కిన్ విస్తరణ / లిండెన్‌బామ్ ఉపసిద్ధాంతం / పద నమూనా / సత్య ఉపసిద్ధాంతం / వర్గీకరణ / పరిమితంగా సంతృప్తిపరచదగిన / సంహతత్వ సిద్ధాంతం / లొవెన్‌హైమ్--స్కోలెమ్ సిద్ధాంతం / స్కోలెమ్ విరోధాభాసం","Telugu","Telu","te-Telu-IN","OLP-0135","first-order-logic/completeness/compactness","content/first-order-logic/completeness/compactness.tex","translation/content/first-order-logic/completeness/compactness.tex","content/first-order-logic/completeness/compactness.tex:13","translation/content/first-order-logic/completeness/compactness.tex:13","OLP-0135-B005","","pending_coherent_reader_pagination","provisional_pending_optional_specialist_review_no_hold","Please double-check whether “సంపూర్ణ సమితి / సంతృప్తీకృత సమితి / హెన్కిన్ విస్తరణ / లిండెన్‌బామ్ ఉపసిద్ధాంతం / పద నమూనా / సత్య ఉపసిద్ధాంతం / వర్గీకరణ / పరిమితంగా సంతృప్తిపరచదగిన / సంహతత్వ సిద్ధాంతం / లొవెన్‌హైమ్--స్కోలెమ్ సిద్ధాంతం / స్కోలెమ్ విరోధాభాసం” is idiomatic and technically standard for “complete set / saturated set / Henkin expansion / Lindenbaum's Lemma / term model / Truth Lemma / factoring / finitely satisfiable / Compactness Theorem / Lowenheim--Skolem Theorem / Skolem's Paradox” in Telugu logic/mathematics across Andhra Pradesh and Telangana. If not, what exact replacement should be used while leaving the displayed definition, formulas and source scope unchanged?"
"REV-TE-T041","terminology_or_sense_decision","high","mixed_provisional","complete set / saturated set / Henkin expansion / Lindenbaum's Lemma / term model / Truth Lemma / factoring / finitely satisfiable / Compactness Theorem / Lowenheim--Skolem Theorem / Skolem's Paradox","సంపూర్ణ సమితి / సంతృప్తీకృత సమితి / హెన్కిన్ విస్తరణ / లిండెన్‌బామ్ ఉపసిద్ధాంతం / పద నమూనా / సత్య ఉపసిద్ధాంతం / వర్గీకరణ / పరిమితంగా సంతృప్తిపరచదగిన / సంహతత్వ సిద్ధాంతం / లొవెన్‌హైమ్--స్కోలెమ్ సిద్ధాంతం / స్కోలెమ్ విరోధాభాసం","Telugu","Telu","te-Telu-IN","OLP-0137","first-order-logic/completeness/downward-ls","content/first-order-logic/completeness/downward-ls.tex","translation/content/first-order-logic/completeness/downward-ls.tex","content/first-order-logic/completeness/downward-ls.tex:9-10","translation/content/first-order-logic/completeness/downward-ls.tex:9-10","OLP-0137-B004","","pending_coherent_reader_pagination","provisional_pending_optional_specialist_review_no_hold","Please double-check whether “సంపూర్ణ సమితి / సంతృప్తీకృత సమితి / హెన్కిన్ విస్తరణ / లిండెన్‌బామ్ ఉపసిద్ధాంతం / పద నమూనా / సత్య ఉపసిద్ధాంతం / వర్గీకరణ / పరిమితంగా సంతృప్తిపరచదగిన / సంహతత్వ సిద్ధాంతం / లొవెన్‌హైమ్--స్కోలెమ్ సిద్ధాంతం / స్కోలెమ్ విరోధాభాసం” is idiomatic and technically standard for “complete set / saturated set / Henkin expansion / Lindenbaum's Lemma / term model / Truth Lemma / factoring / finitely satisfiable / Compactness Theorem / Lowenheim--Skolem Theorem / Skolem's Paradox” in Telugu logic/mathematics across Andhra Pradesh and Telangana. If not, what exact replacement should be used while leaving the displayed definition, formulas and source scope unchanged?"
"REV-TE-T041","terminology_or_sense_decision","high","mixed_provisional","complete set / saturated set / Henkin expansion / Lindenbaum's Lemma / term model / Truth Lemma / factoring / finitely satisfiable / Compactness Theorem / Lowenheim--Skolem Theorem / Skolem's Paradox","సంపూర్ణ సమితి / సంతృప్తీకృత సమితి / హెన్కిన్ విస్తరణ / లిండెన్‌బామ్ ఉపసిద్ధాంతం / పద నమూనా / సత్య ఉపసిద్ధాంతం / వర్గీకరణ / పరిమితంగా సంతృప్తిపరచదగిన / సంహతత్వ సిద్ధాంతం / లొవెన్‌హైమ్--స్కోలెమ్ సిద్ధాంతం / స్కోలెమ్ విరోధాభాసం","Telugu","Telu","te-Telu-IN","OLP-0137","first-order-logic/completeness/downward-ls","content/first-order-logic/completeness/downward-ls.tex","translation/content/first-order-logic/completeness/downward-ls.tex","content/first-order-logic/completeness/downward-ls.tex:48-61","translation/content/first-order-logic/completeness/downward-ls.tex:47-59","OLP-0137-B010","","pending_coherent_reader_pagination","provisional_pending_optional_specialist_review_no_hold","Please double-check whether “సంపూర్ణ సమితి / సంతృప్తీకృత సమితి / హెన్కిన్ విస్తరణ / లిండెన్‌బామ్ ఉపసిద్ధాంతం / పద నమూనా / సత్య ఉపసిద్ధాంతం / వర్గీకరణ / పరిమితంగా సంతృప్తిపరచదగిన / సంహతత్వ సిద్ధాంతం / లొవెన్‌హైమ్--స్కోలెమ్ సిద్ధాంతం / స్కోలెమ్ విరోధాభాసం” is idiomatic and technically standard for “complete set / saturated set / Henkin expansion / Lindenbaum's Lemma / term model / Truth Lemma / factoring / finitely satisfiable / Compactness Theorem / Lowenheim--Skolem Theorem / Skolem's Paradox” in Telugu logic/mathematics across Andhra Pradesh and Telangana. If not, what exact replacement should be used while leaving the displayed definition, formulas and source scope unchanged?"
"REV-TE-T042","terminology_or_sense_decision","standard","moderate","OpenLogic !! configuration token realization in OLP-0004--OLP-0148","41-key Telugu reader-surface mapping in translation/TELUGU_TOKENS.json","Telugu","Telu","te-Telu-IN","OLP-0005","sets-functions-relations/sets/basics","content/sets-functions-relations/sets/basics.tex","translation/content/sets-functions-relations/sets/basics.tex","content/sets-functions-relations/sets/basics.tex:12-17","translation/content/sets-functions-relations/sets/basics.tex:12-17","OLP-0005-B005","","pending_coherent_reader_pagination","provisional_pending_optional_specialist_review_no_hold","Please double-check whether “41-key Telugu reader-surface mapping in translation/TELUGU_TOKENS.json” is idiomatic and technically standard for “OpenLogic !! configuration token realization in OLP-0004--OLP-0148” in Telugu logic/mathematics across Andhra Pradesh and Telangana. If not, what exact replacement should be used while leaving the displayed definition, formulas and source scope unchanged?"
"REV-TE-T043","terminology_or_sense_decision","high","mixed_provisional","First-order syntax register: term, string, formation sequence, syntactic identity, unique readability, main operator, subformula, scope, free/bound variable, sentence and substitution","పదం / సంకేతమాల / నిర్మాణ క్రమం / వాక్యనిర్మాణ తాదాత్మ్యం / ఏకార్థ పఠనీయత / ప్రధాన సంయోజకం / ఉపసూత్రం / పరిధి / స్వేచ్ఛా-బద్ధ చరం / వాక్యం / ప్రతిస్థాపన","Telugu","Telu","te-Telu-IN","OLP-0150","first-order-logic/syntax-and-semantics/intro-syntax","content/first-order-logic/syntax-and-semantics/intro-syntax.tex","translation/content/first-order-logic/syntax-and-semantics/intro-syntax.tex","content/first-order-logic/syntax-and-semantics/intro-syntax.tex:13-31","translation/content/first-order-logic/syntax-and-semantics/intro-syntax.tex:13-31","OLP-0150-B006","","pending_coherent_reader_pagination","provisional_pending_optional_specialist_review_no_hold","Please double-check whether “పదం / సంకేతమాల / నిర్మాణ క్రమం / వాక్యనిర్మాణ తాదాత్మ్యం / ఏకార్థ పఠనీయత / ప్రధాన సంయోజకం / ఉపసూత్రం / పరిధి / స్వేచ్ఛా-బద్ధ చరం / వాక్యం / ప్రతిస్థాపన” is idiomatic and technically standard for “First-order syntax register: term, string, formation sequence, syntactic identity, unique readability, main operator, subformula, scope, free/bound variable, sentence and substitution” in Telugu logic/mathematics across Andhra Pradesh and Telangana. If not, what exact replacement should be used while leaving the displayed definition, formulas and source scope unchanged?"
"REV-TE-T043","terminology_or_sense_decision","high","mixed_provisional","First-order syntax register: term, string, formation sequence, syntactic identity, unique readability, main operator, subformula, scope, free/bound variable, sentence and substitution","పదం / సంకేతమాల / నిర్మాణ క్రమం / వాక్యనిర్మాణ తాదాత్మ్యం / ఏకార్థ పఠనీయత / ప్రధాన సంయోజకం / ఉపసూత్రం / పరిధి / స్వేచ్ఛా-బద్ధ చరం / వాక్యం / ప్రతిస్థాపన","Telugu","Telu","te-Telu-IN","OLP-0151","first-order-logic/syntax-and-semantics/first-order-languages","content/first-order-logic/syntax-and-semantics/first-order-languages.tex","translation/content/first-order-logic/syntax-and-semantics/first-order-languages.tex","content/first-order-logic/syntax-and-semantics/first-order-languages.tex:14-19","translation/content/first-order-logic/syntax-and-semantics/first-order-languages.tex:14-19","OLP-0151-B006","","pending_coherent_reader_pagination","provisional_pending_optional_specialist_review_no_hold","Please double-check whether “పదం / సంకేతమాల / నిర్మాణ క్రమం / వాక్యనిర్మాణ తాదాత్మ్యం / ఏకార్థ పఠనీయత / ప్రధాన సంయోజకం / ఉపసూత్రం / పరిధి / స్వేచ్ఛా-బద్ధ చరం / వాక్యం / ప్రతిస్థాపన” is idiomatic and technically standard for “First-order syntax register: term, string, formation sequence, syntactic identity, unique readability, main operator, subformula, scope, free/bound variable, sentence and substitution” in Telugu logic/mathematics across Andhra Pradesh and Telangana. If not, what exact replacement should be used while leaving the displayed definition, formulas and source scope unchanged?"
"REV-TE-T043","terminology_or_sense_decision","high","mixed_provisional","First-order syntax register: term, string, formation sequence, syntactic identity, unique readability, main operator, subformula, scope, free/bound variable, sentence and substitution","పదం / సంకేతమాల / నిర్మాణ క్రమం / వాక్యనిర్మాణ తాదాత్మ్యం / ఏకార్థ పఠనీయత / ప్రధాన సంయోజకం / ఉపసూత్రం / పరిధి / స్వేచ్ఛా-బద్ధ చరం / వాక్యం / ప్రతిస్థాపన","Telugu","Telu","te-Telu-IN","OLP-0152","first-order-logic/syntax-and-semantics/terms-formulas","content/first-order-logic/syntax-and-semantics/terms-formulas.tex","translation/content/first-order-logic/syntax-and-semantics/terms-formulas.tex","content/first-order-logic/syntax-and-semantics/terms-formulas.tex:13-15","translation/content/first-order-logic/syntax-and-semantics/terms-formulas.tex:13-15","OLP-0152-B006","","pending_coherent_reader_pagination","provisional_pending_optional_specialist_review_no_hold","Please double-check whether “పదం / సంకేతమాల / నిర్మాణ క్రమం / వాక్యనిర్మాణ తాదాత్మ్యం / ఏకార్థ పఠనీయత / ప్రధాన సంయోజకం / ఉపసూత్రం / పరిధి / స్వేచ్ఛా-బద్ధ చరం / వాక్యం / ప్రతిస్థాపన” is idiomatic and technically standard for “First-order syntax register: term, string, formation sequence, syntactic identity, unique readability, main operator, subformula, scope, free/bound variable, sentence and substitution” in Telugu logic/mathematics across Andhra Pradesh and Telangana. If not, what exact replacement should be used while leaving the displayed definition, formulas and source scope unchanged?"
"REV-TE-T043","terminology_or_sense_decision","high","mixed_provisional","First-order syntax register: term, string, formation sequence, syntactic identity, unique readability, main operator, subformula, scope, free/bound variable, sentence and substitution","పదం / సంకేతమాల / నిర్మాణ క్రమం / వాక్యనిర్మాణ తాదాత్మ్యం / ఏకార్థ పఠనీయత / ప్రధాన సంయోజకం / ఉపసూత్రం / పరిధి / స్వేచ్ఛా-బద్ధ చరం / వాక్యం / ప్రతిస్థాపన","Telugu","Telu","te-Telu-IN","OLP-0153","first-order-logic/syntax-and-semantics/unique-readability","content/first-order-logic/syntax-and-semantics/unique-readability.tex","translation/content/first-order-logic/syntax-and-semantics/unique-readability.tex","content/first-order-logic/syntax-and-semantics/unique-readability.tex:13-21","translation/content/first-order-logic/syntax-and-semantics/unique-readability.tex:13-21","OLP-0153-B006","","pending_coherent_reader_pagination","provisional_pending_optional_specialist_review_no_hold","Please double-check whether “పదం / సంకేతమాల / నిర్మాణ క్రమం / వాక్యనిర్మాణ తాదాత్మ్యం / ఏకార్థ పఠనీయత / ప్రధాన సంయోజకం / ఉపసూత్రం / పరిధి / స్వేచ్ఛా-బద్ధ చరం / వాక్యం / ప్రతిస్థాపన” is idiomatic and technically standard for “First-order syntax register: term, string, formation sequence, syntactic identity, unique readability, main operator, subformula, scope, free/bound variable, sentence and substitution” in Telugu logic/mathematics across Andhra Pradesh and Telangana. If not, what exact replacement should be used while leaving the displayed definition, formulas and source scope unchanged?"
"REV-TE-T043","terminology_or_sense_decision","high","mixed_provisional","First-order syntax register: term, string, formation sequence, syntactic identity, unique readability, main operator, subformula, scope, free/bound variable, sentence and substitution","పదం / సంకేతమాల / నిర్మాణ క్రమం / వాక్యనిర్మాణ తాదాత్మ్యం / ఏకార్థ పఠనీయత / ప్రధాన సంయోజకం / ఉపసూత్రం / పరిధి / స్వేచ్ఛా-బద్ధ చరం / వాక్యం / ప్రతిస్థాపన","Telugu","Telu","te-Telu-IN","OLP-0154","first-order-logic/syntax-and-semantics/main-operator","content/first-order-logic/syntax-and-semantics/main-operator.tex","translation/content/first-order-logic/syntax-and-semantics/main-operator.tex","content/first-order-logic/syntax-and-semantics/main-operator.tex:13-19","translation/content/first-order-logic/syntax-and-semantics/main-operator.tex:13-19","OLP-0154-B006","","pending_coherent_reader_pagination","provisional_pending_optional_specialist_review_no_hold","Please double-check whether “పదం / సంకేతమాల / నిర్మాణ క్రమం / వాక్యనిర్మాణ తాదాత్మ్యం / ఏకార్థ పఠనీయత / ప్రధాన సంయోజకం / ఉపసూత్రం / పరిధి / స్వేచ్ఛా-బద్ధ చరం / వాక్యం / ప్రతిస్థాపన” is idiomatic and technically standard for “First-order syntax register: term, string, formation sequence, syntactic identity, unique readability, main operator, subformula, scope, free/bound variable, sentence and substitution” in Telugu logic/mathematics across Andhra Pradesh and Telangana. If not, what exact replacement should be used while leaving the displayed definition, formulas and source scope unchanged?"
"REV-TE-T043","terminology_or_sense_decision","high","mixed_provisional","First-order syntax register: term, string, formation sequence, syntactic identity, unique readability, main operator, subformula, scope, free/bound variable, sentence and substitution","పదం / సంకేతమాల / నిర్మాణ క్రమం / వాక్యనిర్మాణ తాదాత్మ్యం / ఏకార్థ పఠనీయత / ప్రధాన సంయోజకం / ఉపసూత్రం / పరిధి / స్వేచ్ఛా-బద్ధ చరం / వాక్యం / ప్రతిస్థాపన","Telugu","Telu","te-Telu-IN","OLP-0155","first-order-logic/syntax-and-semantics/subformulas","content/first-order-logic/syntax-and-semantics/subformulas.tex","translation/content/first-order-logic/syntax-and-semantics/subformulas.tex","content/first-order-logic/syntax-and-semantics/subformulas.tex:13-18","translation/content/first-order-logic/syntax-and-semantics/subformulas.tex:13-18","OLP-0155-B006","","pending_coherent_reader_pagination","provisional_pending_optional_specialist_review_no_hold","Please double-check whether “పదం / సంకేతమాల / నిర్మాణ క్రమం / వాక్యనిర్మాణ తాదాత్మ్యం / ఏకార్థ పఠనీయత / ప్రధాన సంయోజకం / ఉపసూత్రం / పరిధి / స్వేచ్ఛా-బద్ధ చరం / వాక్యం / ప్రతిస్థాపన” is idiomatic and technically standard for “First-order syntax register: term, string, formation sequence, syntactic identity, unique readability, main operator, subformula, scope, free/bound variable, sentence and substitution” in Telugu logic/mathematics across Andhra Pradesh and Telangana. If not, what exact replacement should be used while leaving the displayed definition, formulas and source scope unchanged?"
"REV-TE-T043","terminology_or_sense_decision","high","mixed_provisional","First-order syntax register: term, string, formation sequence, syntactic identity, unique readability, main operator, subformula, scope, free/bound variable, sentence and substitution","పదం / సంకేతమాల / నిర్మాణ క్రమం / వాక్యనిర్మాణ తాదాత్మ్యం / ఏకార్థ పఠనీయత / ప్రధాన సంయోజకం / ఉపసూత్రం / పరిధి / స్వేచ్ఛా-బద్ధ చరం / వాక్యం / ప్రతిస్థాపన","Telugu","Telu","te-Telu-IN","OLP-0156","first-order-logic/syntax-and-semantics/formation-sequences","content/first-order-logic/syntax-and-semantics/formation-sequences.tex","translation/content/first-order-logic/syntax-and-semantics/formation-sequences.tex","content/first-order-logic/syntax-and-semantics/formation-sequences.tex:13-23","translation/content/first-order-logic/syntax-and-semantics/formation-sequences.tex:13-21","OLP-0156-B006","","pending_coherent_reader_pagination","provisional_pending_optional_specialist_review_no_hold","Please double-check whether “పదం / సంకేతమాల / నిర్మాణ క్రమం / వాక్యనిర్మాణ తాదాత్మ్యం / ఏకార్థ పఠనీయత / ప్రధాన సంయోజకం / ఉపసూత్రం / పరిధి / స్వేచ్ఛా-బద్ధ చరం / వాక్యం / ప్రతిస్థాపన” is idiomatic and technically standard for “First-order syntax register: term, string, formation sequence, syntactic identity, unique readability, main operator, subformula, scope, free/bound variable, sentence and substitution” in Telugu logic/mathematics across Andhra Pradesh and Telangana. If not, what exact replacement should be used while leaving the displayed definition, formulas and source scope unchanged?"
"REV-TE-T043","terminology_or_sense_decision","high","mixed_provisional","First-order syntax register: term, string, formation sequence, syntactic identity, unique readability, main operator, subformula, scope, free/bound variable, sentence and substitution","పదం / సంకేతమాల / నిర్మాణ క్రమం / వాక్యనిర్మాణ తాదాత్మ్యం / ఏకార్థ పఠనీయత / ప్రధాన సంయోజకం / ఉపసూత్రం / పరిధి / స్వేచ్ఛా-బద్ధ చరం / వాక్యం / ప్రతిస్థాపన","Telugu","Telu","te-Telu-IN","OLP-0157","first-order-logic/syntax-and-semantics/free-vars-sentences","content/first-order-logic/syntax-and-semantics/free-vars-sentences.tex","translation/content/first-order-logic/syntax-and-semantics/free-vars-sentences.tex","content/first-order-logic/syntax-and-semantics/free-vars-sentences.tex:13-19","translation/content/first-order-logic/syntax-and-semantics/free-vars-sentences.tex:13-19","OLP-0157-B006","","pending_coherent_reader_pagination","provisional_pending_optional_specialist_review_no_hold","Please double-check whether “పదం / సంకేతమాల / నిర్మాణ క్రమం / వాక్యనిర్మాణ తాదాత్మ్యం / ఏకార్థ పఠనీయత / ప్రధాన సంయోజకం / ఉపసూత్రం / పరిధి / స్వేచ్ఛా-బద్ధ చరం / వాక్యం / ప్రతిస్థాపన” is idiomatic and technically standard for “First-order syntax register: term, string, formation sequence, syntactic identity, unique readability, main operator, subformula, scope, free/bound variable, sentence and substitution” in Telugu logic/mathematics across Andhra Pradesh and Telangana. If not, what exact replacement should be used while leaving the displayed definition, formulas and source scope unchanged?"
"REV-TE-T043","terminology_or_sense_decision","high","mixed_provisional","First-order syntax register: term, string, formation sequence, syntactic identity, unique readability, main operator, subformula, scope, free/bound variable, sentence and substitution","పదం / సంకేతమాల / నిర్మాణ క్రమం / వాక్యనిర్మాణ తాదాత్మ్యం / ఏకార్థ పఠనీయత / ప్రధాన సంయోజకం / ఉపసూత్రం / పరిధి / స్వేచ్ఛా-బద్ధ చరం / వాక్యం / ప్రతిస్థాపన","Telugu","Telu","te-Telu-IN","OLP-0158","first-order-logic/syntax-and-semantics/substitution","content/first-order-logic/syntax-and-semantics/substitution.tex","translation/content/first-order-logic/syntax-and-semantics/substitution.tex","content/first-order-logic/syntax-and-semantics/substitution.tex:13-17","translation/content/first-order-logic/syntax-and-semantics/substitution.tex:13-18","OLP-0158-B006","","pending_coherent_reader_pagination","provisional_pending_optional_specialist_review_no_hold","Please double-check whether “పదం / సంకేతమాల / నిర్మాణ క్రమం / వాక్యనిర్మాణ తాదాత్మ్యం / ఏకార్థ పఠనీయత / ప్రధాన సంయోజకం / ఉపసూత్రం / పరిధి / స్వేచ్ఛా-బద్ధ చరం / వాక్యం / ప్రతిస్థాపన” is idiomatic and technically standard for “First-order syntax register: term, string, formation sequence, syntactic identity, unique readability, main operator, subformula, scope, free/bound variable, sentence and substitution” in Telugu logic/mathematics across Andhra Pradesh and Telangana. If not, what exact replacement should be used while leaving the displayed definition, formulas and source scope unchanged?"
"REV-TE-T044","terminology_or_sense_decision","high","mixed_provisional","First-order semantic register: structure, domain, interpretation, variable assignment, satisfaction, validity, entailment, satisfiability, covered structure and model","నిర్మాణం / వ్యక్తి క్షేత్రం / అర్థనిర్దేశం / చర నిర్దేశం / సంతృప్తి / చెల్లుబాటుతనం / అర్థపర అనుగమనం / సంతృప్తిపరచదగినతనం / ఆవృత నిర్మాణం / నమూనా","Telugu","Telu","te-Telu-IN","OLP-0160","first-order-logic/syntax-and-semantics/intro-semantics","content/first-order-logic/syntax-and-semantics/intro-semantics.tex","translation/content/first-order-logic/syntax-and-semantics/intro-semantics.tex","content/first-order-logic/syntax-and-semantics/intro-semantics.tex:13-33","translation/content/first-order-logic/syntax-and-semantics/intro-semantics.tex:13-32","OLP-0160-B006","","pending_coherent_reader_pagination","provisional_pending_optional_specialist_review_no_hold","Please double-check whether “నిర్మాణం / వ్యక్తి క్షేత్రం / అర్థనిర్దేశం / చర నిర్దేశం / సంతృప్తి / చెల్లుబాటుతనం / అర్థపర అనుగమనం / సంతృప్తిపరచదగినతనం / ఆవృత నిర్మాణం / నమూనా” is idiomatic and technically standard for “First-order semantic register: structure, domain, interpretation, variable assignment, satisfaction, validity, entailment, satisfiability, covered structure and model” in Telugu logic/mathematics across Andhra Pradesh and Telangana. If not, what exact replacement should be used while leaving the displayed definition, formulas and source scope unchanged?"
"REV-TE-T044","terminology_or_sense_decision","high","mixed_provisional","First-order semantic register: structure, domain, interpretation, variable assignment, satisfaction, validity, entailment, satisfiability, covered structure and model","నిర్మాణం / వ్యక్తి క్షేత్రం / అర్థనిర్దేశం / చర నిర్దేశం / సంతృప్తి / చెల్లుబాటుతనం / అర్థపర అనుగమనం / సంతృప్తిపరచదగినతనం / ఆవృత నిర్మాణం / నమూనా","Telugu","Telu","te-Telu-IN","OLP-0162","first-order-logic/syntax-and-semantics/covered-structures","content/first-order-logic/syntax-and-semantics/covered-structures.tex","translation/content/first-order-logic/syntax-and-semantics/covered-structures.tex","content/first-order-logic/syntax-and-semantics/covered-structures.tex:31-34","translation/content/first-order-logic/syntax-and-semantics/covered-structures.tex:31-34","OLP-0162-B008","","pending_coherent_reader_pagination","provisional_pending_optional_specialist_review_no_hold","Please double-check whether “నిర్మాణం / వ్యక్తి క్షేత్రం / అర్థనిర్దేశం / చర నిర్దేశం / సంతృప్తి / చెల్లుబాటుతనం / అర్థపర అనుగమనం / సంతృప్తిపరచదగినతనం / ఆవృత నిర్మాణం / నమూనా” is idiomatic and technically standard for “First-order semantic register: structure, domain, interpretation, variable assignment, satisfaction, validity, entailment, satisfiability, covered structure and model” in Telugu logic/mathematics across Andhra Pradesh and Telangana. If not, what exact replacement should be used while leaving the displayed definition, formulas and source scope unchanged?"
"REV-TE-T045","terminology_or_sense_decision","standard","moderate","x-variant of a variable assignment","x-భేదరూపం","Telugu","Telu","te-Telu-IN","OLP-0163","first-order-logic/syntax-and-semantics/satisfaction","content/first-order-logic/syntax-and-semantics/satisfaction.tex","translation/content/first-order-logic/syntax-and-semantics/satisfaction.tex","content/first-order-logic/syntax-and-semantics/satisfaction.tex:74-79","translation/content/first-order-logic/syntax-and-semantics/satisfaction.tex:70-76","OLP-0163-B011","","pending_coherent_reader_pagination","provisional_pending_optional_specialist_review_no_hold","Please double-check whether “x-భేదరూపం” is idiomatic and technically standard for “x-variant of a variable assignment” in Telugu logic/mathematics across Andhra Pradesh and Telangana. If not, what exact replacement should be used while leaving the displayed definition, formulas and source scope unchanged?"
"REV-TE-T046","terminology_or_sense_decision","high","mixed_provisional","extensionality (also called relevance) in first-order semantics","విస్తారత (సంబద్ధత అని కూడా పిలుస్తారు)","Telugu","Telu","te-Telu-IN","OLP-0165","first-order-logic/syntax-and-semantics/extensionality","content/first-order-logic/syntax-and-semantics/extensionality.tex","translation/content/first-order-logic/syntax-and-semantics/extensionality.tex","content/first-order-logic/syntax-and-semantics/extensionality.tex:11","translation/content/first-order-logic/syntax-and-semantics/extensionality.tex:11","OLP-0165-B005","","pending_coherent_reader_pagination","provisional_pending_optional_specialist_review_no_hold","Please double-check whether “విస్తారత (సంబద్ధత అని కూడా పిలుస్తారు)” is idiomatic and technically standard for “extensionality (also called relevance) in first-order semantics” in Telugu logic/mathematics across Andhra Pradesh and Telangana. If not, what exact replacement should be used while leaving the displayed definition, formulas and source scope unchanged?"
"REV-TE-T047","terminology_or_sense_decision","high","mixed_provisional","axiomatic method / theory / axiom system / axiomatized by / closure / model / definability / explicit definition","స్వీకృతాధార పద్ధతి / సిద్ధాంతం / స్వీకృత వ్యవస్థ / స్వీకృతీకరించబడిన / సంవృతి / నమూనా / నిర్వచనీయత / స్పష్ట నిర్వచనం","Telugu","Telu","te-Telu-IN","OLP-0168","first-order-logic/models-theories/introduction","content/first-order-logic/models-theories/introduction.tex","translation/content/first-order-logic/models-theories/introduction.tex","content/first-order-logic/models-theories/introduction.tex:28-31","translation/content/first-order-logic/models-theories/introduction.tex:28-32","OLP-0168-B007","","pending_coherent_reader_pagination","provisional_pending_optional_specialist_review_no_hold","Please double-check whether “స్వీకృతాధార పద్ధతి / సిద్ధాంతం / స్వీకృత వ్యవస్థ / స్వీకృతీకరించబడిన / సంవృతి / నమూనా / నిర్వచనీయత / స్పష్ట నిర్వచనం” is idiomatic and technically standard for “axiomatic method / theory / axiom system / axiomatized by / closure / model / definability / explicit definition” in Telugu logic/mathematics across Andhra Pradesh and Telangana. If not, what exact replacement should be used while leaving the displayed definition, formulas and source scope unchanged?"
"REV-TE-T047","terminology_or_sense_decision","high","mixed_provisional","axiomatic method / theory / axiom system / axiomatized by / closure / model / definability / explicit definition","స్వీకృతాధార పద్ధతి / సిద్ధాంతం / స్వీకృత వ్యవస్థ / స్వీకృతీకరించబడిన / సంవృతి / నమూనా / నిర్వచనీయత / స్పష్ట నిర్వచనం","Telugu","Telu","te-Telu-IN","OLP-0169","first-order-logic/models-theories/expressing-props-of-structures","content/first-order-logic/models-theories/expressing-props-of-structures.tex","translation/content/first-order-logic/models-theories/expressing-props-of-structures.tex","content/first-order-logic/models-theories/expressing-props-of-structures.tex:39-43","translation/content/first-order-logic/models-theories/expressing-props-of-structures.tex:36-40","OLP-0169-B007","","pending_coherent_reader_pagination","provisional_pending_optional_specialist_review_no_hold","Please double-check whether “స్వీకృతాధార పద్ధతి / సిద్ధాంతం / స్వీకృత వ్యవస్థ / స్వీకృతీకరించబడిన / సంవృతి / నమూనా / నిర్వచనీయత / స్పష్ట నిర్వచనం” is idiomatic and technically standard for “axiomatic method / theory / axiom system / axiomatized by / closure / model / definability / explicit definition” in Telugu logic/mathematics across Andhra Pradesh and Telangana. If not, what exact replacement should be used while leaving the displayed definition, formulas and source scope unchanged?"
"REV-TE-T047","terminology_or_sense_decision","high","mixed_provisional","axiomatic method / theory / axiom system / axiomatized by / closure / model / definability / explicit definition","స్వీకృతాధార పద్ధతి / సిద్ధాంతం / స్వీకృత వ్యవస్థ / స్వీకృతీకరించబడిన / సంవృతి / నమూనా / నిర్వచనీయత / స్పష్ట నిర్వచనం","Telugu","Telu","te-Telu-IN","OLP-0171","first-order-logic/models-theories/expressing-relations","content/first-order-logic/models-theories/expressing-relations.tex","translation/content/first-order-logic/models-theories/expressing-relations.tex","content/first-order-logic/models-theories/expressing-relations.tex:69-78","translation/content/first-order-logic/models-theories/expressing-relations.tex:71-80","OLP-0171-B010","","pending_coherent_reader_pagination","provisional_pending_optional_specialist_review_no_hold","Please double-check whether “స్వీకృతాధార పద్ధతి / సిద్ధాంతం / స్వీకృత వ్యవస్థ / స్వీకృతీకరించబడిన / సంవృతి / నమూనా / నిర్వచనీయత / స్పష్ట నిర్వచనం” is idiomatic and technically standard for “axiomatic method / theory / axiom system / axiomatized by / closure / model / definability / explicit definition” in Telugu logic/mathematics across Andhra Pradesh and Telangana. If not, what exact replacement should be used while leaving the displayed definition, formulas and source scope unchanged?"
"REV-TE-T048","terminology_or_sense_decision","high","mixed_provisional","pure set / urelement / axiom of extensionality / naive comprehension scheme / comprehension principle / separation principle / Russell's Paradox / Zermelo--Fraenkel set theory","శుద్ధ సమితి / యూర్-ఎలిమెంట్ / విస్తారతా స్వీకృతం / అమాయక ధర్మసంగ్రహ పథకం / ధర్మసంగ్రహ సూత్రం / వేరుచేయు సూత్రం / రసెల్ వైరుధ్యం / జెర్మెలో--ఫ్రెంకెల్ సమితి సిద్ధాంతం","Telugu","Telu","te-Telu-IN","OLP-0170","first-order-logic/models-theories/theories","content/first-order-logic/models-theories/theories.tex","translation/content/first-order-logic/models-theories/theories.tex","content/first-order-logic/models-theories/theories.tex:62-69","translation/content/first-order-logic/models-theories/theories.tex:61-68","OLP-0170-B010","","pending_coherent_reader_pagination","provisional_pending_optional_specialist_review_no_hold","Please double-check whether “శుద్ధ సమితి / యూర్-ఎలిమెంట్ / విస్తారతా స్వీకృతం / అమాయక ధర్మసంగ్రహ పథకం / ధర్మసంగ్రహ సూత్రం / వేరుచేయు సూత్రం / రసెల్ వైరుధ్యం / జెర్మెలో--ఫ్రెంకెల్ సమితి సిద్ధాంతం” is idiomatic and technically standard for “pure set / urelement / axiom of extensionality / naive comprehension scheme / comprehension principle / separation principle / Russell's Paradox / Zermelo--Fraenkel set theory” in Telugu logic/mathematics across Andhra Pradesh and Telangana. If not, what exact replacement should be used while leaving the displayed definition, formulas and source scope unchanged?"
"REV-TE-T048","terminology_or_sense_decision","high","mixed_provisional","pure set / urelement / axiom of extensionality / naive comprehension scheme / comprehension principle / separation principle / Russell's Paradox / Zermelo--Fraenkel set theory","శుద్ధ సమితి / యూర్-ఎలిమెంట్ / విస్తారతా స్వీకృతం / అమాయక ధర్మసంగ్రహ పథకం / ధర్మసంగ్రహ సూత్రం / వేరుచేయు సూత్రం / రసెల్ వైరుధ్యం / జెర్మెలో--ఫ్రెంకెల్ సమితి సిద్ధాంతం","Telugu","Telu","te-Telu-IN","OLP-0172","first-order-logic/models-theories/set-theory","content/first-order-logic/models-theories/set-theory.tex","translation/content/first-order-logic/models-theories/set-theory.tex","content/first-order-logic/models-theories/set-theory.tex:13-29","translation/content/first-order-logic/models-theories/set-theory.tex:13-27","OLP-0172-B006","","pending_coherent_reader_pagination","provisional_pending_optional_specialist_review_no_hold","Please double-check whether “శుద్ధ సమితి / యూర్-ఎలిమెంట్ / విస్తారతా స్వీకృతం / అమాయక ధర్మసంగ్రహ పథకం / ధర్మసంగ్రహ సూత్రం / వేరుచేయు సూత్రం / రసెల్ వైరుధ్యం / జెర్మెలో--ఫ్రెంకెల్ సమితి సిద్ధాంతం” is idiomatic and technically standard for “pure set / urelement / axiom of extensionality / naive comprehension scheme / comprehension principle / separation principle / Russell's Paradox / Zermelo--Fraenkel set theory” in Telugu logic/mathematics across Andhra Pradesh and Telangana. If not, what exact replacement should be used while leaving the displayed definition, formulas and source scope unchanged?"
"REV-TE-T048","terminology_or_sense_decision","high","mixed_provisional","pure set / urelement / axiom of extensionality / naive comprehension scheme / comprehension principle / separation principle / Russell's Paradox / Zermelo--Fraenkel set theory","శుద్ధ సమితి / యూర్-ఎలిమెంట్ / విస్తారతా స్వీకృతం / అమాయక ధర్మసంగ్రహ పథకం / ధర్మసంగ్రహ సూత్రం / వేరుచేయు సూత్రం / రసెల్ వైరుధ్యం / జెర్మెలో--ఫ్రెంకెల్ సమితి సిద్ధాంతం","Telugu","Telu","te-Telu-IN","OLP-0172","first-order-logic/models-theories/set-theory","content/first-order-logic/models-theories/set-theory.tex","translation/content/first-order-logic/models-theories/set-theory.tex","content/first-order-logic/models-theories/set-theory.tex:149-171","translation/content/first-order-logic/models-theories/set-theory.tex:147-169","OLP-0172-B013","","pending_coherent_reader_pagination","provisional_pending_optional_specialist_review_no_hold","Please double-check whether “శుద్ధ సమితి / యూర్-ఎలిమెంట్ / విస్తారతా స్వీకృతం / అమాయక ధర్మసంగ్రహ పథకం / ధర్మసంగ్రహ సూత్రం / వేరుచేయు సూత్రం / రసెల్ వైరుధ్యం / జెర్మెలో--ఫ్రెంకెల్ సమితి సిద్ధాంతం” is idiomatic and technically standard for “pure set / urelement / axiom of extensionality / naive comprehension scheme / comprehension principle / separation principle / Russell's Paradox / Zermelo--Fraenkel set theory” in Telugu logic/mathematics across Andhra Pradesh and Telangana. If not, what exact replacement should be used while leaving the displayed definition, formulas and source scope unchanged?"
"REV-TE-T049","terminology_or_sense_decision","high","mixed_provisional","mereology / parthood / parthood structure / improper part / proper part / mereological sum / fusion","భాగతత్త్వం (మీరియాలజీ) / భాగత్వం / భాగత్వ నిర్మాణం / క్రమేతర భాగం / క్రమ భాగం / భాగతాత్త్విక మొత్తం / సంలీనం","Telugu","Telu","te-Telu-IN","OLP-0170","first-order-logic/models-theories/theories","content/first-order-logic/models-theories/theories.tex","translation/content/first-order-logic/models-theories/theories.tex","content/first-order-logic/models-theories/theories.tex:102-106","translation/content/first-order-logic/models-theories/theories.tex:101-105","OLP-0170-B013","","pending_coherent_reader_pagination","provisional_pending_optional_specialist_review_no_hold","Please double-check whether “భాగతత్త్వం (మీరియాలజీ) / భాగత్వం / భాగత్వ నిర్మాణం / క్రమేతర భాగం / క్రమ భాగం / భాగతాత్త్విక మొత్తం / సంలీనం” is idiomatic and technically standard for “mereology / parthood / parthood structure / improper part / proper part / mereological sum / fusion” in Telugu logic/mathematics across Andhra Pradesh and Telangana. If not, what exact replacement should be used while leaving the displayed definition, formulas and source scope unchanged?"
"REV-TE-T050","terminology_or_sense_decision","high","mixed_provisional","many-sorted logic / sort / type / arity / sort-restricted quantifier","బహు-రక తర్కం / రకం / టైపు / స్థానసంఖ్య (అరిటీ) / రక-పరిమాణకం","Telugu","Telu","te-Telu-IN","OLP-0176","first-order-logic/beyond/many-sorted-logic","content/first-order-logic/beyond/many-sorted-logic.tex","translation/content/first-order-logic/beyond/many-sorted-logic.tex","content/first-order-logic/beyond/many-sorted-logic.tex:19-26","translation/content/first-order-logic/beyond/many-sorted-logic.tex:20-26","OLP-0176-B007","","pending_coherent_reader_pagination","provisional_pending_optional_specialist_review_no_hold","Please double-check whether “బహు-రక తర్కం / రకం / టైపు / స్థానసంఖ్య (అరిటీ) / రక-పరిమాణకం” is idiomatic and technically standard for “many-sorted logic / sort / type / arity / sort-restricted quantifier” in Telugu logic/mathematics across Andhra Pradesh and Telangana. If not, what exact replacement should be used while leaving the displayed definition, formulas and source scope unchanged?"
"REV-TE-T051","terminology_or_sense_decision","high","mixed_provisional","second-order logic / higher-order logic / comprehension schema / predicative / impredicative / full and weak semantics / categorical / finite type / functional / lambda term / application / projection / simple theory of types","ద్వితీయ-స్థాయి తర్కం / ఉన్నత-స్థాయి తర్కం / ధర్మసంగ్రహ పథకం / ప్రెడికేటివ్ / ఇంప్రెడికేటివ్ / పూర్ణ, బలహీన అర్థవిచారం / సమరూపత వరకు ఏకైకమైన (కేటగారికల్) / పరిమిత టైపు / ప్రమేయకం / లాంబ్డా పదం / ప్రయోగం / ప్రక్షేపం / సరళ టైపుల సిద్ధాంతం","Telugu","Telu","te-Telu-IN","OLP-0177","first-order-logic/beyond/second-order-logic","content/first-order-logic/beyond/second-order-logic.tex","translation/content/first-order-logic/beyond/second-order-logic.tex","content/first-order-logic/beyond/second-order-logic.tex:13-28","translation/content/first-order-logic/beyond/second-order-logic.tex:13-27","OLP-0177-B006","","pending_coherent_reader_pagination","provisional_pending_optional_specialist_review_no_hold","Please double-check whether “ద్వితీయ-స్థాయి తర్కం / ఉన్నత-స్థాయి తర్కం / ధర్మసంగ్రహ పథకం / ప్రెడికేటివ్ / ఇంప్రెడికేటివ్ / పూర్ణ, బలహీన అర్థవిచారం / సమరూపత వరకు ఏకైకమైన (కేటగారికల్) / పరిమిత టైపు / ప్రమేయకం / లాంబ్డా పదం / ప్రయోగం / ప్రక్షేపం / సరళ టైపుల సిద్ధాంతం” is idiomatic and technically standard for “second-order logic / higher-order logic / comprehension schema / predicative / impredicative / full and weak semantics / categorical / finite type / functional / lambda term / application / projection / simple theory of types” in Telugu logic/mathematics across Andhra Pradesh and Telangana. If not, what exact replacement should be used while leaving the displayed definition, formulas and source scope unchanged?"
"REV-TE-T051","terminology_or_sense_decision","high","mixed_provisional","second-order logic / higher-order logic / comprehension schema / predicative / impredicative / full and weak semantics / categorical / finite type / functional / lambda term / application / projection / simple theory of types","ద్వితీయ-స్థాయి తర్కం / ఉన్నత-స్థాయి తర్కం / ధర్మసంగ్రహ పథకం / ప్రెడికేటివ్ / ఇంప్రెడికేటివ్ / పూర్ణ, బలహీన అర్థవిచారం / సమరూపత వరకు ఏకైకమైన (కేటగారికల్) / పరిమిత టైపు / ప్రమేయకం / లాంబ్డా పదం / ప్రయోగం / ప్రక్షేపం / సరళ టైపుల సిద్ధాంతం","Telugu","Telu","te-Telu-IN","OLP-0178","first-order-logic/beyond/higher-order-logic","content/first-order-logic/beyond/higher-order-logic.tex","translation/content/first-order-logic/beyond/higher-order-logic.tex","content/first-order-logic/beyond/higher-order-logic.tex:21-38","translation/content/first-order-logic/beyond/higher-order-logic.tex:22-40","OLP-0178-B007","","pending_coherent_reader_pagination","provisional_pending_optional_specialist_review_no_hold","Please double-check whether “ద్వితీయ-స్థాయి తర్కం / ఉన్నత-స్థాయి తర్కం / ధర్మసంగ్రహ పథకం / ప్రెడికేటివ్ / ఇంప్రెడికేటివ్ / పూర్ణ, బలహీన అర్థవిచారం / సమరూపత వరకు ఏకైకమైన (కేటగారికల్) / పరిమిత టైపు / ప్రమేయకం / లాంబ్డా పదం / ప్రయోగం / ప్రక్షేపం / సరళ టైపుల సిద్ధాంతం” is idiomatic and technically standard for “second-order logic / higher-order logic / comprehension schema / predicative / impredicative / full and weak semantics / categorical / finite type / functional / lambda term / application / projection / simple theory of types” in Telugu logic/mathematics across Andhra Pradesh and Telangana. If not, what exact replacement should be used while leaving the displayed definition, formulas and source scope unchanged?"
"REV-TE-T052","terminology_or_sense_decision","high","mixed_provisional","intuitionistic logic / classical logic / constructive reasoning / law of excluded middle / double-negation translation / BHK interpretation / Curry--Howard isomorphism / forcing / monotone assignment / state of knowledge","అంతఃప్రజ్ఞావాద తర్కం / సాంప్రదాయిక తర్కం / నిర్మాణాత్మక హేతుచింతన / బహిష్కృత మధ్యమ సూత్రం / ద్వినిషేధ అనువాదం / BHK అర్థనిర్దేశం / కరీ--హోవర్డ్ సమరూపత / ఫోర్సింగ్ సంబంధం / క్రమ-ఏకదిశ (మోనోటోన్) కేటాయింపు / జ్ఞానస్థితి","Telugu","Telu","te-Telu-IN","OLP-0179","first-order-logic/beyond/intuitionistic-logic","content/first-order-logic/beyond/intuitionistic-logic.tex","translation/content/first-order-logic/beyond/intuitionistic-logic.tex","content/first-order-logic/beyond/intuitionistic-logic.tex:13-17","translation/content/first-order-logic/beyond/intuitionistic-logic.tex:13-17","OLP-0179-B006","","pending_coherent_reader_pagination","provisional_pending_optional_specialist_review_no_hold","Please double-check whether “అంతఃప్రజ్ఞావాద తర్కం / సాంప్రదాయిక తర్కం / నిర్మాణాత్మక హేతుచింతన / బహిష్కృత మధ్యమ సూత్రం / ద్వినిషేధ అనువాదం / BHK అర్థనిర్దేశం / కరీ--హోవర్డ్ సమరూపత / ఫోర్సింగ్ సంబంధం / క్రమ-ఏకదిశ (మోనోటోన్) కేటాయింపు / జ్ఞానస్థితి” is idiomatic and technically standard for “intuitionistic logic / classical logic / constructive reasoning / law of excluded middle / double-negation translation / BHK interpretation / Curry--Howard isomorphism / forcing / monotone assignment / state of knowledge” in Telugu logic/mathematics across Andhra Pradesh and Telangana. If not, what exact replacement should be used while leaving the displayed definition, formulas and source scope unchanged?"
"REV-TE-T052","terminology_or_sense_decision","high","mixed_provisional","intuitionistic logic / classical logic / constructive reasoning / law of excluded middle / double-negation translation / BHK interpretation / Curry--Howard isomorphism / forcing / monotone assignment / state of knowledge","అంతఃప్రజ్ఞావాద తర్కం / సాంప్రదాయిక తర్కం / నిర్మాణాత్మక హేతుచింతన / బహిష్కృత మధ్యమ సూత్రం / ద్వినిషేధ అనువాదం / BHK అర్థనిర్దేశం / కరీ--హోవర్డ్ సమరూపత / ఫోర్సింగ్ సంబంధం / క్రమ-ఏకదిశ (మోనోటోన్) కేటాయింపు / జ్ఞానస్థితి","Telugu","Telu","te-Telu-IN","OLP-0179","first-order-logic/beyond/intuitionistic-logic","content/first-order-logic/beyond/intuitionistic-logic.tex","translation/content/first-order-logic/beyond/intuitionistic-logic.tex","content/first-order-logic/beyond/intuitionistic-logic.tex:97-112","translation/content/first-order-logic/beyond/intuitionistic-logic.tex:91-104","OLP-0179-B016","","pending_coherent_reader_pagination","provisional_pending_optional_specialist_review_no_hold","Please double-check whether “అంతఃప్రజ్ఞావాద తర్కం / సాంప్రదాయిక తర్కం / నిర్మాణాత్మక హేతుచింతన / బహిష్కృత మధ్యమ సూత్రం / ద్వినిషేధ అనువాదం / BHK అర్థనిర్దేశం / కరీ--హోవర్డ్ సమరూపత / ఫోర్సింగ్ సంబంధం / క్రమ-ఏకదిశ (మోనోటోన్) కేటాయింపు / జ్ఞానస్థితి” is idiomatic and technically standard for “intuitionistic logic / classical logic / constructive reasoning / law of excluded middle / double-negation translation / BHK interpretation / Curry--Howard isomorphism / forcing / monotone assignment / state of knowledge” in Telugu logic/mathematics across Andhra Pradesh and Telangana. If not, what exact replacement should be used while leaving the displayed definition, formulas and source scope unchanged?"
"REV-TE-T053","terminology_or_sense_decision","high","mixed_provisional","modal logic / modality / possible world / accessibility relation / extensional / intensional / provability logic / epistemic logic / temporal logic","మోడల్ తర్కం / మోడాలిటీ / సాధ్యమైన లోకం / ప్రాప్యత సంబంధం / విస్తారాత్మక (ఎక్స్టెన్షనల్) / అంతర్భావాత్మక (ఇంటెన్షనల్) / నిరూప్యతా తర్కం / జ్ఞానమీమాంసాత్మక తర్కం / కాలిక తర్కం","Telugu","Telu","te-Telu-IN","OLP-0180","first-order-logic/beyond/modal-logics","content/first-order-logic/beyond/modal-logics.tex","translation/content/first-order-logic/beyond/modal-logics.tex","content/first-order-logic/beyond/modal-logics.tex:31-39","translation/content/first-order-logic/beyond/modal-logics.tex:29-36","OLP-0180-B007","","pending_coherent_reader_pagination","provisional_pending_optional_specialist_review_no_hold","Please double-check whether “మోడల్ తర్కం / మోడాలిటీ / సాధ్యమైన లోకం / ప్రాప్యత సంబంధం / విస్తారాత్మక (ఎక్స్టెన్షనల్) / అంతర్భావాత్మక (ఇంటెన్షనల్) / నిరూప్యతా తర్కం / జ్ఞానమీమాంసాత్మక తర్కం / కాలిక తర్కం” is idiomatic and technically standard for “modal logic / modality / possible world / accessibility relation / extensional / intensional / provability logic / epistemic logic / temporal logic” in Telugu logic/mathematics across Andhra Pradesh and Telangana. If not, what exact replacement should be used while leaving the displayed definition, formulas and source scope unchanged?"
"REV-TE-T053","terminology_or_sense_decision","high","mixed_provisional","modal logic / modality / possible world / accessibility relation / extensional / intensional / provability logic / epistemic logic / temporal logic","మోడల్ తర్కం / మోడాలిటీ / సాధ్యమైన లోకం / ప్రాప్యత సంబంధం / విస్తారాత్మక (ఎక్స్టెన్షనల్) / అంతర్భావాత్మక (ఇంటెన్షనల్) / నిరూప్యతా తర్కం / జ్ఞానమీమాంసాత్మక తర్కం / కాలిక తర్కం","Telugu","Telu","te-Telu-IN","OLP-0180","first-order-logic/beyond/modal-logics","content/first-order-logic/beyond/modal-logics.tex","translation/content/first-order-logic/beyond/modal-logics.tex","content/first-order-logic/beyond/modal-logics.tex:41-48","translation/content/first-order-logic/beyond/modal-logics.tex:38-45","OLP-0180-B008","","pending_coherent_reader_pagination","provisional_pending_optional_specialist_review_no_hold","Please double-check whether “మోడల్ తర్కం / మోడాలిటీ / సాధ్యమైన లోకం / ప్రాప్యత సంబంధం / విస్తారాత్మక (ఎక్స్టెన్షనల్) / అంతర్భావాత్మక (ఇంటెన్షనల్) / నిరూప్యతా తర్కం / జ్ఞానమీమాంసాత్మక తర్కం / కాలిక తర్కం” is idiomatic and technically standard for “modal logic / modality / possible world / accessibility relation / extensional / intensional / provability logic / epistemic logic / temporal logic” in Telugu logic/mathematics across Andhra Pradesh and Telangana. If not, what exact replacement should be used while leaving the displayed definition, formulas and source scope unchanged?"
"REV-TE-T054","terminology_or_sense_decision","high","mixed_provisional","fuzzy logic / probabilistic logic / default logic / defeasible reasoning / nonmonotonic logic / epistemic logic / causal logic / deontic logic","ఫజీ తర్కం / సంభావ్యతా తర్కం / డిఫాల్ట్ తర్కం / రద్దుచేయదగిన హేతుచింతన / ఏకదిశేతర తర్కం / జ్ఞానమీమాంసాత్మక తర్కం / కారణ తర్కం / కర్తవ్యాత్మక (డియాంటిక్) తర్కం","Telugu","Telu","te-Telu-IN","OLP-0181","first-order-logic/beyond/other-logics","content/first-order-logic/beyond/other-logics.tex","translation/content/first-order-logic/beyond/other-logics.tex","content/first-order-logic/beyond/other-logics.tex:22-36","translation/content/first-order-logic/beyond/other-logics.tex:22-35","OLP-0181-B007","","pending_coherent_reader_pagination","provisional_pending_optional_specialist_review_no_hold","Please double-check whether “ఫజీ తర్కం / సంభావ్యతా తర్కం / డిఫాల్ట్ తర్కం / రద్దుచేయదగిన హేతుచింతన / ఏకదిశేతర తర్కం / జ్ఞానమీమాంసాత్మక తర్కం / కారణ తర్కం / కర్తవ్యాత్మక (డియాంటిక్) తర్కం” is idiomatic and technically standard for “fuzzy logic / probabilistic logic / default logic / defeasible reasoning / nonmonotonic logic / epistemic logic / causal logic / deontic logic” in Telugu logic/mathematics across Andhra Pradesh and Telangana. If not, what exact replacement should be used while leaving the displayed definition, formulas and source scope unchanged?"
"REV-TE-T055","terminology_or_sense_decision","high","mixed_provisional","model theory / reduct / expansion / substructure / extension / theory of a structure","నమూనా సిద్ధాంతం / సంకుచిత రూపం / విస్తరణ / ఉపనిర్మాణం / విస్తృత నిర్మాణం / నిర్మాణపు సిద్ధాంతం","Telugu","Telu","te-Telu-IN","OLP-0184","model-theory/basics/reducts-and-expansions","content/model-theory/basics/reducts-and-expansions.tex","translation/content/model-theory/basics/reducts-and-expansions.tex","content/model-theory/basics/reducts-and-expansions.tex:24-39","translation/content/model-theory/basics/reducts-and-expansions.tex:24-41","OLP-0184-B006","","pending_coherent_reader_pagination","provisional_pending_optional_specialist_review_no_hold","Please double-check whether “నమూనా సిద్ధాంతం / సంకుచిత రూపం / విస్తరణ / ఉపనిర్మాణం / విస్తృత నిర్మాణం / నిర్మాణపు సిద్ధాంతం” is idiomatic and technically standard for “model theory / reduct / expansion / substructure / extension / theory of a structure” in Telugu logic/mathematics across Andhra Pradesh and Telangana. If not, what exact replacement should be used while leaving the displayed definition, formulas and source scope unchanged?"
"REV-TE-T055","terminology_or_sense_decision","high","mixed_provisional","model theory / reduct / expansion / substructure / extension / theory of a structure","నమూనా సిద్ధాంతం / సంకుచిత రూపం / విస్తరణ / ఉపనిర్మాణం / విస్తృత నిర్మాణం / నిర్మాణపు సిద్ధాంతం","Telugu","Telu","te-Telu-IN","OLP-0185","model-theory/basics/substructures","content/model-theory/basics/substructures.tex","translation/content/model-theory/basics/substructures.tex","content/model-theory/basics/substructures.tex:19-37","translation/content/model-theory/basics/substructures.tex:20-40","OLP-0185-B006","","pending_coherent_reader_pagination","provisional_pending_optional_specialist_review_no_hold","Please double-check whether “నమూనా సిద్ధాంతం / సంకుచిత రూపం / విస్తరణ / ఉపనిర్మాణం / విస్తృత నిర్మాణం / నిర్మాణపు సిద్ధాంతం” is idiomatic and technically standard for “model theory / reduct / expansion / substructure / extension / theory of a structure” in Telugu logic/mathematics across Andhra Pradesh and Telangana. If not, what exact replacement should be used while leaving the displayed definition, formulas and source scope unchanged?"
"REV-TE-T056","terminology_or_sense_decision","standard","moderate","elementary equivalence / isomorphism / automorphism / partial isomorphism / back-and-forth property","మొదటిస్థాయి-వాక్య తుల్యత / సమరూపత / స్వసమరూపత / పాక్షిక సమరూపత / ముందుకు-వెనుకకు ధర్మం","Telugu","Telu","te-Telu-IN","OLP-0187","model-theory/basics/isomorphism","content/model-theory/basics/isomorphism.tex","translation/content/model-theory/basics/isomorphism.tex","content/model-theory/basics/isomorphism.tex:12-24","translation/content/model-theory/basics/isomorphism.tex:12-24","OLP-0187-B005","","pending_coherent_reader_pagination","provisional_pending_optional_specialist_review_no_hold","Please double-check whether “మొదటిస్థాయి-వాక్య తుల్యత / సమరూపత / స్వసమరూపత / పాక్షిక సమరూపత / ముందుకు-వెనుకకు ధర్మం” is idiomatic and technically standard for “elementary equivalence / isomorphism / automorphism / partial isomorphism / back-and-forth property” in Telugu logic/mathematics across Andhra Pradesh and Telangana. If not, what exact replacement should be used while leaving the displayed definition, formulas and source scope unchanged?"
"REV-TE-T056","terminology_or_sense_decision","standard","moderate","elementary equivalence / isomorphism / automorphism / partial isomorphism / back-and-forth property","మొదటిస్థాయి-వాక్య తుల్యత / సమరూపత / స్వసమరూపత / పాక్షిక సమరూపత / ముందుకు-వెనుకకు ధర్మం","Telugu","Telu","te-Telu-IN","OLP-0189","model-theory/basics/partial-iso","content/model-theory/basics/partial-iso.tex","translation/content/model-theory/basics/partial-iso.tex","content/model-theory/basics/partial-iso.tex:12-31","translation/content/model-theory/basics/partial-iso.tex:12-34","OLP-0189-B005","","pending_coherent_reader_pagination","provisional_pending_optional_specialist_review_no_hold","Please double-check whether “మొదటిస్థాయి-వాక్య తుల్యత / సమరూపత / స్వసమరూపత / పాక్షిక సమరూపత / ముందుకు-వెనుకకు ధర్మం” is idiomatic and technically standard for “elementary equivalence / isomorphism / automorphism / partial isomorphism / back-and-forth property” in Telugu logic/mathematics across Andhra Pradesh and Telangana. If not, what exact replacement should be used while leaving the displayed definition, formulas and source scope unchanged?"
"REV-TE-T057","terminology_or_sense_decision","high","mixed_provisional","overspill / quantifier rank / n-equivalence / concatenation / dense linear order without endpoints","అధిప్రసరణ (ఓవర్‌స్పిల్) / పరిమాణక ర్యాంకు / n-తుల్యత / అనుసంధానం / అంత్యబిందువులు లేని సాంద్ర రేఖీయ క్రమం","Telugu","Telu","te-Telu-IN","OLP-0186","model-theory/basics/overspill","content/model-theory/basics/overspill.tex","translation/content/model-theory/basics/overspill.tex","content/model-theory/basics/overspill.tex:9-10","translation/content/model-theory/basics/overspill.tex:9-10","OLP-0186-B004","","pending_coherent_reader_pagination","provisional_pending_optional_specialist_review_no_hold","Please double-check whether “అధిప్రసరణ (ఓవర్‌స్పిల్) / పరిమాణక ర్యాంకు / n-తుల్యత / అనుసంధానం / అంత్యబిందువులు లేని సాంద్ర రేఖీయ క్రమం” is idiomatic and technically standard for “overspill / quantifier rank / n-equivalence / concatenation / dense linear order without endpoints” in Telugu logic/mathematics across Andhra Pradesh and Telangana. If not, what exact replacement should be used while leaving the displayed definition, formulas and source scope unchanged?"
"REV-TE-T057","terminology_or_sense_decision","high","mixed_provisional","overspill / quantifier rank / n-equivalence / concatenation / dense linear order without endpoints","అధిప్రసరణ (ఓవర్‌స్పిల్) / పరిమాణక ర్యాంకు / n-తుల్యత / అనుసంధానం / అంత్యబిందువులు లేని సాంద్ర రేఖీయ క్రమం","Telugu","Telu","te-Telu-IN","OLP-0189","model-theory/basics/partial-iso","content/model-theory/basics/partial-iso.tex","translation/content/model-theory/basics/partial-iso.tex","content/model-theory/basics/partial-iso.tex:113-120","translation/content/model-theory/basics/partial-iso.tex:120-129","OLP-0189-B015","","pending_coherent_reader_pagination","provisional_pending_optional_specialist_review_no_hold","Please double-check whether “అధిప్రసరణ (ఓవర్‌స్పిల్) / పరిమాణక ర్యాంకు / n-తుల్యత / అనుసంధానం / అంత్యబిందువులు లేని సాంద్ర రేఖీయ క్రమం” is idiomatic and technically standard for “overspill / quantifier rank / n-equivalence / concatenation / dense linear order without endpoints” in Telugu logic/mathematics across Andhra Pradesh and Telangana. If not, what exact replacement should be used while leaving the displayed definition, formulas and source scope unchanged?"
"REV-TE-T057","terminology_or_sense_decision","high","mixed_provisional","overspill / quantifier rank / n-equivalence / concatenation / dense linear order without endpoints","అధిప్రసరణ (ఓవర్‌స్పిల్) / పరిమాణక ర్యాంకు / n-తుల్యత / అనుసంధానం / అంత్యబిందువులు లేని సాంద్ర రేఖీయ క్రమం","Telugu","Telu","te-Telu-IN","OLP-0190","model-theory/basics/dlo","content/model-theory/basics/dlo.tex","translation/content/model-theory/basics/dlo.tex","content/model-theory/basics/dlo.tex:12-26","translation/content/model-theory/basics/dlo.tex:12-27","OLP-0190-B005","","pending_coherent_reader_pagination","provisional_pending_optional_specialist_review_no_hold","Please double-check whether “అధిప్రసరణ (ఓవర్‌స్పిల్) / పరిమాణక ర్యాంకు / n-తుల్యత / అనుసంధానం / అంత్యబిందువులు లేని సాంద్ర రేఖీయ క్రమం” is idiomatic and technically standard for “overspill / quantifier rank / n-equivalence / concatenation / dense linear order without endpoints” in Telugu logic/mathematics across Andhra Pradesh and Telangana. If not, what exact replacement should be used while leaving the displayed definition, formulas and source scope unchanged?"
"REV-TE-T058","terminology_or_sense_decision","standard","moderate","standard model / non-standard model / standard number / non-standard number / standard numeral / true arithmetic / Peano arithmetic","ప్రామాణిక నమూనా / అప్రామాణిక నమూనా / ప్రామాణిక సంఖ్య / అప్రామాణిక సంఖ్య / ప్రామాణిక సంఖ్యాపదం / నిజ అంకగణితం / పియానో అంకగణితం","Telugu","Telu","te-Telu-IN","OLP-0192","model-theory/models-of-arithmetic/introduction","content/model-theory/models-of-arithmetic/introduction.tex","translation/content/model-theory/models-of-arithmetic/introduction.tex","content/model-theory/models-of-arithmetic/introduction.tex:12-39","translation/content/model-theory/models-of-arithmetic/introduction.tex:12-51","OLP-0192-B005","","pending_coherent_reader_pagination","provisional_pending_optional_specialist_review_no_hold","Please double-check whether “ప్రామాణిక నమూనా / అప్రామాణిక నమూనా / ప్రామాణిక సంఖ్య / అప్రామాణిక సంఖ్య / ప్రామాణిక సంఖ్యాపదం / నిజ అంకగణితం / పియానో అంకగణితం” is idiomatic and technically standard for “standard model / non-standard model / standard number / non-standard number / standard numeral / true arithmetic / Peano arithmetic” in Telugu logic/mathematics across Andhra Pradesh and Telangana. If not, what exact replacement should be used while leaving the displayed definition, formulas and source scope unchanged?"
"REV-TE-T058","terminology_or_sense_decision","standard","moderate","standard model / non-standard model / standard number / non-standard number / standard numeral / true arithmetic / Peano arithmetic","ప్రామాణిక నమూనా / అప్రామాణిక నమూనా / ప్రామాణిక సంఖ్య / అప్రామాణిక సంఖ్య / ప్రామాణిక సంఖ్యాపదం / నిజ అంకగణితం / పియానో అంకగణితం","Telugu","Telu","te-Telu-IN","OLP-0194","model-theory/models-of-arithmetic/non-standard-models","content/model-theory/models-of-arithmetic/non-standard-models.tex","translation/content/model-theory/models-of-arithmetic/non-standard-models.tex","content/model-theory/models-of-arithmetic/non-standard-models.tex:18-24","translation/content/model-theory/models-of-arithmetic/non-standard-models.tex:19-26","OLP-0194-B006","","pending_coherent_reader_pagination","provisional_pending_optional_specialist_review_no_hold","Please double-check whether “ప్రామాణిక నమూనా / అప్రామాణిక నమూనా / ప్రామాణిక సంఖ్య / అప్రామాణిక సంఖ్య / ప్రామాణిక సంఖ్యాపదం / నిజ అంకగణితం / పియానో అంకగణితం” is idiomatic and technically standard for “standard model / non-standard model / standard number / non-standard number / standard numeral / true arithmetic / Peano arithmetic” in Telugu logic/mathematics across Andhra Pradesh and Telangana. If not, what exact replacement should be used while leaving the displayed definition, formulas and source scope unchanged?"
"REV-TE-T059","terminology_or_sense_decision","high","mixed_provisional","successor / predecessor / arithmetic block / discrete order / order of non-standard blocks","ఉత్తరాధికారి / పూర్వాధికారి / అంకగణిత ఖండం / వివిక్త క్రమం / అప్రామాణిక ఖండాల క్రమం","Telugu","Telu","te-Telu-IN","OLP-0196","model-theory/models-of-arithmetic/models-of-pa","content/model-theory/models-of-arithmetic/models-of-pa.tex","translation/content/model-theory/models-of-arithmetic/models-of-pa.tex","content/model-theory/models-of-arithmetic/models-of-pa.tex:60-67","translation/content/model-theory/models-of-arithmetic/models-of-pa.tex:64-77","OLP-0196-B010","","pending_coherent_reader_pagination","provisional_pending_optional_specialist_review_no_hold","Please double-check whether “ఉత్తరాధికారి / పూర్వాధికారి / అంకగణిత ఖండం / వివిక్త క్రమం / అప్రామాణిక ఖండాల క్రమం” is idiomatic and technically standard for “successor / predecessor / arithmetic block / discrete order / order of non-standard blocks” in Telugu logic/mathematics across Andhra Pradesh and Telangana. If not, what exact replacement should be used while leaving the displayed definition, formulas and source scope unchanged?"
"REV-TE-T059","terminology_or_sense_decision","high","mixed_provisional","successor / predecessor / arithmetic block / discrete order / order of non-standard blocks","ఉత్తరాధికారి / పూర్వాధికారి / అంకగణిత ఖండం / వివిక్త క్రమం / అప్రామాణిక ఖండాల క్రమం","Telugu","Telu","te-Telu-IN","OLP-0196","model-theory/models-of-arithmetic/models-of-pa","content/model-theory/models-of-arithmetic/models-of-pa.tex","translation/content/model-theory/models-of-arithmetic/models-of-pa.tex","content/model-theory/models-of-arithmetic/models-of-pa.tex:97-108","translation/content/model-theory/models-of-arithmetic/models-of-pa.tex:111-123","OLP-0196-B015","","pending_coherent_reader_pagination","provisional_pending_optional_specialist_review_no_hold","Please double-check whether “ఉత్తరాధికారి / పూర్వాధికారి / అంకగణిత ఖండం / వివిక్త క్రమం / అప్రామాణిక ఖండాల క్రమం” is idiomatic and technically standard for “successor / predecessor / arithmetic block / discrete order / order of non-standard blocks” in Telugu logic/mathematics across Andhra Pradesh and Telangana. If not, what exact replacement should be used while leaving the displayed definition, formulas and source scope unchanged?"
"REV-TE-T060","terminology_or_sense_decision","standard","moderate","computable structure / computable model / computable function / decidable relation / Tennenbaum's Theorem","గణనీయ నిర్మాణం / గణనీయ నమూనా / గణనీయ ప్రమేయం / నిర్ణయించదగిన సంబంధం / టెన్నెన్‌బామ్ సిద్ధాంతం","Telugu","Telu","te-Telu-IN","OLP-0197","model-theory/models-of-arithmetic/computable-models","content/model-theory/models-of-arithmetic/computable-models.tex","translation/content/model-theory/models-of-arithmetic/computable-models.tex","content/model-theory/models-of-arithmetic/computable-models.tex:35-40","translation/content/model-theory/models-of-arithmetic/computable-models.tex:38-44","OLP-0197-B007","","pending_coherent_reader_pagination","provisional_pending_optional_specialist_review_no_hold","Please double-check whether “గణనీయ నిర్మాణం / గణనీయ నమూనా / గణనీయ ప్రమేయం / నిర్ణయించదగిన సంబంధం / టెన్నెన్‌బామ్ సిద్ధాంతం” is idiomatic and technically standard for “computable structure / computable model / computable function / decidable relation / Tennenbaum's Theorem” in Telugu logic/mathematics across Andhra Pradesh and Telangana. If not, what exact replacement should be used while leaving the displayed definition, formulas and source scope unchanged?"
"REV-TE-T060","terminology_or_sense_decision","standard","moderate","computable structure / computable model / computable function / decidable relation / Tennenbaum's Theorem","గణనీయ నిర్మాణం / గణనీయ నమూనా / గణనీయ ప్రమేయం / నిర్ణయించదగిన సంబంధం / టెన్నెన్‌బామ్ సిద్ధాంతం","Telugu","Telu","te-Telu-IN","OLP-0197","model-theory/models-of-arithmetic/computable-models","content/model-theory/models-of-arithmetic/computable-models.tex","translation/content/model-theory/models-of-arithmetic/computable-models.tex","content/model-theory/models-of-arithmetic/computable-models.tex:119-121","translation/content/model-theory/models-of-arithmetic/computable-models.tex:135-144","OLP-0197-B013","","pending_coherent_reader_pagination","provisional_pending_optional_specialist_review_no_hold","Please double-check whether “గణనీయ నిర్మాణం / గణనీయ నమూనా / గణనీయ ప్రమేయం / నిర్ణయించదగిన సంబంధం / టెన్నెన్‌బామ్ సిద్ధాంతం” is idiomatic and technically standard for “computable structure / computable model / computable function / decidable relation / Tennenbaum's Theorem” in Telugu logic/mathematics across Andhra Pradesh and Telangana. If not, what exact replacement should be used while leaving the displayed definition, formulas and source scope unchanged?"
"REV-TE-T061","terminology_or_sense_decision","high","mixed_provisional","interpolation theorem / interpolant / separation / inseparable / maximally inseparable pair / joint consistency theorem","అంతర్వేశ సిద్ధాంతం / అంతర్వేశకం (ఇంటర్‌పోలంట్) / వేరుపరచడం / వేరుపరచలేని / గరిష్ఠంగా వేరుపరచలేని జత / ఉమ్మడి అవైరుధ్య సిద్ధాంతం","Telugu","Telu","te-Telu-IN","OLP-0199","model-theory/interpolation/introduction","content/model-theory/interpolation/introduction.tex","translation/content/model-theory/interpolation/introduction.tex","content/model-theory/interpolation/introduction.tex:13-18","translation/content/model-theory/interpolation/introduction.tex:13-20","OLP-0199-B006","","pending_coherent_reader_pagination","provisional_pending_optional_specialist_review_no_hold","Please double-check whether “అంతర్వేశ సిద్ధాంతం / అంతర్వేశకం (ఇంటర్‌పోలంట్) / వేరుపరచడం / వేరుపరచలేని / గరిష్ఠంగా వేరుపరచలేని జత / ఉమ్మడి అవైరుధ్య సిద్ధాంతం” is idiomatic and technically standard for “interpolation theorem / interpolant / separation / inseparable / maximally inseparable pair / joint consistency theorem” in Telugu logic/mathematics across Andhra Pradesh and Telangana. If not, what exact replacement should be used while leaving the displayed definition, formulas and source scope unchanged?"
"REV-TE-T061","terminology_or_sense_decision","high","mixed_provisional","interpolation theorem / interpolant / separation / inseparable / maximally inseparable pair / joint consistency theorem","అంతర్వేశ సిద్ధాంతం / అంతర్వేశకం (ఇంటర్‌పోలంట్) / వేరుపరచడం / వేరుపరచలేని / గరిష్ఠంగా వేరుపరచలేని జత / ఉమ్మడి అవైరుధ్య సిద్ధాంతం","Telugu","Telu","te-Telu-IN","OLP-0199","model-theory/interpolation/introduction","content/model-theory/interpolation/introduction.tex","translation/content/model-theory/interpolation/introduction.tex","content/model-theory/interpolation/introduction.tex:20-25","translation/content/model-theory/interpolation/introduction.tex:22-27","OLP-0199-B007","","pending_coherent_reader_pagination","provisional_pending_optional_specialist_review_no_hold","Please double-check whether “అంతర్వేశ సిద్ధాంతం / అంతర్వేశకం (ఇంటర్‌పోలంట్) / వేరుపరచడం / వేరుపరచలేని / గరిష్ఠంగా వేరుపరచలేని జత / ఉమ్మడి అవైరుధ్య సిద్ధాంతం” is idiomatic and technically standard for “interpolation theorem / interpolant / separation / inseparable / maximally inseparable pair / joint consistency theorem” in Telugu logic/mathematics across Andhra Pradesh and Telangana. If not, what exact replacement should be used while leaving the displayed definition, formulas and source scope unchanged?"
"REV-TE-T061","terminology_or_sense_decision","high","mixed_provisional","interpolation theorem / interpolant / separation / inseparable / maximally inseparable pair / joint consistency theorem","అంతర్వేశ సిద్ధాంతం / అంతర్వేశకం (ఇంటర్‌పోలంట్) / వేరుపరచడం / వేరుపరచలేని / గరిష్ఠంగా వేరుపరచలేని జత / ఉమ్మడి అవైరుధ్య సిద్ధాంతం","Telugu","Telu","te-Telu-IN","OLP-0200","model-theory/interpolation/separation","content/model-theory/interpolation/separation.tex","translation/content/model-theory/interpolation/separation.tex","content/model-theory/interpolation/separation.tex:23-28","translation/content/model-theory/interpolation/separation.tex:25-30","OLP-0200-B007","","pending_coherent_reader_pagination","provisional_pending_optional_specialist_review_no_hold","Please double-check whether “అంతర్వేశ సిద్ధాంతం / అంతర్వేశకం (ఇంటర్‌పోలంట్) / వేరుపరచడం / వేరుపరచలేని / గరిష్ఠంగా వేరుపరచలేని జత / ఉమ్మడి అవైరుధ్య సిద్ధాంతం” is idiomatic and technically standard for “interpolation theorem / interpolant / separation / inseparable / maximally inseparable pair / joint consistency theorem” in Telugu logic/mathematics across Andhra Pradesh and Telangana. If not, what exact replacement should be used while leaving the displayed definition, formulas and source scope unchanged?"
"REV-TE-T061","terminology_or_sense_decision","high","mixed_provisional","interpolation theorem / interpolant / separation / inseparable / maximally inseparable pair / joint consistency theorem","అంతర్వేశ సిద్ధాంతం / అంతర్వేశకం (ఇంటర్‌పోలంట్) / వేరుపరచడం / వేరుపరచలేని / గరిష్ఠంగా వేరుపరచలేని జత / ఉమ్మడి అవైరుధ్య సిద్ధాంతం","Telugu","Telu","te-Telu-IN","OLP-0201","model-theory/interpolation/interpolation-proof","content/model-theory/interpolation/interpolation-proof.tex","translation/content/model-theory/interpolation/interpolation-proof.tex","content/model-theory/interpolation/interpolation-proof.tex:39-98","translation/content/model-theory/interpolation/interpolation-proof.tex:42-122","OLP-0201-B010","","pending_coherent_reader_pagination","provisional_pending_optional_specialist_review_no_hold","Please double-check whether “అంతర్వేశ సిద్ధాంతం / అంతర్వేశకం (ఇంటర్‌పోలంట్) / వేరుపరచడం / వేరుపరచలేని / గరిష్ఠంగా వేరుపరచలేని జత / ఉమ్మడి అవైరుధ్య సిద్ధాంతం” is idiomatic and technically standard for “interpolation theorem / interpolant / separation / inseparable / maximally inseparable pair / joint consistency theorem” in Telugu logic/mathematics across Andhra Pradesh and Telangana. If not, what exact replacement should be used while leaving the displayed definition, formulas and source scope unchanged?"
"REV-TE-T062","terminology_or_sense_decision","standard","moderate","definability / explicitly defines / implicitly defines / Beth definability theorem","నిర్వచనీయత / స్పష్టంగా నిర్వచిస్తుంది / అవ్యక్తంగా నిర్వచిస్తుంది / బెత్ నిర్వచనీయతా సిద్ధాంతం","Telugu","Telu","te-Telu-IN","OLP-0202","model-theory/interpolation/definability","content/model-theory/interpolation/definability.tex","translation/content/model-theory/interpolation/definability.tex","content/model-theory/interpolation/definability.tex:13-32","translation/content/model-theory/interpolation/definability.tex:13-34","OLP-0202-B006","","pending_coherent_reader_pagination","provisional_pending_optional_specialist_review_no_hold","Please double-check whether “నిర్వచనీయత / స్పష్టంగా నిర్వచిస్తుంది / అవ్యక్తంగా నిర్వచిస్తుంది / బెత్ నిర్వచనీయతా సిద్ధాంతం” is idiomatic and technically standard for “definability / explicitly defines / implicitly defines / Beth definability theorem” in Telugu logic/mathematics across Andhra Pradesh and Telangana. If not, what exact replacement should be used while leaving the displayed definition, formulas and source scope unchanged?"
"REV-TE-T062","terminology_or_sense_decision","standard","moderate","definability / explicitly defines / implicitly defines / Beth definability theorem","నిర్వచనీయత / స్పష్టంగా నిర్వచిస్తుంది / అవ్యక్తంగా నిర్వచిస్తుంది / బెత్ నిర్వచనీయతా సిద్ధాంతం","Telugu","Telu","te-Telu-IN","OLP-0202","model-theory/interpolation/definability","content/model-theory/interpolation/definability.tex","translation/content/model-theory/interpolation/definability.tex","content/model-theory/interpolation/definability.tex:34-44","translation/content/model-theory/interpolation/definability.tex:36-48","OLP-0202-B007","","pending_coherent_reader_pagination","provisional_pending_optional_specialist_review_no_hold","Please double-check whether “నిర్వచనీయత / స్పష్టంగా నిర్వచిస్తుంది / అవ్యక్తంగా నిర్వచిస్తుంది / బెత్ నిర్వచనీయతా సిద్ధాంతం” is idiomatic and technically standard for “definability / explicitly defines / implicitly defines / Beth definability theorem” in Telugu logic/mathematics across Andhra Pradesh and Telangana. If not, what exact replacement should be used while leaving the displayed definition, formulas and source scope unchanged?"
"REV-TE-T062","terminology_or_sense_decision","standard","moderate","definability / explicitly defines / implicitly defines / Beth definability theorem","నిర్వచనీయత / స్పష్టంగా నిర్వచిస్తుంది / అవ్యక్తంగా నిర్వచిస్తుంది / బెత్ నిర్వచనీయతా సిద్ధాంతం","Telugu","Telu","te-Telu-IN","OLP-0202","model-theory/interpolation/definability","content/model-theory/interpolation/definability.tex","translation/content/model-theory/interpolation/definability.tex","content/model-theory/interpolation/definability.tex:46-57","translation/content/model-theory/interpolation/definability.tex:50-62","OLP-0202-B008","","pending_coherent_reader_pagination","provisional_pending_optional_specialist_review_no_hold","Please double-check whether “నిర్వచనీయత / స్పష్టంగా నిర్వచిస్తుంది / అవ్యక్తంగా నిర్వచిస్తుంది / బెత్ నిర్వచనీయతా సిద్ధాంతం” is idiomatic and technically standard for “definability / explicitly defines / implicitly defines / Beth definability theorem” in Telugu logic/mathematics across Andhra Pradesh and Telangana. If not, what exact replacement should be used while leaving the displayed definition, formulas and source scope unchanged?"
"REV-TE-T063","terminology_or_sense_decision","high","mixed_provisional","abstract logic / normal logic / L-monotonicity / Expansion Property / Isomorphism Property / Renaming Property / Boolean Property / Quantifier Property / Relativization Property / Lindström characterization","నైరూప్య తర్కం / సాధారణ నైరూప్య తర్కం / L-ఏకదిశత / విస్తరణ ధర్మం / సమరూపతా ధర్మం / పునర్నామకరణ ధర్మం / బూలియన్ ధర్మం / పరిమాణక ధర్మం / సాపేక్షీకరణ ధర్మం / లిండ్‌స్ట్రోమ్ లక్షణీకరణ","Telugu","Telu","te-Telu-IN","OLP-0205","model-theory/lindstrom/abstract-logics","content/model-theory/lindstrom/abstract-logics.tex","translation/content/model-theory/lindstrom/abstract-logics.tex","content/model-theory/lindstrom/abstract-logics.tex:12-22","translation/content/model-theory/lindstrom/abstract-logics.tex:12-31","OLP-0205-B005","","pending_coherent_reader_pagination","provisional_pending_optional_specialist_review_no_hold","Please double-check whether “నైరూప్య తర్కం / సాధారణ నైరూప్య తర్కం / L-ఏకదిశత / విస్తరణ ధర్మం / సమరూపతా ధర్మం / పునర్నామకరణ ధర్మం / బూలియన్ ధర్మం / పరిమాణక ధర్మం / సాపేక్షీకరణ ధర్మం / లిండ్‌స్ట్రోమ్ లక్షణీకరణ” is idiomatic and technically standard for “abstract logic / normal logic / L-monotonicity / Expansion Property / Isomorphism Property / Renaming Property / Boolean Property / Quantifier Property / Relativization Property / Lindström characterization” in Telugu logic/mathematics across Andhra Pradesh and Telangana. If not, what exact replacement should be used while leaving the displayed definition, formulas and source scope unchanged?"
"REV-TE-T063","terminology_or_sense_decision","high","mixed_provisional","abstract logic / normal logic / L-monotonicity / Expansion Property / Isomorphism Property / Renaming Property / Boolean Property / Quantifier Property / Relativization Property / Lindström characterization","నైరూప్య తర్కం / సాధారణ నైరూప్య తర్కం / L-ఏకదిశత / విస్తరణ ధర్మం / సమరూపతా ధర్మం / పునర్నామకరణ ధర్మం / బూలియన్ ధర్మం / పరిమాణక ధర్మం / సాపేక్షీకరణ ధర్మం / లిండ్‌స్ట్రోమ్ లక్షణీకరణ","Telugu","Telu","te-Telu-IN","OLP-0205","model-theory/lindstrom/abstract-logics","content/model-theory/lindstrom/abstract-logics.tex","translation/content/model-theory/lindstrom/abstract-logics.tex","content/model-theory/lindstrom/abstract-logics.tex:48-106","translation/content/model-theory/lindstrom/abstract-logics.tex:61-162","OLP-0205-B008","","pending_coherent_reader_pagination","provisional_pending_optional_specialist_review_no_hold","Please double-check whether “నైరూప్య తర్కం / సాధారణ నైరూప్య తర్కం / L-ఏకదిశత / విస్తరణ ధర్మం / సమరూపతా ధర్మం / పునర్నామకరణ ధర్మం / బూలియన్ ధర్మం / పరిమాణక ధర్మం / సాపేక్షీకరణ ధర్మం / లిండ్‌స్ట్రోమ్ లక్షణీకరణ” is idiomatic and technically standard for “abstract logic / normal logic / L-monotonicity / Expansion Property / Isomorphism Property / Renaming Property / Boolean Property / Quantifier Property / Relativization Property / Lindström characterization” in Telugu logic/mathematics across Andhra Pradesh and Telangana. If not, what exact replacement should be used while leaving the displayed definition, formulas and source scope unchanged?"
"REV-TE-T064","terminology_or_sense_decision","high","mixed_provisional","primitive recursion / primitive recursive function / composition / projection function / arity / characteristic function / zero function / successor function / primitive-recursion notation","ఆదిమ పునరావృత్తి / ఆదిమ పునరావృత్త ప్రమేయం / సంయుక్తం / ప్రక్షేప ప్రమేయం / స్థానసంఖ్య (అరిటీ) / లక్షణ ప్రమేయం / శూన్య ప్రమేయం / ఉత్తరగామి ప్రమేయం / ఆదిమ పునరావృత్తి సంకేతనం","Telugu","Telu","te-Telu-IN","OLP-0211","computability/recursive-functions/primitive-recursion","content/computability/recursive-functions/primitive-recursion.tex","translation/content/computability/recursive-functions/primitive-recursion.tex","content/computability/recursive-functions/primitive-recursion.tex:9-10","translation/content/computability/recursive-functions/primitive-recursion.tex:9-10","OLP-0211-B004","","pending_coherent_reader_pagination","provisional_pending_optional_specialist_review_no_hold","Please double-check whether “ఆదిమ పునరావృత్తి / ఆదిమ పునరావృత్త ప్రమేయం / సంయుక్తం / ప్రక్షేప ప్రమేయం / స్థానసంఖ్య (అరిటీ) / లక్షణ ప్రమేయం / శూన్య ప్రమేయం / ఉత్తరగామి ప్రమేయం / ఆదిమ పునరావృత్తి సంకేతనం” is idiomatic and technically standard for “primitive recursion / primitive recursive function / composition / projection function / arity / characteristic function / zero function / successor function / primitive-recursion notation” in Telugu logic/mathematics across Andhra Pradesh and Telangana. If not, what exact replacement should be used while leaving the displayed definition, formulas and source scope unchanged?"
"REV-TE-T064","terminology_or_sense_decision","high","mixed_provisional","primitive recursion / primitive recursive function / composition / projection function / arity / characteristic function / zero function / successor function / primitive-recursion notation","ఆదిమ పునరావృత్తి / ఆదిమ పునరావృత్త ప్రమేయం / సంయుక్తం / ప్రక్షేప ప్రమేయం / స్థానసంఖ్య (అరిటీ) / లక్షణ ప్రమేయం / శూన్య ప్రమేయం / ఉత్తరగామి ప్రమేయం / ఆదిమ పునరావృత్తి సంకేతనం","Telugu","Telu","te-Telu-IN","OLP-0212","computability/recursive-functions/composition","content/computability/recursive-functions/composition.tex","translation/content/computability/recursive-functions/composition.tex","content/computability/recursive-functions/composition.tex:9-10","translation/content/computability/recursive-functions/composition.tex:9-10","OLP-0212-B004","","pending_coherent_reader_pagination","provisional_pending_optional_specialist_review_no_hold","Please double-check whether “ఆదిమ పునరావృత్తి / ఆదిమ పునరావృత్త ప్రమేయం / సంయుక్తం / ప్రక్షేప ప్రమేయం / స్థానసంఖ్య (అరిటీ) / లక్షణ ప్రమేయం / శూన్య ప్రమేయం / ఉత్తరగామి ప్రమేయం / ఆదిమ పునరావృత్తి సంకేతనం” is idiomatic and technically standard for “primitive recursion / primitive recursive function / composition / projection function / arity / characteristic function / zero function / successor function / primitive-recursion notation” in Telugu logic/mathematics across Andhra Pradesh and Telangana. If not, what exact replacement should be used while leaving the displayed definition, formulas and source scope unchanged?"
"REV-TE-T064","terminology_or_sense_decision","high","mixed_provisional","primitive recursion / primitive recursive function / composition / projection function / arity / characteristic function / zero function / successor function / primitive-recursion notation","ఆదిమ పునరావృత్తి / ఆదిమ పునరావృత్త ప్రమేయం / సంయుక్తం / ప్రక్షేప ప్రమేయం / స్థానసంఖ్య (అరిటీ) / లక్షణ ప్రమేయం / శూన్య ప్రమేయం / ఉత్తరగామి ప్రమేయం / ఆదిమ పునరావృత్తి సంకేతనం","Telugu","Telu","te-Telu-IN","OLP-0212","computability/recursive-functions/composition","content/computability/recursive-functions/composition.tex","translation/content/computability/recursive-functions/composition.tex","content/computability/recursive-functions/composition.tex:67-88","translation/content/computability/recursive-functions/composition.tex:70-90","OLP-0212-B010","","pending_coherent_reader_pagination","provisional_pending_optional_specialist_review_no_hold","Please double-check whether “ఆదిమ పునరావృత్తి / ఆదిమ పునరావృత్త ప్రమేయం / సంయుక్తం / ప్రక్షేప ప్రమేయం / స్థానసంఖ్య (అరిటీ) / లక్షణ ప్రమేయం / శూన్య ప్రమేయం / ఉత్తరగామి ప్రమేయం / ఆదిమ పునరావృత్తి సంకేతనం” is idiomatic and technically standard for “primitive recursion / primitive recursive function / composition / projection function / arity / characteristic function / zero function / successor function / primitive-recursion notation” in Telugu logic/mathematics across Andhra Pradesh and Telangana. If not, what exact replacement should be used while leaving the displayed definition, formulas and source scope unchanged?"
"REV-TE-T064","terminology_or_sense_decision","high","mixed_provisional","primitive recursion / primitive recursive function / composition / projection function / arity / characteristic function / zero function / successor function / primitive-recursion notation","ఆదిమ పునరావృత్తి / ఆదిమ పునరావృత్త ప్రమేయం / సంయుక్తం / ప్రక్షేప ప్రమేయం / స్థానసంఖ్య (అరిటీ) / లక్షణ ప్రమేయం / శూన్య ప్రమేయం / ఉత్తరగామి ప్రమేయం / ఆదిమ పునరావృత్తి సంకేతనం","Telugu","Telu","te-Telu-IN","OLP-0213","computability/recursive-functions/pr-functions","content/computability/recursive-functions/pr-functions.tex","translation/content/computability/recursive-functions/pr-functions.tex","content/computability/recursive-functions/pr-functions.tex:44-61","translation/content/computability/recursive-functions/pr-functions.tex:46-62","OLP-0213-B009","","pending_coherent_reader_pagination","provisional_pending_optional_specialist_review_no_hold","Please double-check whether “ఆదిమ పునరావృత్తి / ఆదిమ పునరావృత్త ప్రమేయం / సంయుక్తం / ప్రక్షేప ప్రమేయం / స్థానసంఖ్య (అరిటీ) / లక్షణ ప్రమేయం / శూన్య ప్రమేయం / ఉత్తరగామి ప్రమేయం / ఆదిమ పునరావృత్తి సంకేతనం” is idiomatic and technically standard for “primitive recursion / primitive recursive function / composition / projection function / arity / characteristic function / zero function / successor function / primitive-recursion notation” in Telugu logic/mathematics across Andhra Pradesh and Telangana. If not, what exact replacement should be used while leaving the displayed definition, formulas and source scope unchanged?"
"REV-TE-T064","terminology_or_sense_decision","high","mixed_provisional","primitive recursion / primitive recursive function / composition / projection function / arity / characteristic function / zero function / successor function / primitive-recursion notation","ఆదిమ పునరావృత్తి / ఆదిమ పునరావృత్త ప్రమేయం / సంయుక్తం / ప్రక్షేప ప్రమేయం / స్థానసంఖ్య (అరిటీ) / లక్షణ ప్రమేయం / శూన్య ప్రమేయం / ఉత్తరగామి ప్రమేయం / ఆదిమ పునరావృత్తి సంకేతనం","Telugu","Telu","te-Telu-IN","OLP-0215","computability/recursive-functions/pr-functions-computable","content/computability/recursive-functions/pr-functions-computable.tex","translation/content/computability/recursive-functions/pr-functions-computable.tex","content/computability/recursive-functions/pr-functions-computable.tex:32-35","translation/content/computability/recursive-functions/pr-functions-computable.tex:33-35","OLP-0215-B006","","pending_coherent_reader_pagination","provisional_pending_optional_specialist_review_no_hold","Please double-check whether “ఆదిమ పునరావృత్తి / ఆదిమ పునరావృత్త ప్రమేయం / సంయుక్తం / ప్రక్షేప ప్రమేయం / స్థానసంఖ్య (అరిటీ) / లక్షణ ప్రమేయం / శూన్య ప్రమేయం / ఉత్తరగామి ప్రమేయం / ఆదిమ పునరావృత్తి సంకేతనం” is idiomatic and technically standard for “primitive recursion / primitive recursive function / composition / projection function / arity / characteristic function / zero function / successor function / primitive-recursion notation” in Telugu logic/mathematics across Andhra Pradesh and Telangana. If not, what exact replacement should be used while leaving the displayed definition, formulas and source scope unchanged?"
"REV-TE-T065","terminology_or_sense_decision","high","mixed_provisional","primitive recursive relation / bounded quantification / bounded minimization / conditional function / prime number / sequence coding / tree coding / simultaneous recursion / course-of-values recursion / partial recursive function / unbounded search / Kleene normal form / index / halting problem / regular function / general recursive function","ఆదిమ పునరావృత్త సంబంధం / పరిమిత పరిమాణీకరణ / పరిమిత కనిష్ఠీకరణ / షరతు ప్రమేయం / ప్రధాన సంఖ్య / క్రమ సంకేతీకరణ / వృక్ష సంకేతీకరణ / సమకాల పునరావృత్తి / పూర్వవిలువల పునరావృత్తి / పాక్షిక పునరావృత్త ప్రమేయం / అపరిమిత అన్వేషణ / క్లీనీ నియత రూపం / సూచిక / నిలుపు సమస్య (హాల్టింగ్ సమస్య) / సక్రమ ప్రమేయం / సామాన్య పునరావృత్త ప్రమేయం","Telugu","Telu","te-Telu-IN","OLP-0217","computability/recursive-functions/pr-relations","content/computability/recursive-functions/pr-relations.tex","translation/content/computability/recursive-functions/pr-relations.tex","content/computability/recursive-functions/pr-relations.tex:9-10","translation/content/computability/recursive-functions/pr-relations.tex:9-10","OLP-0217-B004","","pending_coherent_reader_pagination","provisional_pending_optional_specialist_review_no_hold","Please double-check whether “ఆదిమ పునరావృత్త సంబంధం / పరిమిత పరిమాణీకరణ / పరిమిత కనిష్ఠీకరణ / షరతు ప్రమేయం / ప్రధాన సంఖ్య / క్రమ సంకేతీకరణ / వృక్ష సంకేతీకరణ / సమకాల పునరావృత్తి / పూర్వవిలువల పునరావృత్తి / పాక్షిక పునరావృత్త ప్రమేయం / అపరిమిత అన్వేషణ / క్లీనీ నియత రూపం / సూచిక / నిలుపు సమస్య (హాల్టింగ్ సమస్య) / సక్రమ ప్రమేయం / సామాన్య పునరావృత్త ప్రమేయం” is idiomatic and technically standard for “primitive recursive relation / bounded quantification / bounded minimization / conditional function / prime number / sequence coding / tree coding / simultaneous recursion / course-of-values recursion / partial recursive function / unbounded search / Kleene normal form / index / halting problem / regular function / general recursive function” in Telugu logic/mathematics across Andhra Pradesh and Telangana. If not, what exact replacement should be used while leaving the displayed definition, formulas and source scope unchanged?"
"REV-TE-T065","terminology_or_sense_decision","high","mixed_provisional","primitive recursive relation / bounded quantification / bounded minimization / conditional function / prime number / sequence coding / tree coding / simultaneous recursion / course-of-values recursion / partial recursive function / unbounded search / Kleene normal form / index / halting problem / regular function / general recursive function","ఆదిమ పునరావృత్త సంబంధం / పరిమిత పరిమాణీకరణ / పరిమిత కనిష్ఠీకరణ / షరతు ప్రమేయం / ప్రధాన సంఖ్య / క్రమ సంకేతీకరణ / వృక్ష సంకేతీకరణ / సమకాల పునరావృత్తి / పూర్వవిలువల పునరావృత్తి / పాక్షిక పునరావృత్త ప్రమేయం / అపరిమిత అన్వేషణ / క్లీనీ నియత రూపం / సూచిక / నిలుపు సమస్య (హాల్టింగ్ సమస్య) / సక్రమ ప్రమేయం / సామాన్య పునరావృత్త ప్రమేయం","Telugu","Telu","te-Telu-IN","OLP-0218","computability/recursive-functions/bounded-minimization","content/computability/recursive-functions/bounded-minimization.tex","translation/content/computability/recursive-functions/bounded-minimization.tex","content/computability/recursive-functions/bounded-minimization.tex:9-10","translation/content/computability/recursive-functions/bounded-minimization.tex:9-10","OLP-0218-B004","","pending_coherent_reader_pagination","provisional_pending_optional_specialist_review_no_hold","Please double-check whether “ఆదిమ పునరావృత్త సంబంధం / పరిమిత పరిమాణీకరణ / పరిమిత కనిష్ఠీకరణ / షరతు ప్రమేయం / ప్రధాన సంఖ్య / క్రమ సంకేతీకరణ / వృక్ష సంకేతీకరణ / సమకాల పునరావృత్తి / పూర్వవిలువల పునరావృత్తి / పాక్షిక పునరావృత్త ప్రమేయం / అపరిమిత అన్వేషణ / క్లీనీ నియత రూపం / సూచిక / నిలుపు సమస్య (హాల్టింగ్ సమస్య) / సక్రమ ప్రమేయం / సామాన్య పునరావృత్త ప్రమేయం” is idiomatic and technically standard for “primitive recursive relation / bounded quantification / bounded minimization / conditional function / prime number / sequence coding / tree coding / simultaneous recursion / course-of-values recursion / partial recursive function / unbounded search / Kleene normal form / index / halting problem / regular function / general recursive function” in Telugu logic/mathematics across Andhra Pradesh and Telangana. If not, what exact replacement should be used while leaving the displayed definition, formulas and source scope unchanged?"
"REV-TE-T065","terminology_or_sense_decision","high","mixed_provisional","primitive recursive relation / bounded quantification / bounded minimization / conditional function / prime number / sequence coding / tree coding / simultaneous recursion / course-of-values recursion / partial recursive function / unbounded search / Kleene normal form / index / halting problem / regular function / general recursive function","ఆదిమ పునరావృత్త సంబంధం / పరిమిత పరిమాణీకరణ / పరిమిత కనిష్ఠీకరణ / షరతు ప్రమేయం / ప్రధాన సంఖ్య / క్రమ సంకేతీకరణ / వృక్ష సంకేతీకరణ / సమకాల పునరావృత్తి / పూర్వవిలువల పునరావృత్తి / పాక్షిక పునరావృత్త ప్రమేయం / అపరిమిత అన్వేషణ / క్లీనీ నియత రూపం / సూచిక / నిలుపు సమస్య (హాల్టింగ్ సమస్య) / సక్రమ ప్రమేయం / సామాన్య పునరావృత్త ప్రమేయం","Telugu","Telu","te-Telu-IN","OLP-0219","computability/recursive-functions/primes","content/computability/recursive-functions/primes.tex","translation/content/computability/recursive-functions/primes.tex","content/computability/recursive-functions/primes.tex:9-10","translation/content/computability/recursive-functions/primes.tex:9-10","OLP-0219-B004","","pending_coherent_reader_pagination","provisional_pending_optional_specialist_review_no_hold","Please double-check whether “ఆదిమ పునరావృత్త సంబంధం / పరిమిత పరిమాణీకరణ / పరిమిత కనిష్ఠీకరణ / షరతు ప్రమేయం / ప్రధాన సంఖ్య / క్రమ సంకేతీకరణ / వృక్ష సంకేతీకరణ / సమకాల పునరావృత్తి / పూర్వవిలువల పునరావృత్తి / పాక్షిక పునరావృత్త ప్రమేయం / అపరిమిత అన్వేషణ / క్లీనీ నియత రూపం / సూచిక / నిలుపు సమస్య (హాల్టింగ్ సమస్య) / సక్రమ ప్రమేయం / సామాన్య పునరావృత్త ప్రమేయం” is idiomatic and technically standard for “primitive recursive relation / bounded quantification / bounded minimization / conditional function / prime number / sequence coding / tree coding / simultaneous recursion / course-of-values recursion / partial recursive function / unbounded search / Kleene normal form / index / halting problem / regular function / general recursive function” in Telugu logic/mathematics across Andhra Pradesh and Telangana. If not, what exact replacement should be used while leaving the displayed definition, formulas and source scope unchanged?"
"REV-TE-T065","terminology_or_sense_decision","high","mixed_provisional","primitive recursive relation / bounded quantification / bounded minimization / conditional function / prime number / sequence coding / tree coding / simultaneous recursion / course-of-values recursion / partial recursive function / unbounded search / Kleene normal form / index / halting problem / regular function / general recursive function","ఆదిమ పునరావృత్త సంబంధం / పరిమిత పరిమాణీకరణ / పరిమిత కనిష్ఠీకరణ / షరతు ప్రమేయం / ప్రధాన సంఖ్య / క్రమ సంకేతీకరణ / వృక్ష సంకేతీకరణ / సమకాల పునరావృత్తి / పూర్వవిలువల పునరావృత్తి / పాక్షిక పునరావృత్త ప్రమేయం / అపరిమిత అన్వేషణ / క్లీనీ నియత రూపం / సూచిక / నిలుపు సమస్య (హాల్టింగ్ సమస్య) / సక్రమ ప్రమేయం / సామాన్య పునరావృత్త ప్రమేయం","Telugu","Telu","te-Telu-IN","OLP-0220","computability/recursive-functions/sequences","content/computability/recursive-functions/sequences.tex","translation/content/computability/recursive-functions/sequences.tex","content/computability/recursive-functions/sequences.tex:27-36","translation/content/computability/recursive-functions/sequences.tex:26-35","OLP-0220-B006","","pending_coherent_reader_pagination","provisional_pending_optional_specialist_review_no_hold","Please double-check whether “ఆదిమ పునరావృత్త సంబంధం / పరిమిత పరిమాణీకరణ / పరిమిత కనిష్ఠీకరణ / షరతు ప్రమేయం / ప్రధాన సంఖ్య / క్రమ సంకేతీకరణ / వృక్ష సంకేతీకరణ / సమకాల పునరావృత్తి / పూర్వవిలువల పునరావృత్తి / పాక్షిక పునరావృత్త ప్రమేయం / అపరిమిత అన్వేషణ / క్లీనీ నియత రూపం / సూచిక / నిలుపు సమస్య (హాల్టింగ్ సమస్య) / సక్రమ ప్రమేయం / సామాన్య పునరావృత్త ప్రమేయం” is idiomatic and technically standard for “primitive recursive relation / bounded quantification / bounded minimization / conditional function / prime number / sequence coding / tree coding / simultaneous recursion / course-of-values recursion / partial recursive function / unbounded search / Kleene normal form / index / halting problem / regular function / general recursive function” in Telugu logic/mathematics across Andhra Pradesh and Telangana. If not, what exact replacement should be used while leaving the displayed definition, formulas and source scope unchanged?"
"REV-TE-T065","terminology_or_sense_decision","high","mixed_provisional","primitive recursive relation / bounded quantification / bounded minimization / conditional function / prime number / sequence coding / tree coding / simultaneous recursion / course-of-values recursion / partial recursive function / unbounded search / Kleene normal form / index / halting problem / regular function / general recursive function","ఆదిమ పునరావృత్త సంబంధం / పరిమిత పరిమాణీకరణ / పరిమిత కనిష్ఠీకరణ / షరతు ప్రమేయం / ప్రధాన సంఖ్య / క్రమ సంకేతీకరణ / వృక్ష సంకేతీకరణ / సమకాల పునరావృత్తి / పూర్వవిలువల పునరావృత్తి / పాక్షిక పునరావృత్త ప్రమేయం / అపరిమిత అన్వేషణ / క్లీనీ నియత రూపం / సూచిక / నిలుపు సమస్య (హాల్టింగ్ సమస్య) / సక్రమ ప్రమేయం / సామాన్య పునరావృత్త ప్రమేయం","Telugu","Telu","te-Telu-IN","OLP-0222","computability/recursive-functions/other-recursions","content/computability/recursive-functions/other-recursions.tex","translation/content/computability/recursive-functions/other-recursions.tex","content/computability/recursive-functions/other-recursions.tex:12-47","translation/content/computability/recursive-functions/other-recursions.tex:12-46","OLP-0222-B005","","pending_coherent_reader_pagination","provisional_pending_optional_specialist_review_no_hold","Please double-check whether “ఆదిమ పునరావృత్త సంబంధం / పరిమిత పరిమాణీకరణ / పరిమిత కనిష్ఠీకరణ / షరతు ప్రమేయం / ప్రధాన సంఖ్య / క్రమ సంకేతీకరణ / వృక్ష సంకేతీకరణ / సమకాల పునరావృత్తి / పూర్వవిలువల పునరావృత్తి / పాక్షిక పునరావృత్త ప్రమేయం / అపరిమిత అన్వేషణ / క్లీనీ నియత రూపం / సూచిక / నిలుపు సమస్య (హాల్టింగ్ సమస్య) / సక్రమ ప్రమేయం / సామాన్య పునరావృత్త ప్రమేయం” is idiomatic and technically standard for “primitive recursive relation / bounded quantification / bounded minimization / conditional function / prime number / sequence coding / tree coding / simultaneous recursion / course-of-values recursion / partial recursive function / unbounded search / Kleene normal form / index / halting problem / regular function / general recursive function” in Telugu logic/mathematics across Andhra Pradesh and Telangana. If not, what exact replacement should be used while leaving the displayed definition, formulas and source scope unchanged?"
"REV-TE-T065","terminology_or_sense_decision","high","mixed_provisional","primitive recursive relation / bounded quantification / bounded minimization / conditional function / prime number / sequence coding / tree coding / simultaneous recursion / course-of-values recursion / partial recursive function / unbounded search / Kleene normal form / index / halting problem / regular function / general recursive function","ఆదిమ పునరావృత్త సంబంధం / పరిమిత పరిమాణీకరణ / పరిమిత కనిష్ఠీకరణ / షరతు ప్రమేయం / ప్రధాన సంఖ్య / క్రమ సంకేతీకరణ / వృక్ష సంకేతీకరణ / సమకాల పునరావృత్తి / పూర్వవిలువల పునరావృత్తి / పాక్షిక పునరావృత్త ప్రమేయం / అపరిమిత అన్వేషణ / క్లీనీ నియత రూపం / సూచిక / నిలుపు సమస్య (హాల్టింగ్ సమస్య) / సక్రమ ప్రమేయం / సామాన్య పునరావృత్త ప్రమేయం","Telugu","Telu","te-Telu-IN","OLP-0224","computability/recursive-functions/partial-functions","content/computability/recursive-functions/partial-functions.tex","translation/content/computability/recursive-functions/partial-functions.tex","content/computability/recursive-functions/partial-functions.tex:9-10","translation/content/computability/recursive-functions/partial-functions.tex:9-10","OLP-0224-B004","","pending_coherent_reader_pagination","provisional_pending_optional_specialist_review_no_hold","Please double-check whether “ఆదిమ పునరావృత్త సంబంధం / పరిమిత పరిమాణీకరణ / పరిమిత కనిష్ఠీకరణ / షరతు ప్రమేయం / ప్రధాన సంఖ్య / క్రమ సంకేతీకరణ / వృక్ష సంకేతీకరణ / సమకాల పునరావృత్తి / పూర్వవిలువల పునరావృత్తి / పాక్షిక పునరావృత్త ప్రమేయం / అపరిమిత అన్వేషణ / క్లీనీ నియత రూపం / సూచిక / నిలుపు సమస్య (హాల్టింగ్ సమస్య) / సక్రమ ప్రమేయం / సామాన్య పునరావృత్త ప్రమేయం” is idiomatic and technically standard for “primitive recursive relation / bounded quantification / bounded minimization / conditional function / prime number / sequence coding / tree coding / simultaneous recursion / course-of-values recursion / partial recursive function / unbounded search / Kleene normal form / index / halting problem / regular function / general recursive function” in Telugu logic/mathematics across Andhra Pradesh and Telangana. If not, what exact replacement should be used while leaving the displayed definition, formulas and source scope unchanged?"
"REV-TE-T065","terminology_or_sense_decision","high","mixed_provisional","primitive recursive relation / bounded quantification / bounded minimization / conditional function / prime number / sequence coding / tree coding / simultaneous recursion / course-of-values recursion / partial recursive function / unbounded search / Kleene normal form / index / halting problem / regular function / general recursive function","ఆదిమ పునరావృత్త సంబంధం / పరిమిత పరిమాణీకరణ / పరిమిత కనిష్ఠీకరణ / షరతు ప్రమేయం / ప్రధాన సంఖ్య / క్రమ సంకేతీకరణ / వృక్ష సంకేతీకరణ / సమకాల పునరావృత్తి / పూర్వవిలువల పునరావృత్తి / పాక్షిక పునరావృత్త ప్రమేయం / అపరిమిత అన్వేషణ / క్లీనీ నియత రూపం / సూచిక / నిలుపు సమస్య (హాల్టింగ్ సమస్య) / సక్రమ ప్రమేయం / సామాన్య పునరావృత్త ప్రమేయం","Telugu","Telu","te-Telu-IN","OLP-0225","computability/recursive-functions/normal-form","content/computability/recursive-functions/normal-form.tex","translation/content/computability/recursive-functions/normal-form.tex","content/computability/recursive-functions/normal-form.tex:12-21","translation/content/computability/recursive-functions/normal-form.tex:12-21","OLP-0225-B005","","pending_coherent_reader_pagination","provisional_pending_optional_specialist_review_no_hold","Please double-check whether “ఆదిమ పునరావృత్త సంబంధం / పరిమిత పరిమాణీకరణ / పరిమిత కనిష్ఠీకరణ / షరతు ప్రమేయం / ప్రధాన సంఖ్య / క్రమ సంకేతీకరణ / వృక్ష సంకేతీకరణ / సమకాల పునరావృత్తి / పూర్వవిలువల పునరావృత్తి / పాక్షిక పునరావృత్త ప్రమేయం / అపరిమిత అన్వేషణ / క్లీనీ నియత రూపం / సూచిక / నిలుపు సమస్య (హాల్టింగ్ సమస్య) / సక్రమ ప్రమేయం / సామాన్య పునరావృత్త ప్రమేయం” is idiomatic and technically standard for “primitive recursive relation / bounded quantification / bounded minimization / conditional function / prime number / sequence coding / tree coding / simultaneous recursion / course-of-values recursion / partial recursive function / unbounded search / Kleene normal form / index / halting problem / regular function / general recursive function” in Telugu logic/mathematics across Andhra Pradesh and Telangana. If not, what exact replacement should be used while leaving the displayed definition, formulas and source scope unchanged?"
"REV-TE-T065","terminology_or_sense_decision","high","mixed_provisional","primitive recursive relation / bounded quantification / bounded minimization / conditional function / prime number / sequence coding / tree coding / simultaneous recursion / course-of-values recursion / partial recursive function / unbounded search / Kleene normal form / index / halting problem / regular function / general recursive function","ఆదిమ పునరావృత్త సంబంధం / పరిమిత పరిమాణీకరణ / పరిమిత కనిష్ఠీకరణ / షరతు ప్రమేయం / ప్రధాన సంఖ్య / క్రమ సంకేతీకరణ / వృక్ష సంకేతీకరణ / సమకాల పునరావృత్తి / పూర్వవిలువల పునరావృత్తి / పాక్షిక పునరావృత్త ప్రమేయం / అపరిమిత అన్వేషణ / క్లీనీ నియత రూపం / సూచిక / నిలుపు సమస్య (హాల్టింగ్ సమస్య) / సక్రమ ప్రమేయం / సామాన్య పునరావృత్త ప్రమేయం","Telugu","Telu","te-Telu-IN","OLP-0226","computability/recursive-functions/halting-problem","content/computability/recursive-functions/halting-problem.tex","translation/content/computability/recursive-functions/halting-problem.tex","content/computability/recursive-functions/halting-problem.tex:9-10","translation/content/computability/recursive-functions/halting-problem.tex:9-10","OLP-0226-B004","","pending_coherent_reader_pagination","provisional_pending_optional_specialist_review_no_hold","Please double-check whether “ఆదిమ పునరావృత్త సంబంధం / పరిమిత పరిమాణీకరణ / పరిమిత కనిష్ఠీకరణ / షరతు ప్రమేయం / ప్రధాన సంఖ్య / క్రమ సంకేతీకరణ / వృక్ష సంకేతీకరణ / సమకాల పునరావృత్తి / పూర్వవిలువల పునరావృత్తి / పాక్షిక పునరావృత్త ప్రమేయం / అపరిమిత అన్వేషణ / క్లీనీ నియత రూపం / సూచిక / నిలుపు సమస్య (హాల్టింగ్ సమస్య) / సక్రమ ప్రమేయం / సామాన్య పునరావృత్త ప్రమేయం” is idiomatic and technically standard for “primitive recursive relation / bounded quantification / bounded minimization / conditional function / prime number / sequence coding / tree coding / simultaneous recursion / course-of-values recursion / partial recursive function / unbounded search / Kleene normal form / index / halting problem / regular function / general recursive function” in Telugu logic/mathematics across Andhra Pradesh and Telangana. If not, what exact replacement should be used while leaving the displayed definition, formulas and source scope unchanged?"
"REV-TE-T065","terminology_or_sense_decision","high","mixed_provisional","primitive recursive relation / bounded quantification / bounded minimization / conditional function / prime number / sequence coding / tree coding / simultaneous recursion / course-of-values recursion / partial recursive function / unbounded search / Kleene normal form / index / halting problem / regular function / general recursive function","ఆదిమ పునరావృత్త సంబంధం / పరిమిత పరిమాణీకరణ / పరిమిత కనిష్ఠీకరణ / షరతు ప్రమేయం / ప్రధాన సంఖ్య / క్రమ సంకేతీకరణ / వృక్ష సంకేతీకరణ / సమకాల పునరావృత్తి / పూర్వవిలువల పునరావృత్తి / పాక్షిక పునరావృత్త ప్రమేయం / అపరిమిత అన్వేషణ / క్లీనీ నియత రూపం / సూచిక / నిలుపు సమస్య (హాల్టింగ్ సమస్య) / సక్రమ ప్రమేయం / సామాన్య పునరావృత్త ప్రమేయం","Telugu","Telu","te-Telu-IN","OLP-0227","computability/recursive-functions/general-recursive-functions","content/computability/recursive-functions/general-recursive-functions.tex","translation/content/computability/recursive-functions/general-recursive-functions.tex","content/computability/recursive-functions/general-recursive-functions.tex:9-10","translation/content/computability/recursive-functions/general-recursive-functions.tex:9-10","OLP-0227-B004","","pending_coherent_reader_pagination","provisional_pending_optional_specialist_review_no_hold","Please double-check whether “ఆదిమ పునరావృత్త సంబంధం / పరిమిత పరిమాణీకరణ / పరిమిత కనిష్ఠీకరణ / షరతు ప్రమేయం / ప్రధాన సంఖ్య / క్రమ సంకేతీకరణ / వృక్ష సంకేతీకరణ / సమకాల పునరావృత్తి / పూర్వవిలువల పునరావృత్తి / పాక్షిక పునరావృత్త ప్రమేయం / అపరిమిత అన్వేషణ / క్లీనీ నియత రూపం / సూచిక / నిలుపు సమస్య (హాల్టింగ్ సమస్య) / సక్రమ ప్రమేయం / సామాన్య పునరావృత్త ప్రమేయం” is idiomatic and technically standard for “primitive recursive relation / bounded quantification / bounded minimization / conditional function / prime number / sequence coding / tree coding / simultaneous recursion / course-of-values recursion / partial recursive function / unbounded search / Kleene normal form / index / halting problem / regular function / general recursive function” in Telugu logic/mathematics across Andhra Pradesh and Telangana. If not, what exact replacement should be used while leaving the displayed definition, formulas and source scope unchanged?"
"REV-TE-T066","terminology_or_sense_decision","high","mixed_provisional","computability theory / recursion theory / partial computable function / universal partial computable function / effective enumeration / uniform enumeration / s-m-n theorem / computably enumerable / recursively enumerable / decidable / semi-decidable / undecidable","గణనీయతా సిద్ధాంతం / పునరావృత్త సిద్ధాంతం / పాక్షిక గణనీయ ప్రమేయం / సార్వత్రిక పాక్షిక గణనీయ ప్రమేయం / కార్యసాధ్య లెక్కింపు / ఏకరీతి లెక్కింపు / s-m-n సిద్ధాంతం / గణనీయంగా లెక్కించదగిన / పునరావృత్తంగా లెక్కించదగిన / నిర్ణయించదగిన / అర్ధ-నిర్ణయించదగిన / అనిర్ణయనీయ","Telugu","Telu","te-Telu-IN","OLP-0228","computability/computability-theory/computability-theory","content/computability/computability-theory/computability-theory.tex","translation/content/computability/computability-theory/computability-theory.tex","content/computability/computability-theory/computability-theory.tex:8","translation/content/computability/computability-theory/computability-theory.tex:8","OLP-0228-B004","","pending_coherent_reader_pagination","provisional_pending_optional_specialist_review_no_hold","Please double-check whether “గణనీయతా సిద్ధాంతం / పునరావృత్త సిద్ధాంతం / పాక్షిక గణనీయ ప్రమేయం / సార్వత్రిక పాక్షిక గణనీయ ప్రమేయం / కార్యసాధ్య లెక్కింపు / ఏకరీతి లెక్కింపు / s-m-n సిద్ధాంతం / గణనీయంగా లెక్కించదగిన / పునరావృత్తంగా లెక్కించదగిన / నిర్ణయించదగిన / అర్ధ-నిర్ణయించదగిన / అనిర్ణయనీయ” is idiomatic and technically standard for “computability theory / recursion theory / partial computable function / universal partial computable function / effective enumeration / uniform enumeration / s-m-n theorem / computably enumerable / recursively enumerable / decidable / semi-decidable / undecidable” in Telugu logic/mathematics across Andhra Pradesh and Telangana. If not, what exact replacement should be used while leaving the displayed definition, formulas and source scope unchanged?"
"REV-TE-T066","terminology_or_sense_decision","high","mixed_provisional","computability theory / recursion theory / partial computable function / universal partial computable function / effective enumeration / uniform enumeration / s-m-n theorem / computably enumerable / recursively enumerable / decidable / semi-decidable / undecidable","గణనీయతా సిద్ధాంతం / పునరావృత్త సిద్ధాంతం / పాక్షిక గణనీయ ప్రమేయం / సార్వత్రిక పాక్షిక గణనీయ ప్రమేయం / కార్యసాధ్య లెక్కింపు / ఏకరీతి లెక్కింపు / s-m-n సిద్ధాంతం / గణనీయంగా లెక్కించదగిన / పునరావృత్తంగా లెక్కించదగిన / నిర్ణయించదగిన / అర్ధ-నిర్ణయించదగిన / అనిర్ణయనీయ","Telugu","Telu","te-Telu-IN","OLP-0229","computability/computability-theory/introduction","content/computability/computability-theory/introduction.tex","translation/content/computability/computability-theory/introduction.tex","content/computability/computability-theory/introduction.tex:18-27","translation/content/computability/computability-theory/introduction.tex:17-25","OLP-0229-B006","","pending_coherent_reader_pagination","provisional_pending_optional_specialist_review_no_hold","Please double-check whether “గణనీయతా సిద్ధాంతం / పునరావృత్త సిద్ధాంతం / పాక్షిక గణనీయ ప్రమేయం / సార్వత్రిక పాక్షిక గణనీయ ప్రమేయం / కార్యసాధ్య లెక్కింపు / ఏకరీతి లెక్కింపు / s-m-n సిద్ధాంతం / గణనీయంగా లెక్కించదగిన / పునరావృత్తంగా లెక్కించదగిన / నిర్ణయించదగిన / అర్ధ-నిర్ణయించదగిన / అనిర్ణయనీయ” is idiomatic and technically standard for “computability theory / recursion theory / partial computable function / universal partial computable function / effective enumeration / uniform enumeration / s-m-n theorem / computably enumerable / recursively enumerable / decidable / semi-decidable / undecidable” in Telugu logic/mathematics across Andhra Pradesh and Telangana. If not, what exact replacement should be used while leaving the displayed definition, formulas and source scope unchanged?"
"REV-TE-T066","terminology_or_sense_decision","high","mixed_provisional","computability theory / recursion theory / partial computable function / universal partial computable function / effective enumeration / uniform enumeration / s-m-n theorem / computably enumerable / recursively enumerable / decidable / semi-decidable / undecidable","గణనీయతా సిద్ధాంతం / పునరావృత్త సిద్ధాంతం / పాక్షిక గణనీయ ప్రమేయం / సార్వత్రిక పాక్షిక గణనీయ ప్రమేయం / కార్యసాధ్య లెక్కింపు / ఏకరీతి లెక్కింపు / s-m-n సిద్ధాంతం / గణనీయంగా లెక్కించదగిన / పునరావృత్తంగా లెక్కించదగిన / నిర్ణయించదగిన / అర్ధ-నిర్ణయించదగిన / అనిర్ణయనీయ","Telugu","Telu","te-Telu-IN","OLP-0232","computability/computability-theory/s-m-n","content/computability/computability-theory/s-m-n.tex","translation/content/computability/computability-theory/s-m-n.tex","content/computability/computability-theory/s-m-n.tex:9-10","translation/content/computability/computability-theory/s-m-n.tex:9-10","OLP-0232-B004","","pending_coherent_reader_pagination","provisional_pending_optional_specialist_review_no_hold","Please double-check whether “గణనీయతా సిద్ధాంతం / పునరావృత్త సిద్ధాంతం / పాక్షిక గణనీయ ప్రమేయం / సార్వత్రిక పాక్షిక గణనీయ ప్రమేయం / కార్యసాధ్య లెక్కింపు / ఏకరీతి లెక్కింపు / s-m-n సిద్ధాంతం / గణనీయంగా లెక్కించదగిన / పునరావృత్తంగా లెక్కించదగిన / నిర్ణయించదగిన / అర్ధ-నిర్ణయించదగిన / అనిర్ణయనీయ” is idiomatic and technically standard for “computability theory / recursion theory / partial computable function / universal partial computable function / effective enumeration / uniform enumeration / s-m-n theorem / computably enumerable / recursively enumerable / decidable / semi-decidable / undecidable” in Telugu logic/mathematics across Andhra Pradesh and Telangana. If not, what exact replacement should be used while leaving the displayed definition, formulas and source scope unchanged?"
"REV-TE-T066","terminology_or_sense_decision","high","mixed_provisional","computability theory / recursion theory / partial computable function / universal partial computable function / effective enumeration / uniform enumeration / s-m-n theorem / computably enumerable / recursively enumerable / decidable / semi-decidable / undecidable","గణనీయతా సిద్ధాంతం / పునరావృత్త సిద్ధాంతం / పాక్షిక గణనీయ ప్రమేయం / సార్వత్రిక పాక్షిక గణనీయ ప్రమేయం / కార్యసాధ్య లెక్కింపు / ఏకరీతి లెక్కింపు / s-m-n సిద్ధాంతం / గణనీయంగా లెక్కించదగిన / పునరావృత్తంగా లెక్కించదగిన / నిర్ణయించదగిన / అర్ధ-నిర్ణయించదగిన / అనిర్ణయనీయ","Telugu","Telu","te-Telu-IN","OLP-0233","computability/computability-theory/universal-part-function","content/computability/computability-theory/universal-part-function.tex","translation/content/computability/computability-theory/universal-part-function.tex","content/computability/computability-theory/universal-part-function.tex:9-10","translation/content/computability/computability-theory/universal-part-function.tex:9-10","OLP-0233-B004","","pending_coherent_reader_pagination","provisional_pending_optional_specialist_review_no_hold","Please double-check whether “గణనీయతా సిద్ధాంతం / పునరావృత్త సిద్ధాంతం / పాక్షిక గణనీయ ప్రమేయం / సార్వత్రిక పాక్షిక గణనీయ ప్రమేయం / కార్యసాధ్య లెక్కింపు / ఏకరీతి లెక్కింపు / s-m-n సిద్ధాంతం / గణనీయంగా లెక్కించదగిన / పునరావృత్తంగా లెక్కించదగిన / నిర్ణయించదగిన / అర్ధ-నిర్ణయించదగిన / అనిర్ణయనీయ” is idiomatic and technically standard for “computability theory / recursion theory / partial computable function / universal partial computable function / effective enumeration / uniform enumeration / s-m-n theorem / computably enumerable / recursively enumerable / decidable / semi-decidable / undecidable” in Telugu logic/mathematics across Andhra Pradesh and Telangana. If not, what exact replacement should be used while leaving the displayed definition, formulas and source scope unchanged?"
"REV-TE-T066","terminology_or_sense_decision","high","mixed_provisional","computability theory / recursion theory / partial computable function / universal partial computable function / effective enumeration / uniform enumeration / s-m-n theorem / computably enumerable / recursively enumerable / decidable / semi-decidable / undecidable","గణనీయతా సిద్ధాంతం / పునరావృత్త సిద్ధాంతం / పాక్షిక గణనీయ ప్రమేయం / సార్వత్రిక పాక్షిక గణనీయ ప్రమేయం / కార్యసాధ్య లెక్కింపు / ఏకరీతి లెక్కింపు / s-m-n సిద్ధాంతం / గణనీయంగా లెక్కించదగిన / పునరావృత్తంగా లెక్కించదగిన / నిర్ణయించదగిన / అర్ధ-నిర్ణయించదగిన / అనిర్ణయనీయ","Telugu","Telu","te-Telu-IN","OLP-0238","computability/computability-theory/ce-sets","content/computability/computability-theory/ce-sets.tex","translation/content/computability/computability-theory/ce-sets.tex","content/computability/computability-theory/ce-sets.tex:9-10","translation/content/computability/computability-theory/ce-sets.tex:9-10","OLP-0238-B004","","pending_coherent_reader_pagination","provisional_pending_optional_specialist_review_no_hold","Please double-check whether “గణనీయతా సిద్ధాంతం / పునరావృత్త సిద్ధాంతం / పాక్షిక గణనీయ ప్రమేయం / సార్వత్రిక పాక్షిక గణనీయ ప్రమేయం / కార్యసాధ్య లెక్కింపు / ఏకరీతి లెక్కింపు / s-m-n సిద్ధాంతం / గణనీయంగా లెక్కించదగిన / పునరావృత్తంగా లెక్కించదగిన / నిర్ణయించదగిన / అర్ధ-నిర్ణయించదగిన / అనిర్ణయనీయ” is idiomatic and technically standard for “computability theory / recursion theory / partial computable function / universal partial computable function / effective enumeration / uniform enumeration / s-m-n theorem / computably enumerable / recursively enumerable / decidable / semi-decidable / undecidable” in Telugu logic/mathematics across Andhra Pradesh and Telangana. If not, what exact replacement should be used while leaving the displayed definition, formulas and source scope unchanged?"
"REV-TE-T066","terminology_or_sense_decision","high","mixed_provisional","computability theory / recursion theory / partial computable function / universal partial computable function / effective enumeration / uniform enumeration / s-m-n theorem / computably enumerable / recursively enumerable / decidable / semi-decidable / undecidable","గణనీయతా సిద్ధాంతం / పునరావృత్త సిద్ధాంతం / పాక్షిక గణనీయ ప్రమేయం / సార్వత్రిక పాక్షిక గణనీయ ప్రమేయం / కార్యసాధ్య లెక్కింపు / ఏకరీతి లెక్కింపు / s-m-n సిద్ధాంతం / గణనీయంగా లెక్కించదగిన / పునరావృత్తంగా లెక్కించదగిన / నిర్ణయించదగిన / అర్ధ-నిర్ణయించదగిన / అనిర్ణయనీయ","Telugu","Telu","te-Telu-IN","OLP-0239","computability/computability-theory/equiv-ce-defs","content/computability/computability-theory/equiv-ce-defs.tex","translation/content/computability/computability-theory/equiv-ce-defs.tex","content/computability/computability-theory/equiv-ce-defs.tex:30-43","translation/content/computability/computability-theory/equiv-ce-defs.tex:30-43","OLP-0239-B008","","pending_coherent_reader_pagination","provisional_pending_optional_specialist_review_no_hold","Please double-check whether “గణనీయతా సిద్ధాంతం / పునరావృత్త సిద్ధాంతం / పాక్షిక గణనీయ ప్రమేయం / సార్వత్రిక పాక్షిక గణనీయ ప్రమేయం / కార్యసాధ్య లెక్కింపు / ఏకరీతి లెక్కింపు / s-m-n సిద్ధాంతం / గణనీయంగా లెక్కించదగిన / పునరావృత్తంగా లెక్కించదగిన / నిర్ణయించదగిన / అర్ధ-నిర్ణయించదగిన / అనిర్ణయనీయ” is idiomatic and technically standard for “computability theory / recursion theory / partial computable function / universal partial computable function / effective enumeration / uniform enumeration / s-m-n theorem / computably enumerable / recursively enumerable / decidable / semi-decidable / undecidable” in Telugu logic/mathematics across Andhra Pradesh and Telangana. If not, what exact replacement should be used while leaving the displayed definition, formulas and source scope unchanged?"
"REV-TE-T067","terminology_or_sense_decision","high","mixed_provisional","non-computable set / halting set / self-halting set / closure under union and intersection / complement / many-one reduction and reducibility / one-one reducibility / Turing reducibility / complete computably enumerable set / oracle / totality / index set / Rice's theorem / fixed-point theorem / self-reference","గణనీయంకాని సమితి / ఆగే సమితి / స్వయంగా ఆగే సమితి / సంయోగం, ఛేదనం కింద సంవృతత / పూరకం / అనేకం-ఒకటి తగ్గింపు, తగ్గించదగినత / ఒకటి-ఒకటి తగ్గించదగినత / ట్యూరింగ్ తగ్గించదగినత / సంపూర్ణ గణనీయంగా లెక్కించదగిన సమితి / ఒరాకిల్ / సర్వనిర్వచితత్వం / సూచిక సమితి / రైస్ సిద్ధాంతం / స్థిరబిందు సిద్ధాంతం / స్వీయ-సూచన","Telugu","Telu","te-Telu-IN","OLP-0240","computability/computability-theory/non-comp-set","content/computability/computability-theory/non-comp-set.tex","translation/content/computability/computability-theory/non-comp-set.tex","content/computability/computability-theory/non-comp-set.tex:9-10","translation/content/computability/computability-theory/non-comp-set.tex:9-10","OLP-0240-B004","","pending_coherent_reader_pagination","provisional_pending_optional_specialist_review_no_hold","Please double-check whether “గణనీయంకాని సమితి / ఆగే సమితి / స్వయంగా ఆగే సమితి / సంయోగం, ఛేదనం కింద సంవృతత / పూరకం / అనేకం-ఒకటి తగ్గింపు, తగ్గించదగినత / ఒకటి-ఒకటి తగ్గించదగినత / ట్యూరింగ్ తగ్గించదగినత / సంపూర్ణ గణనీయంగా లెక్కించదగిన సమితి / ఒరాకిల్ / సర్వనిర్వచితత్వం / సూచిక సమితి / రైస్ సిద్ధాంతం / స్థిరబిందు సిద్ధాంతం / స్వీయ-సూచన” is idiomatic and technically standard for “non-computable set / halting set / self-halting set / closure under union and intersection / complement / many-one reduction and reducibility / one-one reducibility / Turing reducibility / complete computably enumerable set / oracle / totality / index set / Rice's theorem / fixed-point theorem / self-reference” in Telugu logic/mathematics across Andhra Pradesh and Telangana. If not, what exact replacement should be used while leaving the displayed definition, formulas and source scope unchanged?"
"REV-TE-T067","terminology_or_sense_decision","high","mixed_provisional","non-computable set / halting set / self-halting set / closure under union and intersection / complement / many-one reduction and reducibility / one-one reducibility / Turing reducibility / complete computably enumerable set / oracle / totality / index set / Rice's theorem / fixed-point theorem / self-reference","గణనీయంకాని సమితి / ఆగే సమితి / స్వయంగా ఆగే సమితి / సంయోగం, ఛేదనం కింద సంవృతత / పూరకం / అనేకం-ఒకటి తగ్గింపు, తగ్గించదగినత / ఒకటి-ఒకటి తగ్గించదగినత / ట్యూరింగ్ తగ్గించదగినత / సంపూర్ణ గణనీయంగా లెక్కించదగిన సమితి / ఒరాకిల్ / సర్వనిర్వచితత్వం / సూచిక సమితి / రైస్ సిద్ధాంతం / స్థిరబిందు సిద్ధాంతం / స్వీయ-సూచన","Telugu","Telu","te-Telu-IN","OLP-0241","computability/computability-theory/ce-closed-cup-cap","content/computability/computability-theory/ce-closed-cup-cap.tex","translation/content/computability/computability-theory/ce-closed-cup-cap.tex","content/computability/computability-theory/ce-closed-cup-cap.tex:11-12","translation/content/computability/computability-theory/ce-closed-cup-cap.tex:11-12","OLP-0241-B005","","pending_coherent_reader_pagination","provisional_pending_optional_specialist_review_no_hold","Please double-check whether “గణనీయంకాని సమితి / ఆగే సమితి / స్వయంగా ఆగే సమితి / సంయోగం, ఛేదనం కింద సంవృతత / పూరకం / అనేకం-ఒకటి తగ్గింపు, తగ్గించదగినత / ఒకటి-ఒకటి తగ్గించదగినత / ట్యూరింగ్ తగ్గించదగినత / సంపూర్ణ గణనీయంగా లెక్కించదగిన సమితి / ఒరాకిల్ / సర్వనిర్వచితత్వం / సూచిక సమితి / రైస్ సిద్ధాంతం / స్థిరబిందు సిద్ధాంతం / స్వీయ-సూచన” is idiomatic and technically standard for “non-computable set / halting set / self-halting set / closure under union and intersection / complement / many-one reduction and reducibility / one-one reducibility / Turing reducibility / complete computably enumerable set / oracle / totality / index set / Rice's theorem / fixed-point theorem / self-reference” in Telugu logic/mathematics across Andhra Pradesh and Telangana. If not, what exact replacement should be used while leaving the displayed definition, formulas and source scope unchanged?"
"REV-TE-T067","terminology_or_sense_decision","high","mixed_provisional","non-computable set / halting set / self-halting set / closure under union and intersection / complement / many-one reduction and reducibility / one-one reducibility / Turing reducibility / complete computably enumerable set / oracle / totality / index set / Rice's theorem / fixed-point theorem / self-reference","గణనీయంకాని సమితి / ఆగే సమితి / స్వయంగా ఆగే సమితి / సంయోగం, ఛేదనం కింద సంవృతత / పూరకం / అనేకం-ఒకటి తగ్గింపు, తగ్గించదగినత / ఒకటి-ఒకటి తగ్గించదగినత / ట్యూరింగ్ తగ్గించదగినత / సంపూర్ణ గణనీయంగా లెక్కించదగిన సమితి / ఒరాకిల్ / సర్వనిర్వచితత్వం / సూచిక సమితి / రైస్ సిద్ధాంతం / స్థిరబిందు సిద్ధాంతం / స్వీయ-సూచన","Telugu","Telu","te-Telu-IN","OLP-0242","computability/computability-theory/complement-ce","content/computability/computability-theory/complement-ce.tex","translation/content/computability/computability-theory/complement-ce.tex","content/computability/computability-theory/complement-ce.tex:9-10","translation/content/computability/computability-theory/complement-ce.tex:9-10","OLP-0242-B004","","pending_coherent_reader_pagination","provisional_pending_optional_specialist_review_no_hold","Please double-check whether “గణనీయంకాని సమితి / ఆగే సమితి / స్వయంగా ఆగే సమితి / సంయోగం, ఛేదనం కింద సంవృతత / పూరకం / అనేకం-ఒకటి తగ్గింపు, తగ్గించదగినత / ఒకటి-ఒకటి తగ్గించదగినత / ట్యూరింగ్ తగ్గించదగినత / సంపూర్ణ గణనీయంగా లెక్కించదగిన సమితి / ఒరాకిల్ / సర్వనిర్వచితత్వం / సూచిక సమితి / రైస్ సిద్ధాంతం / స్థిరబిందు సిద్ధాంతం / స్వీయ-సూచన” is idiomatic and technically standard for “non-computable set / halting set / self-halting set / closure under union and intersection / complement / many-one reduction and reducibility / one-one reducibility / Turing reducibility / complete computably enumerable set / oracle / totality / index set / Rice's theorem / fixed-point theorem / self-reference” in Telugu logic/mathematics across Andhra Pradesh and Telangana. If not, what exact replacement should be used while leaving the displayed definition, formulas and source scope unchanged?"
"REV-TE-T067","terminology_or_sense_decision","high","mixed_provisional","non-computable set / halting set / self-halting set / closure under union and intersection / complement / many-one reduction and reducibility / one-one reducibility / Turing reducibility / complete computably enumerable set / oracle / totality / index set / Rice's theorem / fixed-point theorem / self-reference","గణనీయంకాని సమితి / ఆగే సమితి / స్వయంగా ఆగే సమితి / సంయోగం, ఛేదనం కింద సంవృతత / పూరకం / అనేకం-ఒకటి తగ్గింపు, తగ్గించదగినత / ఒకటి-ఒకటి తగ్గించదగినత / ట్యూరింగ్ తగ్గించదగినత / సంపూర్ణ గణనీయంగా లెక్కించదగిన సమితి / ఒరాకిల్ / సర్వనిర్వచితత్వం / సూచిక సమితి / రైస్ సిద్ధాంతం / స్థిరబిందు సిద్ధాంతం / స్వీయ-సూచన","Telugu","Telu","te-Telu-IN","OLP-0243","computability/computability-theory/reducibility","content/computability/computability-theory/reducibility.tex","translation/content/computability/computability-theory/reducibility.tex","content/computability/computability-theory/reducibility.tex:50-61","translation/content/computability/computability-theory/reducibility.tex:52-63","OLP-0243-B008","","pending_coherent_reader_pagination","provisional_pending_optional_specialist_review_no_hold","Please double-check whether “గణనీయంకాని సమితి / ఆగే సమితి / స్వయంగా ఆగే సమితి / సంయోగం, ఛేదనం కింద సంవృతత / పూరకం / అనేకం-ఒకటి తగ్గింపు, తగ్గించదగినత / ఒకటి-ఒకటి తగ్గించదగినత / ట్యూరింగ్ తగ్గించదగినత / సంపూర్ణ గణనీయంగా లెక్కించదగిన సమితి / ఒరాకిల్ / సర్వనిర్వచితత్వం / సూచిక సమితి / రైస్ సిద్ధాంతం / స్థిరబిందు సిద్ధాంతం / స్వీయ-సూచన” is idiomatic and technically standard for “non-computable set / halting set / self-halting set / closure under union and intersection / complement / many-one reduction and reducibility / one-one reducibility / Turing reducibility / complete computably enumerable set / oracle / totality / index set / Rice's theorem / fixed-point theorem / self-reference” in Telugu logic/mathematics across Andhra Pradesh and Telangana. If not, what exact replacement should be used while leaving the displayed definition, formulas and source scope unchanged?"
"REV-TE-T067","terminology_or_sense_decision","high","mixed_provisional","non-computable set / halting set / self-halting set / closure under union and intersection / complement / many-one reduction and reducibility / one-one reducibility / Turing reducibility / complete computably enumerable set / oracle / totality / index set / Rice's theorem / fixed-point theorem / self-reference","గణనీయంకాని సమితి / ఆగే సమితి / స్వయంగా ఆగే సమితి / సంయోగం, ఛేదనం కింద సంవృతత / పూరకం / అనేకం-ఒకటి తగ్గింపు, తగ్గించదగినత / ఒకటి-ఒకటి తగ్గించదగినత / ట్యూరింగ్ తగ్గించదగినత / సంపూర్ణ గణనీయంగా లెక్కించదగిన సమితి / ఒరాకిల్ / సర్వనిర్వచితత్వం / సూచిక సమితి / రైస్ సిద్ధాంతం / స్థిరబిందు సిద్ధాంతం / స్వీయ-సూచన","Telugu","Telu","te-Telu-IN","OLP-0245","computability/computability-theory/complete-ce-sets","content/computability/computability-theory/complete-ce-sets.tex","translation/content/computability/computability-theory/complete-ce-sets.tex","content/computability/computability-theory/complete-ce-sets.tex:9-10","translation/content/computability/computability-theory/complete-ce-sets.tex:9-10","OLP-0245-B004","","pending_coherent_reader_pagination","provisional_pending_optional_specialist_review_no_hold","Please double-check whether “గణనీయంకాని సమితి / ఆగే సమితి / స్వయంగా ఆగే సమితి / సంయోగం, ఛేదనం కింద సంవృతత / పూరకం / అనేకం-ఒకటి తగ్గింపు, తగ్గించదగినత / ఒకటి-ఒకటి తగ్గించదగినత / ట్యూరింగ్ తగ్గించదగినత / సంపూర్ణ గణనీయంగా లెక్కించదగిన సమితి / ఒరాకిల్ / సర్వనిర్వచితత్వం / సూచిక సమితి / రైస్ సిద్ధాంతం / స్థిరబిందు సిద్ధాంతం / స్వీయ-సూచన” is idiomatic and technically standard for “non-computable set / halting set / self-halting set / closure under union and intersection / complement / many-one reduction and reducibility / one-one reducibility / Turing reducibility / complete computably enumerable set / oracle / totality / index set / Rice's theorem / fixed-point theorem / self-reference” in Telugu logic/mathematics across Andhra Pradesh and Telangana. If not, what exact replacement should be used while leaving the displayed definition, formulas and source scope unchanged?"
"REV-TE-T067","terminology_or_sense_decision","high","mixed_provisional","non-computable set / halting set / self-halting set / closure under union and intersection / complement / many-one reduction and reducibility / one-one reducibility / Turing reducibility / complete computably enumerable set / oracle / totality / index set / Rice's theorem / fixed-point theorem / self-reference","గణనీయంకాని సమితి / ఆగే సమితి / స్వయంగా ఆగే సమితి / సంయోగం, ఛేదనం కింద సంవృతత / పూరకం / అనేకం-ఒకటి తగ్గింపు, తగ్గించదగినత / ఒకటి-ఒకటి తగ్గించదగినత / ట్యూరింగ్ తగ్గించదగినత / సంపూర్ణ గణనీయంగా లెక్కించదగిన సమితి / ఒరాకిల్ / సర్వనిర్వచితత్వం / సూచిక సమితి / రైస్ సిద్ధాంతం / స్థిరబిందు సిద్ధాంతం / స్వీయ-సూచన","Telugu","Telu","te-Telu-IN","OLP-0246","computability/computability-theory/k-1","content/computability/computability-theory/k-1.tex","translation/content/computability/computability-theory/k-1.tex","content/computability/computability-theory/k-1.tex:30-45","translation/content/computability/computability-theory/k-1.tex:29-43","OLP-0246-B009","","pending_coherent_reader_pagination","provisional_pending_optional_specialist_review_no_hold","Please double-check whether “గణనీయంకాని సమితి / ఆగే సమితి / స్వయంగా ఆగే సమితి / సంయోగం, ఛేదనం కింద సంవృతత / పూరకం / అనేకం-ఒకటి తగ్గింపు, తగ్గించదగినత / ఒకటి-ఒకటి తగ్గించదగినత / ట్యూరింగ్ తగ్గించదగినత / సంపూర్ణ గణనీయంగా లెక్కించదగిన సమితి / ఒరాకిల్ / సర్వనిర్వచితత్వం / సూచిక సమితి / రైస్ సిద్ధాంతం / స్థిరబిందు సిద్ధాంతం / స్వీయ-సూచన” is idiomatic and technically standard for “non-computable set / halting set / self-halting set / closure under union and intersection / complement / many-one reduction and reducibility / one-one reducibility / Turing reducibility / complete computably enumerable set / oracle / totality / index set / Rice's theorem / fixed-point theorem / self-reference” in Telugu logic/mathematics across Andhra Pradesh and Telangana. If not, what exact replacement should be used while leaving the displayed definition, formulas and source scope unchanged?"
"REV-TE-T067","terminology_or_sense_decision","high","mixed_provisional","non-computable set / halting set / self-halting set / closure under union and intersection / complement / many-one reduction and reducibility / one-one reducibility / Turing reducibility / complete computably enumerable set / oracle / totality / index set / Rice's theorem / fixed-point theorem / self-reference","గణనీయంకాని సమితి / ఆగే సమితి / స్వయంగా ఆగే సమితి / సంయోగం, ఛేదనం కింద సంవృతత / పూరకం / అనేకం-ఒకటి తగ్గింపు, తగ్గించదగినత / ఒకటి-ఒకటి తగ్గించదగినత / ట్యూరింగ్ తగ్గించదగినత / సంపూర్ణ గణనీయంగా లెక్కించదగిన సమితి / ఒరాకిల్ / సర్వనిర్వచితత్వం / సూచిక సమితి / రైస్ సిద్ధాంతం / స్థిరబిందు సిద్ధాంతం / స్వీయ-సూచన","Telugu","Telu","te-Telu-IN","OLP-0247","computability/computability-theory/total","content/computability/computability-theory/total.tex","translation/content/computability/computability-theory/total.tex","content/computability/computability-theory/total.tex:9-10","translation/content/computability/computability-theory/total.tex:9-10","OLP-0247-B004","","pending_coherent_reader_pagination","provisional_pending_optional_specialist_review_no_hold","Please double-check whether “గణనీయంకాని సమితి / ఆగే సమితి / స్వయంగా ఆగే సమితి / సంయోగం, ఛేదనం కింద సంవృతత / పూరకం / అనేకం-ఒకటి తగ్గింపు, తగ్గించదగినత / ఒకటి-ఒకటి తగ్గించదగినత / ట్యూరింగ్ తగ్గించదగినత / సంపూర్ణ గణనీయంగా లెక్కించదగిన సమితి / ఒరాకిల్ / సర్వనిర్వచితత్వం / సూచిక సమితి / రైస్ సిద్ధాంతం / స్థిరబిందు సిద్ధాంతం / స్వీయ-సూచన” is idiomatic and technically standard for “non-computable set / halting set / self-halting set / closure under union and intersection / complement / many-one reduction and reducibility / one-one reducibility / Turing reducibility / complete computably enumerable set / oracle / totality / index set / Rice's theorem / fixed-point theorem / self-reference” in Telugu logic/mathematics across Andhra Pradesh and Telangana. If not, what exact replacement should be used while leaving the displayed definition, formulas and source scope unchanged?"
"REV-TE-T067","terminology_or_sense_decision","high","mixed_provisional","non-computable set / halting set / self-halting set / closure under union and intersection / complement / many-one reduction and reducibility / one-one reducibility / Turing reducibility / complete computably enumerable set / oracle / totality / index set / Rice's theorem / fixed-point theorem / self-reference","గణనీయంకాని సమితి / ఆగే సమితి / స్వయంగా ఆగే సమితి / సంయోగం, ఛేదనం కింద సంవృతత / పూరకం / అనేకం-ఒకటి తగ్గింపు, తగ్గించదగినత / ఒకటి-ఒకటి తగ్గించదగినత / ట్యూరింగ్ తగ్గించదగినత / సంపూర్ణ గణనీయంగా లెక్కించదగిన సమితి / ఒరాకిల్ / సర్వనిర్వచితత్వం / సూచిక సమితి / రైస్ సిద్ధాంతం / స్థిరబిందు సిద్ధాంతం / స్వీయ-సూచన","Telugu","Telu","te-Telu-IN","OLP-0248","computability/computability-theory/rice-theorem","content/computability/computability-theory/rice-theorem.tex","translation/content/computability/computability-theory/rice-theorem.tex","content/computability/computability-theory/rice-theorem.tex:23-28","translation/content/computability/computability-theory/rice-theorem.tex:23-27","OLP-0248-B007","","pending_coherent_reader_pagination","provisional_pending_optional_specialist_review_no_hold","Please double-check whether “గణనీయంకాని సమితి / ఆగే సమితి / స్వయంగా ఆగే సమితి / సంయోగం, ఛేదనం కింద సంవృతత / పూరకం / అనేకం-ఒకటి తగ్గింపు, తగ్గించదగినత / ఒకటి-ఒకటి తగ్గించదగినత / ట్యూరింగ్ తగ్గించదగినత / సంపూర్ణ గణనీయంగా లెక్కించదగిన సమితి / ఒరాకిల్ / సర్వనిర్వచితత్వం / సూచిక సమితి / రైస్ సిద్ధాంతం / స్థిరబిందు సిద్ధాంతం / స్వీయ-సూచన” is idiomatic and technically standard for “non-computable set / halting set / self-halting set / closure under union and intersection / complement / many-one reduction and reducibility / one-one reducibility / Turing reducibility / complete computably enumerable set / oracle / totality / index set / Rice's theorem / fixed-point theorem / self-reference” in Telugu logic/mathematics across Andhra Pradesh and Telangana. If not, what exact replacement should be used while leaving the displayed definition, formulas and source scope unchanged?"
"REV-TE-T067","terminology_or_sense_decision","high","mixed_provisional","non-computable set / halting set / self-halting set / closure under union and intersection / complement / many-one reduction and reducibility / one-one reducibility / Turing reducibility / complete computably enumerable set / oracle / totality / index set / Rice's theorem / fixed-point theorem / self-reference","గణనీయంకాని సమితి / ఆగే సమితి / స్వయంగా ఆగే సమితి / సంయోగం, ఛేదనం కింద సంవృతత / పూరకం / అనేకం-ఒకటి తగ్గింపు, తగ్గించదగినత / ఒకటి-ఒకటి తగ్గించదగినత / ట్యూరింగ్ తగ్గించదగినత / సంపూర్ణ గణనీయంగా లెక్కించదగిన సమితి / ఒరాకిల్ / సర్వనిర్వచితత్వం / సూచిక సమితి / రైస్ సిద్ధాంతం / స్థిరబిందు సిద్ధాంతం / స్వీయ-సూచన","Telugu","Telu","te-Telu-IN","OLP-0248","computability/computability-theory/rice-theorem","content/computability/computability-theory/rice-theorem.tex","translation/content/computability/computability-theory/rice-theorem.tex","content/computability/computability-theory/rice-theorem.tex:30-35","translation/content/computability/computability-theory/rice-theorem.tex:29-33","OLP-0248-B008","","pending_coherent_reader_pagination","provisional_pending_optional_specialist_review_no_hold","Please double-check whether “గణనీయంకాని సమితి / ఆగే సమితి / స్వయంగా ఆగే సమితి / సంయోగం, ఛేదనం కింద సంవృతత / పూరకం / అనేకం-ఒకటి తగ్గింపు, తగ్గించదగినత / ఒకటి-ఒకటి తగ్గించదగినత / ట్యూరింగ్ తగ్గించదగినత / సంపూర్ణ గణనీయంగా లెక్కించదగిన సమితి / ఒరాకిల్ / సర్వనిర్వచితత్వం / సూచిక సమితి / రైస్ సిద్ధాంతం / స్థిరబిందు సిద్ధాంతం / స్వీయ-సూచన” is idiomatic and technically standard for “non-computable set / halting set / self-halting set / closure under union and intersection / complement / many-one reduction and reducibility / one-one reducibility / Turing reducibility / complete computably enumerable set / oracle / totality / index set / Rice's theorem / fixed-point theorem / self-reference” in Telugu logic/mathematics across Andhra Pradesh and Telangana. If not, what exact replacement should be used while leaving the displayed definition, formulas and source scope unchanged?"
"REV-TE-T067","terminology_or_sense_decision","high","mixed_provisional","non-computable set / halting set / self-halting set / closure under union and intersection / complement / many-one reduction and reducibility / one-one reducibility / Turing reducibility / complete computably enumerable set / oracle / totality / index set / Rice's theorem / fixed-point theorem / self-reference","గణనీయంకాని సమితి / ఆగే సమితి / స్వయంగా ఆగే సమితి / సంయోగం, ఛేదనం కింద సంవృతత / పూరకం / అనేకం-ఒకటి తగ్గింపు, తగ్గించదగినత / ఒకటి-ఒకటి తగ్గించదగినత / ట్యూరింగ్ తగ్గించదగినత / సంపూర్ణ గణనీయంగా లెక్కించదగిన సమితి / ఒరాకిల్ / సర్వనిర్వచితత్వం / సూచిక సమితి / రైస్ సిద్ధాంతం / స్థిరబిందు సిద్ధాంతం / స్వీయ-సూచన","Telugu","Telu","te-Telu-IN","OLP-0249","computability/computability-theory/fixed-point-thm","content/computability/computability-theory/fixed-point-thm.tex","translation/content/computability/computability-theory/fixed-point-thm.tex","content/computability/computability-theory/fixed-point-thm.tex:9-10","translation/content/computability/computability-theory/fixed-point-thm.tex:9-10","OLP-0249-B004","","pending_coherent_reader_pagination","provisional_pending_optional_specialist_review_no_hold","Please double-check whether “గణనీయంకాని సమితి / ఆగే సమితి / స్వయంగా ఆగే సమితి / సంయోగం, ఛేదనం కింద సంవృతత / పూరకం / అనేకం-ఒకటి తగ్గింపు, తగ్గించదగినత / ఒకటి-ఒకటి తగ్గించదగినత / ట్యూరింగ్ తగ్గించదగినత / సంపూర్ణ గణనీయంగా లెక్కించదగిన సమితి / ఒరాకిల్ / సర్వనిర్వచితత్వం / సూచిక సమితి / రైస్ సిద్ధాంతం / స్థిరబిందు సిద్ధాంతం / స్వీయ-సూచన” is idiomatic and technically standard for “non-computable set / halting set / self-halting set / closure under union and intersection / complement / many-one reduction and reducibility / one-one reducibility / Turing reducibility / complete computably enumerable set / oracle / totality / index set / Rice's theorem / fixed-point theorem / self-reference” in Telugu logic/mathematics across Andhra Pradesh and Telangana. If not, what exact replacement should be used while leaving the displayed definition, formulas and source scope unchanged?"
"REV-TE-T067","terminology_or_sense_decision","high","mixed_provisional","non-computable set / halting set / self-halting set / closure under union and intersection / complement / many-one reduction and reducibility / one-one reducibility / Turing reducibility / complete computably enumerable set / oracle / totality / index set / Rice's theorem / fixed-point theorem / self-reference","గణనీయంకాని సమితి / ఆగే సమితి / స్వయంగా ఆగే సమితి / సంయోగం, ఛేదనం కింద సంవృతత / పూరకం / అనేకం-ఒకటి తగ్గింపు, తగ్గించదగినత / ఒకటి-ఒకటి తగ్గించదగినత / ట్యూరింగ్ తగ్గించదగినత / సంపూర్ణ గణనీయంగా లెక్కించదగిన సమితి / ఒరాకిల్ / సర్వనిర్వచితత్వం / సూచిక సమితి / రైస్ సిద్ధాంతం / స్థిరబిందు సిద్ధాంతం / స్వీయ-సూచన","Telugu","Telu","te-Telu-IN","OLP-0251","computability/computability-theory/def-functions-self-reference","content/computability/computability-theory/def-functions-self-reference.tex","translation/content/computability/computability-theory/def-functions-self-reference.tex","content/computability/computability-theory/def-functions-self-reference.tex:9-10","translation/content/computability/computability-theory/def-functions-self-reference.tex:9-10","OLP-0251-B004","","pending_coherent_reader_pagination","provisional_pending_optional_specialist_review_no_hold","Please double-check whether “గణనీయంకాని సమితి / ఆగే సమితి / స్వయంగా ఆగే సమితి / సంయోగం, ఛేదనం కింద సంవృతత / పూరకం / అనేకం-ఒకటి తగ్గింపు, తగ్గించదగినత / ఒకటి-ఒకటి తగ్గించదగినత / ట్యూరింగ్ తగ్గించదగినత / సంపూర్ణ గణనీయంగా లెక్కించదగిన సమితి / ఒరాకిల్ / సర్వనిర్వచితత్వం / సూచిక సమితి / రైస్ సిద్ధాంతం / స్థిరబిందు సిద్ధాంతం / స్వీయ-సూచన” is idiomatic and technically standard for “non-computable set / halting set / self-halting set / closure under union and intersection / complement / many-one reduction and reducibility / one-one reducibility / Turing reducibility / complete computably enumerable set / oracle / totality / index set / Rice's theorem / fixed-point theorem / self-reference” in Telugu logic/mathematics across Andhra Pradesh and Telangana. If not, what exact replacement should be used while leaving the displayed definition, formulas and source scope unchanged?"
"REV-TE-T068","terminology_or_sense_decision","high","mixed_provisional","Turing machine / Turing-machine computation / model of computation / tape / read-write head / square / state / state diagram / configuration / run / alphabet / instruction set / transition function / initial state / halting state / reject state / unary representation / doubler / disciplined machine / combined machine / nondeterministic Turing machine / effective procedure / Church--Turing thesis / pseudocode","ట్యూరింగ్ యంత్రం / ట్యూరింగ్ యంత్ర గణన / గణనా నమూనా / టేపు / చదువు--వ్రాత శీర్షం / గడి / స్థితి / స్థితి రేఖాచిత్రం / స్థితివిన్యాసం / నడక / వర్ణమాల / నిర్దేశ సమితి / సంక్రమణ ప్రమేయం / ప్రారంభ స్థితి / ఆగే స్థితి / తిరస్కరణ స్థితి / ఏకాంక ప్రాతినిధ్యం / ద్విగుణక యంత్రం / క్రమశిక్షిత యంత్రం / సంయుక్త యంత్రం / అనిర్ణీత ట్యూరింగ్ యంత్రం / ప్రభావక ప్రక్రియ / చర్చ్--ట్యూరింగ్ సిద్ధాంతప్రతిపాదన / సూడోకోడ్","Telugu","Telu","te-Telu-IN","OLP-0254","turing-machines/machines-computations/introduction","content/turing-machines/machines-computations/introduction.tex","translation/content/turing-machines/machines-computations/introduction.tex","content/turing-machines/machines-computations/introduction.tex:12-27","translation/content/turing-machines/machines-computations/introduction.tex:12-25","OLP-0254-B005","","pending_coherent_reader_pagination","provisional_pending_optional_specialist_review_no_hold","Please double-check whether “ట్యూరింగ్ యంత్రం / ట్యూరింగ్ యంత్ర గణన / గణనా నమూనా / టేపు / చదువు--వ్రాత శీర్షం / గడి / స్థితి / స్థితి రేఖాచిత్రం / స్థితివిన్యాసం / నడక / వర్ణమాల / నిర్దేశ సమితి / సంక్రమణ ప్రమేయం / ప్రారంభ స్థితి / ఆగే స్థితి / తిరస్కరణ స్థితి / ఏకాంక ప్రాతినిధ్యం / ద్విగుణక యంత్రం / క్రమశిక్షిత యంత్రం / సంయుక్త యంత్రం / అనిర్ణీత ట్యూరింగ్ యంత్రం / ప్రభావక ప్రక్రియ / చర్చ్--ట్యూరింగ్ సిద్ధాంతప్రతిపాదన / సూడోకోడ్” is idiomatic and technically standard for “Turing machine / Turing-machine computation / model of computation / tape / read-write head / square / state / state diagram / configuration / run / alphabet / instruction set / transition function / initial state / halting state / reject state / unary representation / doubler / disciplined machine / combined machine / nondeterministic Turing machine / effective procedure / Church--Turing thesis / pseudocode” in Telugu logic/mathematics across Andhra Pradesh and Telangana. If not, what exact replacement should be used while leaving the displayed definition, formulas and source scope unchanged?"
"REV-TE-T068","terminology_or_sense_decision","high","mixed_provisional","Turing machine / Turing-machine computation / model of computation / tape / read-write head / square / state / state diagram / configuration / run / alphabet / instruction set / transition function / initial state / halting state / reject state / unary representation / doubler / disciplined machine / combined machine / nondeterministic Turing machine / effective procedure / Church--Turing thesis / pseudocode","ట్యూరింగ్ యంత్రం / ట్యూరింగ్ యంత్ర గణన / గణనా నమూనా / టేపు / చదువు--వ్రాత శీర్షం / గడి / స్థితి / స్థితి రేఖాచిత్రం / స్థితివిన్యాసం / నడక / వర్ణమాల / నిర్దేశ సమితి / సంక్రమణ ప్రమేయం / ప్రారంభ స్థితి / ఆగే స్థితి / తిరస్కరణ స్థితి / ఏకాంక ప్రాతినిధ్యం / ద్విగుణక యంత్రం / క్రమశిక్షిత యంత్రం / సంయుక్త యంత్రం / అనిర్ణీత ట్యూరింగ్ యంత్రం / ప్రభావక ప్రక్రియ / చర్చ్--ట్యూరింగ్ సిద్ధాంతప్రతిపాదన / సూడోకోడ్","Telugu","Telu","te-Telu-IN","OLP-0255","turing-machines/machines-computations/representing-tms","content/turing-machines/machines-computations/representing-tms.tex","translation/content/turing-machines/machines-computations/representing-tms.tex","content/turing-machines/machines-computations/representing-tms.tex:12-23","translation/content/turing-machines/machines-computations/representing-tms.tex:12-22","OLP-0255-B005","","pending_coherent_reader_pagination","provisional_pending_optional_specialist_review_no_hold","Please double-check whether “ట్యూరింగ్ యంత్రం / ట్యూరింగ్ యంత్ర గణన / గణనా నమూనా / టేపు / చదువు--వ్రాత శీర్షం / గడి / స్థితి / స్థితి రేఖాచిత్రం / స్థితివిన్యాసం / నడక / వర్ణమాల / నిర్దేశ సమితి / సంక్రమణ ప్రమేయం / ప్రారంభ స్థితి / ఆగే స్థితి / తిరస్కరణ స్థితి / ఏకాంక ప్రాతినిధ్యం / ద్విగుణక యంత్రం / క్రమశిక్షిత యంత్రం / సంయుక్త యంత్రం / అనిర్ణీత ట్యూరింగ్ యంత్రం / ప్రభావక ప్రక్రియ / చర్చ్--ట్యూరింగ్ సిద్ధాంతప్రతిపాదన / సూడోకోడ్” is idiomatic and technically standard for “Turing machine / Turing-machine computation / model of computation / tape / read-write head / square / state / state diagram / configuration / run / alphabet / instruction set / transition function / initial state / halting state / reject state / unary representation / doubler / disciplined machine / combined machine / nondeterministic Turing machine / effective procedure / Church--Turing thesis / pseudocode” in Telugu logic/mathematics across Andhra Pradesh and Telangana. If not, what exact replacement should be used while leaving the displayed definition, formulas and source scope unchanged?"
"REV-TE-T068","terminology_or_sense_decision","high","mixed_provisional","Turing machine / Turing-machine computation / model of computation / tape / read-write head / square / state / state diagram / configuration / run / alphabet / instruction set / transition function / initial state / halting state / reject state / unary representation / doubler / disciplined machine / combined machine / nondeterministic Turing machine / effective procedure / Church--Turing thesis / pseudocode","ట్యూరింగ్ యంత్రం / ట్యూరింగ్ యంత్ర గణన / గణనా నమూనా / టేపు / చదువు--వ్రాత శీర్షం / గడి / స్థితి / స్థితి రేఖాచిత్రం / స్థితివిన్యాసం / నడక / వర్ణమాల / నిర్దేశ సమితి / సంక్రమణ ప్రమేయం / ప్రారంభ స్థితి / ఆగే స్థితి / తిరస్కరణ స్థితి / ఏకాంక ప్రాతినిధ్యం / ద్విగుణక యంత్రం / క్రమశిక్షిత యంత్రం / సంయుక్త యంత్రం / అనిర్ణీత ట్యూరింగ్ యంత్రం / ప్రభావక ప్రక్రియ / చర్చ్--ట్యూరింగ్ సిద్ధాంతప్రతిపాదన / సూడోకోడ్","Telugu","Telu","te-Telu-IN","OLP-0256","turing-machines/machines-computations/turing-machines","content/turing-machines/machines-computations/turing-machines.tex","translation/content/turing-machines/machines-computations/turing-machines.tex","content/turing-machines/machines-computations/turing-machines.tex:22-35","translation/content/turing-machines/machines-computations/turing-machines.tex:21-32","OLP-0256-B006","","pending_coherent_reader_pagination","provisional_pending_optional_specialist_review_no_hold","Please double-check whether “ట్యూరింగ్ యంత్రం / ట్యూరింగ్ యంత్ర గణన / గణనా నమూనా / టేపు / చదువు--వ్రాత శీర్షం / గడి / స్థితి / స్థితి రేఖాచిత్రం / స్థితివిన్యాసం / నడక / వర్ణమాల / నిర్దేశ సమితి / సంక్రమణ ప్రమేయం / ప్రారంభ స్థితి / ఆగే స్థితి / తిరస్కరణ స్థితి / ఏకాంక ప్రాతినిధ్యం / ద్విగుణక యంత్రం / క్రమశిక్షిత యంత్రం / సంయుక్త యంత్రం / అనిర్ణీత ట్యూరింగ్ యంత్రం / ప్రభావక ప్రక్రియ / చర్చ్--ట్యూరింగ్ సిద్ధాంతప్రతిపాదన / సూడోకోడ్” is idiomatic and technically standard for “Turing machine / Turing-machine computation / model of computation / tape / read-write head / square / state / state diagram / configuration / run / alphabet / instruction set / transition function / initial state / halting state / reject state / unary representation / doubler / disciplined machine / combined machine / nondeterministic Turing machine / effective procedure / Church--Turing thesis / pseudocode” in Telugu logic/mathematics across Andhra Pradesh and Telangana. If not, what exact replacement should be used while leaving the displayed definition, formulas and source scope unchanged?"
"REV-TE-T068","terminology_or_sense_decision","high","mixed_provisional","Turing machine / Turing-machine computation / model of computation / tape / read-write head / square / state / state diagram / configuration / run / alphabet / instruction set / transition function / initial state / halting state / reject state / unary representation / doubler / disciplined machine / combined machine / nondeterministic Turing machine / effective procedure / Church--Turing thesis / pseudocode","ట్యూరింగ్ యంత్రం / ట్యూరింగ్ యంత్ర గణన / గణనా నమూనా / టేపు / చదువు--వ్రాత శీర్షం / గడి / స్థితి / స్థితి రేఖాచిత్రం / స్థితివిన్యాసం / నడక / వర్ణమాల / నిర్దేశ సమితి / సంక్రమణ ప్రమేయం / ప్రారంభ స్థితి / ఆగే స్థితి / తిరస్కరణ స్థితి / ఏకాంక ప్రాతినిధ్యం / ద్విగుణక యంత్రం / క్రమశిక్షిత యంత్రం / సంయుక్త యంత్రం / అనిర్ణీత ట్యూరింగ్ యంత్రం / ప్రభావక ప్రక్రియ / చర్చ్--ట్యూరింగ్ సిద్ధాంతప్రతిపాదన / సూడోకోడ్","Telugu","Telu","te-Telu-IN","OLP-0257","turing-machines/machines-computations/configuration","content/turing-machines/machines-computations/configuration.tex","translation/content/turing-machines/machines-computations/configuration.tex","content/turing-machines/machines-computations/configuration.tex:25-38","translation/content/turing-machines/machines-computations/configuration.tex:24-36","OLP-0257-B006","","pending_coherent_reader_pagination","provisional_pending_optional_specialist_review_no_hold","Please double-check whether “ట్యూరింగ్ యంత్రం / ట్యూరింగ్ యంత్ర గణన / గణనా నమూనా / టేపు / చదువు--వ్రాత శీర్షం / గడి / స్థితి / స్థితి రేఖాచిత్రం / స్థితివిన్యాసం / నడక / వర్ణమాల / నిర్దేశ సమితి / సంక్రమణ ప్రమేయం / ప్రారంభ స్థితి / ఆగే స్థితి / తిరస్కరణ స్థితి / ఏకాంక ప్రాతినిధ్యం / ద్విగుణక యంత్రం / క్రమశిక్షిత యంత్రం / సంయుక్త యంత్రం / అనిర్ణీత ట్యూరింగ్ యంత్రం / ప్రభావక ప్రక్రియ / చర్చ్--ట్యూరింగ్ సిద్ధాంతప్రతిపాదన / సూడోకోడ్” is idiomatic and technically standard for “Turing machine / Turing-machine computation / model of computation / tape / read-write head / square / state / state diagram / configuration / run / alphabet / instruction set / transition function / initial state / halting state / reject state / unary representation / doubler / disciplined machine / combined machine / nondeterministic Turing machine / effective procedure / Church--Turing thesis / pseudocode” in Telugu logic/mathematics across Andhra Pradesh and Telangana. If not, what exact replacement should be used while leaving the displayed definition, formulas and source scope unchanged?"
"REV-TE-T068","terminology_or_sense_decision","high","mixed_provisional","Turing machine / Turing-machine computation / model of computation / tape / read-write head / square / state / state diagram / configuration / run / alphabet / instruction set / transition function / initial state / halting state / reject state / unary representation / doubler / disciplined machine / combined machine / nondeterministic Turing machine / effective procedure / Church--Turing thesis / pseudocode","ట్యూరింగ్ యంత్రం / ట్యూరింగ్ యంత్ర గణన / గణనా నమూనా / టేపు / చదువు--వ్రాత శీర్షం / గడి / స్థితి / స్థితి రేఖాచిత్రం / స్థితివిన్యాసం / నడక / వర్ణమాల / నిర్దేశ సమితి / సంక్రమణ ప్రమేయం / ప్రారంభ స్థితి / ఆగే స్థితి / తిరస్కరణ స్థితి / ఏకాంక ప్రాతినిధ్యం / ద్విగుణక యంత్రం / క్రమశిక్షిత యంత్రం / సంయుక్త యంత్రం / అనిర్ణీత ట్యూరింగ్ యంత్రం / ప్రభావక ప్రక్రియ / చర్చ్--ట్యూరింగ్ సిద్ధాంతప్రతిపాదన / సూడోకోడ్","Telugu","Telu","te-Telu-IN","OLP-0257","turing-machines/machines-computations/configuration","content/turing-machines/machines-computations/configuration.tex","translation/content/turing-machines/machines-computations/configuration.tex","content/turing-machines/machines-computations/configuration.tex:84-87","translation/content/turing-machines/machines-computations/configuration.tex:82-87","OLP-0257-B011","","pending_coherent_reader_pagination","provisional_pending_optional_specialist_review_no_hold","Please double-check whether “ట్యూరింగ్ యంత్రం / ట్యూరింగ్ యంత్ర గణన / గణనా నమూనా / టేపు / చదువు--వ్రాత శీర్షం / గడి / స్థితి / స్థితి రేఖాచిత్రం / స్థితివిన్యాసం / నడక / వర్ణమాల / నిర్దేశ సమితి / సంక్రమణ ప్రమేయం / ప్రారంభ స్థితి / ఆగే స్థితి / తిరస్కరణ స్థితి / ఏకాంక ప్రాతినిధ్యం / ద్విగుణక యంత్రం / క్రమశిక్షిత యంత్రం / సంయుక్త యంత్రం / అనిర్ణీత ట్యూరింగ్ యంత్రం / ప్రభావక ప్రక్రియ / చర్చ్--ట్యూరింగ్ సిద్ధాంతప్రతిపాదన / సూడోకోడ్” is idiomatic and technically standard for “Turing machine / Turing-machine computation / model of computation / tape / read-write head / square / state / state diagram / configuration / run / alphabet / instruction set / transition function / initial state / halting state / reject state / unary representation / doubler / disciplined machine / combined machine / nondeterministic Turing machine / effective procedure / Church--Turing thesis / pseudocode” in Telugu logic/mathematics across Andhra Pradesh and Telangana. If not, what exact replacement should be used while leaving the displayed definition, formulas and source scope unchanged?"
"REV-TE-T068","terminology_or_sense_decision","high","mixed_provisional","Turing machine / Turing-machine computation / model of computation / tape / read-write head / square / state / state diagram / configuration / run / alphabet / instruction set / transition function / initial state / halting state / reject state / unary representation / doubler / disciplined machine / combined machine / nondeterministic Turing machine / effective procedure / Church--Turing thesis / pseudocode","ట్యూరింగ్ యంత్రం / ట్యూరింగ్ యంత్ర గణన / గణనా నమూనా / టేపు / చదువు--వ్రాత శీర్షం / గడి / స్థితి / స్థితి రేఖాచిత్రం / స్థితివిన్యాసం / నడక / వర్ణమాల / నిర్దేశ సమితి / సంక్రమణ ప్రమేయం / ప్రారంభ స్థితి / ఆగే స్థితి / తిరస్కరణ స్థితి / ఏకాంక ప్రాతినిధ్యం / ద్విగుణక యంత్రం / క్రమశిక్షిత యంత్రం / సంయుక్త యంత్రం / అనిర్ణీత ట్యూరింగ్ యంత్రం / ప్రభావక ప్రక్రియ / చర్చ్--ట్యూరింగ్ సిద్ధాంతప్రతిపాదన / సూడోకోడ్","Telugu","Telu","te-Telu-IN","OLP-0258","turing-machines/machines-computations/unary-numbers","content/turing-machines/machines-computations/unary-numbers.tex","translation/content/turing-machines/machines-computations/unary-numbers.tex","content/turing-machines/machines-computations/unary-numbers.tex:9-10","translation/content/turing-machines/machines-computations/unary-numbers.tex:9-10","OLP-0258-B004","","pending_coherent_reader_pagination","provisional_pending_optional_specialist_review_no_hold","Please double-check whether “ట్యూరింగ్ యంత్రం / ట్యూరింగ్ యంత్ర గణన / గణనా నమూనా / టేపు / చదువు--వ్రాత శీర్షం / గడి / స్థితి / స్థితి రేఖాచిత్రం / స్థితివిన్యాసం / నడక / వర్ణమాల / నిర్దేశ సమితి / సంక్రమణ ప్రమేయం / ప్రారంభ స్థితి / ఆగే స్థితి / తిరస్కరణ స్థితి / ఏకాంక ప్రాతినిధ్యం / ద్విగుణక యంత్రం / క్రమశిక్షిత యంత్రం / సంయుక్త యంత్రం / అనిర్ణీత ట్యూరింగ్ యంత్రం / ప్రభావక ప్రక్రియ / చర్చ్--ట్యూరింగ్ సిద్ధాంతప్రతిపాదన / సూడోకోడ్” is idiomatic and technically standard for “Turing machine / Turing-machine computation / model of computation / tape / read-write head / square / state / state diagram / configuration / run / alphabet / instruction set / transition function / initial state / halting state / reject state / unary representation / doubler / disciplined machine / combined machine / nondeterministic Turing machine / effective procedure / Church--Turing thesis / pseudocode” in Telugu logic/mathematics across Andhra Pradesh and Telangana. If not, what exact replacement should be used while leaving the displayed definition, formulas and source scope unchanged?"
"REV-TE-T068","terminology_or_sense_decision","high","mixed_provisional","Turing machine / Turing-machine computation / model of computation / tape / read-write head / square / state / state diagram / configuration / run / alphabet / instruction set / transition function / initial state / halting state / reject state / unary representation / doubler / disciplined machine / combined machine / nondeterministic Turing machine / effective procedure / Church--Turing thesis / pseudocode","ట్యూరింగ్ యంత్రం / ట్యూరింగ్ యంత్ర గణన / గణనా నమూనా / టేపు / చదువు--వ్రాత శీర్షం / గడి / స్థితి / స్థితి రేఖాచిత్రం / స్థితివిన్యాసం / నడక / వర్ణమాల / నిర్దేశ సమితి / సంక్రమణ ప్రమేయం / ప్రారంభ స్థితి / ఆగే స్థితి / తిరస్కరణ స్థితి / ఏకాంక ప్రాతినిధ్యం / ద్విగుణక యంత్రం / క్రమశిక్షిత యంత్రం / సంయుక్త యంత్రం / అనిర్ణీత ట్యూరింగ్ యంత్రం / ప్రభావక ప్రక్రియ / చర్చ్--ట్యూరింగ్ సిద్ధాంతప్రతిపాదన / సూడోకోడ్","Telugu","Telu","te-Telu-IN","OLP-0259","turing-machines/machines-computations/halting-states","content/turing-machines/machines-computations/halting-states.tex","translation/content/turing-machines/machines-computations/halting-states.tex","content/turing-machines/machines-computations/halting-states.tex:12-16","translation/content/turing-machines/machines-computations/halting-states.tex:12-15","OLP-0259-B005","","pending_coherent_reader_pagination","provisional_pending_optional_specialist_review_no_hold","Please double-check whether “ట్యూరింగ్ యంత్రం / ట్యూరింగ్ యంత్ర గణన / గణనా నమూనా / టేపు / చదువు--వ్రాత శీర్షం / గడి / స్థితి / స్థితి రేఖాచిత్రం / స్థితివిన్యాసం / నడక / వర్ణమాల / నిర్దేశ సమితి / సంక్రమణ ప్రమేయం / ప్రారంభ స్థితి / ఆగే స్థితి / తిరస్కరణ స్థితి / ఏకాంక ప్రాతినిధ్యం / ద్విగుణక యంత్రం / క్రమశిక్షిత యంత్రం / సంయుక్త యంత్రం / అనిర్ణీత ట్యూరింగ్ యంత్రం / ప్రభావక ప్రక్రియ / చర్చ్--ట్యూరింగ్ సిద్ధాంతప్రతిపాదన / సూడోకోడ్” is idiomatic and technically standard for “Turing machine / Turing-machine computation / model of computation / tape / read-write head / square / state / state diagram / configuration / run / alphabet / instruction set / transition function / initial state / halting state / reject state / unary representation / doubler / disciplined machine / combined machine / nondeterministic Turing machine / effective procedure / Church--Turing thesis / pseudocode” in Telugu logic/mathematics across Andhra Pradesh and Telangana. If not, what exact replacement should be used while leaving the displayed definition, formulas and source scope unchanged?"
"REV-TE-T068","terminology_or_sense_decision","high","mixed_provisional","Turing machine / Turing-machine computation / model of computation / tape / read-write head / square / state / state diagram / configuration / run / alphabet / instruction set / transition function / initial state / halting state / reject state / unary representation / doubler / disciplined machine / combined machine / nondeterministic Turing machine / effective procedure / Church--Turing thesis / pseudocode","ట్యూరింగ్ యంత్రం / ట్యూరింగ్ యంత్ర గణన / గణనా నమూనా / టేపు / చదువు--వ్రాత శీర్షం / గడి / స్థితి / స్థితి రేఖాచిత్రం / స్థితివిన్యాసం / నడక / వర్ణమాల / నిర్దేశ సమితి / సంక్రమణ ప్రమేయం / ప్రారంభ స్థితి / ఆగే స్థితి / తిరస్కరణ స్థితి / ఏకాంక ప్రాతినిధ్యం / ద్విగుణక యంత్రం / క్రమశిక్షిత యంత్రం / సంయుక్త యంత్రం / అనిర్ణీత ట్యూరింగ్ యంత్రం / ప్రభావక ప్రక్రియ / చర్చ్--ట్యూరింగ్ సిద్ధాంతప్రతిపాదన / సూడోకోడ్","Telugu","Telu","te-Telu-IN","OLP-0260","turing-machines/machines-computations/disciplined-machines","content/turing-machines/machines-computations/disciplined-machines.tex","translation/content/turing-machines/machines-computations/disciplined-machines.tex","content/turing-machines/machines-computations/disciplined-machines.tex:27-35","translation/content/turing-machines/machines-computations/disciplined-machines.tex:25-34","OLP-0260-B006","","pending_coherent_reader_pagination","provisional_pending_optional_specialist_review_no_hold","Please double-check whether “ట్యూరింగ్ యంత్రం / ట్యూరింగ్ యంత్ర గణన / గణనా నమూనా / టేపు / చదువు--వ్రాత శీర్షం / గడి / స్థితి / స్థితి రేఖాచిత్రం / స్థితివిన్యాసం / నడక / వర్ణమాల / నిర్దేశ సమితి / సంక్రమణ ప్రమేయం / ప్రారంభ స్థితి / ఆగే స్థితి / తిరస్కరణ స్థితి / ఏకాంక ప్రాతినిధ్యం / ద్విగుణక యంత్రం / క్రమశిక్షిత యంత్రం / సంయుక్త యంత్రం / అనిర్ణీత ట్యూరింగ్ యంత్రం / ప్రభావక ప్రక్రియ / చర్చ్--ట్యూరింగ్ సిద్ధాంతప్రతిపాదన / సూడోకోడ్” is idiomatic and technically standard for “Turing machine / Turing-machine computation / model of computation / tape / read-write head / square / state / state diagram / configuration / run / alphabet / instruction set / transition function / initial state / halting state / reject state / unary representation / doubler / disciplined machine / combined machine / nondeterministic Turing machine / effective procedure / Church--Turing thesis / pseudocode” in Telugu logic/mathematics across Andhra Pradesh and Telangana. If not, what exact replacement should be used while leaving the displayed definition, formulas and source scope unchanged?"
"REV-TE-T068","terminology_or_sense_decision","high","mixed_provisional","Turing machine / Turing-machine computation / model of computation / tape / read-write head / square / state / state diagram / configuration / run / alphabet / instruction set / transition function / initial state / halting state / reject state / unary representation / doubler / disciplined machine / combined machine / nondeterministic Turing machine / effective procedure / Church--Turing thesis / pseudocode","ట్యూరింగ్ యంత్రం / ట్యూరింగ్ యంత్ర గణన / గణనా నమూనా / టేపు / చదువు--వ్రాత శీర్షం / గడి / స్థితి / స్థితి రేఖాచిత్రం / స్థితివిన్యాసం / నడక / వర్ణమాల / నిర్దేశ సమితి / సంక్రమణ ప్రమేయం / ప్రారంభ స్థితి / ఆగే స్థితి / తిరస్కరణ స్థితి / ఏకాంక ప్రాతినిధ్యం / ద్విగుణక యంత్రం / క్రమశిక్షిత యంత్రం / సంయుక్త యంత్రం / అనిర్ణీత ట్యూరింగ్ యంత్రం / ప్రభావక ప్రక్రియ / చర్చ్--ట్యూరింగ్ సిద్ధాంతప్రతిపాదన / సూడోకోడ్","Telugu","Telu","te-Telu-IN","OLP-0261","turing-machines/machines-computations/combining-machines","content/turing-machines/machines-computations/combining-machines.tex","translation/content/turing-machines/machines-computations/combining-machines.tex","content/turing-machines/machines-computations/combining-machines.tex:25-50","translation/content/turing-machines/machines-computations/combining-machines.tex:23-48","OLP-0261-B006","","pending_coherent_reader_pagination","provisional_pending_optional_specialist_review_no_hold","Please double-check whether “ట్యూరింగ్ యంత్రం / ట్యూరింగ్ యంత్ర గణన / గణనా నమూనా / టేపు / చదువు--వ్రాత శీర్షం / గడి / స్థితి / స్థితి రేఖాచిత్రం / స్థితివిన్యాసం / నడక / వర్ణమాల / నిర్దేశ సమితి / సంక్రమణ ప్రమేయం / ప్రారంభ స్థితి / ఆగే స్థితి / తిరస్కరణ స్థితి / ఏకాంక ప్రాతినిధ్యం / ద్విగుణక యంత్రం / క్రమశిక్షిత యంత్రం / సంయుక్త యంత్రం / అనిర్ణీత ట్యూరింగ్ యంత్రం / ప్రభావక ప్రక్రియ / చర్చ్--ట్యూరింగ్ సిద్ధాంతప్రతిపాదన / సూడోకోడ్” is idiomatic and technically standard for “Turing machine / Turing-machine computation / model of computation / tape / read-write head / square / state / state diagram / configuration / run / alphabet / instruction set / transition function / initial state / halting state / reject state / unary representation / doubler / disciplined machine / combined machine / nondeterministic Turing machine / effective procedure / Church--Turing thesis / pseudocode” in Telugu logic/mathematics across Andhra Pradesh and Telangana. If not, what exact replacement should be used while leaving the displayed definition, formulas and source scope unchanged?"
"REV-TE-T068","terminology_or_sense_decision","high","mixed_provisional","Turing machine / Turing-machine computation / model of computation / tape / read-write head / square / state / state diagram / configuration / run / alphabet / instruction set / transition function / initial state / halting state / reject state / unary representation / doubler / disciplined machine / combined machine / nondeterministic Turing machine / effective procedure / Church--Turing thesis / pseudocode","ట్యూరింగ్ యంత్రం / ట్యూరింగ్ యంత్ర గణన / గణనా నమూనా / టేపు / చదువు--వ్రాత శీర్షం / గడి / స్థితి / స్థితి రేఖాచిత్రం / స్థితివిన్యాసం / నడక / వర్ణమాల / నిర్దేశ సమితి / సంక్రమణ ప్రమేయం / ప్రారంభ స్థితి / ఆగే స్థితి / తిరస్కరణ స్థితి / ఏకాంక ప్రాతినిధ్యం / ద్విగుణక యంత్రం / క్రమశిక్షిత యంత్రం / సంయుక్త యంత్రం / అనిర్ణీత ట్యూరింగ్ యంత్రం / ప్రభావక ప్రక్రియ / చర్చ్--ట్యూరింగ్ సిద్ధాంతప్రతిపాదన / సూడోకోడ్","Telugu","Telu","te-Telu-IN","OLP-0262","turing-machines/machines-computations/variants","content/turing-machines/machines-computations/variants.tex","translation/content/turing-machines/machines-computations/variants.tex","content/turing-machines/machines-computations/variants.tex:29-39","translation/content/turing-machines/machines-computations/variants.tex:27-36","OLP-0262-B006","","pending_coherent_reader_pagination","provisional_pending_optional_specialist_review_no_hold","Please double-check whether “ట్యూరింగ్ యంత్రం / ట్యూరింగ్ యంత్ర గణన / గణనా నమూనా / టేపు / చదువు--వ్రాత శీర్షం / గడి / స్థితి / స్థితి రేఖాచిత్రం / స్థితివిన్యాసం / నడక / వర్ణమాల / నిర్దేశ సమితి / సంక్రమణ ప్రమేయం / ప్రారంభ స్థితి / ఆగే స్థితి / తిరస్కరణ స్థితి / ఏకాంక ప్రాతినిధ్యం / ద్విగుణక యంత్రం / క్రమశిక్షిత యంత్రం / సంయుక్త యంత్రం / అనిర్ణీత ట్యూరింగ్ యంత్రం / ప్రభావక ప్రక్రియ / చర్చ్--ట్యూరింగ్ సిద్ధాంతప్రతిపాదన / సూడోకోడ్” is idiomatic and technically standard for “Turing machine / Turing-machine computation / model of computation / tape / read-write head / square / state / state diagram / configuration / run / alphabet / instruction set / transition function / initial state / halting state / reject state / unary representation / doubler / disciplined machine / combined machine / nondeterministic Turing machine / effective procedure / Church--Turing thesis / pseudocode” in Telugu logic/mathematics across Andhra Pradesh and Telangana. If not, what exact replacement should be used while leaving the displayed definition, formulas and source scope unchanged?"
"REV-TE-T068","terminology_or_sense_decision","high","mixed_provisional","Turing machine / Turing-machine computation / model of computation / tape / read-write head / square / state / state diagram / configuration / run / alphabet / instruction set / transition function / initial state / halting state / reject state / unary representation / doubler / disciplined machine / combined machine / nondeterministic Turing machine / effective procedure / Church--Turing thesis / pseudocode","ట్యూరింగ్ యంత్రం / ట్యూరింగ్ యంత్ర గణన / గణనా నమూనా / టేపు / చదువు--వ్రాత శీర్షం / గడి / స్థితి / స్థితి రేఖాచిత్రం / స్థితివిన్యాసం / నడక / వర్ణమాల / నిర్దేశ సమితి / సంక్రమణ ప్రమేయం / ప్రారంభ స్థితి / ఆగే స్థితి / తిరస్కరణ స్థితి / ఏకాంక ప్రాతినిధ్యం / ద్విగుణక యంత్రం / క్రమశిక్షిత యంత్రం / సంయుక్త యంత్రం / అనిర్ణీత ట్యూరింగ్ యంత్రం / ప్రభావక ప్రక్రియ / చర్చ్--ట్యూరింగ్ సిద్ధాంతప్రతిపాదన / సూడోకోడ్","Telugu","Telu","te-Telu-IN","OLP-0263","turing-machines/machines-computations/church-turing-thesis","content/turing-machines/machines-computations/church-turing-thesis.tex","translation/content/turing-machines/machines-computations/church-turing-thesis.tex","content/turing-machines/machines-computations/church-turing-thesis.tex:12-21","translation/content/turing-machines/machines-computations/church-turing-thesis.tex:12-19","OLP-0263-B005","","pending_coherent_reader_pagination","provisional_pending_optional_specialist_review_no_hold","Please double-check whether “ట్యూరింగ్ యంత్రం / ట్యూరింగ్ యంత్ర గణన / గణనా నమూనా / టేపు / చదువు--వ్రాత శీర్షం / గడి / స్థితి / స్థితి రేఖాచిత్రం / స్థితివిన్యాసం / నడక / వర్ణమాల / నిర్దేశ సమితి / సంక్రమణ ప్రమేయం / ప్రారంభ స్థితి / ఆగే స్థితి / తిరస్కరణ స్థితి / ఏకాంక ప్రాతినిధ్యం / ద్విగుణక యంత్రం / క్రమశిక్షిత యంత్రం / సంయుక్త యంత్రం / అనిర్ణీత ట్యూరింగ్ యంత్రం / ప్రభావక ప్రక్రియ / చర్చ్--ట్యూరింగ్ సిద్ధాంతప్రతిపాదన / సూడోకోడ్” is idiomatic and technically standard for “Turing machine / Turing-machine computation / model of computation / tape / read-write head / square / state / state diagram / configuration / run / alphabet / instruction set / transition function / initial state / halting state / reject state / unary representation / doubler / disciplined machine / combined machine / nondeterministic Turing machine / effective procedure / Church--Turing thesis / pseudocode” in Telugu logic/mathematics across Andhra Pradesh and Telangana. If not, what exact replacement should be used while leaving the displayed definition, formulas and source scope unchanged?"
"REV-TE-T069","terminology_or_sense_decision","high","mixed_provisional","undecidability / enumeration of Turing machines / standard Turing machine / index / universal Turing machine / halting function and Halting Problem / decision problem / representation of computation / finite satisfiability / semi-decidability / Trakhtenbrot's theorem","అనిర్ణయనీయత / ట్యూరింగ్ యంత్రాల లెక్కింపు / ప్రామాణిక ట్యూరింగ్ యంత్రం / సూచిక / సార్వత్రిక ట్యూరింగ్ యంత్రం / ఆగే ప్రమేయం, ఆగే సమస్య / నిర్ణయ సమస్య / గణనకు మొదటిస్థాయి ప్రాతినిధ్యం / పరిమిత సంతృప్తిపరచదగినత / అర్ధ-నిర్ణయించదగినత / ట్రాఖ్టెన్‌బ్రోట్ సిద్ధాంతం","Telugu","Telu","te-Telu-IN","OLP-0266","turing-machines/undecidability/enumerating-tms","content/turing-machines/undecidability/enumerating-tms.tex","translation/content/turing-machines/undecidability/enumerating-tms.tex","content/turing-machines/undecidability/enumerating-tms.tex:9-10","translation/content/turing-machines/undecidability/enumerating-tms.tex:9-10","OLP-0266-B004","","pending_coherent_reader_pagination","provisional_pending_optional_specialist_review_no_hold","Please double-check whether “అనిర్ణయనీయత / ట్యూరింగ్ యంత్రాల లెక్కింపు / ప్రామాణిక ట్యూరింగ్ యంత్రం / సూచిక / సార్వత్రిక ట్యూరింగ్ యంత్రం / ఆగే ప్రమేయం, ఆగే సమస్య / నిర్ణయ సమస్య / గణనకు మొదటిస్థాయి ప్రాతినిధ్యం / పరిమిత సంతృప్తిపరచదగినత / అర్ధ-నిర్ణయించదగినత / ట్రాఖ్టెన్‌బ్రోట్ సిద్ధాంతం” is idiomatic and technically standard for “undecidability / enumeration of Turing machines / standard Turing machine / index / universal Turing machine / halting function and Halting Problem / decision problem / representation of computation / finite satisfiability / semi-decidability / Trakhtenbrot's theorem” in Telugu logic/mathematics across Andhra Pradesh and Telangana. If not, what exact replacement should be used while leaving the displayed definition, formulas and source scope unchanged?"
"REV-TE-T069","terminology_or_sense_decision","high","mixed_provisional","undecidability / enumeration of Turing machines / standard Turing machine / index / universal Turing machine / halting function and Halting Problem / decision problem / representation of computation / finite satisfiability / semi-decidability / Trakhtenbrot's theorem","అనిర్ణయనీయత / ట్యూరింగ్ యంత్రాల లెక్కింపు / ప్రామాణిక ట్యూరింగ్ యంత్రం / సూచిక / సార్వత్రిక ట్యూరింగ్ యంత్రం / ఆగే ప్రమేయం, ఆగే సమస్య / నిర్ణయ సమస్య / గణనకు మొదటిస్థాయి ప్రాతినిధ్యం / పరిమిత సంతృప్తిపరచదగినత / అర్ధ-నిర్ణయించదగినత / ట్రాఖ్టెన్‌బ్రోట్ సిద్ధాంతం","Telugu","Telu","te-Telu-IN","OLP-0267","turing-machines/undecidability/universal-tm","content/turing-machines/undecidability/universal-tm.tex","translation/content/turing-machines/undecidability/universal-tm.tex","content/turing-machines/undecidability/universal-tm.tex:24-28","translation/content/turing-machines/undecidability/universal-tm.tex:23-26","OLP-0267-B006","","pending_coherent_reader_pagination","provisional_pending_optional_specialist_review_no_hold","Please double-check whether “అనిర్ణయనీయత / ట్యూరింగ్ యంత్రాల లెక్కింపు / ప్రామాణిక ట్యూరింగ్ యంత్రం / సూచిక / సార్వత్రిక ట్యూరింగ్ యంత్రం / ఆగే ప్రమేయం, ఆగే సమస్య / నిర్ణయ సమస్య / గణనకు మొదటిస్థాయి ప్రాతినిధ్యం / పరిమిత సంతృప్తిపరచదగినత / అర్ధ-నిర్ణయించదగినత / ట్రాఖ్టెన్‌బ్రోట్ సిద్ధాంతం” is idiomatic and technically standard for “undecidability / enumeration of Turing machines / standard Turing machine / index / universal Turing machine / halting function and Halting Problem / decision problem / representation of computation / finite satisfiability / semi-decidability / Trakhtenbrot's theorem” in Telugu logic/mathematics across Andhra Pradesh and Telangana. If not, what exact replacement should be used while leaving the displayed definition, formulas and source scope unchanged?"
"REV-TE-T069","terminology_or_sense_decision","high","mixed_provisional","undecidability / enumeration of Turing machines / standard Turing machine / index / universal Turing machine / halting function and Halting Problem / decision problem / representation of computation / finite satisfiability / semi-decidability / Trakhtenbrot's theorem","అనిర్ణయనీయత / ట్యూరింగ్ యంత్రాల లెక్కింపు / ప్రామాణిక ట్యూరింగ్ యంత్రం / సూచిక / సార్వత్రిక ట్యూరింగ్ యంత్రం / ఆగే ప్రమేయం, ఆగే సమస్య / నిర్ణయ సమస్య / గణనకు మొదటిస్థాయి ప్రాతినిధ్యం / పరిమిత సంతృప్తిపరచదగినత / అర్ధ-నిర్ణయించదగినత / ట్రాఖ్టెన్‌బ్రోట్ సిద్ధాంతం","Telugu","Telu","te-Telu-IN","OLP-0267","turing-machines/undecidability/universal-tm","content/turing-machines/undecidability/universal-tm.tex","translation/content/turing-machines/undecidability/universal-tm.tex","content/turing-machines/undecidability/universal-tm.tex:59-68","translation/content/turing-machines/undecidability/universal-tm.tex:52-61","OLP-0267-B011","","pending_coherent_reader_pagination","provisional_pending_optional_specialist_review_no_hold","Please double-check whether “అనిర్ణయనీయత / ట్యూరింగ్ యంత్రాల లెక్కింపు / ప్రామాణిక ట్యూరింగ్ యంత్రం / సూచిక / సార్వత్రిక ట్యూరింగ్ యంత్రం / ఆగే ప్రమేయం, ఆగే సమస్య / నిర్ణయ సమస్య / గణనకు మొదటిస్థాయి ప్రాతినిధ్యం / పరిమిత సంతృప్తిపరచదగినత / అర్ధ-నిర్ణయించదగినత / ట్రాఖ్టెన్‌బ్రోట్ సిద్ధాంతం” is idiomatic and technically standard for “undecidability / enumeration of Turing machines / standard Turing machine / index / universal Turing machine / halting function and Halting Problem / decision problem / representation of computation / finite satisfiability / semi-decidability / Trakhtenbrot's theorem” in Telugu logic/mathematics across Andhra Pradesh and Telangana. If not, what exact replacement should be used while leaving the displayed definition, formulas and source scope unchanged?"
"REV-TE-T069","terminology_or_sense_decision","high","mixed_provisional","undecidability / enumeration of Turing machines / standard Turing machine / index / universal Turing machine / halting function and Halting Problem / decision problem / representation of computation / finite satisfiability / semi-decidability / Trakhtenbrot's theorem","అనిర్ణయనీయత / ట్యూరింగ్ యంత్రాల లెక్కింపు / ప్రామాణిక ట్యూరింగ్ యంత్రం / సూచిక / సార్వత్రిక ట్యూరింగ్ యంత్రం / ఆగే ప్రమేయం, ఆగే సమస్య / నిర్ణయ సమస్య / గణనకు మొదటిస్థాయి ప్రాతినిధ్యం / పరిమిత సంతృప్తిపరచదగినత / అర్ధ-నిర్ణయించదగినత / ట్రాఖ్టెన్‌బ్రోట్ సిద్ధాంతం","Telugu","Telu","te-Telu-IN","OLP-0268","turing-machines/undecidability/halting-problem","content/turing-machines/undecidability/halting-problem.tex","translation/content/turing-machines/undecidability/halting-problem.tex","content/turing-machines/undecidability/halting-problem.tex:36-39","translation/content/turing-machines/undecidability/halting-problem.tex:35-38","OLP-0268-B008","","pending_coherent_reader_pagination","provisional_pending_optional_specialist_review_no_hold","Please double-check whether “అనిర్ణయనీయత / ట్యూరింగ్ యంత్రాల లెక్కింపు / ప్రామాణిక ట్యూరింగ్ యంత్రం / సూచిక / సార్వత్రిక ట్యూరింగ్ యంత్రం / ఆగే ప్రమేయం, ఆగే సమస్య / నిర్ణయ సమస్య / గణనకు మొదటిస్థాయి ప్రాతినిధ్యం / పరిమిత సంతృప్తిపరచదగినత / అర్ధ-నిర్ణయించదగినత / ట్రాఖ్టెన్‌బ్రోట్ సిద్ధాంతం” is idiomatic and technically standard for “undecidability / enumeration of Turing machines / standard Turing machine / index / universal Turing machine / halting function and Halting Problem / decision problem / representation of computation / finite satisfiability / semi-decidability / Trakhtenbrot's theorem” in Telugu logic/mathematics across Andhra Pradesh and Telangana. If not, what exact replacement should be used while leaving the displayed definition, formulas and source scope unchanged?"
"REV-TE-T069","terminology_or_sense_decision","high","mixed_provisional","undecidability / enumeration of Turing machines / standard Turing machine / index / universal Turing machine / halting function and Halting Problem / decision problem / representation of computation / finite satisfiability / semi-decidability / Trakhtenbrot's theorem","అనిర్ణయనీయత / ట్యూరింగ్ యంత్రాల లెక్కింపు / ప్రామాణిక ట్యూరింగ్ యంత్రం / సూచిక / సార్వత్రిక ట్యూరింగ్ యంత్రం / ఆగే ప్రమేయం, ఆగే సమస్య / నిర్ణయ సమస్య / గణనకు మొదటిస్థాయి ప్రాతినిధ్యం / పరిమిత సంతృప్తిపరచదగినత / అర్ధ-నిర్ణయించదగినత / ట్రాఖ్టెన్‌బ్రోట్ సిద్ధాంతం","Telugu","Telu","te-Telu-IN","OLP-0269","turing-machines/undecidability/decision-problem","content/turing-machines/undecidability/decision-problem.tex","translation/content/turing-machines/undecidability/decision-problem.tex","content/turing-machines/undecidability/decision-problem.tex:9-10","translation/content/turing-machines/undecidability/decision-problem.tex:9-10","OLP-0269-B004","","pending_coherent_reader_pagination","provisional_pending_optional_specialist_review_no_hold","Please double-check whether “అనిర్ణయనీయత / ట్యూరింగ్ యంత్రాల లెక్కింపు / ప్రామాణిక ట్యూరింగ్ యంత్రం / సూచిక / సార్వత్రిక ట్యూరింగ్ యంత్రం / ఆగే ప్రమేయం, ఆగే సమస్య / నిర్ణయ సమస్య / గణనకు మొదటిస్థాయి ప్రాతినిధ్యం / పరిమిత సంతృప్తిపరచదగినత / అర్ధ-నిర్ణయించదగినత / ట్రాఖ్టెన్‌బ్రోట్ సిద్ధాంతం” is idiomatic and technically standard for “undecidability / enumeration of Turing machines / standard Turing machine / index / universal Turing machine / halting function and Halting Problem / decision problem / representation of computation / finite satisfiability / semi-decidability / Trakhtenbrot's theorem” in Telugu logic/mathematics across Andhra Pradesh and Telangana. If not, what exact replacement should be used while leaving the displayed definition, formulas and source scope unchanged?"
"REV-TE-T069","terminology_or_sense_decision","high","mixed_provisional","undecidability / enumeration of Turing machines / standard Turing machine / index / universal Turing machine / halting function and Halting Problem / decision problem / representation of computation / finite satisfiability / semi-decidability / Trakhtenbrot's theorem","అనిర్ణయనీయత / ట్యూరింగ్ యంత్రాల లెక్కింపు / ప్రామాణిక ట్యూరింగ్ యంత్రం / సూచిక / సార్వత్రిక ట్యూరింగ్ యంత్రం / ఆగే ప్రమేయం, ఆగే సమస్య / నిర్ణయ సమస్య / గణనకు మొదటిస్థాయి ప్రాతినిధ్యం / పరిమిత సంతృప్తిపరచదగినత / అర్ధ-నిర్ణయించదగినత / ట్రాఖ్టెన్‌బ్రోట్ సిద్ధాంతం","Telugu","Telu","te-Telu-IN","OLP-0270","turing-machines/undecidability/representing-tms","content/turing-machines/undecidability/representing-tms.tex","translation/content/turing-machines/undecidability/representing-tms.tex","content/turing-machines/undecidability/representing-tms.tex:9-10","translation/content/turing-machines/undecidability/representing-tms.tex:9-10","OLP-0270-B004","","pending_coherent_reader_pagination","provisional_pending_optional_specialist_review_no_hold","Please double-check whether “అనిర్ణయనీయత / ట్యూరింగ్ యంత్రాల లెక్కింపు / ప్రామాణిక ట్యూరింగ్ యంత్రం / సూచిక / సార్వత్రిక ట్యూరింగ్ యంత్రం / ఆగే ప్రమేయం, ఆగే సమస్య / నిర్ణయ సమస్య / గణనకు మొదటిస్థాయి ప్రాతినిధ్యం / పరిమిత సంతృప్తిపరచదగినత / అర్ధ-నిర్ణయించదగినత / ట్రాఖ్టెన్‌బ్రోట్ సిద్ధాంతం” is idiomatic and technically standard for “undecidability / enumeration of Turing machines / standard Turing machine / index / universal Turing machine / halting function and Halting Problem / decision problem / representation of computation / finite satisfiability / semi-decidability / Trakhtenbrot's theorem” in Telugu logic/mathematics across Andhra Pradesh and Telangana. If not, what exact replacement should be used while leaving the displayed definition, formulas and source scope unchanged?"
"REV-TE-T069","terminology_or_sense_decision","high","mixed_provisional","undecidability / enumeration of Turing machines / standard Turing machine / index / universal Turing machine / halting function and Halting Problem / decision problem / representation of computation / finite satisfiability / semi-decidability / Trakhtenbrot's theorem","అనిర్ణయనీయత / ట్యూరింగ్ యంత్రాల లెక్కింపు / ప్రామాణిక ట్యూరింగ్ యంత్రం / సూచిక / సార్వత్రిక ట్యూరింగ్ యంత్రం / ఆగే ప్రమేయం, ఆగే సమస్య / నిర్ణయ సమస్య / గణనకు మొదటిస్థాయి ప్రాతినిధ్యం / పరిమిత సంతృప్తిపరచదగినత / అర్ధ-నిర్ణయించదగినత / ట్రాఖ్టెన్‌బ్రోట్ సిద్ధాంతం","Telugu","Telu","te-Telu-IN","OLP-0272","turing-machines/undecidability/unsolvability-decision-problem","content/turing-machines/undecidability/unsolvability-decision-problem.tex","translation/content/turing-machines/undecidability/unsolvability-decision-problem.tex","content/turing-machines/undecidability/unsolvability-decision-problem.tex:70-77","translation/content/turing-machines/undecidability/unsolvability-decision-problem.tex:71-77","OLP-0272-B012","","pending_coherent_reader_pagination","provisional_pending_optional_specialist_review_no_hold","Please double-check whether “అనిర్ణయనీయత / ట్యూరింగ్ యంత్రాల లెక్కింపు / ప్రామాణిక ట్యూరింగ్ యంత్రం / సూచిక / సార్వత్రిక ట్యూరింగ్ యంత్రం / ఆగే ప్రమేయం, ఆగే సమస్య / నిర్ణయ సమస్య / గణనకు మొదటిస్థాయి ప్రాతినిధ్యం / పరిమిత సంతృప్తిపరచదగినత / అర్ధ-నిర్ణయించదగినత / ట్రాఖ్టెన్‌బ్రోట్ సిద్ధాంతం” is idiomatic and technically standard for “undecidability / enumeration of Turing machines / standard Turing machine / index / universal Turing machine / halting function and Halting Problem / decision problem / representation of computation / finite satisfiability / semi-decidability / Trakhtenbrot's theorem” in Telugu logic/mathematics across Andhra Pradesh and Telangana. If not, what exact replacement should be used while leaving the displayed definition, formulas and source scope unchanged?"
"REV-TE-T069","terminology_or_sense_decision","high","mixed_provisional","undecidability / enumeration of Turing machines / standard Turing machine / index / universal Turing machine / halting function and Halting Problem / decision problem / representation of computation / finite satisfiability / semi-decidability / Trakhtenbrot's theorem","అనిర్ణయనీయత / ట్యూరింగ్ యంత్రాల లెక్కింపు / ప్రామాణిక ట్యూరింగ్ యంత్రం / సూచిక / సార్వత్రిక ట్యూరింగ్ యంత్రం / ఆగే ప్రమేయం, ఆగే సమస్య / నిర్ణయ సమస్య / గణనకు మొదటిస్థాయి ప్రాతినిధ్యం / పరిమిత సంతృప్తిపరచదగినత / అర్ధ-నిర్ణయించదగినత / ట్రాఖ్టెన్‌బ్రోట్ సిద్ధాంతం","Telugu","Telu","te-Telu-IN","OLP-0273","turing-machines/undecidability/trakhtenbrot","content/turing-machines/undecidability/trakhtenbrot.tex","translation/content/turing-machines/undecidability/trakhtenbrot.tex","content/turing-machines/undecidability/trakhtenbrot.tex:223-227","translation/content/turing-machines/undecidability/trakhtenbrot.tex:222-226","OLP-0273-B019","","pending_coherent_reader_pagination","provisional_pending_optional_specialist_review_no_hold","Please double-check whether “అనిర్ణయనీయత / ట్యూరింగ్ యంత్రాల లెక్కింపు / ప్రామాణిక ట్యూరింగ్ యంత్రం / సూచిక / సార్వత్రిక ట్యూరింగ్ యంత్రం / ఆగే ప్రమేయం, ఆగే సమస్య / నిర్ణయ సమస్య / గణనకు మొదటిస్థాయి ప్రాతినిధ్యం / పరిమిత సంతృప్తిపరచదగినత / అర్ధ-నిర్ణయించదగినత / ట్రాఖ్టెన్‌బ్రోట్ సిద్ధాంతం” is idiomatic and technically standard for “undecidability / enumeration of Turing machines / standard Turing machine / index / universal Turing machine / halting function and Halting Problem / decision problem / representation of computation / finite satisfiability / semi-decidability / Trakhtenbrot's theorem” in Telugu logic/mathematics across Andhra Pradesh and Telangana. If not, what exact replacement should be used while leaving the displayed definition, formulas and source scope unchanged?"
"REV-TE-T070","terminology_or_sense_decision","high","mixed_provisional","incompleteness / Hilbert's program / theory / standard model of arithmetic / true arithmetic / Robinson's Q / Peano arithmetic / induction schema / complete and decidable theory / axiomatizable / computably enumerable / representation of computable functions and decidable relations / independent sentence / Gödel sentence / arithmetization of syntax / provability predicate / consistency statement / Presburger arithmetic","అసంపూర్ణత / హిల్బర్ట్ కార్యక్రమం / సిద్ధాంతం / అంకగణితపు ప్రామాణిక నమూనా / నిజ అంకగణితం / రాబిన్సన్ Q / పియానో అంకగణితం / ఆగమన పథకం / సంపూర్ణ, నిర్ణయించదగిన సిద్ధాంతం / స్వీకృతీకరించదగిన / గణనీయంగా లెక్కించదగిన / గణనీయ ప్రమేయాలు, నిర్ణయించదగిన సంబంధాలకు ప్రాతినిధ్యం / స్వతంత్ర వాక్యం / గ్యోడెల్ వాక్యం / వాక్యనిర్మాణపు అంకగణితీకరణ / నిరూప్యతా విధేయం / అవైరుధ్య వాక్యం / ప్రెస్‌బర్గర్ అంకగణితం","Telugu","Telu","te-Telu-IN","OLP-0276","incompleteness/introduction/historical-background","content/incompleteness/introduction/historical-background.tex","translation/content/incompleteness/introduction/historical-background.tex","content/incompleteness/introduction/historical-background.tex:209-221","translation/content/incompleteness/introduction/historical-background.tex:176-185","OLP-0276-B022","","pending_coherent_reader_pagination","provisional_pending_optional_specialist_review_no_hold","Please double-check whether “అసంపూర్ణత / హిల్బర్ట్ కార్యక్రమం / సిద్ధాంతం / అంకగణితపు ప్రామాణిక నమూనా / నిజ అంకగణితం / రాబిన్సన్ Q / పియానో అంకగణితం / ఆగమన పథకం / సంపూర్ణ, నిర్ణయించదగిన సిద్ధాంతం / స్వీకృతీకరించదగిన / గణనీయంగా లెక్కించదగిన / గణనీయ ప్రమేయాలు, నిర్ణయించదగిన సంబంధాలకు ప్రాతినిధ్యం / స్వతంత్ర వాక్యం / గ్యోడెల్ వాక్యం / వాక్యనిర్మాణపు అంకగణితీకరణ / నిరూప్యతా విధేయం / అవైరుధ్య వాక్యం / ప్రెస్‌బర్గర్ అంకగణితం” is idiomatic and technically standard for “incompleteness / Hilbert's program / theory / standard model of arithmetic / true arithmetic / Robinson's Q / Peano arithmetic / induction schema / complete and decidable theory / axiomatizable / computably enumerable / representation of computable functions and decidable relations / independent sentence / Gödel sentence / arithmetization of syntax / provability predicate / consistency statement / Presburger arithmetic” in Telugu logic/mathematics across Andhra Pradesh and Telangana. If not, what exact replacement should be used while leaving the displayed definition, formulas and source scope unchanged?"
"REV-TE-T070","terminology_or_sense_decision","high","mixed_provisional","incompleteness / Hilbert's program / theory / standard model of arithmetic / true arithmetic / Robinson's Q / Peano arithmetic / induction schema / complete and decidable theory / axiomatizable / computably enumerable / representation of computable functions and decidable relations / independent sentence / Gödel sentence / arithmetization of syntax / provability predicate / consistency statement / Presburger arithmetic","అసంపూర్ణత / హిల్బర్ట్ కార్యక్రమం / సిద్ధాంతం / అంకగణితపు ప్రామాణిక నమూనా / నిజ అంకగణితం / రాబిన్సన్ Q / పియానో అంకగణితం / ఆగమన పథకం / సంపూర్ణ, నిర్ణయించదగిన సిద్ధాంతం / స్వీకృతీకరించదగిన / గణనీయంగా లెక్కించదగిన / గణనీయ ప్రమేయాలు, నిర్ణయించదగిన సంబంధాలకు ప్రాతినిధ్యం / స్వతంత్ర వాక్యం / గ్యోడెల్ వాక్యం / వాక్యనిర్మాణపు అంకగణితీకరణ / నిరూప్యతా విధేయం / అవైరుధ్య వాక్యం / ప్రెస్‌బర్గర్ అంకగణితం","Telugu","Telu","te-Telu-IN","OLP-0277","incompleteness/introduction/definitions","content/incompleteness/introduction/definitions.tex","translation/content/incompleteness/introduction/definitions.tex","content/incompleteness/introduction/definitions.tex:34-38","translation/content/incompleteness/introduction/definitions.tex:31-35","OLP-0277-B007","","pending_coherent_reader_pagination","provisional_pending_optional_specialist_review_no_hold","Please double-check whether “అసంపూర్ణత / హిల్బర్ట్ కార్యక్రమం / సిద్ధాంతం / అంకగణితపు ప్రామాణిక నమూనా / నిజ అంకగణితం / రాబిన్సన్ Q / పియానో అంకగణితం / ఆగమన పథకం / సంపూర్ణ, నిర్ణయించదగిన సిద్ధాంతం / స్వీకృతీకరించదగిన / గణనీయంగా లెక్కించదగిన / గణనీయ ప్రమేయాలు, నిర్ణయించదగిన సంబంధాలకు ప్రాతినిధ్యం / స్వతంత్ర వాక్యం / గ్యోడెల్ వాక్యం / వాక్యనిర్మాణపు అంకగణితీకరణ / నిరూప్యతా విధేయం / అవైరుధ్య వాక్యం / ప్రెస్‌బర్గర్ అంకగణితం” is idiomatic and technically standard for “incompleteness / Hilbert's program / theory / standard model of arithmetic / true arithmetic / Robinson's Q / Peano arithmetic / induction schema / complete and decidable theory / axiomatizable / computably enumerable / representation of computable functions and decidable relations / independent sentence / Gödel sentence / arithmetization of syntax / provability predicate / consistency statement / Presburger arithmetic” in Telugu logic/mathematics across Andhra Pradesh and Telangana. If not, what exact replacement should be used while leaving the displayed definition, formulas and source scope unchanged?"
"REV-TE-T070","terminology_or_sense_decision","high","mixed_provisional","incompleteness / Hilbert's program / theory / standard model of arithmetic / true arithmetic / Robinson's Q / Peano arithmetic / induction schema / complete and decidable theory / axiomatizable / computably enumerable / representation of computable functions and decidable relations / independent sentence / Gödel sentence / arithmetization of syntax / provability predicate / consistency statement / Presburger arithmetic","అసంపూర్ణత / హిల్బర్ట్ కార్యక్రమం / సిద్ధాంతం / అంకగణితపు ప్రామాణిక నమూనా / నిజ అంకగణితం / రాబిన్సన్ Q / పియానో అంకగణితం / ఆగమన పథకం / సంపూర్ణ, నిర్ణయించదగిన సిద్ధాంతం / స్వీకృతీకరించదగిన / గణనీయంగా లెక్కించదగిన / గణనీయ ప్రమేయాలు, నిర్ణయించదగిన సంబంధాలకు ప్రాతినిధ్యం / స్వతంత్ర వాక్యం / గ్యోడెల్ వాక్యం / వాక్యనిర్మాణపు అంకగణితీకరణ / నిరూప్యతా విధేయం / అవైరుధ్య వాక్యం / ప్రెస్‌బర్గర్ అంకగణితం","Telugu","Telu","te-Telu-IN","OLP-0277","incompleteness/introduction/definitions","content/incompleteness/introduction/definitions.tex","translation/content/incompleteness/introduction/definitions.tex","content/incompleteness/introduction/definitions.tex:45-57","translation/content/incompleteness/introduction/definitions.tex:43-55","OLP-0277-B009","","pending_coherent_reader_pagination","provisional_pending_optional_specialist_review_no_hold","Please double-check whether “అసంపూర్ణత / హిల్బర్ట్ కార్యక్రమం / సిద్ధాంతం / అంకగణితపు ప్రామాణిక నమూనా / నిజ అంకగణితం / రాబిన్సన్ Q / పియానో అంకగణితం / ఆగమన పథకం / సంపూర్ణ, నిర్ణయించదగిన సిద్ధాంతం / స్వీకృతీకరించదగిన / గణనీయంగా లెక్కించదగిన / గణనీయ ప్రమేయాలు, నిర్ణయించదగిన సంబంధాలకు ప్రాతినిధ్యం / స్వతంత్ర వాక్యం / గ్యోడెల్ వాక్యం / వాక్యనిర్మాణపు అంకగణితీకరణ / నిరూప్యతా విధేయం / అవైరుధ్య వాక్యం / ప్రెస్‌బర్గర్ అంకగణితం” is idiomatic and technically standard for “incompleteness / Hilbert's program / theory / standard model of arithmetic / true arithmetic / Robinson's Q / Peano arithmetic / induction schema / complete and decidable theory / axiomatizable / computably enumerable / representation of computable functions and decidable relations / independent sentence / Gödel sentence / arithmetization of syntax / provability predicate / consistency statement / Presburger arithmetic” in Telugu logic/mathematics across Andhra Pradesh and Telangana. If not, what exact replacement should be used while leaving the displayed definition, formulas and source scope unchanged?"
"REV-TE-T070","terminology_or_sense_decision","high","mixed_provisional","incompleteness / Hilbert's program / theory / standard model of arithmetic / true arithmetic / Robinson's Q / Peano arithmetic / induction schema / complete and decidable theory / axiomatizable / computably enumerable / representation of computable functions and decidable relations / independent sentence / Gödel sentence / arithmetization of syntax / provability predicate / consistency statement / Presburger arithmetic","అసంపూర్ణత / హిల్బర్ట్ కార్యక్రమం / సిద్ధాంతం / అంకగణితపు ప్రామాణిక నమూనా / నిజ అంకగణితం / రాబిన్సన్ Q / పియానో అంకగణితం / ఆగమన పథకం / సంపూర్ణ, నిర్ణయించదగిన సిద్ధాంతం / స్వీకృతీకరించదగిన / గణనీయంగా లెక్కించదగిన / గణనీయ ప్రమేయాలు, నిర్ణయించదగిన సంబంధాలకు ప్రాతినిధ్యం / స్వతంత్ర వాక్యం / గ్యోడెల్ వాక్యం / వాక్యనిర్మాణపు అంకగణితీకరణ / నిరూప్యతా విధేయం / అవైరుధ్య వాక్యం / ప్రెస్‌బర్గర్ అంకగణితం","Telugu","Telu","te-Telu-IN","OLP-0277","incompleteness/introduction/definitions","content/incompleteness/introduction/definitions.tex","translation/content/incompleteness/introduction/definitions.tex","content/incompleteness/introduction/definitions.tex:103-121","translation/content/incompleteness/introduction/definitions.tex:99-119","OLP-0277-B015","","pending_coherent_reader_pagination","provisional_pending_optional_specialist_review_no_hold","Please double-check whether “అసంపూర్ణత / హిల్బర్ట్ కార్యక్రమం / సిద్ధాంతం / అంకగణితపు ప్రామాణిక నమూనా / నిజ అంకగణితం / రాబిన్సన్ Q / పియానో అంకగణితం / ఆగమన పథకం / సంపూర్ణ, నిర్ణయించదగిన సిద్ధాంతం / స్వీకృతీకరించదగిన / గణనీయంగా లెక్కించదగిన / గణనీయ ప్రమేయాలు, నిర్ణయించదగిన సంబంధాలకు ప్రాతినిధ్యం / స్వతంత్ర వాక్యం / గ్యోడెల్ వాక్యం / వాక్యనిర్మాణపు అంకగణితీకరణ / నిరూప్యతా విధేయం / అవైరుధ్య వాక్యం / ప్రెస్‌బర్గర్ అంకగణితం” is idiomatic and technically standard for “incompleteness / Hilbert's program / theory / standard model of arithmetic / true arithmetic / Robinson's Q / Peano arithmetic / induction schema / complete and decidable theory / axiomatizable / computably enumerable / representation of computable functions and decidable relations / independent sentence / Gödel sentence / arithmetization of syntax / provability predicate / consistency statement / Presburger arithmetic” in Telugu logic/mathematics across Andhra Pradesh and Telangana. If not, what exact replacement should be used while leaving the displayed definition, formulas and source scope unchanged?"
"REV-TE-T070","terminology_or_sense_decision","high","mixed_provisional","incompleteness / Hilbert's program / theory / standard model of arithmetic / true arithmetic / Robinson's Q / Peano arithmetic / induction schema / complete and decidable theory / axiomatizable / computably enumerable / representation of computable functions and decidable relations / independent sentence / Gödel sentence / arithmetization of syntax / provability predicate / consistency statement / Presburger arithmetic","అసంపూర్ణత / హిల్బర్ట్ కార్యక్రమం / సిద్ధాంతం / అంకగణితపు ప్రామాణిక నమూనా / నిజ అంకగణితం / రాబిన్సన్ Q / పియానో అంకగణితం / ఆగమన పథకం / సంపూర్ణ, నిర్ణయించదగిన సిద్ధాంతం / స్వీకృతీకరించదగిన / గణనీయంగా లెక్కించదగిన / గణనీయ ప్రమేయాలు, నిర్ణయించదగిన సంబంధాలకు ప్రాతినిధ్యం / స్వతంత్ర వాక్యం / గ్యోడెల్ వాక్యం / వాక్యనిర్మాణపు అంకగణితీకరణ / నిరూప్యతా విధేయం / అవైరుధ్య వాక్యం / ప్రెస్‌బర్గర్ అంకగణితం","Telugu","Telu","te-Telu-IN","OLP-0277","incompleteness/introduction/definitions","content/incompleteness/introduction/definitions.tex","translation/content/incompleteness/introduction/definitions.tex","content/incompleteness/introduction/definitions.tex:123-130","translation/content/incompleteness/introduction/definitions.tex:121-131","OLP-0277-B016","","pending_coherent_reader_pagination","provisional_pending_optional_specialist_review_no_hold","Please double-check whether “అసంపూర్ణత / హిల్బర్ట్ కార్యక్రమం / సిద్ధాంతం / అంకగణితపు ప్రామాణిక నమూనా / నిజ అంకగణితం / రాబిన్సన్ Q / పియానో అంకగణితం / ఆగమన పథకం / సంపూర్ణ, నిర్ణయించదగిన సిద్ధాంతం / స్వీకృతీకరించదగిన / గణనీయంగా లెక్కించదగిన / గణనీయ ప్రమేయాలు, నిర్ణయించదగిన సంబంధాలకు ప్రాతినిధ్యం / స్వతంత్ర వాక్యం / గ్యోడెల్ వాక్యం / వాక్యనిర్మాణపు అంకగణితీకరణ / నిరూప్యతా విధేయం / అవైరుధ్య వాక్యం / ప్రెస్‌బర్గర్ అంకగణితం” is idiomatic and technically standard for “incompleteness / Hilbert's program / theory / standard model of arithmetic / true arithmetic / Robinson's Q / Peano arithmetic / induction schema / complete and decidable theory / axiomatizable / computably enumerable / representation of computable functions and decidable relations / independent sentence / Gödel sentence / arithmetization of syntax / provability predicate / consistency statement / Presburger arithmetic” in Telugu logic/mathematics across Andhra Pradesh and Telangana. If not, what exact replacement should be used while leaving the displayed definition, formulas and source scope unchanged?"
"REV-TE-T070","terminology_or_sense_decision","high","mixed_provisional","incompleteness / Hilbert's program / theory / standard model of arithmetic / true arithmetic / Robinson's Q / Peano arithmetic / induction schema / complete and decidable theory / axiomatizable / computably enumerable / representation of computable functions and decidable relations / independent sentence / Gödel sentence / arithmetization of syntax / provability predicate / consistency statement / Presburger arithmetic","అసంపూర్ణత / హిల్బర్ట్ కార్యక్రమం / సిద్ధాంతం / అంకగణితపు ప్రామాణిక నమూనా / నిజ అంకగణితం / రాబిన్సన్ Q / పియానో అంకగణితం / ఆగమన పథకం / సంపూర్ణ, నిర్ణయించదగిన సిద్ధాంతం / స్వీకృతీకరించదగిన / గణనీయంగా లెక్కించదగిన / గణనీయ ప్రమేయాలు, నిర్ణయించదగిన సంబంధాలకు ప్రాతినిధ్యం / స్వతంత్ర వాక్యం / గ్యోడెల్ వాక్యం / వాక్యనిర్మాణపు అంకగణితీకరణ / నిరూప్యతా విధేయం / అవైరుధ్య వాక్యం / ప్రెస్‌బర్గర్ అంకగణితం","Telugu","Telu","te-Telu-IN","OLP-0277","incompleteness/introduction/definitions","content/incompleteness/introduction/definitions.tex","translation/content/incompleteness/introduction/definitions.tex","content/incompleteness/introduction/definitions.tex:201-204","translation/content/incompleteness/introduction/definitions.tex:200-203","OLP-0277-B027","","pending_coherent_reader_pagination","provisional_pending_optional_specialist_review_no_hold","Please double-check whether “అసంపూర్ణత / హిల్బర్ట్ కార్యక్రమం / సిద్ధాంతం / అంకగణితపు ప్రామాణిక నమూనా / నిజ అంకగణితం / రాబిన్సన్ Q / పియానో అంకగణితం / ఆగమన పథకం / సంపూర్ణ, నిర్ణయించదగిన సిద్ధాంతం / స్వీకృతీకరించదగిన / గణనీయంగా లెక్కించదగిన / గణనీయ ప్రమేయాలు, నిర్ణయించదగిన సంబంధాలకు ప్రాతినిధ్యం / స్వతంత్ర వాక్యం / గ్యోడెల్ వాక్యం / వాక్యనిర్మాణపు అంకగణితీకరణ / నిరూప్యతా విధేయం / అవైరుధ్య వాక్యం / ప్రెస్‌బర్గర్ అంకగణితం” is idiomatic and technically standard for “incompleteness / Hilbert's program / theory / standard model of arithmetic / true arithmetic / Robinson's Q / Peano arithmetic / induction schema / complete and decidable theory / axiomatizable / computably enumerable / representation of computable functions and decidable relations / independent sentence / Gödel sentence / arithmetization of syntax / provability predicate / consistency statement / Presburger arithmetic” in Telugu logic/mathematics across Andhra Pradesh and Telangana. If not, what exact replacement should be used while leaving the displayed definition, formulas and source scope unchanged?"
"REV-TE-T070","terminology_or_sense_decision","high","mixed_provisional","incompleteness / Hilbert's program / theory / standard model of arithmetic / true arithmetic / Robinson's Q / Peano arithmetic / induction schema / complete and decidable theory / axiomatizable / computably enumerable / representation of computable functions and decidable relations / independent sentence / Gödel sentence / arithmetization of syntax / provability predicate / consistency statement / Presburger arithmetic","అసంపూర్ణత / హిల్బర్ట్ కార్యక్రమం / సిద్ధాంతం / అంకగణితపు ప్రామాణిక నమూనా / నిజ అంకగణితం / రాబిన్సన్ Q / పియానో అంకగణితం / ఆగమన పథకం / సంపూర్ణ, నిర్ణయించదగిన సిద్ధాంతం / స్వీకృతీకరించదగిన / గణనీయంగా లెక్కించదగిన / గణనీయ ప్రమేయాలు, నిర్ణయించదగిన సంబంధాలకు ప్రాతినిధ్యం / స్వతంత్ర వాక్యం / గ్యోడెల్ వాక్యం / వాక్యనిర్మాణపు అంకగణితీకరణ / నిరూప్యతా విధేయం / అవైరుధ్య వాక్యం / ప్రెస్‌బర్గర్ అంకగణితం","Telugu","Telu","te-Telu-IN","OLP-0277","incompleteness/introduction/definitions","content/incompleteness/introduction/definitions.tex","translation/content/incompleteness/introduction/definitions.tex","content/incompleteness/introduction/definitions.tex:269-278","translation/content/incompleteness/introduction/definitions.tex:263-273","OLP-0277-B033","","pending_coherent_reader_pagination","provisional_pending_optional_specialist_review_no_hold","Please double-check whether “అసంపూర్ణత / హిల్బర్ట్ కార్యక్రమం / సిద్ధాంతం / అంకగణితపు ప్రామాణిక నమూనా / నిజ అంకగణితం / రాబిన్సన్ Q / పియానో అంకగణితం / ఆగమన పథకం / సంపూర్ణ, నిర్ణయించదగిన సిద్ధాంతం / స్వీకృతీకరించదగిన / గణనీయంగా లెక్కించదగిన / గణనీయ ప్రమేయాలు, నిర్ణయించదగిన సంబంధాలకు ప్రాతినిధ్యం / స్వతంత్ర వాక్యం / గ్యోడెల్ వాక్యం / వాక్యనిర్మాణపు అంకగణితీకరణ / నిరూప్యతా విధేయం / అవైరుధ్య వాక్యం / ప్రెస్‌బర్గర్ అంకగణితం” is idiomatic and technically standard for “incompleteness / Hilbert's program / theory / standard model of arithmetic / true arithmetic / Robinson's Q / Peano arithmetic / induction schema / complete and decidable theory / axiomatizable / computably enumerable / representation of computable functions and decidable relations / independent sentence / Gödel sentence / arithmetization of syntax / provability predicate / consistency statement / Presburger arithmetic” in Telugu logic/mathematics across Andhra Pradesh and Telangana. If not, what exact replacement should be used while leaving the displayed definition, formulas and source scope unchanged?"
"REV-TE-T070","terminology_or_sense_decision","high","mixed_provisional","incompleteness / Hilbert's program / theory / standard model of arithmetic / true arithmetic / Robinson's Q / Peano arithmetic / induction schema / complete and decidable theory / axiomatizable / computably enumerable / representation of computable functions and decidable relations / independent sentence / Gödel sentence / arithmetization of syntax / provability predicate / consistency statement / Presburger arithmetic","అసంపూర్ణత / హిల్బర్ట్ కార్యక్రమం / సిద్ధాంతం / అంకగణితపు ప్రామాణిక నమూనా / నిజ అంకగణితం / రాబిన్సన్ Q / పియానో అంకగణితం / ఆగమన పథకం / సంపూర్ణ, నిర్ణయించదగిన సిద్ధాంతం / స్వీకృతీకరించదగిన / గణనీయంగా లెక్కించదగిన / గణనీయ ప్రమేయాలు, నిర్ణయించదగిన సంబంధాలకు ప్రాతినిధ్యం / స్వతంత్ర వాక్యం / గ్యోడెల్ వాక్యం / వాక్యనిర్మాణపు అంకగణితీకరణ / నిరూప్యతా విధేయం / అవైరుధ్య వాక్యం / ప్రెస్‌బర్గర్ అంకగణితం","Telugu","Telu","te-Telu-IN","OLP-0278","incompleteness/introduction/overview","content/incompleteness/introduction/overview.tex","translation/content/incompleteness/introduction/overview.tex","content/incompleteness/introduction/overview.tex:39-51","translation/content/incompleteness/introduction/overview.tex:40-52","OLP-0278-B009","","pending_coherent_reader_pagination","provisional_pending_optional_specialist_review_no_hold","Please double-check whether “అసంపూర్ణత / హిల్బర్ట్ కార్యక్రమం / సిద్ధాంతం / అంకగణితపు ప్రామాణిక నమూనా / నిజ అంకగణితం / రాబిన్సన్ Q / పియానో అంకగణితం / ఆగమన పథకం / సంపూర్ణ, నిర్ణయించదగిన సిద్ధాంతం / స్వీకృతీకరించదగిన / గణనీయంగా లెక్కించదగిన / గణనీయ ప్రమేయాలు, నిర్ణయించదగిన సంబంధాలకు ప్రాతినిధ్యం / స్వతంత్ర వాక్యం / గ్యోడెల్ వాక్యం / వాక్యనిర్మాణపు అంకగణితీకరణ / నిరూప్యతా విధేయం / అవైరుధ్య వాక్యం / ప్రెస్‌బర్గర్ అంకగణితం” is idiomatic and technically standard for “incompleteness / Hilbert's program / theory / standard model of arithmetic / true arithmetic / Robinson's Q / Peano arithmetic / induction schema / complete and decidable theory / axiomatizable / computably enumerable / representation of computable functions and decidable relations / independent sentence / Gödel sentence / arithmetization of syntax / provability predicate / consistency statement / Presburger arithmetic” in Telugu logic/mathematics across Andhra Pradesh and Telangana. If not, what exact replacement should be used while leaving the displayed definition, formulas and source scope unchanged?"
"REV-TE-T070","terminology_or_sense_decision","high","mixed_provisional","incompleteness / Hilbert's program / theory / standard model of arithmetic / true arithmetic / Robinson's Q / Peano arithmetic / induction schema / complete and decidable theory / axiomatizable / computably enumerable / representation of computable functions and decidable relations / independent sentence / Gödel sentence / arithmetization of syntax / provability predicate / consistency statement / Presburger arithmetic","అసంపూర్ణత / హిల్బర్ట్ కార్యక్రమం / సిద్ధాంతం / అంకగణితపు ప్రామాణిక నమూనా / నిజ అంకగణితం / రాబిన్సన్ Q / పియానో అంకగణితం / ఆగమన పథకం / సంపూర్ణ, నిర్ణయించదగిన సిద్ధాంతం / స్వీకృతీకరించదగిన / గణనీయంగా లెక్కించదగిన / గణనీయ ప్రమేయాలు, నిర్ణయించదగిన సంబంధాలకు ప్రాతినిధ్యం / స్వతంత్ర వాక్యం / గ్యోడెల్ వాక్యం / వాక్యనిర్మాణపు అంకగణితీకరణ / నిరూప్యతా విధేయం / అవైరుధ్య వాక్యం / ప్రెస్‌బర్గర్ అంకగణితం","Telugu","Telu","te-Telu-IN","OLP-0278","incompleteness/introduction/overview","content/incompleteness/introduction/overview.tex","translation/content/incompleteness/introduction/overview.tex","content/incompleteness/introduction/overview.tex:53-65","translation/content/incompleteness/introduction/overview.tex:54-65","OLP-0278-B010","","pending_coherent_reader_pagination","provisional_pending_optional_specialist_review_no_hold","Please double-check whether “అసంపూర్ణత / హిల్బర్ట్ కార్యక్రమం / సిద్ధాంతం / అంకగణితపు ప్రామాణిక నమూనా / నిజ అంకగణితం / రాబిన్సన్ Q / పియానో అంకగణితం / ఆగమన పథకం / సంపూర్ణ, నిర్ణయించదగిన సిద్ధాంతం / స్వీకృతీకరించదగిన / గణనీయంగా లెక్కించదగిన / గణనీయ ప్రమేయాలు, నిర్ణయించదగిన సంబంధాలకు ప్రాతినిధ్యం / స్వతంత్ర వాక్యం / గ్యోడెల్ వాక్యం / వాక్యనిర్మాణపు అంకగణితీకరణ / నిరూప్యతా విధేయం / అవైరుధ్య వాక్యం / ప్రెస్‌బర్గర్ అంకగణితం” is idiomatic and technically standard for “incompleteness / Hilbert's program / theory / standard model of arithmetic / true arithmetic / Robinson's Q / Peano arithmetic / induction schema / complete and decidable theory / axiomatizable / computably enumerable / representation of computable functions and decidable relations / independent sentence / Gödel sentence / arithmetization of syntax / provability predicate / consistency statement / Presburger arithmetic” in Telugu logic/mathematics across Andhra Pradesh and Telangana. If not, what exact replacement should be used while leaving the displayed definition, formulas and source scope unchanged?"
"REV-TE-T070","terminology_or_sense_decision","high","mixed_provisional","incompleteness / Hilbert's program / theory / standard model of arithmetic / true arithmetic / Robinson's Q / Peano arithmetic / induction schema / complete and decidable theory / axiomatizable / computably enumerable / representation of computable functions and decidable relations / independent sentence / Gödel sentence / arithmetization of syntax / provability predicate / consistency statement / Presburger arithmetic","అసంపూర్ణత / హిల్బర్ట్ కార్యక్రమం / సిద్ధాంతం / అంకగణితపు ప్రామాణిక నమూనా / నిజ అంకగణితం / రాబిన్సన్ Q / పియానో అంకగణితం / ఆగమన పథకం / సంపూర్ణ, నిర్ణయించదగిన సిద్ధాంతం / స్వీకృతీకరించదగిన / గణనీయంగా లెక్కించదగిన / గణనీయ ప్రమేయాలు, నిర్ణయించదగిన సంబంధాలకు ప్రాతినిధ్యం / స్వతంత్ర వాక్యం / గ్యోడెల్ వాక్యం / వాక్యనిర్మాణపు అంకగణితీకరణ / నిరూప్యతా విధేయం / అవైరుధ్య వాక్యం / ప్రెస్‌బర్గర్ అంకగణితం","Telugu","Telu","te-Telu-IN","OLP-0278","incompleteness/introduction/overview","content/incompleteness/introduction/overview.tex","translation/content/incompleteness/introduction/overview.tex","content/incompleteness/introduction/overview.tex:84-98","translation/content/incompleteness/introduction/overview.tex:85-99","OLP-0278-B012","","pending_coherent_reader_pagination","provisional_pending_optional_specialist_review_no_hold","Please double-check whether “అసంపూర్ణత / హిల్బర్ట్ కార్యక్రమం / సిద్ధాంతం / అంకగణితపు ప్రామాణిక నమూనా / నిజ అంకగణితం / రాబిన్సన్ Q / పియానో అంకగణితం / ఆగమన పథకం / సంపూర్ణ, నిర్ణయించదగిన సిద్ధాంతం / స్వీకృతీకరించదగిన / గణనీయంగా లెక్కించదగిన / గణనీయ ప్రమేయాలు, నిర్ణయించదగిన సంబంధాలకు ప్రాతినిధ్యం / స్వతంత్ర వాక్యం / గ్యోడెల్ వాక్యం / వాక్యనిర్మాణపు అంకగణితీకరణ / నిరూప్యతా విధేయం / అవైరుధ్య వాక్యం / ప్రెస్‌బర్గర్ అంకగణితం” is idiomatic and technically standard for “incompleteness / Hilbert's program / theory / standard model of arithmetic / true arithmetic / Robinson's Q / Peano arithmetic / induction schema / complete and decidable theory / axiomatizable / computably enumerable / representation of computable functions and decidable relations / independent sentence / Gödel sentence / arithmetization of syntax / provability predicate / consistency statement / Presburger arithmetic” in Telugu logic/mathematics across Andhra Pradesh and Telangana. If not, what exact replacement should be used while leaving the displayed definition, formulas and source scope unchanged?"
"REV-TE-T070","terminology_or_sense_decision","high","mixed_provisional","incompleteness / Hilbert's program / theory / standard model of arithmetic / true arithmetic / Robinson's Q / Peano arithmetic / induction schema / complete and decidable theory / axiomatizable / computably enumerable / representation of computable functions and decidable relations / independent sentence / Gödel sentence / arithmetization of syntax / provability predicate / consistency statement / Presburger arithmetic","అసంపూర్ణత / హిల్బర్ట్ కార్యక్రమం / సిద్ధాంతం / అంకగణితపు ప్రామాణిక నమూనా / నిజ అంకగణితం / రాబిన్సన్ Q / పియానో అంకగణితం / ఆగమన పథకం / సంపూర్ణ, నిర్ణయించదగిన సిద్ధాంతం / స్వీకృతీకరించదగిన / గణనీయంగా లెక్కించదగిన / గణనీయ ప్రమేయాలు, నిర్ణయించదగిన సంబంధాలకు ప్రాతినిధ్యం / స్వతంత్ర వాక్యం / గ్యోడెల్ వాక్యం / వాక్యనిర్మాణపు అంకగణితీకరణ / నిరూప్యతా విధేయం / అవైరుధ్య వాక్యం / ప్రెస్‌బర్గర్ అంకగణితం","Telugu","Telu","te-Telu-IN","OLP-0279","incompleteness/introduction/undecidability","content/incompleteness/introduction/undecidability.tex","translation/content/incompleteness/introduction/undecidability.tex","content/incompleteness/introduction/undecidability.tex:127-135","translation/content/incompleteness/introduction/undecidability.tex:150-157","OLP-0279-B021","","pending_coherent_reader_pagination","provisional_pending_optional_specialist_review_no_hold","Please double-check whether “అసంపూర్ణత / హిల్బర్ట్ కార్యక్రమం / సిద్ధాంతం / అంకగణితపు ప్రామాణిక నమూనా / నిజ అంకగణితం / రాబిన్సన్ Q / పియానో అంకగణితం / ఆగమన పథకం / సంపూర్ణ, నిర్ణయించదగిన సిద్ధాంతం / స్వీకృతీకరించదగిన / గణనీయంగా లెక్కించదగిన / గణనీయ ప్రమేయాలు, నిర్ణయించదగిన సంబంధాలకు ప్రాతినిధ్యం / స్వతంత్ర వాక్యం / గ్యోడెల్ వాక్యం / వాక్యనిర్మాణపు అంకగణితీకరణ / నిరూప్యతా విధేయం / అవైరుధ్య వాక్యం / ప్రెస్‌బర్గర్ అంకగణితం” is idiomatic and technically standard for “incompleteness / Hilbert's program / theory / standard model of arithmetic / true arithmetic / Robinson's Q / Peano arithmetic / induction schema / complete and decidable theory / axiomatizable / computably enumerable / representation of computable functions and decidable relations / independent sentence / Gödel sentence / arithmetization of syntax / provability predicate / consistency statement / Presburger arithmetic” in Telugu logic/mathematics across Andhra Pradesh and Telangana. If not, what exact replacement should be used while leaving the displayed definition, formulas and source scope unchanged?"
"REV-TE-T071","terminology_or_sense_decision","high","mixed_provisional","arithmetization of syntax / symbol coding / sequence coding / code / Gödel number / Gödel numbering / formation sequence / primitive recursive syntactic relation / substitution / proof code / end-sequent / end-formula / discharge label / immediate subderivation / proof predicate / sequent calculus / natural deduction / axiomatic derivation","వాక్యనిర్మాణపు అంకగణితీకరణ / సంకేత సంకేతీకరణ / క్రమ సంకేతీకరణ / సంకేతసంఖ్య / గ్యోడెల్ సంఖ్య / గ్యోడెల్ సంఖ్యీకరణ / నిర్మాణ క్రమం / ఆదిమ పునరావృత్త వాక్యనిర్మాణ సంబంధం / ప్రతిస్థాపన / వ్యుత్పత్తి సంకేతసంఖ్య / అంత్య-సీక్వెంట్ / అంత్య-సూత్రం / ఉపసంహరణ చీటీ / తక్షణ ఉపవ్యుత్పత్తి / నిరూపణ విధేయం / సీక్వెంట్ కలనం / సహజ నిగమనం / స్వీకృతాధారిత వ్యుత్పత్తి","Telugu","Telu","te-Telu-IN","OLP-0280","incompleteness/arithmetization-syntax/arithmetization-syntax","content/incompleteness/arithmetization-syntax/arithmetization-syntax.tex","translation/content/incompleteness/arithmetization-syntax/arithmetization-syntax.tex","content/incompleteness/arithmetization-syntax/arithmetization-syntax.tex:8","translation/content/incompleteness/arithmetization-syntax/arithmetization-syntax.tex:8","OLP-0280-B004","","pending_coherent_reader_pagination","provisional_pending_optional_specialist_review_no_hold","Please double-check whether “వాక్యనిర్మాణపు అంకగణితీకరణ / సంకేత సంకేతీకరణ / క్రమ సంకేతీకరణ / సంకేతసంఖ్య / గ్యోడెల్ సంఖ్య / గ్యోడెల్ సంఖ్యీకరణ / నిర్మాణ క్రమం / ఆదిమ పునరావృత్త వాక్యనిర్మాణ సంబంధం / ప్రతిస్థాపన / వ్యుత్పత్తి సంకేతసంఖ్య / అంత్య-సీక్వెంట్ / అంత్య-సూత్రం / ఉపసంహరణ చీటీ / తక్షణ ఉపవ్యుత్పత్తి / నిరూపణ విధేయం / సీక్వెంట్ కలనం / సహజ నిగమనం / స్వీకృతాధారిత వ్యుత్పత్తి” is idiomatic and technically standard for “arithmetization of syntax / symbol coding / sequence coding / code / Gödel number / Gödel numbering / formation sequence / primitive recursive syntactic relation / substitution / proof code / end-sequent / end-formula / discharge label / immediate subderivation / proof predicate / sequent calculus / natural deduction / axiomatic derivation” in Telugu logic/mathematics across Andhra Pradesh and Telangana. If not, what exact replacement should be used while leaving the displayed definition, formulas and source scope unchanged?"
"REV-TE-T071","terminology_or_sense_decision","high","mixed_provisional","arithmetization of syntax / symbol coding / sequence coding / code / Gödel number / Gödel numbering / formation sequence / primitive recursive syntactic relation / substitution / proof code / end-sequent / end-formula / discharge label / immediate subderivation / proof predicate / sequent calculus / natural deduction / axiomatic derivation","వాక్యనిర్మాణపు అంకగణితీకరణ / సంకేత సంకేతీకరణ / క్రమ సంకేతీకరణ / సంకేతసంఖ్య / గ్యోడెల్ సంఖ్య / గ్యోడెల్ సంఖ్యీకరణ / నిర్మాణ క్రమం / ఆదిమ పునరావృత్త వాక్యనిర్మాణ సంబంధం / ప్రతిస్థాపన / వ్యుత్పత్తి సంకేతసంఖ్య / అంత్య-సీక్వెంట్ / అంత్య-సూత్రం / ఉపసంహరణ చీటీ / తక్షణ ఉపవ్యుత్పత్తి / నిరూపణ విధేయం / సీక్వెంట్ కలనం / సహజ నిగమనం / స్వీకృతాధారిత వ్యుత్పత్తి","Telugu","Telu","te-Telu-IN","OLP-0281","incompleteness/arithmetization-syntax/introduction","content/incompleteness/arithmetization-syntax/introduction.tex","translation/content/incompleteness/arithmetization-syntax/introduction.tex","content/incompleteness/arithmetization-syntax/introduction.tex:30-43","translation/content/incompleteness/arithmetization-syntax/introduction.tex:28-41","OLP-0281-B006","","pending_coherent_reader_pagination","provisional_pending_optional_specialist_review_no_hold","Please double-check whether “వాక్యనిర్మాణపు అంకగణితీకరణ / సంకేత సంకేతీకరణ / క్రమ సంకేతీకరణ / సంకేతసంఖ్య / గ్యోడెల్ సంఖ్య / గ్యోడెల్ సంఖ్యీకరణ / నిర్మాణ క్రమం / ఆదిమ పునరావృత్త వాక్యనిర్మాణ సంబంధం / ప్రతిస్థాపన / వ్యుత్పత్తి సంకేతసంఖ్య / అంత్య-సీక్వెంట్ / అంత్య-సూత్రం / ఉపసంహరణ చీటీ / తక్షణ ఉపవ్యుత్పత్తి / నిరూపణ విధేయం / సీక్వెంట్ కలనం / సహజ నిగమనం / స్వీకృతాధారిత వ్యుత్పత్తి” is idiomatic and technically standard for “arithmetization of syntax / symbol coding / sequence coding / code / Gödel number / Gödel numbering / formation sequence / primitive recursive syntactic relation / substitution / proof code / end-sequent / end-formula / discharge label / immediate subderivation / proof predicate / sequent calculus / natural deduction / axiomatic derivation” in Telugu logic/mathematics across Andhra Pradesh and Telangana. If not, what exact replacement should be used while leaving the displayed definition, formulas and source scope unchanged?"
"REV-TE-T071","terminology_or_sense_decision","high","mixed_provisional","arithmetization of syntax / symbol coding / sequence coding / code / Gödel number / Gödel numbering / formation sequence / primitive recursive syntactic relation / substitution / proof code / end-sequent / end-formula / discharge label / immediate subderivation / proof predicate / sequent calculus / natural deduction / axiomatic derivation","వాక్యనిర్మాణపు అంకగణితీకరణ / సంకేత సంకేతీకరణ / క్రమ సంకేతీకరణ / సంకేతసంఖ్య / గ్యోడెల్ సంఖ్య / గ్యోడెల్ సంఖ్యీకరణ / నిర్మాణ క్రమం / ఆదిమ పునరావృత్త వాక్యనిర్మాణ సంబంధం / ప్రతిస్థాపన / వ్యుత్పత్తి సంకేతసంఖ్య / అంత్య-సీక్వెంట్ / అంత్య-సూత్రం / ఉపసంహరణ చీటీ / తక్షణ ఉపవ్యుత్పత్తి / నిరూపణ విధేయం / సీక్వెంట్ కలనం / సహజ నిగమనం / స్వీకృతాధారిత వ్యుత్పత్తి","Telugu","Telu","te-Telu-IN","OLP-0282","incompleteness/arithmetization-syntax/coding-symbols","content/incompleteness/arithmetization-syntax/coding-symbols.tex","translation/content/incompleteness/arithmetization-syntax/coding-symbols.tex","content/incompleteness/arithmetization-syntax/coding-symbols.tex:9-10","translation/content/incompleteness/arithmetization-syntax/coding-symbols.tex:9-10","OLP-0282-B004","","pending_coherent_reader_pagination","provisional_pending_optional_specialist_review_no_hold","Please double-check whether “వాక్యనిర్మాణపు అంకగణితీకరణ / సంకేత సంకేతీకరణ / క్రమ సంకేతీకరణ / సంకేతసంఖ్య / గ్యోడెల్ సంఖ్య / గ్యోడెల్ సంఖ్యీకరణ / నిర్మాణ క్రమం / ఆదిమ పునరావృత్త వాక్యనిర్మాణ సంబంధం / ప్రతిస్థాపన / వ్యుత్పత్తి సంకేతసంఖ్య / అంత్య-సీక్వెంట్ / అంత్య-సూత్రం / ఉపసంహరణ చీటీ / తక్షణ ఉపవ్యుత్పత్తి / నిరూపణ విధేయం / సీక్వెంట్ కలనం / సహజ నిగమనం / స్వీకృతాధారిత వ్యుత్పత్తి” is idiomatic and technically standard for “arithmetization of syntax / symbol coding / sequence coding / code / Gödel number / Gödel numbering / formation sequence / primitive recursive syntactic relation / substitution / proof code / end-sequent / end-formula / discharge label / immediate subderivation / proof predicate / sequent calculus / natural deduction / axiomatic derivation” in Telugu logic/mathematics across Andhra Pradesh and Telangana. If not, what exact replacement should be used while leaving the displayed definition, formulas and source scope unchanged?"
"REV-TE-T071","terminology_or_sense_decision","high","mixed_provisional","arithmetization of syntax / symbol coding / sequence coding / code / Gödel number / Gödel numbering / formation sequence / primitive recursive syntactic relation / substitution / proof code / end-sequent / end-formula / discharge label / immediate subderivation / proof predicate / sequent calculus / natural deduction / axiomatic derivation","వాక్యనిర్మాణపు అంకగణితీకరణ / సంకేత సంకేతీకరణ / క్రమ సంకేతీకరణ / సంకేతసంఖ్య / గ్యోడెల్ సంఖ్య / గ్యోడెల్ సంఖ్యీకరణ / నిర్మాణ క్రమం / ఆదిమ పునరావృత్త వాక్యనిర్మాణ సంబంధం / ప్రతిస్థాపన / వ్యుత్పత్తి సంకేతసంఖ్య / అంత్య-సీక్వెంట్ / అంత్య-సూత్రం / ఉపసంహరణ చీటీ / తక్షణ ఉపవ్యుత్పత్తి / నిరూపణ విధేయం / సీక్వెంట్ కలనం / సహజ నిగమనం / స్వీకృతాధారిత వ్యుత్పత్తి","Telugu","Telu","te-Telu-IN","OLP-0283","incompleteness/arithmetization-syntax/coding-terms","content/incompleteness/arithmetization-syntax/coding-terms.tex","translation/content/incompleteness/arithmetization-syntax/coding-terms.tex","content/incompleteness/arithmetization-syntax/coding-terms.tex:43-58","translation/content/incompleteness/arithmetization-syntax/coding-terms.tex:41-57","OLP-0283-B008","","pending_coherent_reader_pagination","provisional_pending_optional_specialist_review_no_hold","Please double-check whether “వాక్యనిర్మాణపు అంకగణితీకరణ / సంకేత సంకేతీకరణ / క్రమ సంకేతీకరణ / సంకేతసంఖ్య / గ్యోడెల్ సంఖ్య / గ్యోడెల్ సంఖ్యీకరణ / నిర్మాణ క్రమం / ఆదిమ పునరావృత్త వాక్యనిర్మాణ సంబంధం / ప్రతిస్థాపన / వ్యుత్పత్తి సంకేతసంఖ్య / అంత్య-సీక్వెంట్ / అంత్య-సూత్రం / ఉపసంహరణ చీటీ / తక్షణ ఉపవ్యుత్పత్తి / నిరూపణ విధేయం / సీక్వెంట్ కలనం / సహజ నిగమనం / స్వీకృతాధారిత వ్యుత్పత్తి” is idiomatic and technically standard for “arithmetization of syntax / symbol coding / sequence coding / code / Gödel number / Gödel numbering / formation sequence / primitive recursive syntactic relation / substitution / proof code / end-sequent / end-formula / discharge label / immediate subderivation / proof predicate / sequent calculus / natural deduction / axiomatic derivation” in Telugu logic/mathematics across Andhra Pradesh and Telangana. If not, what exact replacement should be used while leaving the displayed definition, formulas and source scope unchanged?"
"REV-TE-T071","terminology_or_sense_decision","high","mixed_provisional","arithmetization of syntax / symbol coding / sequence coding / code / Gödel number / Gödel numbering / formation sequence / primitive recursive syntactic relation / substitution / proof code / end-sequent / end-formula / discharge label / immediate subderivation / proof predicate / sequent calculus / natural deduction / axiomatic derivation","వాక్యనిర్మాణపు అంకగణితీకరణ / సంకేత సంకేతీకరణ / క్రమ సంకేతీకరణ / సంకేతసంఖ్య / గ్యోడెల్ సంఖ్య / గ్యోడెల్ సంఖ్యీకరణ / నిర్మాణ క్రమం / ఆదిమ పునరావృత్త వాక్యనిర్మాణ సంబంధం / ప్రతిస్థాపన / వ్యుత్పత్తి సంకేతసంఖ్య / అంత్య-సీక్వెంట్ / అంత్య-సూత్రం / ఉపసంహరణ చీటీ / తక్షణ ఉపవ్యుత్పత్తి / నిరూపణ విధేయం / సీక్వెంట్ కలనం / సహజ నిగమనం / స్వీకృతాధారిత వ్యుత్పత్తి","Telugu","Telu","te-Telu-IN","OLP-0284","incompleteness/arithmetization-syntax/coding-formulas","content/incompleteness/arithmetization-syntax/coding-formulas.tex","translation/content/incompleteness/arithmetization-syntax/coding-formulas.tex","content/incompleteness/arithmetization-syntax/coding-formulas.tex:9-10","translation/content/incompleteness/arithmetization-syntax/coding-formulas.tex:9-10","OLP-0284-B004","","pending_coherent_reader_pagination","provisional_pending_optional_specialist_review_no_hold","Please double-check whether “వాక్యనిర్మాణపు అంకగణితీకరణ / సంకేత సంకేతీకరణ / క్రమ సంకేతీకరణ / సంకేతసంఖ్య / గ్యోడెల్ సంఖ్య / గ్యోడెల్ సంఖ్యీకరణ / నిర్మాణ క్రమం / ఆదిమ పునరావృత్త వాక్యనిర్మాణ సంబంధం / ప్రతిస్థాపన / వ్యుత్పత్తి సంకేతసంఖ్య / అంత్య-సీక్వెంట్ / అంత్య-సూత్రం / ఉపసంహరణ చీటీ / తక్షణ ఉపవ్యుత్పత్తి / నిరూపణ విధేయం / సీక్వెంట్ కలనం / సహజ నిగమనం / స్వీకృతాధారిత వ్యుత్పత్తి” is idiomatic and technically standard for “arithmetization of syntax / symbol coding / sequence coding / code / Gödel number / Gödel numbering / formation sequence / primitive recursive syntactic relation / substitution / proof code / end-sequent / end-formula / discharge label / immediate subderivation / proof predicate / sequent calculus / natural deduction / axiomatic derivation” in Telugu logic/mathematics across Andhra Pradesh and Telangana. If not, what exact replacement should be used while leaving the displayed definition, formulas and source scope unchanged?"
"REV-TE-T071","terminology_or_sense_decision","high","mixed_provisional","arithmetization of syntax / symbol coding / sequence coding / code / Gödel number / Gödel numbering / formation sequence / primitive recursive syntactic relation / substitution / proof code / end-sequent / end-formula / discharge label / immediate subderivation / proof predicate / sequent calculus / natural deduction / axiomatic derivation","వాక్యనిర్మాణపు అంకగణితీకరణ / సంకేత సంకేతీకరణ / క్రమ సంకేతీకరణ / సంకేతసంఖ్య / గ్యోడెల్ సంఖ్య / గ్యోడెల్ సంఖ్యీకరణ / నిర్మాణ క్రమం / ఆదిమ పునరావృత్త వాక్యనిర్మాణ సంబంధం / ప్రతిస్థాపన / వ్యుత్పత్తి సంకేతసంఖ్య / అంత్య-సీక్వెంట్ / అంత్య-సూత్రం / ఉపసంహరణ చీటీ / తక్షణ ఉపవ్యుత్పత్తి / నిరూపణ విధేయం / సీక్వెంట్ కలనం / సహజ నిగమనం / స్వీకృతాధారిత వ్యుత్పత్తి","Telugu","Telu","te-Telu-IN","OLP-0285","incompleteness/arithmetization-syntax/substitution","content/incompleteness/arithmetization-syntax/substitution.tex","translation/content/incompleteness/arithmetization-syntax/substitution.tex","content/incompleteness/arithmetization-syntax/substitution.tex:9-10","translation/content/incompleteness/arithmetization-syntax/substitution.tex:9-10","OLP-0285-B004","","pending_coherent_reader_pagination","provisional_pending_optional_specialist_review_no_hold","Please double-check whether “వాక్యనిర్మాణపు అంకగణితీకరణ / సంకేత సంకేతీకరణ / క్రమ సంకేతీకరణ / సంకేతసంఖ్య / గ్యోడెల్ సంఖ్య / గ్యోడెల్ సంఖ్యీకరణ / నిర్మాణ క్రమం / ఆదిమ పునరావృత్త వాక్యనిర్మాణ సంబంధం / ప్రతిస్థాపన / వ్యుత్పత్తి సంకేతసంఖ్య / అంత్య-సీక్వెంట్ / అంత్య-సూత్రం / ఉపసంహరణ చీటీ / తక్షణ ఉపవ్యుత్పత్తి / నిరూపణ విధేయం / సీక్వెంట్ కలనం / సహజ నిగమనం / స్వీకృతాధారిత వ్యుత్పత్తి” is idiomatic and technically standard for “arithmetization of syntax / symbol coding / sequence coding / code / Gödel number / Gödel numbering / formation sequence / primitive recursive syntactic relation / substitution / proof code / end-sequent / end-formula / discharge label / immediate subderivation / proof predicate / sequent calculus / natural deduction / axiomatic derivation” in Telugu logic/mathematics across Andhra Pradesh and Telangana. If not, what exact replacement should be used while leaving the displayed definition, formulas and source scope unchanged?"
"REV-TE-T071","terminology_or_sense_decision","high","mixed_provisional","arithmetization of syntax / symbol coding / sequence coding / code / Gödel number / Gödel numbering / formation sequence / primitive recursive syntactic relation / substitution / proof code / end-sequent / end-formula / discharge label / immediate subderivation / proof predicate / sequent calculus / natural deduction / axiomatic derivation","వాక్యనిర్మాణపు అంకగణితీకరణ / సంకేత సంకేతీకరణ / క్రమ సంకేతీకరణ / సంకేతసంఖ్య / గ్యోడెల్ సంఖ్య / గ్యోడెల్ సంఖ్యీకరణ / నిర్మాణ క్రమం / ఆదిమ పునరావృత్త వాక్యనిర్మాణ సంబంధం / ప్రతిస్థాపన / వ్యుత్పత్తి సంకేతసంఖ్య / అంత్య-సీక్వెంట్ / అంత్య-సూత్రం / ఉపసంహరణ చీటీ / తక్షణ ఉపవ్యుత్పత్తి / నిరూపణ విధేయం / సీక్వెంట్ కలనం / సహజ నిగమనం / స్వీకృతాధారిత వ్యుత్పత్తి","Telugu","Telu","te-Telu-IN","OLP-0286","incompleteness/arithmetization-syntax/proofs-in-lk","content/incompleteness/arithmetization-syntax/proofs-in-lk.tex","translation/content/incompleteness/arithmetization-syntax/proofs-in-lk.tex","content/incompleteness/arithmetization-syntax/proofs-in-lk.tex:12-20","translation/content/incompleteness/arithmetization-syntax/proofs-in-lk.tex:12-21","OLP-0286-B005","","pending_coherent_reader_pagination","provisional_pending_optional_specialist_review_no_hold","Please double-check whether “వాక్యనిర్మాణపు అంకగణితీకరణ / సంకేత సంకేతీకరణ / క్రమ సంకేతీకరణ / సంకేతసంఖ్య / గ్యోడెల్ సంఖ్య / గ్యోడెల్ సంఖ్యీకరణ / నిర్మాణ క్రమం / ఆదిమ పునరావృత్త వాక్యనిర్మాణ సంబంధం / ప్రతిస్థాపన / వ్యుత్పత్తి సంకేతసంఖ్య / అంత్య-సీక్వెంట్ / అంత్య-సూత్రం / ఉపసంహరణ చీటీ / తక్షణ ఉపవ్యుత్పత్తి / నిరూపణ విధేయం / సీక్వెంట్ కలనం / సహజ నిగమనం / స్వీకృతాధారిత వ్యుత్పత్తి” is idiomatic and technically standard for “arithmetization of syntax / symbol coding / sequence coding / code / Gödel number / Gödel numbering / formation sequence / primitive recursive syntactic relation / substitution / proof code / end-sequent / end-formula / discharge label / immediate subderivation / proof predicate / sequent calculus / natural deduction / axiomatic derivation” in Telugu logic/mathematics across Andhra Pradesh and Telangana. If not, what exact replacement should be used while leaving the displayed definition, formulas and source scope unchanged?"
"REV-TE-T071","terminology_or_sense_decision","high","mixed_provisional","arithmetization of syntax / symbol coding / sequence coding / code / Gödel number / Gödel numbering / formation sequence / primitive recursive syntactic relation / substitution / proof code / end-sequent / end-formula / discharge label / immediate subderivation / proof predicate / sequent calculus / natural deduction / axiomatic derivation","వాక్యనిర్మాణపు అంకగణితీకరణ / సంకేత సంకేతీకరణ / క్రమ సంకేతీకరణ / సంకేతసంఖ్య / గ్యోడెల్ సంఖ్య / గ్యోడెల్ సంఖ్యీకరణ / నిర్మాణ క్రమం / ఆదిమ పునరావృత్త వాక్యనిర్మాణ సంబంధం / ప్రతిస్థాపన / వ్యుత్పత్తి సంకేతసంఖ్య / అంత్య-సీక్వెంట్ / అంత్య-సూత్రం / ఉపసంహరణ చీటీ / తక్షణ ఉపవ్యుత్పత్తి / నిరూపణ విధేయం / సీక్వెంట్ కలనం / సహజ నిగమనం / స్వీకృతాధారిత వ్యుత్పత్తి","Telugu","Telu","te-Telu-IN","OLP-0286","incompleteness/arithmetization-syntax/proofs-in-lk","content/incompleteness/arithmetization-syntax/proofs-in-lk.tex","translation/content/incompleteness/arithmetization-syntax/proofs-in-lk.tex","content/incompleteness/arithmetization-syntax/proofs-in-lk.tex:251-257","translation/content/incompleteness/arithmetization-syntax/proofs-in-lk.tex:255-261","OLP-0286-B022","","pending_coherent_reader_pagination","provisional_pending_optional_specialist_review_no_hold","Please double-check whether “వాక్యనిర్మాణపు అంకగణితీకరణ / సంకేత సంకేతీకరణ / క్రమ సంకేతీకరణ / సంకేతసంఖ్య / గ్యోడెల్ సంఖ్య / గ్యోడెల్ సంఖ్యీకరణ / నిర్మాణ క్రమం / ఆదిమ పునరావృత్త వాక్యనిర్మాణ సంబంధం / ప్రతిస్థాపన / వ్యుత్పత్తి సంకేతసంఖ్య / అంత్య-సీక్వెంట్ / అంత్య-సూత్రం / ఉపసంహరణ చీటీ / తక్షణ ఉపవ్యుత్పత్తి / నిరూపణ విధేయం / సీక్వెంట్ కలనం / సహజ నిగమనం / స్వీకృతాధారిత వ్యుత్పత్తి” is idiomatic and technically standard for “arithmetization of syntax / symbol coding / sequence coding / code / Gödel number / Gödel numbering / formation sequence / primitive recursive syntactic relation / substitution / proof code / end-sequent / end-formula / discharge label / immediate subderivation / proof predicate / sequent calculus / natural deduction / axiomatic derivation” in Telugu logic/mathematics across Andhra Pradesh and Telangana. If not, what exact replacement should be used while leaving the displayed definition, formulas and source scope unchanged?"
"REV-TE-T071","terminology_or_sense_decision","high","mixed_provisional","arithmetization of syntax / symbol coding / sequence coding / code / Gödel number / Gödel numbering / formation sequence / primitive recursive syntactic relation / substitution / proof code / end-sequent / end-formula / discharge label / immediate subderivation / proof predicate / sequent calculus / natural deduction / axiomatic derivation","వాక్యనిర్మాణపు అంకగణితీకరణ / సంకేత సంకేతీకరణ / క్రమ సంకేతీకరణ / సంకేతసంఖ్య / గ్యోడెల్ సంఖ్య / గ్యోడెల్ సంఖ్యీకరణ / నిర్మాణ క్రమం / ఆదిమ పునరావృత్త వాక్యనిర్మాణ సంబంధం / ప్రతిస్థాపన / వ్యుత్పత్తి సంకేతసంఖ్య / అంత్య-సీక్వెంట్ / అంత్య-సూత్రం / ఉపసంహరణ చీటీ / తక్షణ ఉపవ్యుత్పత్తి / నిరూపణ విధేయం / సీక్వెంట్ కలనం / సహజ నిగమనం / స్వీకృతాధారిత వ్యుత్పత్తి","Telugu","Telu","te-Telu-IN","OLP-0287","incompleteness/arithmetization-syntax/proofs-in-nd","content/incompleteness/arithmetization-syntax/proofs-in-nd.tex","translation/content/incompleteness/arithmetization-syntax/proofs-in-nd.tex","content/incompleteness/arithmetization-syntax/proofs-in-nd.tex:9-10","translation/content/incompleteness/arithmetization-syntax/proofs-in-nd.tex:9-10","OLP-0287-B004","","pending_coherent_reader_pagination","provisional_pending_optional_specialist_review_no_hold","Please double-check whether “వాక్యనిర్మాణపు అంకగణితీకరణ / సంకేత సంకేతీకరణ / క్రమ సంకేతీకరణ / సంకేతసంఖ్య / గ్యోడెల్ సంఖ్య / గ్యోడెల్ సంఖ్యీకరణ / నిర్మాణ క్రమం / ఆదిమ పునరావృత్త వాక్యనిర్మాణ సంబంధం / ప్రతిస్థాపన / వ్యుత్పత్తి సంకేతసంఖ్య / అంత్య-సీక్వెంట్ / అంత్య-సూత్రం / ఉపసంహరణ చీటీ / తక్షణ ఉపవ్యుత్పత్తి / నిరూపణ విధేయం / సీక్వెంట్ కలనం / సహజ నిగమనం / స్వీకృతాధారిత వ్యుత్పత్తి” is idiomatic and technically standard for “arithmetization of syntax / symbol coding / sequence coding / code / Gödel number / Gödel numbering / formation sequence / primitive recursive syntactic relation / substitution / proof code / end-sequent / end-formula / discharge label / immediate subderivation / proof predicate / sequent calculus / natural deduction / axiomatic derivation” in Telugu logic/mathematics across Andhra Pradesh and Telangana. If not, what exact replacement should be used while leaving the displayed definition, formulas and source scope unchanged?"
"REV-TE-T071","terminology_or_sense_decision","high","mixed_provisional","arithmetization of syntax / symbol coding / sequence coding / code / Gödel number / Gödel numbering / formation sequence / primitive recursive syntactic relation / substitution / proof code / end-sequent / end-formula / discharge label / immediate subderivation / proof predicate / sequent calculus / natural deduction / axiomatic derivation","వాక్యనిర్మాణపు అంకగణితీకరణ / సంకేత సంకేతీకరణ / క్రమ సంకేతీకరణ / సంకేతసంఖ్య / గ్యోడెల్ సంఖ్య / గ్యోడెల్ సంఖ్యీకరణ / నిర్మాణ క్రమం / ఆదిమ పునరావృత్త వాక్యనిర్మాణ సంబంధం / ప్రతిస్థాపన / వ్యుత్పత్తి సంకేతసంఖ్య / అంత్య-సీక్వెంట్ / అంత్య-సూత్రం / ఉపసంహరణ చీటీ / తక్షణ ఉపవ్యుత్పత్తి / నిరూపణ విధేయం / సీక్వెంట్ కలనం / సహజ నిగమనం / స్వీకృతాధారిత వ్యుత్పత్తి","Telugu","Telu","te-Telu-IN","OLP-0287","incompleteness/arithmetization-syntax/proofs-in-nd","content/incompleteness/arithmetization-syntax/proofs-in-nd.tex","translation/content/incompleteness/arithmetization-syntax/proofs-in-nd.tex","content/incompleteness/arithmetization-syntax/proofs-in-nd.tex:12-22","translation/content/incompleteness/arithmetization-syntax/proofs-in-nd.tex:12-24","OLP-0287-B005","","pending_coherent_reader_pagination","provisional_pending_optional_specialist_review_no_hold","Please double-check whether “వాక్యనిర్మాణపు అంకగణితీకరణ / సంకేత సంకేతీకరణ / క్రమ సంకేతీకరణ / సంకేతసంఖ్య / గ్యోడెల్ సంఖ్య / గ్యోడెల్ సంఖ్యీకరణ / నిర్మాణ క్రమం / ఆదిమ పునరావృత్త వాక్యనిర్మాణ సంబంధం / ప్రతిస్థాపన / వ్యుత్పత్తి సంకేతసంఖ్య / అంత్య-సీక్వెంట్ / అంత్య-సూత్రం / ఉపసంహరణ చీటీ / తక్షణ ఉపవ్యుత్పత్తి / నిరూపణ విధేయం / సీక్వెంట్ కలనం / సహజ నిగమనం / స్వీకృతాధారిత వ్యుత్పత్తి” is idiomatic and technically standard for “arithmetization of syntax / symbol coding / sequence coding / code / Gödel number / Gödel numbering / formation sequence / primitive recursive syntactic relation / substitution / proof code / end-sequent / end-formula / discharge label / immediate subderivation / proof predicate / sequent calculus / natural deduction / axiomatic derivation” in Telugu logic/mathematics across Andhra Pradesh and Telangana. If not, what exact replacement should be used while leaving the displayed definition, formulas and source scope unchanged?"
"REV-TE-T071","terminology_or_sense_decision","high","mixed_provisional","arithmetization of syntax / symbol coding / sequence coding / code / Gödel number / Gödel numbering / formation sequence / primitive recursive syntactic relation / substitution / proof code / end-sequent / end-formula / discharge label / immediate subderivation / proof predicate / sequent calculus / natural deduction / axiomatic derivation","వాక్యనిర్మాణపు అంకగణితీకరణ / సంకేత సంకేతీకరణ / క్రమ సంకేతీకరణ / సంకేతసంఖ్య / గ్యోడెల్ సంఖ్య / గ్యోడెల్ సంఖ్యీకరణ / నిర్మాణ క్రమం / ఆదిమ పునరావృత్త వాక్యనిర్మాణ సంబంధం / ప్రతిస్థాపన / వ్యుత్పత్తి సంకేతసంఖ్య / అంత్య-సీక్వెంట్ / అంత్య-సూత్రం / ఉపసంహరణ చీటీ / తక్షణ ఉపవ్యుత్పత్తి / నిరూపణ విధేయం / సీక్వెంట్ కలనం / సహజ నిగమనం / స్వీకృతాధారిత వ్యుత్పత్తి","Telugu","Telu","te-Telu-IN","OLP-0287","incompleteness/arithmetization-syntax/proofs-in-nd","content/incompleteness/arithmetization-syntax/proofs-in-nd.tex","translation/content/incompleteness/arithmetization-syntax/proofs-in-nd.tex","content/incompleteness/arithmetization-syntax/proofs-in-nd.tex:12-22","translation/content/incompleteness/arithmetization-syntax/proofs-in-nd.tex:12-24","OLP-0287-B005","","pending_coherent_reader_pagination","provisional_pending_optional_specialist_review_no_hold","Please double-check whether “వాక్యనిర్మాణపు అంకగణితీకరణ / సంకేత సంకేతీకరణ / క్రమ సంకేతీకరణ / సంకేతసంఖ్య / గ్యోడెల్ సంఖ్య / గ్యోడెల్ సంఖ్యీకరణ / నిర్మాణ క్రమం / ఆదిమ పునరావృత్త వాక్యనిర్మాణ సంబంధం / ప్రతిస్థాపన / వ్యుత్పత్తి సంకేతసంఖ్య / అంత్య-సీక్వెంట్ / అంత్య-సూత్రం / ఉపసంహరణ చీటీ / తక్షణ ఉపవ్యుత్పత్తి / నిరూపణ విధేయం / సీక్వెంట్ కలనం / సహజ నిగమనం / స్వీకృతాధారిత వ్యుత్పత్తి” is idiomatic and technically standard for “arithmetization of syntax / symbol coding / sequence coding / code / Gödel number / Gödel numbering / formation sequence / primitive recursive syntactic relation / substitution / proof code / end-sequent / end-formula / discharge label / immediate subderivation / proof predicate / sequent calculus / natural deduction / axiomatic derivation” in Telugu logic/mathematics across Andhra Pradesh and Telangana. If not, what exact replacement should be used while leaving the displayed definition, formulas and source scope unchanged?"
"REV-TE-T071","terminology_or_sense_decision","high","mixed_provisional","arithmetization of syntax / symbol coding / sequence coding / code / Gödel number / Gödel numbering / formation sequence / primitive recursive syntactic relation / substitution / proof code / end-sequent / end-formula / discharge label / immediate subderivation / proof predicate / sequent calculus / natural deduction / axiomatic derivation","వాక్యనిర్మాణపు అంకగణితీకరణ / సంకేత సంకేతీకరణ / క్రమ సంకేతీకరణ / సంకేతసంఖ్య / గ్యోడెల్ సంఖ్య / గ్యోడెల్ సంఖ్యీకరణ / నిర్మాణ క్రమం / ఆదిమ పునరావృత్త వాక్యనిర్మాణ సంబంధం / ప్రతిస్థాపన / వ్యుత్పత్తి సంకేతసంఖ్య / అంత్య-సీక్వెంట్ / అంత్య-సూత్రం / ఉపసంహరణ చీటీ / తక్షణ ఉపవ్యుత్పత్తి / నిరూపణ విధేయం / సీక్వెంట్ కలనం / సహజ నిగమనం / స్వీకృతాధారిత వ్యుత్పత్తి","Telugu","Telu","te-Telu-IN","OLP-0288","incompleteness/arithmetization-syntax/proofs-in-ax","content/incompleteness/arithmetization-syntax/proofs-in-ax.tex","translation/content/incompleteness/arithmetization-syntax/proofs-in-ax.tex","content/incompleteness/arithmetization-syntax/proofs-in-ax.tex:9-10","translation/content/incompleteness/arithmetization-syntax/proofs-in-ax.tex:9-10","OLP-0288-B004","","pending_coherent_reader_pagination","provisional_pending_optional_specialist_review_no_hold","Please double-check whether “వాక్యనిర్మాణపు అంకగణితీకరణ / సంకేత సంకేతీకరణ / క్రమ సంకేతీకరణ / సంకేతసంఖ్య / గ్యోడెల్ సంఖ్య / గ్యోడెల్ సంఖ్యీకరణ / నిర్మాణ క్రమం / ఆదిమ పునరావృత్త వాక్యనిర్మాణ సంబంధం / ప్రతిస్థాపన / వ్యుత్పత్తి సంకేతసంఖ్య / అంత్య-సీక్వెంట్ / అంత్య-సూత్రం / ఉపసంహరణ చీటీ / తక్షణ ఉపవ్యుత్పత్తి / నిరూపణ విధేయం / సీక్వెంట్ కలనం / సహజ నిగమనం / స్వీకృతాధారిత వ్యుత్పత్తి” is idiomatic and technically standard for “arithmetization of syntax / symbol coding / sequence coding / code / Gödel number / Gödel numbering / formation sequence / primitive recursive syntactic relation / substitution / proof code / end-sequent / end-formula / discharge label / immediate subderivation / proof predicate / sequent calculus / natural deduction / axiomatic derivation” in Telugu logic/mathematics across Andhra Pradesh and Telangana. If not, what exact replacement should be used while leaving the displayed definition, formulas and source scope unchanged?"
"REV-TE-T072","terminology_or_sense_decision","high","mixed_provisional","representability in Q / representing formula / beta function lemma / relatively prime / congruent modulo / greatest common divisor / least common multiple / Sunzi's theorem (Chinese Remainder Theorem) / simulation of primitive recursion / regular minimization / basic representable functions / closure under composition / representation of relations / Delta_0, Sigma_1 and Pi_1 formulas / bounded existential and universal formulas / closed term / Sigma_1 completeness","Qలో ప్రాతినిధ్యయోగ్యత / ప్రాతినిధ్య సూత్రం / బీటా ప్రమేయ ఉపపత్తి / పరస్పర ప్రధాన / మాడ్యులో సమానశేష / గరిష్ఠ సామాన్య భాజకం / కనిష్ఠ సామాన్య గుణిజం / సున్‌జి సిద్ధాంతం (చైనీయ శేష సిద్ధాంతం) / ఆదిమ పునరావృత్తి అనుకరణ / సక్రమ కనిష్ఠీకరణ / ప్రాతినిధ్యం చేయదగిన ప్రాథమిక ప్రమేయాలు / సంయుక్తం కింద సంవృతత / సంబంధాల ప్రాతినిధ్యం / Delta_0, Sigma_1, Pi_1 సూత్రాలు / పరిమిత అస్తిత్వ, సార్వత్రిక సూత్రాలు / సంవృత పదం / Sigma_1 సంపూర్ణత","Telugu","Telu","te-Telu-IN","OLP-0289","incompleteness/representability-in-q/representability-in-q","content/incompleteness/representability-in-q/representability-in-q.tex","translation/content/incompleteness/representability-in-q/representability-in-q.tex","content/incompleteness/representability-in-q/representability-in-q.tex:8","translation/content/incompleteness/representability-in-q/representability-in-q.tex:8","OLP-0289-B004","","pending_coherent_reader_pagination","provisional_pending_optional_specialist_review_no_hold","Please double-check whether “Qలో ప్రాతినిధ్యయోగ్యత / ప్రాతినిధ్య సూత్రం / బీటా ప్రమేయ ఉపపత్తి / పరస్పర ప్రధాన / మాడ్యులో సమానశేష / గరిష్ఠ సామాన్య భాజకం / కనిష్ఠ సామాన్య గుణిజం / సున్‌జి సిద్ధాంతం (చైనీయ శేష సిద్ధాంతం) / ఆదిమ పునరావృత్తి అనుకరణ / సక్రమ కనిష్ఠీకరణ / ప్రాతినిధ్యం చేయదగిన ప్రాథమిక ప్రమేయాలు / సంయుక్తం కింద సంవృతత / సంబంధాల ప్రాతినిధ్యం / Delta_0, Sigma_1, Pi_1 సూత్రాలు / పరిమిత అస్తిత్వ, సార్వత్రిక సూత్రాలు / సంవృత పదం / Sigma_1 సంపూర్ణత” is idiomatic and technically standard for “representability in Q / representing formula / beta function lemma / relatively prime / congruent modulo / greatest common divisor / least common multiple / Sunzi's theorem (Chinese Remainder Theorem) / simulation of primitive recursion / regular minimization / basic representable functions / closure under composition / representation of relations / Delta_0, Sigma_1 and Pi_1 formulas / bounded existential and universal formulas / closed term / Sigma_1 completeness” in Telugu logic/mathematics across Andhra Pradesh and Telangana. If not, what exact replacement should be used while leaving the displayed definition, formulas and source scope unchanged?"
"REV-TE-T072","terminology_or_sense_decision","high","mixed_provisional","representability in Q / representing formula / beta function lemma / relatively prime / congruent modulo / greatest common divisor / least common multiple / Sunzi's theorem (Chinese Remainder Theorem) / simulation of primitive recursion / regular minimization / basic representable functions / closure under composition / representation of relations / Delta_0, Sigma_1 and Pi_1 formulas / bounded existential and universal formulas / closed term / Sigma_1 completeness","Qలో ప్రాతినిధ్యయోగ్యత / ప్రాతినిధ్య సూత్రం / బీటా ప్రమేయ ఉపపత్తి / పరస్పర ప్రధాన / మాడ్యులో సమానశేష / గరిష్ఠ సామాన్య భాజకం / కనిష్ఠ సామాన్య గుణిజం / సున్‌జి సిద్ధాంతం (చైనీయ శేష సిద్ధాంతం) / ఆదిమ పునరావృత్తి అనుకరణ / సక్రమ కనిష్ఠీకరణ / ప్రాతినిధ్యం చేయదగిన ప్రాథమిక ప్రమేయాలు / సంయుక్తం కింద సంవృతత / సంబంధాల ప్రాతినిధ్యం / Delta_0, Sigma_1, Pi_1 సూత్రాలు / పరిమిత అస్తిత్వ, సార్వత్రిక సూత్రాలు / సంవృత పదం / Sigma_1 సంపూర్ణత","Telugu","Telu","te-Telu-IN","OLP-0292","incompleteness/representability-in-q/beta-function","content/incompleteness/representability-in-q/beta-function.tex","translation/content/incompleteness/representability-in-q/beta-function.tex","content/incompleteness/representability-in-q/beta-function.tex:9-10","translation/content/incompleteness/representability-in-q/beta-function.tex:9-10","OLP-0292-B004","","pending_coherent_reader_pagination","provisional_pending_optional_specialist_review_no_hold","Please double-check whether “Qలో ప్రాతినిధ్యయోగ్యత / ప్రాతినిధ్య సూత్రం / బీటా ప్రమేయ ఉపపత్తి / పరస్పర ప్రధాన / మాడ్యులో సమానశేష / గరిష్ఠ సామాన్య భాజకం / కనిష్ఠ సామాన్య గుణిజం / సున్‌జి సిద్ధాంతం (చైనీయ శేష సిద్ధాంతం) / ఆదిమ పునరావృత్తి అనుకరణ / సక్రమ కనిష్ఠీకరణ / ప్రాతినిధ్యం చేయదగిన ప్రాథమిక ప్రమేయాలు / సంయుక్తం కింద సంవృతత / సంబంధాల ప్రాతినిధ్యం / Delta_0, Sigma_1, Pi_1 సూత్రాలు / పరిమిత అస్తిత్వ, సార్వత్రిక సూత్రాలు / సంవృత పదం / Sigma_1 సంపూర్ణత” is idiomatic and technically standard for “representability in Q / representing formula / beta function lemma / relatively prime / congruent modulo / greatest common divisor / least common multiple / Sunzi's theorem (Chinese Remainder Theorem) / simulation of primitive recursion / regular minimization / basic representable functions / closure under composition / representation of relations / Delta_0, Sigma_1 and Pi_1 formulas / bounded existential and universal formulas / closed term / Sigma_1 completeness” in Telugu logic/mathematics across Andhra Pradesh and Telangana. If not, what exact replacement should be used while leaving the displayed definition, formulas and source scope unchanged?"
"REV-TE-T072","terminology_or_sense_decision","high","mixed_provisional","representability in Q / representing formula / beta function lemma / relatively prime / congruent modulo / greatest common divisor / least common multiple / Sunzi's theorem (Chinese Remainder Theorem) / simulation of primitive recursion / regular minimization / basic representable functions / closure under composition / representation of relations / Delta_0, Sigma_1 and Pi_1 formulas / bounded existential and universal formulas / closed term / Sigma_1 completeness","Qలో ప్రాతినిధ్యయోగ్యత / ప్రాతినిధ్య సూత్రం / బీటా ప్రమేయ ఉపపత్తి / పరస్పర ప్రధాన / మాడ్యులో సమానశేష / గరిష్ఠ సామాన్య భాజకం / కనిష్ఠ సామాన్య గుణిజం / సున్‌జి సిద్ధాంతం (చైనీయ శేష సిద్ధాంతం) / ఆదిమ పునరావృత్తి అనుకరణ / సక్రమ కనిష్ఠీకరణ / ప్రాతినిధ్యం చేయదగిన ప్రాథమిక ప్రమేయాలు / సంయుక్తం కింద సంవృతత / సంబంధాల ప్రాతినిధ్యం / Delta_0, Sigma_1, Pi_1 సూత్రాలు / పరిమిత అస్తిత్వ, సార్వత్రిక సూత్రాలు / సంవృత పదం / Sigma_1 సంపూర్ణత","Telugu","Telu","te-Telu-IN","OLP-0292","incompleteness/representability-in-q/beta-function","content/incompleteness/representability-in-q/beta-function.tex","translation/content/incompleteness/representability-in-q/beta-function.tex","content/incompleteness/representability-in-q/beta-function.tex:39-46","translation/content/incompleteness/representability-in-q/beta-function.tex:38-44","OLP-0292-B008","","pending_coherent_reader_pagination","provisional_pending_optional_specialist_review_no_hold","Please double-check whether “Qలో ప్రాతినిధ్యయోగ్యత / ప్రాతినిధ్య సూత్రం / బీటా ప్రమేయ ఉపపత్తి / పరస్పర ప్రధాన / మాడ్యులో సమానశేష / గరిష్ఠ సామాన్య భాజకం / కనిష్ఠ సామాన్య గుణిజం / సున్‌జి సిద్ధాంతం (చైనీయ శేష సిద్ధాంతం) / ఆదిమ పునరావృత్తి అనుకరణ / సక్రమ కనిష్ఠీకరణ / ప్రాతినిధ్యం చేయదగిన ప్రాథమిక ప్రమేయాలు / సంయుక్తం కింద సంవృతత / సంబంధాల ప్రాతినిధ్యం / Delta_0, Sigma_1, Pi_1 సూత్రాలు / పరిమిత అస్తిత్వ, సార్వత్రిక సూత్రాలు / సంవృత పదం / Sigma_1 సంపూర్ణత” is idiomatic and technically standard for “representability in Q / representing formula / beta function lemma / relatively prime / congruent modulo / greatest common divisor / least common multiple / Sunzi's theorem (Chinese Remainder Theorem) / simulation of primitive recursion / regular minimization / basic representable functions / closure under composition / representation of relations / Delta_0, Sigma_1 and Pi_1 formulas / bounded existential and universal formulas / closed term / Sigma_1 completeness” in Telugu logic/mathematics across Andhra Pradesh and Telangana. If not, what exact replacement should be used while leaving the displayed definition, formulas and source scope unchanged?"
"REV-TE-T072","terminology_or_sense_decision","high","mixed_provisional","representability in Q / representing formula / beta function lemma / relatively prime / congruent modulo / greatest common divisor / least common multiple / Sunzi's theorem (Chinese Remainder Theorem) / simulation of primitive recursion / regular minimization / basic representable functions / closure under composition / representation of relations / Delta_0, Sigma_1 and Pi_1 formulas / bounded existential and universal formulas / closed term / Sigma_1 completeness","Qలో ప్రాతినిధ్యయోగ్యత / ప్రాతినిధ్య సూత్రం / బీటా ప్రమేయ ఉపపత్తి / పరస్పర ప్రధాన / మాడ్యులో సమానశేష / గరిష్ఠ సామాన్య భాజకం / కనిష్ఠ సామాన్య గుణిజం / సున్‌జి సిద్ధాంతం (చైనీయ శేష సిద్ధాంతం) / ఆదిమ పునరావృత్తి అనుకరణ / సక్రమ కనిష్ఠీకరణ / ప్రాతినిధ్యం చేయదగిన ప్రాథమిక ప్రమేయాలు / సంయుక్తం కింద సంవృతత / సంబంధాల ప్రాతినిధ్యం / Delta_0, Sigma_1, Pi_1 సూత్రాలు / పరిమిత అస్తిత్వ, సార్వత్రిక సూత్రాలు / సంవృత పదం / Sigma_1 సంపూర్ణత","Telugu","Telu","te-Telu-IN","OLP-0296","incompleteness/representability-in-q/minimization-representable","content/incompleteness/representability-in-q/minimization-representable.tex","translation/content/incompleteness/representability-in-q/minimization-representable.tex","content/incompleteness/representability-in-q/minimization-representable.tex:9-10","translation/content/incompleteness/representability-in-q/minimization-representable.tex:9-10","OLP-0296-B004","","pending_coherent_reader_pagination","provisional_pending_optional_specialist_review_no_hold","Please double-check whether “Qలో ప్రాతినిధ్యయోగ్యత / ప్రాతినిధ్య సూత్రం / బీటా ప్రమేయ ఉపపత్తి / పరస్పర ప్రధాన / మాడ్యులో సమానశేష / గరిష్ఠ సామాన్య భాజకం / కనిష్ఠ సామాన్య గుణిజం / సున్‌జి సిద్ధాంతం (చైనీయ శేష సిద్ధాంతం) / ఆదిమ పునరావృత్తి అనుకరణ / సక్రమ కనిష్ఠీకరణ / ప్రాతినిధ్యం చేయదగిన ప్రాథమిక ప్రమేయాలు / సంయుక్తం కింద సంవృతత / సంబంధాల ప్రాతినిధ్యం / Delta_0, Sigma_1, Pi_1 సూత్రాలు / పరిమిత అస్తిత్వ, సార్వత్రిక సూత్రాలు / సంవృత పదం / Sigma_1 సంపూర్ణత” is idiomatic and technically standard for “representability in Q / representing formula / beta function lemma / relatively prime / congruent modulo / greatest common divisor / least common multiple / Sunzi's theorem (Chinese Remainder Theorem) / simulation of primitive recursion / regular minimization / basic representable functions / closure under composition / representation of relations / Delta_0, Sigma_1 and Pi_1 formulas / bounded existential and universal formulas / closed term / Sigma_1 completeness” in Telugu logic/mathematics across Andhra Pradesh and Telangana. If not, what exact replacement should be used while leaving the displayed definition, formulas and source scope unchanged?"
"REV-TE-T072","terminology_or_sense_decision","high","mixed_provisional","representability in Q / representing formula / beta function lemma / relatively prime / congruent modulo / greatest common divisor / least common multiple / Sunzi's theorem (Chinese Remainder Theorem) / simulation of primitive recursion / regular minimization / basic representable functions / closure under composition / representation of relations / Delta_0, Sigma_1 and Pi_1 formulas / bounded existential and universal formulas / closed term / Sigma_1 completeness","Qలో ప్రాతినిధ్యయోగ్యత / ప్రాతినిధ్య సూత్రం / బీటా ప్రమేయ ఉపపత్తి / పరస్పర ప్రధాన / మాడ్యులో సమానశేష / గరిష్ఠ సామాన్య భాజకం / కనిష్ఠ సామాన్య గుణిజం / సున్‌జి సిద్ధాంతం (చైనీయ శేష సిద్ధాంతం) / ఆదిమ పునరావృత్తి అనుకరణ / సక్రమ కనిష్ఠీకరణ / ప్రాతినిధ్యం చేయదగిన ప్రాథమిక ప్రమేయాలు / సంయుక్తం కింద సంవృతత / సంబంధాల ప్రాతినిధ్యం / Delta_0, Sigma_1, Pi_1 సూత్రాలు / పరిమిత అస్తిత్వ, సార్వత్రిక సూత్రాలు / సంవృత పదం / Sigma_1 సంపూర్ణత","Telugu","Telu","te-Telu-IN","OLP-0298","incompleteness/representability-in-q/representing-relations","content/incompleteness/representability-in-q/representing-relations.tex","translation/content/incompleteness/representability-in-q/representing-relations.tex","content/incompleteness/representability-in-q/representing-relations.tex:11","translation/content/incompleteness/representability-in-q/representing-relations.tex:11","OLP-0298-B005","","pending_coherent_reader_pagination","provisional_pending_optional_specialist_review_no_hold","Please double-check whether “Qలో ప్రాతినిధ్యయోగ్యత / ప్రాతినిధ్య సూత్రం / బీటా ప్రమేయ ఉపపత్తి / పరస్పర ప్రధాన / మాడ్యులో సమానశేష / గరిష్ఠ సామాన్య భాజకం / కనిష్ఠ సామాన్య గుణిజం / సున్‌జి సిద్ధాంతం (చైనీయ శేష సిద్ధాంతం) / ఆదిమ పునరావృత్తి అనుకరణ / సక్రమ కనిష్ఠీకరణ / ప్రాతినిధ్యం చేయదగిన ప్రాథమిక ప్రమేయాలు / సంయుక్తం కింద సంవృతత / సంబంధాల ప్రాతినిధ్యం / Delta_0, Sigma_1, Pi_1 సూత్రాలు / పరిమిత అస్తిత్వ, సార్వత్రిక సూత్రాలు / సంవృత పదం / Sigma_1 సంపూర్ణత” is idiomatic and technically standard for “representability in Q / representing formula / beta function lemma / relatively prime / congruent modulo / greatest common divisor / least common multiple / Sunzi's theorem (Chinese Remainder Theorem) / simulation of primitive recursion / regular minimization / basic representable functions / closure under composition / representation of relations / Delta_0, Sigma_1 and Pi_1 formulas / bounded existential and universal formulas / closed term / Sigma_1 completeness” in Telugu logic/mathematics across Andhra Pradesh and Telangana. If not, what exact replacement should be used while leaving the displayed definition, formulas and source scope unchanged?"
"REV-TE-T072","terminology_or_sense_decision","high","mixed_provisional","representability in Q / representing formula / beta function lemma / relatively prime / congruent modulo / greatest common divisor / least common multiple / Sunzi's theorem (Chinese Remainder Theorem) / simulation of primitive recursion / regular minimization / basic representable functions / closure under composition / representation of relations / Delta_0, Sigma_1 and Pi_1 formulas / bounded existential and universal formulas / closed term / Sigma_1 completeness","Qలో ప్రాతినిధ్యయోగ్యత / ప్రాతినిధ్య సూత్రం / బీటా ప్రమేయ ఉపపత్తి / పరస్పర ప్రధాన / మాడ్యులో సమానశేష / గరిష్ఠ సామాన్య భాజకం / కనిష్ఠ సామాన్య గుణిజం / సున్‌జి సిద్ధాంతం (చైనీయ శేష సిద్ధాంతం) / ఆదిమ పునరావృత్తి అనుకరణ / సక్రమ కనిష్ఠీకరణ / ప్రాతినిధ్యం చేయదగిన ప్రాథమిక ప్రమేయాలు / సంయుక్తం కింద సంవృతత / సంబంధాల ప్రాతినిధ్యం / Delta_0, Sigma_1, Pi_1 సూత్రాలు / పరిమిత అస్తిత్వ, సార్వత్రిక సూత్రాలు / సంవృత పదం / Sigma_1 సంపూర్ణత","Telugu","Telu","te-Telu-IN","OLP-0300","incompleteness/representability-in-q/sigma1-completeness","content/incompleteness/representability-in-q/sigma1-completeness.tex","translation/content/incompleteness/representability-in-q/sigma1-completeness.tex","content/incompleteness/representability-in-q/sigma1-completeness.tex:9-10","translation/content/incompleteness/representability-in-q/sigma1-completeness.tex:9-10","OLP-0300-B004","","pending_coherent_reader_pagination","provisional_pending_optional_specialist_review_no_hold","Please double-check whether “Qలో ప్రాతినిధ్యయోగ్యత / ప్రాతినిధ్య సూత్రం / బీటా ప్రమేయ ఉపపత్తి / పరస్పర ప్రధాన / మాడ్యులో సమానశేష / గరిష్ఠ సామాన్య భాజకం / కనిష్ఠ సామాన్య గుణిజం / సున్‌జి సిద్ధాంతం (చైనీయ శేష సిద్ధాంతం) / ఆదిమ పునరావృత్తి అనుకరణ / సక్రమ కనిష్ఠీకరణ / ప్రాతినిధ్యం చేయదగిన ప్రాథమిక ప్రమేయాలు / సంయుక్తం కింద సంవృతత / సంబంధాల ప్రాతినిధ్యం / Delta_0, Sigma_1, Pi_1 సూత్రాలు / పరిమిత అస్తిత్వ, సార్వత్రిక సూత్రాలు / సంవృత పదం / Sigma_1 సంపూర్ణత” is idiomatic and technically standard for “representability in Q / representing formula / beta function lemma / relatively prime / congruent modulo / greatest common divisor / least common multiple / Sunzi's theorem (Chinese Remainder Theorem) / simulation of primitive recursion / regular minimization / basic representable functions / closure under composition / representation of relations / Delta_0, Sigma_1 and Pi_1 formulas / bounded existential and universal formulas / closed term / Sigma_1 completeness” in Telugu logic/mathematics across Andhra Pradesh and Telangana. If not, what exact replacement should be used while leaving the displayed definition, formulas and source scope unchanged?"
"REV-TE-T073","terminology_or_sense_decision","high","mixed_provisional","theories and computability / deductively closed theory / c.e.-complete theory / omega-consistency / universal computable relation / consistent extension / computably axiomatizable theory / complete theory / computable inseparability / provable and refutable sentences / interpretation of a theory / consistent decidable extension","సిద్ధాంతాలు మరియు గణనీయత / నిగమన పరంగా సంవృతమైన సిద్ధాంతం / గ.లె.-సంపూర్ణ సిద్ధాంతం / omega-అవైరుధ్యం / సార్వత్రిక గణనీయ సంబంధం / అవైరుధ్య విస్తరణ / స్వీకృతీకరించదగిన సిద్ధాంతం / సంపూర్ణ సిద్ధాంతం / గణనీయంగా వేరుపరచలేనితనం / నిరూపించదగిన, ఖండించదగిన వాక్యాలు / ఒక సిద్ధాంతాన్ని అర్థనిర్దేశం చేయడం / అవైరుధ్యమైన నిర్ణయించదగిన విస్తరణ","Telugu","Telu","te-Telu-IN","OLP-0301","incompleteness/theories-computability/theories-computability","content/incompleteness/theories-computability/theories-computability.tex","translation/content/incompleteness/theories-computability/theories-computability.tex","content/incompleteness/theories-computability/theories-computability.tex:15","translation/content/incompleteness/theories-computability/theories-computability.tex:14","OLP-0301-B005","","pending_coherent_reader_pagination","provisional_pending_optional_specialist_review_no_hold","Please double-check whether “సిద్ధాంతాలు మరియు గణనీయత / నిగమన పరంగా సంవృతమైన సిద్ధాంతం / గ.లె.-సంపూర్ణ సిద్ధాంతం / omega-అవైరుధ్యం / సార్వత్రిక గణనీయ సంబంధం / అవైరుధ్య విస్తరణ / స్వీకృతీకరించదగిన సిద్ధాంతం / సంపూర్ణ సిద్ధాంతం / గణనీయంగా వేరుపరచలేనితనం / నిరూపించదగిన, ఖండించదగిన వాక్యాలు / ఒక సిద్ధాంతాన్ని అర్థనిర్దేశం చేయడం / అవైరుధ్యమైన నిర్ణయించదగిన విస్తరణ” is idiomatic and technically standard for “theories and computability / deductively closed theory / c.e.-complete theory / omega-consistency / universal computable relation / consistent extension / computably axiomatizable theory / complete theory / computable inseparability / provable and refutable sentences / interpretation of a theory / consistent decidable extension” in Telugu logic/mathematics across Andhra Pradesh and Telangana. If not, what exact replacement should be used while leaving the displayed definition, formulas and source scope unchanged?"
"REV-TE-T073","terminology_or_sense_decision","high","mixed_provisional","theories and computability / deductively closed theory / c.e.-complete theory / omega-consistency / universal computable relation / consistent extension / computably axiomatizable theory / complete theory / computable inseparability / provable and refutable sentences / interpretation of a theory / consistent decidable extension","సిద్ధాంతాలు మరియు గణనీయత / నిగమన పరంగా సంవృతమైన సిద్ధాంతం / గ.లె.-సంపూర్ణ సిద్ధాంతం / omega-అవైరుధ్యం / సార్వత్రిక గణనీయ సంబంధం / అవైరుధ్య విస్తరణ / స్వీకృతీకరించదగిన సిద్ధాంతం / సంపూర్ణ సిద్ధాంతం / గణనీయంగా వేరుపరచలేనితనం / నిరూపించదగిన, ఖండించదగిన వాక్యాలు / ఒక సిద్ధాంతాన్ని అర్థనిర్దేశం చేయడం / అవైరుధ్యమైన నిర్ణయించదగిన విస్తరణ","Telugu","Telu","te-Telu-IN","OLP-0303","incompleteness/theories-computability/q-is-ce","content/incompleteness/theories-computability/q-is-ce.tex","translation/content/incompleteness/theories-computability/q-is-ce.tex","content/incompleteness/theories-computability/q-is-ce.tex:11","translation/content/incompleteness/theories-computability/q-is-ce.tex:11","OLP-0303-B005","","pending_coherent_reader_pagination","provisional_pending_optional_specialist_review_no_hold","Please double-check whether “సిద్ధాంతాలు మరియు గణనీయత / నిగమన పరంగా సంవృతమైన సిద్ధాంతం / గ.లె.-సంపూర్ణ సిద్ధాంతం / omega-అవైరుధ్యం / సార్వత్రిక గణనీయ సంబంధం / అవైరుధ్య విస్తరణ / స్వీకృతీకరించదగిన సిద్ధాంతం / సంపూర్ణ సిద్ధాంతం / గణనీయంగా వేరుపరచలేనితనం / నిరూపించదగిన, ఖండించదగిన వాక్యాలు / ఒక సిద్ధాంతాన్ని అర్థనిర్దేశం చేయడం / అవైరుధ్యమైన నిర్ణయించదగిన విస్తరణ” is idiomatic and technically standard for “theories and computability / deductively closed theory / c.e.-complete theory / omega-consistency / universal computable relation / consistent extension / computably axiomatizable theory / complete theory / computable inseparability / provable and refutable sentences / interpretation of a theory / consistent decidable extension” in Telugu logic/mathematics across Andhra Pradesh and Telangana. If not, what exact replacement should be used while leaving the displayed definition, formulas and source scope unchanged?"
"REV-TE-T073","terminology_or_sense_decision","high","mixed_provisional","theories and computability / deductively closed theory / c.e.-complete theory / omega-consistency / universal computable relation / consistent extension / computably axiomatizable theory / complete theory / computable inseparability / provable and refutable sentences / interpretation of a theory / consistent decidable extension","సిద్ధాంతాలు మరియు గణనీయత / నిగమన పరంగా సంవృతమైన సిద్ధాంతం / గ.లె.-సంపూర్ణ సిద్ధాంతం / omega-అవైరుధ్యం / సార్వత్రిక గణనీయ సంబంధం / అవైరుధ్య విస్తరణ / స్వీకృతీకరించదగిన సిద్ధాంతం / సంపూర్ణ సిద్ధాంతం / గణనీయంగా వేరుపరచలేనితనం / నిరూపించదగిన, ఖండించదగిన వాక్యాలు / ఒక సిద్ధాంతాన్ని అర్థనిర్దేశం చేయడం / అవైరుధ్యమైన నిర్ణయించదగిన విస్తరణ","Telugu","Telu","te-Telu-IN","OLP-0304","incompleteness/theories-computability/oconsis-ext-of-q-undec","content/incompleteness/theories-computability/oconsis-ext-of-q-undec.tex","translation/content/incompleteness/theories-computability/oconsis-ext-of-q-undec.tex","content/incompleteness/theories-computability/oconsis-ext-of-q-undec.tex:11","translation/content/incompleteness/theories-computability/oconsis-ext-of-q-undec.tex:11","OLP-0304-B005","","pending_coherent_reader_pagination","provisional_pending_optional_specialist_review_no_hold","Please double-check whether “సిద్ధాంతాలు మరియు గణనీయత / నిగమన పరంగా సంవృతమైన సిద్ధాంతం / గ.లె.-సంపూర్ణ సిద్ధాంతం / omega-అవైరుధ్యం / సార్వత్రిక గణనీయ సంబంధం / అవైరుధ్య విస్తరణ / స్వీకృతీకరించదగిన సిద్ధాంతం / సంపూర్ణ సిద్ధాంతం / గణనీయంగా వేరుపరచలేనితనం / నిరూపించదగిన, ఖండించదగిన వాక్యాలు / ఒక సిద్ధాంతాన్ని అర్థనిర్దేశం చేయడం / అవైరుధ్యమైన నిర్ణయించదగిన విస్తరణ” is idiomatic and technically standard for “theories and computability / deductively closed theory / c.e.-complete theory / omega-consistency / universal computable relation / consistent extension / computably axiomatizable theory / complete theory / computable inseparability / provable and refutable sentences / interpretation of a theory / consistent decidable extension” in Telugu logic/mathematics across Andhra Pradesh and Telangana. If not, what exact replacement should be used while leaving the displayed definition, formulas and source scope unchanged?"
"REV-TE-T073","terminology_or_sense_decision","high","mixed_provisional","theories and computability / deductively closed theory / c.e.-complete theory / omega-consistency / universal computable relation / consistent extension / computably axiomatizable theory / complete theory / computable inseparability / provable and refutable sentences / interpretation of a theory / consistent decidable extension","సిద్ధాంతాలు మరియు గణనీయత / నిగమన పరంగా సంవృతమైన సిద్ధాంతం / గ.లె.-సంపూర్ణ సిద్ధాంతం / omega-అవైరుధ్యం / సార్వత్రిక గణనీయ సంబంధం / అవైరుధ్య విస్తరణ / స్వీకృతీకరించదగిన సిద్ధాంతం / సంపూర్ణ సిద్ధాంతం / గణనీయంగా వేరుపరచలేనితనం / నిరూపించదగిన, ఖండించదగిన వాక్యాలు / ఒక సిద్ధాంతాన్ని అర్థనిర్దేశం చేయడం / అవైరుధ్యమైన నిర్ణయించదగిన విస్తరణ","Telugu","Telu","te-Telu-IN","OLP-0305","incompleteness/theories-computability/extensions-of-q-not-decidable","content/incompleteness/theories-computability/extensions-of-q-not-decidable.tex","translation/content/incompleteness/theories-computability/extensions-of-q-not-decidable.tex","content/incompleteness/theories-computability/extensions-of-q-not-decidable.tex:24-29","translation/content/incompleteness/theories-computability/extensions-of-q-not-decidable.tex:23-27","OLP-0305-B007","","pending_coherent_reader_pagination","provisional_pending_optional_specialist_review_no_hold","Please double-check whether “సిద్ధాంతాలు మరియు గణనీయత / నిగమన పరంగా సంవృతమైన సిద్ధాంతం / గ.లె.-సంపూర్ణ సిద్ధాంతం / omega-అవైరుధ్యం / సార్వత్రిక గణనీయ సంబంధం / అవైరుధ్య విస్తరణ / స్వీకృతీకరించదగిన సిద్ధాంతం / సంపూర్ణ సిద్ధాంతం / గణనీయంగా వేరుపరచలేనితనం / నిరూపించదగిన, ఖండించదగిన వాక్యాలు / ఒక సిద్ధాంతాన్ని అర్థనిర్దేశం చేయడం / అవైరుధ్యమైన నిర్ణయించదగిన విస్తరణ” is idiomatic and technically standard for “theories and computability / deductively closed theory / c.e.-complete theory / omega-consistency / universal computable relation / consistent extension / computably axiomatizable theory / complete theory / computable inseparability / provable and refutable sentences / interpretation of a theory / consistent decidable extension” in Telugu logic/mathematics across Andhra Pradesh and Telangana. If not, what exact replacement should be used while leaving the displayed definition, formulas and source scope unchanged?"
"REV-TE-T073","terminology_or_sense_decision","high","mixed_provisional","theories and computability / deductively closed theory / c.e.-complete theory / omega-consistency / universal computable relation / consistent extension / computably axiomatizable theory / complete theory / computable inseparability / provable and refutable sentences / interpretation of a theory / consistent decidable extension","సిద్ధాంతాలు మరియు గణనీయత / నిగమన పరంగా సంవృతమైన సిద్ధాంతం / గ.లె.-సంపూర్ణ సిద్ధాంతం / omega-అవైరుధ్యం / సార్వత్రిక గణనీయ సంబంధం / అవైరుధ్య విస్తరణ / స్వీకృతీకరించదగిన సిద్ధాంతం / సంపూర్ణ సిద్ధాంతం / గణనీయంగా వేరుపరచలేనితనం / నిరూపించదగిన, ఖండించదగిన వాక్యాలు / ఒక సిద్ధాంతాన్ని అర్థనిర్దేశం చేయడం / అవైరుధ్యమైన నిర్ణయించదగిన విస్తరణ","Telugu","Telu","te-Telu-IN","OLP-0306","incompleteness/theories-computability/computably-axiomatizable","content/incompleteness/theories-computability/computably-axiomatizable.tex","translation/content/incompleteness/theories-computability/computably-axiomatizable.tex","content/incompleteness/theories-computability/computably-axiomatizable.tex:13-18","translation/content/incompleteness/theories-computability/computably-axiomatizable.tex:13-17","OLP-0306-B006","","pending_coherent_reader_pagination","provisional_pending_optional_specialist_review_no_hold","Please double-check whether “సిద్ధాంతాలు మరియు గణనీయత / నిగమన పరంగా సంవృతమైన సిద్ధాంతం / గ.లె.-సంపూర్ణ సిద్ధాంతం / omega-అవైరుధ్యం / సార్వత్రిక గణనీయ సంబంధం / అవైరుధ్య విస్తరణ / స్వీకృతీకరించదగిన సిద్ధాంతం / సంపూర్ణ సిద్ధాంతం / గణనీయంగా వేరుపరచలేనితనం / నిరూపించదగిన, ఖండించదగిన వాక్యాలు / ఒక సిద్ధాంతాన్ని అర్థనిర్దేశం చేయడం / అవైరుధ్యమైన నిర్ణయించదగిన విస్తరణ” is idiomatic and technically standard for “theories and computability / deductively closed theory / c.e.-complete theory / omega-consistency / universal computable relation / consistent extension / computably axiomatizable theory / complete theory / computable inseparability / provable and refutable sentences / interpretation of a theory / consistent decidable extension” in Telugu logic/mathematics across Andhra Pradesh and Telangana. If not, what exact replacement should be used while leaving the displayed definition, formulas and source scope unchanged?"
"REV-TE-T073","terminology_or_sense_decision","high","mixed_provisional","theories and computability / deductively closed theory / c.e.-complete theory / omega-consistency / universal computable relation / consistent extension / computably axiomatizable theory / complete theory / computable inseparability / provable and refutable sentences / interpretation of a theory / consistent decidable extension","సిద్ధాంతాలు మరియు గణనీయత / నిగమన పరంగా సంవృతమైన సిద్ధాంతం / గ.లె.-సంపూర్ణ సిద్ధాంతం / omega-అవైరుధ్యం / సార్వత్రిక గణనీయ సంబంధం / అవైరుధ్య విస్తరణ / స్వీకృతీకరించదగిన సిద్ధాంతం / సంపూర్ణ సిద్ధాంతం / గణనీయంగా వేరుపరచలేనితనం / నిరూపించదగిన, ఖండించదగిన వాక్యాలు / ఒక సిద్ధాంతాన్ని అర్థనిర్దేశం చేయడం / అవైరుధ్యమైన నిర్ణయించదగిన విస్తరణ","Telugu","Telu","te-Telu-IN","OLP-0309","incompleteness/theories-computability/inseparability","content/incompleteness/theories-computability/inseparability.tex","translation/content/incompleteness/theories-computability/inseparability.tex","content/incompleteness/theories-computability/inseparability.tex:11-12","translation/content/incompleteness/theories-computability/inseparability.tex:11-12","OLP-0309-B005","","pending_coherent_reader_pagination","provisional_pending_optional_specialist_review_no_hold","Please double-check whether “సిద్ధాంతాలు మరియు గణనీయత / నిగమన పరంగా సంవృతమైన సిద్ధాంతం / గ.లె.-సంపూర్ణ సిద్ధాంతం / omega-అవైరుధ్యం / సార్వత్రిక గణనీయ సంబంధం / అవైరుధ్య విస్తరణ / స్వీకృతీకరించదగిన సిద్ధాంతం / సంపూర్ణ సిద్ధాంతం / గణనీయంగా వేరుపరచలేనితనం / నిరూపించదగిన, ఖండించదగిన వాక్యాలు / ఒక సిద్ధాంతాన్ని అర్థనిర్దేశం చేయడం / అవైరుధ్యమైన నిర్ణయించదగిన విస్తరణ” is idiomatic and technically standard for “theories and computability / deductively closed theory / c.e.-complete theory / omega-consistency / universal computable relation / consistent extension / computably axiomatizable theory / complete theory / computable inseparability / provable and refutable sentences / interpretation of a theory / consistent decidable extension” in Telugu logic/mathematics across Andhra Pradesh and Telangana. If not, what exact replacement should be used while leaving the displayed definition, formulas and source scope unchanged?"
"REV-TE-T073","terminology_or_sense_decision","high","mixed_provisional","theories and computability / deductively closed theory / c.e.-complete theory / omega-consistency / universal computable relation / consistent extension / computably axiomatizable theory / complete theory / computable inseparability / provable and refutable sentences / interpretation of a theory / consistent decidable extension","సిద్ధాంతాలు మరియు గణనీయత / నిగమన పరంగా సంవృతమైన సిద్ధాంతం / గ.లె.-సంపూర్ణ సిద్ధాంతం / omega-అవైరుధ్యం / సార్వత్రిక గణనీయ సంబంధం / అవైరుధ్య విస్తరణ / స్వీకృతీకరించదగిన సిద్ధాంతం / సంపూర్ణ సిద్ధాంతం / గణనీయంగా వేరుపరచలేనితనం / నిరూపించదగిన, ఖండించదగిన వాక్యాలు / ఒక సిద్ధాంతాన్ని అర్థనిర్దేశం చేయడం / అవైరుధ్యమైన నిర్ణయించదగిన విస్తరణ","Telugu","Telu","te-Telu-IN","OLP-0311","incompleteness/theories-computability/interpretability","content/incompleteness/theories-computability/interpretability.tex","translation/content/incompleteness/theories-computability/interpretability.tex","content/incompleteness/theories-computability/interpretability.tex:11","translation/content/incompleteness/theories-computability/interpretability.tex:11","OLP-0311-B005","","pending_coherent_reader_pagination","provisional_pending_optional_specialist_review_no_hold","Please double-check whether “సిద్ధాంతాలు మరియు గణనీయత / నిగమన పరంగా సంవృతమైన సిద్ధాంతం / గ.లె.-సంపూర్ణ సిద్ధాంతం / omega-అవైరుధ్యం / సార్వత్రిక గణనీయ సంబంధం / అవైరుధ్య విస్తరణ / స్వీకృతీకరించదగిన సిద్ధాంతం / సంపూర్ణ సిద్ధాంతం / గణనీయంగా వేరుపరచలేనితనం / నిరూపించదగిన, ఖండించదగిన వాక్యాలు / ఒక సిద్ధాంతాన్ని అర్థనిర్దేశం చేయడం / అవైరుధ్యమైన నిర్ణయించదగిన విస్తరణ” is idiomatic and technically standard for “theories and computability / deductively closed theory / c.e.-complete theory / omega-consistency / universal computable relation / consistent extension / computably axiomatizable theory / complete theory / computable inseparability / provable and refutable sentences / interpretation of a theory / consistent decidable extension” in Telugu logic/mathematics across Andhra Pradesh and Telangana. If not, what exact replacement should be used while leaving the displayed definition, formulas and source scope unchanged?"
"REV-OLFUN-001","source_correction_decision","medium","high_mathematical_repair_moderate_disclosure_wording","OLFUN-001","corrected theorem adds nonempty A; adjacent sourcecorrection macro discloses omission, counterexample and exact condition","Telugu","Telu","te-Telu-IN","OLP-0024","sets-functions-relations/functions/inverses","content/sets-functions-relations/functions/inverses.tex","translation/content/sets-functions-relations/functions/inverses.tex","lines 62-66; mapped segment within audited scope lines 62-84, injection-to-left-inverse proposition and proof","translation/content/sets-functions-relations/functions/inverses.tex:63-71","OLP-0024-B012","","pending_coherent_reader_pagination","mathematical_correction_qa_passed_disclosure_wording_open_for_optional_review_no_hold","Please double-check: Does the Telugu correction state the exact condition “A nonempty or B empty” and make the empty-domain counterexample immediately clear?"
"REV-OLFUN-001","source_correction_decision","medium","high_mathematical_repair_moderate_disclosure_wording","OLFUN-001","corrected theorem adds nonempty A; adjacent sourcecorrection macro discloses omission, counterexample and exact condition","Telugu","Telu","te-Telu-IN","OLP-0024","sets-functions-relations/functions/inverses","content/sets-functions-relations/functions/inverses.tex","translation/content/sets-functions-relations/functions/inverses.tex","lines 68-84; mapped segment within audited scope lines 62-84, injection-to-left-inverse proposition and proof","translation/content/sets-functions-relations/functions/inverses.tex:73-92","OLP-0024-B013","","pending_coherent_reader_pagination","mathematical_correction_qa_passed_disclosure_wording_open_for_optional_review_no_hold","Please double-check: Does the Telugu correction state the exact condition “A nonempty or B empty” and make the empty-domain counterexample immediately clear?"
"REV-OLFUN-002","source_correction_decision","medium","high_mathematical_repair_moderate_disclosure_wording","OLFUN-002","positive selector corrected to nonnegative (principal); adjacent sourcecorrection distinguishes the still-correct positive-integer two-root sentence","Telugu","Telu","te-Telu-IN","OLP-0021","sets-functions-relations/functions/function-basics","content/sets-functions-relations/functions/function-basics.tex","translation/content/sets-functions-relations/functions/function-basics.tex","lines 64-71, square-root function example","translation/content/sets-functions-relations/functions/function-basics.tex:64-75","OLP-0021-B014","","pending_coherent_reader_pagination","mathematical_correction_qa_passed_disclosure_wording_open_for_optional_review_no_hold","Please double-check: Is “nonnegative (principal) square root” rendered unambiguously while preserving the separate positive-integer statement?"
"REV-OLFUN-003","source_correction_decision","medium","high_mathematical_repair_moderate_disclosure_wording","OLFUN-003","input variable normalized to x in prose and formulas already expressed in x; adjacent sourcecorrection identifies alpha-equivalent repair","Telugu","Telu","te-Telu-IN","OLP-0021","sets-functions-relations/functions/function-basics","content/sets-functions-relations/functions/function-basics.tex","translation/content/sets-functions-relations/functions/function-basics.tex","lines 103-107, g example n/x prose switch","translation/content/sets-functions-relations/functions/function-basics.tex:100-109","OLP-0021-B018","","pending_coherent_reader_pagination","mathematical_correction_qa_passed_disclosure_wording_open_for_optional_review_no_hold","Please double-check: Is the alpha-equivalent n-to-x normalization disclosed clearly without suggesting a mathematical change?"
"REV-OLFUN-004","source_correction_decision","medium","high_mathematical_repair_moderate_disclosure_wording","OLFUN-004","graph described as a relation between A and B contained in A×B; adjacent sourcecorrection explains why relation on A×B is a different type","Telugu","Telu","te-Telu-IN","OLP-0023","sets-functions-relations/functions/functions-relations","content/sets-functions-relations/functions/functions-relations.tex","translation/content/sets-functions-relations/functions/functions-relations.tex","lines 24-30; mapped segment within audited scope lines 24-30 and 61-64; graph definition and relation-on wording","translation/content/sets-functions-relations/functions/functions-relations.tex:23-30","OLP-0023-B007","","pending_coherent_reader_pagination","mathematical_correction_qa_passed_disclosure_wording_open_for_optional_review_no_hold","Please double-check: Does the note clearly distinguish a relation between A and B, a subset of A×B, from a relation on A×B?"
"REV-OLFUN-004","source_correction_decision","medium","high_mathematical_repair_moderate_disclosure_wording","OLFUN-004","graph described as a relation between A and B contained in A×B; adjacent sourcecorrection explains why relation on A×B is a different type","Telugu","Telu","te-Telu-IN","OLP-0023","sets-functions-relations/functions/functions-relations","content/sets-functions-relations/functions/functions-relations.tex","translation/content/sets-functions-relations/functions/functions-relations.tex","lines 60-76; mapped segment within audited scope lines 24-30 and 61-64; graph definition and relation-on wording","translation/content/sets-functions-relations/functions/functions-relations.tex:59-79","OLP-0023-B012","","pending_coherent_reader_pagination","mathematical_correction_qa_passed_disclosure_wording_open_for_optional_review_no_hold","Please double-check: Does the note clearly distinguish a relation between A and B, a subset of A×B, from a relation on A×B?"
"REV-OLFUN-005","source_correction_decision","medium","high_mathematical_repair_moderate_disclosure_wording","OLFUN-005","explicit function restriction retained; exact-counterpart claim qualified to distinguish input-only restriction from two-coordinate relation restriction","Telugu","Telu","te-Telu-IN","OLP-0023","sets-functions-relations/functions/functions-relations","content/sets-functions-relations/functions/functions-relations.tex","translation/content/sets-functions-relations/functions/functions-relations.tex","lines 78-79; mapped segment within audited scope lines 78-100 plus relations/operations.tex lines 20-32","translation/content/sets-functions-relations/functions/functions-relations.tex:81-82","OLP-0023-B013","","pending_coherent_reader_pagination","mathematical_correction_qa_passed_disclosure_wording_open_for_optional_review_no_hold","Please double-check: Does the note clearly distinguish input-only function restriction from two-coordinate relation restriction R∩C²?"
"REV-OLFUN-005","source_correction_decision","medium","high_mathematical_repair_moderate_disclosure_wording","OLFUN-005","explicit function restriction retained; exact-counterpart claim qualified to distinguish input-only restriction from two-coordinate relation restriction","Telugu","Telu","te-Telu-IN","OLP-0023","sets-functions-relations/functions/functions-relations","content/sets-functions-relations/functions/functions-relations.tex","translation/content/sets-functions-relations/functions/functions-relations.tex","lines 81-85; mapped segment within audited scope lines 78-100 plus relations/operations.tex lines 20-32","translation/content/sets-functions-relations/functions/functions-relations.tex:84-87","OLP-0023-B014","","pending_coherent_reader_pagination","mathematical_correction_qa_passed_disclosure_wording_open_for_optional_review_no_hold","Please double-check: Does the note clearly distinguish input-only function restriction from two-coordinate relation restriction R∩C²?"
"REV-OLFUN-005","source_correction_decision","medium","high_mathematical_repair_moderate_disclosure_wording","OLFUN-005","explicit function restriction retained; exact-counterpart claim qualified to distinguish input-only restriction from two-coordinate relation restriction","Telugu","Telu","te-Telu-IN","OLP-0023","sets-functions-relations/functions/functions-relations","content/sets-functions-relations/functions/functions-relations.tex","translation/content/sets-functions-relations/functions/functions-relations.tex","lines 87-90; mapped segment within audited scope lines 78-100 plus relations/operations.tex lines 20-32","translation/content/sets-functions-relations/functions/functions-relations.tex:89-92","OLP-0023-B015","","pending_coherent_reader_pagination","mathematical_correction_qa_passed_disclosure_wording_open_for_optional_review_no_hold","Please double-check: Does the note clearly distinguish input-only function restriction from two-coordinate relation restriction R∩C²?"
"REV-OLFUN-005","source_correction_decision","medium","high_mathematical_repair_moderate_disclosure_wording","OLFUN-005","explicit function restriction retained; exact-counterpart claim qualified to distinguish input-only restriction from two-coordinate relation restriction","Telugu","Telu","te-Telu-IN","OLP-0023","sets-functions-relations/functions/functions-relations","content/sets-functions-relations/functions/functions-relations.tex","translation/content/sets-functions-relations/functions/functions-relations.tex","lines 92-101; mapped segment within audited scope lines 78-100 plus relations/operations.tex lines 20-32","translation/content/sets-functions-relations/functions/functions-relations.tex:94-107","OLP-0023-B016","","pending_coherent_reader_pagination","mathematical_correction_qa_passed_disclosure_wording_open_for_optional_review_no_hold","Please double-check: Does the note clearly distinguish input-only function restriction from two-coordinate relation restriction R∩C²?"
"REV-OLTESIZ-001","source_correction_decision","medium","high_mathematical_repair_moderate_disclosure_wording","OLTESIZ-001","difference definition repaired to different definition; adjacent sourcecorrection discloses the one-word repair","Telugu","Telu","te-Telu-IN","OLP-0027","sets-functions-relations/size-of-sets/size-of-sets-complete","content/sets-functions-relations/size-of-sets/size-of-sets-complete.tex","translation/content/sets-functions-relations/size-of-sets/size-of-sets-complete.tex","lines 43-46, alternative-definition editorial note","translation/content/sets-functions-relations/size-of-sets/size-of-sets-complete.tex","OLP-0027-B016","","pending_coherent_reader_pagination","mathematical_correction_qa_passed_disclosure_wording_open_for_optional_review_no_hold","Please double-check: Does the Telugu editorial note clearly identify the source adjective typo without overstating its importance?"
"REV-OLSIZ-001","source_correction_decision","medium","high_mathematical_repair_moderate_disclosure_wording","OLSIZ-001","added -3 below f(7), fixed by the displayed -ceil(6/2); adjacent sourcecorrection discloses repair","Telugu","Telu","te-Telu-IN","OLP-0029","sets-functions-relations/size-of-sets/enumerability","content/sets-functions-relations/size-of-sets/enumerability.tex","translation/content/sets-functions-relations/size-of-sets/enumerability.tex","lines 145-153, f(7) column and value row","translation/content/sets-functions-relations/size-of-sets/enumerability.tex","OLP-0029-B020","","pending_coherent_reader_pagination","mathematical_correction_qa_passed_disclosure_wording_open_for_optional_review_no_hold","Please double-check: Does the repaired table visibly place -3 beneath f(7), with the note tied to the controlling ceiling formula?"
"REV-OLTESIZ-002","source_correction_decision","medium","high_mathematical_repair_moderate_disclosure_wording","OLTESIZ-002","less-than-k wording repaired to at-most-k while preserving k(k+1)/2 and the pairing formula; adjacent sourcecorrection discloses repair","Telugu","Telu","te-Telu-IN","OLP-0031","sets-functions-relations/size-of-sets/pairing","content/sets-functions-relations/size-of-sets/pairing.tex","translation/content/sets-functions-relations/size-of-sets/pairing.tex","lines 32-38, triangular-number explanation","translation/content/sets-functions-relations/size-of-sets/pairing.tex","OLP-0031-B006","","pending_coherent_reader_pagination","mathematical_correction_qa_passed_disclosure_wording_open_for_optional_review_no_hold","Please double-check: Does the triangular-number explanation now say at most k while preserving k(k+1)/2?"
"REV-OLSIZ-002","source_correction_decision","medium","high_mathematical_repair_moderate_disclosure_wording","OLSIZ-002","stated complement in Nat of a finite subset of Nat; adjacent sourcecorrection discloses the repair","Telugu","Telu","te-Telu-IN","OLP-0031","sets-functions-relations/size-of-sets/pairing","content/sets-functions-relations/size-of-sets/pairing.tex","translation/content/sets-functions-relations/size-of-sets/pairing.tex","lines 91-96, cofinite definition","translation/content/sets-functions-relations/size-of-sets/pairing.tex","OLP-0031-B015","","pending_coherent_reader_pagination","mathematical_correction_qa_passed_disclosure_wording_open_for_optional_review_no_hold","Please double-check: Does the Telugu cofinite definition unambiguously describe a complement in Nat of a finite subset of Nat?"
"REV-OLTESIZ-003","source_correction_decision","medium","high_mathematical_repair_moderate_disclosure_wording","OLTESIZ-003","inverse typed on ran(f), with enumerability conclusion; inverse itself called an enumeration only under surjectivity onto Nat; adjacent sourcecorrection discloses repair","Telugu","Telu","te-Telu-IN","OLP-0031","sets-functions-relations/size-of-sets/pairing","content/sets-functions-relations/size-of-sets/pairing.tex","translation/content/sets-functions-relations/size-of-sets/pairing.tex","lines 106-109, inverse-of-pairing-function problem","translation/content/sets-functions-relations/size-of-sets/pairing.tex","OLP-0031-B017","","pending_coherent_reader_pagination","mathematical_correction_qa_passed_disclosure_wording_open_for_optional_review_no_hold","Please double-check: Does the repaired exercise distinguish the inverse on ran(f) from an enumeration whose domain is all of Nat?"
"REV-OLTESIZ-004","source_correction_decision","medium","high_mathematical_repair_moderate_disclosure_wording","OLTESIZ-004","second pair repaired from <0,2> to <0,1>, matching the array and formula; adjacent sourcecorrection discloses repair","Telugu","Telu","te-Telu-IN","OLP-0032","sets-functions-relations/size-of-sets/pairing-alt","content/sets-functions-relations/size-of-sets/pairing-alt.tex","translation/content/sets-functions-relations/size-of-sets/pairing-alt.tex","lines 19-28, second pair with first coordinate zero","translation/content/sets-functions-relations/size-of-sets/pairing-alt.tex","OLP-0032-B006","","pending_coherent_reader_pagination","mathematical_correction_qa_passed_disclosure_wording_open_for_optional_review_no_hold","Please double-check: Does the repaired first-row procedure identify (0,1) as the second pair, matching the table?"
"REV-OLSIZ-003","source_correction_decision","medium","high_mathematical_repair_moderate_disclosure_wording","OLSIZ-003","duplicated <2,m> repaired to successive <2,m>, <3,m>; adjacent sourcecorrection discloses repair","Telugu","Telu","te-Telu-IN","OLP-0032","sets-functions-relations/size-of-sets/pairing-alt","content/sets-functions-relations/size-of-sets/pairing-alt.tex","translation/content/sets-functions-relations/size-of-sets/pairing-alt.tex","lines 39-45, successive pairing families","translation/content/sets-functions-relations/size-of-sets/pairing-alt.tex","OLP-0032-B006","","pending_coherent_reader_pagination","mathematical_correction_qa_passed_disclosure_wording_open_for_optional_review_no_hold","Please double-check: Does the alternate pairing prose advance from the (2,m) family to the (3,m) family exactly as the table does?"
"REV-OLSIZ-004","source_correction_decision","medium","high_mathematical_repair_moderate_disclosure_wording","OLSIZ-004","bound one output sequence name s consistently; adjacent sourcecorrection discloses the repair","Telugu","Telu","te-Telu-IN","OLP-0034","sets-functions-relations/size-of-sets/reduction","content/sets-functions-relations/size-of-sets/reduction.tex","translation/content/sets-functions-relations/size-of-sets/reduction.tex","lines 47-49; mapped segment within audited scope lines 47-69, characteristic-sequence definition","translation/content/sets-functions-relations/size-of-sets/reduction.tex:48-50","OLP-0034-B010","","pending_coherent_reader_pagination","mathematical_correction_qa_passed_disclosure_wording_open_for_optional_review_no_hold","Please double-check: Does the Telugu characteristic-sequence definition use one bound output name consistently and preserve the intended subset-to-sequence map?"
"REV-OLSIZ-004","source_correction_decision","medium","high_mathematical_repair_moderate_disclosure_wording","OLSIZ-004","bound one output sequence name s consistently; adjacent sourcecorrection discloses the repair","Telugu","Telu","te-Telu-IN","OLP-0034","sets-functions-relations/size-of-sets/reduction","content/sets-functions-relations/size-of-sets/reduction.tex","translation/content/sets-functions-relations/size-of-sets/reduction.tex","lines 51-58; mapped segment within audited scope lines 47-69, characteristic-sequence definition","translation/content/sets-functions-relations/size-of-sets/reduction.tex:52-62","OLP-0034-B011","","pending_coherent_reader_pagination","mathematical_correction_qa_passed_disclosure_wording_open_for_optional_review_no_hold","Please double-check: Does the Telugu characteristic-sequence definition use one bound output name consistently and preserve the intended subset-to-sequence map?"
"REV-OLSIZ-004","source_correction_decision","medium","high_mathematical_repair_moderate_disclosure_wording","OLSIZ-004","bound one output sequence name s consistently; adjacent sourcecorrection discloses the repair","Telugu","Telu","te-Telu-IN","OLP-0034","sets-functions-relations/size-of-sets/reduction","content/sets-functions-relations/size-of-sets/reduction.tex","translation/content/sets-functions-relations/size-of-sets/reduction.tex","lines 60-69; mapped segment within audited scope lines 47-69, characteristic-sequence definition","translation/content/sets-functions-relations/size-of-sets/reduction.tex:64-72","OLP-0034-B012","","pending_coherent_reader_pagination","mathematical_correction_qa_passed_disclosure_wording_open_for_optional_review_no_hold","Please double-check: Does the Telugu characteristic-sequence definition use one bound output name consistently and preserve the intended subset-to-sequence map?"
"REV-OLSIZ-005","source_correction_decision","medium","high_mathematical_repair_moderate_disclosure_wording","OLSIZ-005","made h(n) an actual infinite binary sequence by appending an infinite tail of ones; adjacent sourcecorrection discloses the repair","Telugu","Telu","te-Telu-IN","OLP-0034","sets-functions-relations/size-of-sets/reduction","content/sets-functions-relations/size-of-sets/reduction.tex","translation/content/sets-functions-relations/size-of-sets/reduction.tex","lines 85-100, finite zero string typed into Bin^omega","translation/content/sets-functions-relations/size-of-sets/reduction.tex:98-107","OLP-0034-B015","","pending_coherent_reader_pagination","mathematical_correction_qa_passed_disclosure_wording_open_for_optional_review_no_hold","Please double-check: Does the repaired h(n) example visibly denote an infinite binary sequence while preserving the reduction-direction warning?"
"REV-OLSIZ-006","source_correction_decision","medium","high_mathematical_repair_moderate_disclosure_wording","OLSIZ-006","replaced both premature g(x)=y occurrences with f(x)=y; adjacent sourcecorrection discloses the repair","Telugu","Telu","te-Telu-IN","OLP-0035","sets-functions-relations/size-of-sets/equinumerous-sets","content/sets-functions-relations/size-of-sets/equinumerous-sets.tex","translation/content/sets-functions-relations/size-of-sets/equinumerous-sets.tex","lines 68-94, two empty-set conditional branches","translation/content/sets-functions-relations/size-of-sets/equinumerous-sets.tex:69-96","OLP-0035-B015","","pending_coherent_reader_pagination","mathematical_correction_qa_passed_disclosure_wording_open_for_optional_review_no_hold","Please double-check: Do both empty-set branches refer to the given bijection f rather than the not-yet-defined enumeration g?"
"REV-OLSIZ-007","source_correction_decision","medium","high_mathematical_repair_moderate_disclosure_wording","OLSIZ-007","quantified the arbitrary-element conclusion over every x in A; adjacent sourcecorrection discloses the repair","Telugu","Telu","te-Telu-IN","OLP-0036","sets-functions-relations/size-of-sets/comparing-size","content/sets-functions-relations/size-of-sets/comparing-size.tex","translation/content/sets-functions-relations/size-of-sets/comparing-size.tex","lines 74-90, arbitrary-element conclusion","translation/content/sets-functions-relations/size-of-sets/comparing-size.tex:83-106","OLP-0036-B014","","pending_coherent_reader_pagination","mathematical_correction_qa_passed_disclosure_wording_open_for_optional_review_no_hold","Please double-check: Does the Cantor proof quantify its diagonal conclusion over every x in A and make non-surjectivity immediate?"
"REV-OLSIZ-008","source_correction_decision","medium","high_mathematical_repair_moderate_disclosure_wording","OLSIZ-008","described s_n(m) as the mth digit of the nth string, matching the array; adjacent sourcecorrection discloses the repair","Telugu","Telu","te-Telu-IN","OLP-0039","sets-functions-relations/size-of-sets/non-enumerability-alt","content/sets-functions-relations/size-of-sets/non-enumerability-alt.tex","translation/content/sets-functions-relations/size-of-sets/non-enumerability-alt.tex","lines 61-75, s_n(m) index description","translation/content/sets-functions-relations/size-of-sets/non-enumerability-alt.tex:58-68","OLP-0039-B012","","pending_coherent_reader_pagination","mathematical_correction_qa_passed_disclosure_wording_open_for_optional_review_no_hold","Please double-check: Does the Telugu prose identify s_n(m) as the mth digit of the nth string, matching the array?"
"REV-OLSIZ-009","source_correction_decision","medium","high_mathematical_repair_moderate_disclosure_wording","OLSIZ-009","restored the complementary 1-to-0 and 0-to-1 cases; adjacent sourcecorrection discloses the repair","Telugu","Telu","te-Telu-IN","OLP-0039","sets-functions-relations/size-of-sets/non-enumerability-alt","content/sets-functions-relations/size-of-sets/non-enumerability-alt.tex","translation/content/sets-functions-relations/size-of-sets/non-enumerability-alt.tex","lines 77-84, duplicated bit-flip instruction","translation/content/sets-functions-relations/size-of-sets/non-enumerability-alt.tex:78-87","OLP-0039-B012","","pending_coherent_reader_pagination","mathematical_correction_qa_passed_disclosure_wording_open_for_optional_review_no_hold","Please double-check: Does the diagonal construction state the complementary 1-to-0 and 0-to-1 changes unambiguously?"
"REV-OLSIZ-010","source_correction_decision","medium","high_mathematical_repair_moderate_disclosure_wording","OLSIZ-010","bound one output string name s consistently; adjacent sourcecorrection discloses the repair","Telugu","Telu","te-Telu-IN","OLP-0040","sets-functions-relations/size-of-sets/reduction-alt","content/sets-functions-relations/size-of-sets/reduction-alt.tex","translation/content/sets-functions-relations/size-of-sets/reduction-alt.tex","lines 48-50; mapped segment within audited scope lines 48-58, characteristic-sequence definition","translation/content/sets-functions-relations/size-of-sets/reduction-alt.tex:46-48","OLP-0040-B011","","pending_coherent_reader_pagination","mathematical_correction_qa_passed_disclosure_wording_open_for_optional_review_no_hold","Please double-check: Does the alternate characteristic-string definition use one bound output name consistently?"
"REV-OLSIZ-010","source_correction_decision","medium","high_mathematical_repair_moderate_disclosure_wording","OLSIZ-010","bound one output string name s consistently; adjacent sourcecorrection discloses the repair","Telugu","Telu","te-Telu-IN","OLP-0040","sets-functions-relations/size-of-sets/reduction-alt","content/sets-functions-relations/size-of-sets/reduction-alt.tex","translation/content/sets-functions-relations/size-of-sets/reduction-alt.tex","lines 52-54; mapped segment within audited scope lines 48-58, characteristic-sequence definition","translation/content/sets-functions-relations/size-of-sets/reduction-alt.tex:50-55","OLP-0040-B012","","pending_coherent_reader_pagination","mathematical_correction_qa_passed_disclosure_wording_open_for_optional_review_no_hold","Please double-check: Does the alternate characteristic-string definition use one bound output name consistently?"
"REV-OLSIZ-010","source_correction_decision","medium","high_mathematical_repair_moderate_disclosure_wording","OLSIZ-010","bound one output string name s consistently; adjacent sourcecorrection discloses the repair","Telugu","Telu","te-Telu-IN","OLP-0040","sets-functions-relations/size-of-sets/reduction-alt","content/sets-functions-relations/size-of-sets/reduction-alt.tex","translation/content/sets-functions-relations/size-of-sets/reduction-alt.tex","lines 56-61; mapped segment within audited scope lines 48-58, characteristic-sequence definition","translation/content/sets-functions-relations/size-of-sets/reduction-alt.tex:57-62","OLP-0040-B013","","pending_coherent_reader_pagination","mathematical_correction_qa_passed_disclosure_wording_open_for_optional_review_no_hold","Please double-check: Does the alternate characteristic-string definition use one bound output name consistently?"
"REV-OLTEARITH-001","source_correction_decision","medium","high_mathematical_repair_moderate_disclosure_wording","OLTEARITH-001","used s-r consistently with both controlling occurrences; adjacent sourcecorrection discloses the repair","Telugu","Telu","te-Telu-IN","OLP-0043","sets-functions-relations/arithmetization/rationals","content/sets-functions-relations/arithmetization/rationals.tex","translation/content/sets-functions-relations/arithmetization/rationals.tex","lines 53-58, order explanation and display","translation/content/sets-functions-relations/arithmetization/rationals.tex:62","OLP-0043-B006","","pending_coherent_reader_pagination","mathematical_correction_qa_passed_disclosure_wording_open_for_optional_review_no_hold","Please double-check: Does the rational-order explanation use s-r consistently with both controlling occurrences and preserve the nonnegative-numerator, positive-denominator condition?"
"REV-OLTEARITH-002","source_correction_decision","medium","high_mathematical_repair_moderate_disclosure_wording","OLTEARITH-002","removed the stray character only; adjacent sourcecorrection discloses the repair","Telugu","Telu","te-Telu-IN","OLP-0044","sets-functions-relations/arithmetization/reals","content/sets-functions-relations/arithmetization/reals.tex","translation/content/sets-functions-relations/arithmetization/reals.tex","line 80, stray less-than after element token","translation/content/sets-functions-relations/arithmetization/reals.tex:95","OLP-0044-B012","","pending_coherent_reader_pagination","mathematical_correction_qa_passed_disclosure_wording_open_for_optional_review_no_hold","Please double-check: Does the Telugu note make clear that only a stray less-than character was removed from ordinary prose?"
"REV-OLTEARITH-003","source_correction_decision","medium","high_mathematical_repair_moderate_disclosure_wording","OLTEARITH-003","replaced 0 superscript R with the chapter-consistent embedded zero 0_Real; adjacent sourcecorrection discloses the repair","Telugu","Telu","te-Telu-IN","OLP-0045","sets-functions-relations/arithmetization/cuts","content/sets-functions-relations/arithmetization/cuts.tex","translation/content/sets-functions-relations/arithmetization/cuts.tex","lines 96-100, nonnegative-cut multiplication","translation/content/sets-functions-relations/arithmetization/cuts.tex:110","OLP-0045-B012","","pending_coherent_reader_pagination","mathematical_correction_qa_passed_disclosure_wording_open_for_optional_review_no_hold","Please double-check: Does the multiplication formula use the embedded real zero 0_Real consistently with the surrounding construction?"
"REV-OLTEARITH-004","source_correction_decision","medium","high_mathematical_repair_moderate_disclosure_wording","OLTEARITH-004","attributed existence of a member to the stated non-emptiness of S; adjacent sourcecorrection discloses the repair","Telugu","Telu","te-Telu-IN","OLP-0045","sets-functions-relations/arithmetization/cuts","content/sets-functions-relations/arithmetization/cuts.tex","translation/content/sets-functions-relations/arithmetization/cuts.tex","lines 59-68, non-emptiness step in completeness proof","translation/content/sets-functions-relations/arithmetization/cuts.tex:71","OLP-0045-B010","","pending_coherent_reader_pagination","mathematical_correction_qa_passed_disclosure_wording_open_for_optional_review_no_hold","Please double-check: Does the completeness proof correctly attribute existence of a member of S to non-emptiness rather than boundedness?"
"REV-OLTEARITH-005","source_correction_decision","medium","high_mathematical_repair_moderate_disclosure_wording","OLTEARITH-005","identified reals with equivalence classes under Realequiv; adjacent sourcecorrection discloses the repair","Telugu","Telu","te-Telu-IN","OLP-0048","sets-functions-relations/arithmetization/cauchy","content/sets-functions-relations/arithmetization/cauchy.tex","translation/content/sets-functions-relations/arithmetization/cauchy.tex","lines 109-125, relation-versus-class identification","translation/content/sets-functions-relations/arithmetization/cauchy.tex:118","OLP-0048-B012","","pending_coherent_reader_pagination","mathematical_correction_qa_passed_disclosure_wording_open_for_optional_review_no_hold","Please double-check: Does the Cauchy construction distinguish the equivalence relation from the real objects, which are its equivalence classes?"
"REV-OLTEARITH-006","source_correction_decision","medium","high_mathematical_repair_moderate_disclosure_wording","OLTEARITH-006","compared the represented real with 0_Real rather than 0_Rat; adjacent sourcecorrection discloses the repair","Telugu","Telu","te-Telu-IN","OLP-0048","sets-functions-relations/arithmetization/cauchy","content/sets-functions-relations/arithmetization/cauchy.tex","translation/content/sets-functions-relations/arithmetization/cauchy.tex","lines 149-152, positivity definition","translation/content/sets-functions-relations/arithmetization/cauchy.tex:155","OLP-0048-B015","","pending_coherent_reader_pagination","mathematical_correction_qa_passed_disclosure_wording_open_for_optional_review_no_hold","Please double-check: Is positivity of a represented real compared with 0_Real rather than the differently typed 0_Rat?"
"REV-OLTEARITH-007","source_correction_decision","medium","high_mathematical_repair_moderate_disclosure_wording","OLTEARITH-007","stated theorem and exercise for equivalence classes of Cauchy sequences; adjacent sourcecorrection discloses the repair","Telugu","Telu","te-Telu-IN","OLP-0048","sets-functions-relations/arithmetization/cauchy","content/sets-functions-relations/arithmetization/cauchy.tex","translation/content/sets-functions-relations/arithmetization/cauchy.tex","lines 149-163; mapped segment within audited scope lines 159-171, ordered-field theorem and exercise","translation/content/sets-functions-relations/arithmetization/cauchy.tex:148-171","OLP-0048-B015","","pending_coherent_reader_pagination","mathematical_correction_qa_passed_disclosure_wording_open_for_optional_review_no_hold","Please double-check: Do the ordered-field theorem and exercise state the result for equivalence classes rather than raw Cauchy sequences?"
"REV-OLTEARITH-007","source_correction_decision","medium","high_mathematical_repair_moderate_disclosure_wording","OLTEARITH-007","stated theorem and exercise for equivalence classes of Cauchy sequences; adjacent sourcecorrection discloses the repair","Telugu","Telu","te-Telu-IN","OLP-0048","sets-functions-relations/arithmetization/cauchy","content/sets-functions-relations/arithmetization/cauchy.tex","translation/content/sets-functions-relations/arithmetization/cauchy.tex","lines 165-167; mapped segment within audited scope lines 159-171, ordered-field theorem and exercise","translation/content/sets-functions-relations/arithmetization/cauchy.tex:173-175","OLP-0048-B016","","pending_coherent_reader_pagination","mathematical_correction_qa_passed_disclosure_wording_open_for_optional_review_no_hold","Please double-check: Do the ordered-field theorem and exercise state the result for equivalence classes rather than raw Cauchy sequences?"
"REV-OLTEARITH-007","source_correction_decision","medium","high_mathematical_repair_moderate_disclosure_wording","OLTEARITH-007","stated theorem and exercise for equivalence classes of Cauchy sequences; adjacent sourcecorrection discloses the repair","Telugu","Telu","te-Telu-IN","OLP-0048","sets-functions-relations/arithmetization/cauchy","content/sets-functions-relations/arithmetization/cauchy.tex","translation/content/sets-functions-relations/arithmetization/cauchy.tex","lines 169-171; mapped segment within audited scope lines 159-171, ordered-field theorem and exercise","translation/content/sets-functions-relations/arithmetization/cauchy.tex:177-180","OLP-0048-B017","","pending_coherent_reader_pagination","mathematical_correction_qa_passed_disclosure_wording_open_for_optional_review_no_hold","Please double-check: Do the ordered-field theorem and exercise state the result for equivalence classes rather than raw Cauchy sequences?"
"REV-OLTEARITH-008","source_correction_decision","medium","high_mathematical_repair_moderate_disclosure_wording","OLTEARITH-008","stated completeness for represented classes, retained S as representative sequences, and made the q_Real comparison class-typed; adjacent sourcecorrection discloses the repair","Telugu","Telu","te-Telu-IN","OLP-0048","sets-functions-relations/arithmetization/cauchy","content/sets-functions-relations/arithmetization/cauchy.tex","translation/content/sets-functions-relations/arithmetization/cauchy.tex","lines 173-174; mapped segment within audited scope lines 173-226, completeness theorem and proof","translation/content/sets-functions-relations/arithmetization/cauchy.tex:182-183","OLP-0048-B018","","pending_coherent_reader_pagination","mathematical_correction_qa_passed_disclosure_wording_open_for_optional_review_no_hold","Please double-check: Is S consistently a family of representative sequences while every ordered object is its represented equivalence class?"
"REV-OLTEARITH-008","source_correction_decision","medium","high_mathematical_repair_moderate_disclosure_wording","OLTEARITH-008","stated completeness for represented classes, retained S as representative sequences, and made the q_Real comparison class-typed; adjacent sourcecorrection discloses the repair","Telugu","Telu","te-Telu-IN","OLP-0048","sets-functions-relations/arithmetization/cauchy","content/sets-functions-relations/arithmetization/cauchy.tex","translation/content/sets-functions-relations/arithmetization/cauchy.tex","lines 176-179; mapped segment within audited scope lines 173-226, completeness theorem and proof","translation/content/sets-functions-relations/arithmetization/cauchy.tex:185-194","OLP-0048-B019","","pending_coherent_reader_pagination","mathematical_correction_qa_passed_disclosure_wording_open_for_optional_review_no_hold","Please double-check: Is S consistently a family of representative sequences while every ordered object is its represented equivalence class?"
"REV-OLTEARITH-008","source_correction_decision","medium","high_mathematical_repair_moderate_disclosure_wording","OLTEARITH-008","stated completeness for represented classes, retained S as representative sequences, and made the q_Real comparison class-typed; adjacent sourcecorrection discloses the repair","Telugu","Telu","te-Telu-IN","OLP-0048","sets-functions-relations/arithmetization/cauchy","content/sets-functions-relations/arithmetization/cauchy.tex","translation/content/sets-functions-relations/arithmetization/cauchy.tex","lines 181-185; mapped segment within audited scope lines 173-226, completeness theorem and proof","translation/content/sets-functions-relations/arithmetization/cauchy.tex:196-203","OLP-0048-B020","","pending_coherent_reader_pagination","mathematical_correction_qa_passed_disclosure_wording_open_for_optional_review_no_hold","Please double-check: Is S consistently a family of representative sequences while every ordered object is its represented equivalence class?"
"REV-OLTEARITH-008","source_correction_decision","medium","high_mathematical_repair_moderate_disclosure_wording","OLTEARITH-008","stated completeness for represented classes, retained S as representative sequences, and made the q_Real comparison class-typed; adjacent sourcecorrection discloses the repair","Telugu","Telu","te-Telu-IN","OLP-0048","sets-functions-relations/arithmetization/cauchy","content/sets-functions-relations/arithmetization/cauchy.tex","translation/content/sets-functions-relations/arithmetization/cauchy.tex","lines 187-213; mapped segment within audited scope lines 173-226, completeness theorem and proof","translation/content/sets-functions-relations/arithmetization/cauchy.tex:205-231","OLP-0048-B021","","pending_coherent_reader_pagination","mathematical_correction_qa_passed_disclosure_wording_open_for_optional_review_no_hold","Please double-check: Is S consistently a family of representative sequences while every ordered object is its represented equivalence class?"
"REV-OLTEARITH-008","source_correction_decision","medium","high_mathematical_repair_moderate_disclosure_wording","OLTEARITH-008","stated completeness for represented classes, retained S as representative sequences, and made the q_Real comparison class-typed; adjacent sourcecorrection discloses the repair","Telugu","Telu","te-Telu-IN","OLP-0048","sets-functions-relations/arithmetization/cauchy","content/sets-functions-relations/arithmetization/cauchy.tex","translation/content/sets-functions-relations/arithmetization/cauchy.tex","lines 215-224; mapped segment within audited scope lines 173-226, completeness theorem and proof","translation/content/sets-functions-relations/arithmetization/cauchy.tex:233-245","OLP-0048-B022","","pending_coherent_reader_pagination","mathematical_correction_qa_passed_disclosure_wording_open_for_optional_review_no_hold","Please double-check: Is S consistently a family of representative sequences while every ordered object is its represented equivalence class?"
"REV-OLTEARITH-008","source_correction_decision","medium","high_mathematical_repair_moderate_disclosure_wording","OLTEARITH-008","stated completeness for represented classes, retained S as representative sequences, and made the q_Real comparison class-typed; adjacent sourcecorrection discloses the repair","Telugu","Telu","te-Telu-IN","OLP-0048","sets-functions-relations/arithmetization/cauchy","content/sets-functions-relations/arithmetization/cauchy.tex","translation/content/sets-functions-relations/arithmetization/cauchy.tex","lines 226-227; mapped segment within audited scope lines 173-226, completeness theorem and proof","translation/content/sets-functions-relations/arithmetization/cauchy.tex:247-256","OLP-0048-B023","","pending_coherent_reader_pagination","mathematical_correction_qa_passed_disclosure_wording_open_for_optional_review_no_hold","Please double-check: Is S consistently a family of representative sequences while every ordered object is its represented equivalence class?"
"REV-OLTEINF-001","source_correction_decision","medium","high_mathematical_repair_moderate_disclosure_wording","OLTEINF-001","added the required containing-zero condition fixed by the preceding repeated-application clause and following closure definition; adjacent sourcecorrection discloses the repair","Telugu","Telu","te-Telu-IN","OLP-0051","sets-functions-relations/infinite/dedekind-algebra","content/sets-functions-relations/infinite/dedekind-algebra.tex","translation/content/sets-functions-relations/infinite/dedekind-algebra.tex","lines 33-39, set-theoretic condition 3-prime","translation/content/sets-functions-relations/infinite/dedekind-algebra.tex:38","OLP-0051-B005","","pending_coherent_reader_pagination","mathematical_correction_qa_passed_disclosure_wording_open_for_optional_review_no_hold","Please double-check: Does condition 3-prime explicitly require the least successor-closed set to contain zero, ruling out the empty set?"
"REV-OLTEINF-002","source_correction_decision","medium","high_mathematical_repair_moderate_disclosure_wording","OLTEINF-002","bound f:A-to-A and o in A and restricted closure candidates to subsets of A; adjacent sourcecorrection discloses the repair","Telugu","Telu","te-Telu-IN","OLP-0051","sets-functions-relations/infinite/dedekind-algebra","content/sets-functions-relations/infinite/dedekind-algebra.tex","translation/content/sets-functions-relations/infinite/dedekind-algebra.tex","lines 41-46; mapped segment within audited scope lines 41-76, closure definition, lemma and witness","translation/content/sets-functions-relations/infinite/dedekind-algebra.tex:45-56","OLP-0051-B006","","pending_coherent_reader_pagination","mathematical_correction_qa_passed_disclosure_wording_open_for_optional_review_no_hold","Please double-check: Does the closure definition bind one ambient set A, a self-map f:A-to-A, its base point o in A and candidate subsets X of A consistently?"
"REV-OLTEINF-002","source_correction_decision","medium","high_mathematical_repair_moderate_disclosure_wording","OLTEINF-002","bound f:A-to-A and o in A and restricted closure candidates to subsets of A; adjacent sourcecorrection discloses the repair","Telugu","Telu","te-Telu-IN","OLP-0051","sets-functions-relations/infinite/dedekind-algebra","content/sets-functions-relations/infinite/dedekind-algebra.tex","translation/content/sets-functions-relations/infinite/dedekind-algebra.tex","lines 48-61; mapped segment within audited scope lines 41-76, closure definition, lemma and witness","translation/content/sets-functions-relations/infinite/dedekind-algebra.tex:58-71","OLP-0051-B007","","pending_coherent_reader_pagination","mathematical_correction_qa_passed_disclosure_wording_open_for_optional_review_no_hold","Please double-check: Does the closure definition bind one ambient set A, a self-map f:A-to-A, its base point o in A and candidate subsets X of A consistently?"
"REV-OLTEINF-002","source_correction_decision","medium","high_mathematical_repair_moderate_disclosure_wording","OLTEINF-002","bound f:A-to-A and o in A and restricted closure candidates to subsets of A; adjacent sourcecorrection discloses the repair","Telugu","Telu","te-Telu-IN","OLP-0051","sets-functions-relations/infinite/dedekind-algebra","content/sets-functions-relations/infinite/dedekind-algebra.tex","translation/content/sets-functions-relations/infinite/dedekind-algebra.tex","lines 63-67; mapped segment within audited scope lines 41-76, closure definition, lemma and witness","translation/content/sets-functions-relations/infinite/dedekind-algebra.tex:73-77","OLP-0051-B008","","pending_coherent_reader_pagination","mathematical_correction_qa_passed_disclosure_wording_open_for_optional_review_no_hold","Please double-check: Does the closure definition bind one ambient set A, a self-map f:A-to-A, its base point o in A and candidate subsets X of A consistently?"
"REV-OLTEINF-002","source_correction_decision","medium","high_mathematical_repair_moderate_disclosure_wording","OLTEINF-002","bound f:A-to-A and o in A and restricted closure candidates to subsets of A; adjacent sourcecorrection discloses the repair","Telugu","Telu","te-Telu-IN","OLP-0051","sets-functions-relations/infinite/dedekind-algebra","content/sets-functions-relations/infinite/dedekind-algebra.tex","translation/content/sets-functions-relations/infinite/dedekind-algebra.tex","lines 69-70; mapped segment within audited scope lines 41-76, closure definition, lemma and witness","translation/content/sets-functions-relations/infinite/dedekind-algebra.tex:79-81","OLP-0051-B009","","pending_coherent_reader_pagination","mathematical_correction_qa_passed_disclosure_wording_open_for_optional_review_no_hold","Please double-check: Does the closure definition bind one ambient set A, a self-map f:A-to-A, its base point o in A and candidate subsets X of A consistently?"
"REV-OLTEINF-002","source_correction_decision","medium","high_mathematical_repair_moderate_disclosure_wording","OLTEINF-002","bound f:A-to-A and o in A and restricted closure candidates to subsets of A; adjacent sourcecorrection discloses the repair","Telugu","Telu","te-Telu-IN","OLP-0051","sets-functions-relations/infinite/dedekind-algebra","content/sets-functions-relations/infinite/dedekind-algebra.tex","translation/content/sets-functions-relations/infinite/dedekind-algebra.tex","lines 72-73; mapped segment within audited scope lines 41-76, closure definition, lemma and witness","translation/content/sets-functions-relations/infinite/dedekind-algebra.tex:83-86","OLP-0051-B010","","pending_coherent_reader_pagination","mathematical_correction_qa_passed_disclosure_wording_open_for_optional_review_no_hold","Please double-check: Does the closure definition bind one ambient set A, a self-map f:A-to-A, its base point o in A and candidate subsets X of A consistently?"
"REV-OLTEINF-002","source_correction_decision","medium","high_mathematical_repair_moderate_disclosure_wording","OLTEINF-002","bound f:A-to-A and o in A and restricted closure candidates to subsets of A; adjacent sourcecorrection discloses the repair","Telugu","Telu","te-Telu-IN","OLP-0051","sets-functions-relations/infinite/dedekind-algebra","content/sets-functions-relations/infinite/dedekind-algebra.tex","translation/content/sets-functions-relations/infinite/dedekind-algebra.tex","lines 75-77; mapped segment within audited scope lines 41-76, closure definition, lemma and witness","translation/content/sets-functions-relations/infinite/dedekind-algebra.tex:88-90","OLP-0051-B011","","pending_coherent_reader_pagination","mathematical_correction_qa_passed_disclosure_wording_open_for_optional_review_no_hold","Please double-check: Does the closure definition bind one ambient set A, a self-map f:A-to-A, its base point o in A and candidate subsets X of A consistently?"
"REV-OLTEINF-003","source_correction_decision","medium","high_mathematical_repair_moderate_disclosure_wording","OLTEINF-003","applied closure minimality to N-intersection-X, the s-closed subset supplied by the theorem condition; adjacent sourcecorrection discloses the repair","Telugu","Telu","te-Telu-IN","OLP-0052","sets-functions-relations/infinite/dedekind-induction","content/sets-functions-relations/infinite/dedekind-induction.tex","translation/content/sets-functions-relations/infinite/dedekind-induction.tex","lines 16-21; mapped segment within audited scope lines 16-27, induction theorem and closure-minimality proof","translation/content/sets-functions-relations/infinite/dedekind-induction.tex:16-22","OLP-0052-B006","","pending_coherent_reader_pagination","mathematical_correction_qa_passed_disclosure_wording_open_for_optional_review_no_hold","Please double-check: Does the induction proof apply closure minimality to N-intersection-X rather than to an arbitrary set X outside the self-map domain?"
"REV-OLTEINF-003","source_correction_decision","medium","high_mathematical_repair_moderate_disclosure_wording","OLTEINF-003","applied closure minimality to N-intersection-X, the s-closed subset supplied by the theorem condition; adjacent sourcecorrection discloses the repair","Telugu","Telu","te-Telu-IN","OLP-0052","sets-functions-relations/infinite/dedekind-induction","content/sets-functions-relations/infinite/dedekind-induction.tex","translation/content/sets-functions-relations/infinite/dedekind-induction.tex","lines 23-27; mapped segment within audited scope lines 16-27, induction theorem and closure-minimality proof","translation/content/sets-functions-relations/infinite/dedekind-induction.tex:24-34","OLP-0052-B007","","pending_coherent_reader_pagination","mathematical_correction_qa_passed_disclosure_wording_open_for_optional_review_no_hold","Please double-check: Does the induction proof apply closure minimality to N-intersection-X rather than to an arbitrary set X outside the self-map domain?"
"REV-OLTEINF-004","source_correction_decision","medium","high_mathematical_repair_moderate_disclosure_wording","OLTEINF-004","bound an ambient U, self-map f, base B subset U and closure candidates X subset U; adjacent sourcecorrection discloses the repair","Telugu","Telu","te-Telu-IN","OLP-0054","sets-functions-relations/infinite/card-sb","content/sets-functions-relations/infinite/card-sb.tex","translation/content/sets-functions-relations/infinite/card-sb.tex","lines 25-33; mapped segment within audited scope lines 25-46, closure of a set under a function","translation/content/sets-functions-relations/infinite/card-sb.tex:25-37","OLP-0054-B007","","pending_coherent_reader_pagination","mathematical_correction_qa_passed_disclosure_wording_open_for_optional_review_no_hold","Please double-check: Does the set-closure definition bind one ambient U, a self-map on U, a base subset of U and closure candidates contained in U?"
"REV-OLTEINF-004","source_correction_decision","medium","high_mathematical_repair_moderate_disclosure_wording","OLTEINF-004","bound an ambient U, self-map f, base B subset U and closure candidates X subset U; adjacent sourcecorrection discloses the repair","Telugu","Telu","te-Telu-IN","OLP-0054","sets-functions-relations/infinite/card-sb","content/sets-functions-relations/infinite/card-sb.tex","translation/content/sets-functions-relations/infinite/card-sb.tex","lines 35-43; mapped segment within audited scope lines 25-46, closure of a set under a function","translation/content/sets-functions-relations/infinite/card-sb.tex:39-47","OLP-0054-B008","","pending_coherent_reader_pagination","mathematical_correction_qa_passed_disclosure_wording_open_for_optional_review_no_hold","Please double-check: Does the set-closure definition bind one ambient U, a self-map on U, a base subset of U and closure candidates contained in U?"
"REV-OLTEINF-004","source_correction_decision","medium","high_mathematical_repair_moderate_disclosure_wording","OLTEINF-004","bound an ambient U, self-map f, base B subset U and closure candidates X subset U; adjacent sourcecorrection discloses the repair","Telugu","Telu","te-Telu-IN","OLP-0054","sets-functions-relations/infinite/card-sb","content/sets-functions-relations/infinite/card-sb.tex","translation/content/sets-functions-relations/infinite/card-sb.tex","lines 45-47; mapped segment within audited scope lines 25-46, closure of a set under a function","translation/content/sets-functions-relations/infinite/card-sb.tex:49-51","OLP-0054-B009","","pending_coherent_reader_pagination","mathematical_correction_qa_passed_disclosure_wording_open_for_optional_review_no_hold","Please double-check: Does the set-closure definition bind one ambient U, a self-map on U, a base subset of U and closure candidates contained in U?"
"REV-OLTEINF-005","source_correction_decision","medium","high_mathematical_repair_moderate_disclosure_wording","OLTEINF-005","presents the valid source chain as the two explicit comparisons A equinumerous with B and B equinumerous with C for readability; the adjacent sourcecorrection discloses the equivalent notation and rejects the prior error classification","Telugu","Telu","te-Telu-IN","OLP-0054","sets-functions-relations/infinite/card-sb","content/sets-functions-relations/infinite/card-sb.tex","translation/content/sets-functions-relations/infinite/card-sb.tex","lines 49-49; mapped segment within audited scope lines 49-53, cardinal sandwich helper conclusion","translation/content/sets-functions-relations/infinite/card-sb.tex:53-53","OLP-0054-B010","","pending_coherent_reader_pagination","historical_error_classification_rejected_equivalent_notation_qa_passed_disclosure_wording_open_for_optional_review_no_hold","Please double-check that the qualified note correctly explains the valid nested cardinality chain and that the two explicit target comparisons are mathematically equivalent without retaining the rejected source-error claim."
"REV-OLTEINF-005","source_correction_decision","medium","high_mathematical_repair_moderate_disclosure_wording","OLTEINF-005","presents the valid source chain as the two explicit comparisons A equinumerous with B and B equinumerous with C for readability; the adjacent sourcecorrection discloses the equivalent notation and rejects the prior error classification","Telugu","Telu","te-Telu-IN","OLP-0054","sets-functions-relations/infinite/card-sb","content/sets-functions-relations/infinite/card-sb.tex","translation/content/sets-functions-relations/infinite/card-sb.tex","lines 51-53; mapped segment within audited scope lines 49-53, cardinal sandwich helper conclusion","translation/content/sets-functions-relations/infinite/card-sb.tex:55-64","OLP-0054-B011","","pending_coherent_reader_pagination","historical_error_classification_rejected_equivalent_notation_qa_passed_disclosure_wording_open_for_optional_review_no_hold","Please double-check that the qualified note correctly explains the valid nested cardinality chain and that the two explicit target comparisons are mathematically equivalent without retaining the rejected source-error claim."
"REV-OLTEINF-006","source_correction_decision","medium","high_mathematical_repair_moderate_disclosure_wording","OLTEINF-006","added the missing ran(g)-subset-B direction before the source's B-subset-ran(g) direction; adjacent sourcecorrection discloses the repair","Telugu","Telu","te-Telu-IN","OLP-0054","sets-functions-relations/infinite/card-sb","content/sets-functions-relations/infinite/card-sb.tex","translation/content/sets-functions-relations/infinite/card-sb.tex","lines 55-68; mapped segment within audited scope lines 55-83, range-equality proof","translation/content/sets-functions-relations/infinite/card-sb.tex:66-79","OLP-0054-B012","","pending_coherent_reader_pagination","mathematical_correction_qa_passed_disclosure_wording_open_for_optional_review_no_hold","Please double-check: Does the proof establish both inclusions needed for ran(g)=B, including the formerly missing ran(g)-subset-B direction?"
"REV-OLTEINF-006","source_correction_decision","medium","high_mathematical_repair_moderate_disclosure_wording","OLTEINF-006","added the missing ran(g)-subset-B direction before the source's B-subset-ran(g) direction; adjacent sourcecorrection discloses the repair","Telugu","Telu","te-Telu-IN","OLP-0054","sets-functions-relations/infinite/card-sb","content/sets-functions-relations/infinite/card-sb.tex","translation/content/sets-functions-relations/infinite/card-sb.tex","lines 70-73; mapped segment within audited scope lines 55-83, range-equality proof","translation/content/sets-functions-relations/infinite/card-sb.tex:81-85","OLP-0054-B013","","pending_coherent_reader_pagination","mathematical_correction_qa_passed_disclosure_wording_open_for_optional_review_no_hold","Please double-check: Does the proof establish both inclusions needed for ran(g)=B, including the formerly missing ran(g)-subset-B direction?"
"REV-OLTEINF-006","source_correction_decision","medium","high_mathematical_repair_moderate_disclosure_wording","OLTEINF-006","added the missing ran(g)-subset-B direction before the source's B-subset-ran(g) direction; adjacent sourcecorrection discloses the repair","Telugu","Telu","te-Telu-IN","OLP-0054","sets-functions-relations/infinite/card-sb","content/sets-functions-relations/infinite/card-sb.tex","translation/content/sets-functions-relations/infinite/card-sb.tex","lines 75-78; mapped segment within audited scope lines 55-83, range-equality proof","translation/content/sets-functions-relations/infinite/card-sb.tex:87-91","OLP-0054-B014","","pending_coherent_reader_pagination","mathematical_correction_qa_passed_disclosure_wording_open_for_optional_review_no_hold","Please double-check: Does the proof establish both inclusions needed for ran(g)=B, including the formerly missing ran(g)-subset-B direction?"
"REV-OLTEINF-006","source_correction_decision","medium","high_mathematical_repair_moderate_disclosure_wording","OLTEINF-006","added the missing ran(g)-subset-B direction before the source's B-subset-ran(g) direction; adjacent sourcecorrection discloses the repair","Telugu","Telu","te-Telu-IN","OLP-0054","sets-functions-relations/infinite/card-sb","content/sets-functions-relations/infinite/card-sb.tex","translation/content/sets-functions-relations/infinite/card-sb.tex","lines 80-83; mapped segment within audited scope lines 55-83, range-equality proof","translation/content/sets-functions-relations/infinite/card-sb.tex:93-106","OLP-0054-B015","","pending_coherent_reader_pagination","mathematical_correction_qa_passed_disclosure_wording_open_for_optional_review_no_hold","Please double-check: Does the proof establish both inclusions needed for ran(g)=B, including the formerly missing ran(g)-subset-B direction?"
"REV-OLTEPLSYN-001","source_correction_decision","medium","high_mathematical_repair_moderate_disclosure_wording","OLTEPLSYN-001","closed the inner defTrue test with its empty false arm before closing the outer tag test; adjacent sourcecorrection discloses the TeX-structure repair","Telugu","Telu","te-Telu-IN","OLP-0058","propositional-logic/syntax-and-semantics/formulas","content/propositional-logic/syntax-and-semantics/formulas.tex","translation/content/propositional-logic/syntax-and-semantics/formulas.tex","lines 37-47, nested defined-symbol tag block","translation/content/propositional-logic/syntax-and-semantics/formulas.tex:48","OLP-0058-B009","","pending_coherent_reader_pagination","mathematical_correction_qa_passed_disclosure_wording_open_for_optional_review_no_hold","Please double-check: Does the Telugu disclosure identify the malformed nested tag arms and make clear that only their brace/empty-arm closure was repaired?"
"REV-OLTEPLSYN-002","source_correction_decision","medium","high_mathematical_repair_moderate_disclosure_wording","OLTEPLSYN-002","removed the unmatched right parenthesis while retaining the not-A-or-B abbreviation; adjacent sourcecorrection discloses the repair","Telugu","Telu","te-Telu-IN","OLP-0058","propositional-logic/syntax-and-semantics/formulas","content/propositional-logic/syntax-and-semantics/formulas.tex","translation/content/propositional-logic/syntax-and-semantics/formulas.tex","lines 158-159, defined material-conditional disjunction","translation/content/propositional-logic/syntax-and-semantics/formulas.tex:166","OLP-0058-B032","","pending_coherent_reader_pagination","mathematical_correction_qa_passed_disclosure_wording_open_for_optional_review_no_hold","Please double-check: Does the material-conditional abbreviation read exactly as not A or B after removal of the source’s unmatched closing parenthesis?"
"REV-OLTEPLSYN-003","source_correction_decision","medium","high_mathematical_repair_moderate_disclosure_wording","OLTEPLSYN-003","replaced semantic equivalence by the chapter's syntactic-identity symbol in the formation proof; adjacent sourcecorrection discloses the repair","Telugu","Telu","te-Telu-IN","OLP-0060","propositional-logic/syntax-and-semantics/formation-sequences","content/propositional-logic/syntax-and-semantics/formation-sequences.tex","translation/content/propositional-logic/syntax-and-semantics/formation-sequences.tex","lines 140-149, strong-induction conjunction case","translation/content/propositional-logic/syntax-and-semantics/formation-sequences.tex:138","OLP-0060-B016","","pending_coherent_reader_pagination","mathematical_correction_qa_passed_disclosure_wording_open_for_optional_review_no_hold","Please double-check: Does the formation-sequence proof use syntactic identity, rather than semantic equivalence, for literal identity of symbol strings?"
"REV-OLTEPLSYN-004","source_correction_decision","medium","high_mathematical_repair_moderate_disclosure_wording","OLTEPLSYN-004","made the explanatory clause refer to the already fixed formula A rather than some formula; adjacent sourcecorrection discloses the scope repair","Telugu","Telu","te-Telu-IN","OLP-0061","propositional-logic/syntax-and-semantics/valuations-sat","content/propositional-logic/syntax-and-semantics/valuations-sat.tex","translation/content/propositional-logic/syntax-and-semantics/valuations-sat.tex","lines 133-140, Local Determination theorem","translation/content/propositional-logic/syntax-and-semantics/valuations-sat.tex:143","OLP-0061-B010","","pending_coherent_reader_pagination","mathematical_correction_qa_passed_disclosure_wording_open_for_optional_review_no_hold","Please double-check: Does Local Determination unambiguously restrict agreement to variables occurring in the one fixed formula A?"
"REV-OLTEPRF-001","source_correction_decision","medium","high_mathematical_repair_moderate_disclosure_wording","OLTEPRF-001","used an independent final index n for the succedent sequence; adjacent sourcecorrection discloses the formula repair","Telugu","Telu","te-Telu-IN","OLP-0065","first-order-logic/proof-systems/sequent-calculus","content/first-order-logic/proof-systems/sequent-calculus.tex","translation/content/first-order-logic/proof-systems/sequent-calculus.tex","lines 17-23, displayed general sequent","translation/content/first-order-logic/proof-systems/sequent-calculus.tex:23","OLP-0065-B006","","pending_coherent_reader_pagination","mathematical_correction_qa_passed_disclosure_wording_open_for_optional_review_no_hold","Please double-check: Does the general sequent use independent final indices m and n, consistently with either side being independently empty?"
"REV-OLTEPRF-002","source_correction_decision","medium","high_mathematical_repair_moderate_disclosure_wording","OLTEPRF-002","passed only the conjunction operator to the false-conjunction rule-label macro; adjacent sourcecorrection discloses the repair","Telugu","Telu","te-Telu-IN","OLP-0067","first-order-logic/proof-systems/tableaux","content/first-order-logic/proof-systems/tableaux.tex","translation/content/first-order-logic/proof-systems/tableaux.tex","lines 31-39, false-conjunction rule description","translation/content/first-order-logic/proof-systems/tableaux.tex:41","OLP-0067-B007","","pending_coherent_reader_pagination","mathematical_correction_qa_passed_disclosure_wording_open_for_optional_review_no_hold","Please double-check: Does the false-conjunction tableau rule pass only the conjunction operator to the documented rule-label macro?"
"REV-OLTEPRF-003","source_correction_decision","medium","high_mathematical_repair_moderate_disclosure_wording","OLTEPRF-003","labelled both children of the true conjunction with the true-conjunction rule while retaining line reference 2; adjacent sourcecorrection discloses the repair","Telugu","Telu","te-Telu-IN","OLP-0067","first-order-logic/proof-systems/tableaux","content/first-order-logic/proof-systems/tableaux.tex","translation/content/first-order-logic/proof-systems/tableaux.tex","lines 53-63, closed-tableau example","translation/content/first-order-logic/proof-systems/tableaux.tex:69","OLP-0067-B008","","pending_coherent_reader_pagination","mathematical_correction_qa_passed_disclosure_wording_open_for_optional_review_no_hold","Please double-check: Are both children produced from the true conjunction on line 2 labelled with the true-conjunction rule and the same line reference?"
"REV-OLTEPRF-004","source_correction_decision","medium","high_mathematical_repair_moderate_disclosure_wording","OLTEPRF-004","required membership in Gamma for every displayed index rather than for merely some index; adjacent sourcecorrection discloses the repair","Telugu","Telu","te-Telu-IN","OLP-0067","first-order-logic/proof-systems/tableaux","content/first-order-logic/proof-systems/tableaux.tex","translation/content/first-order-logic/proof-systems/tableaux.tex","lines 65-70, tableau inconsistency definition","translation/content/first-order-logic/proof-systems/tableaux.tex:81","OLP-0067-B009","","pending_coherent_reader_pagination","mathematical_correction_qa_passed_disclosure_wording_open_for_optional_review_no_hold","Please double-check: Does the tableau inconsistency definition require every displayed finite premise B_i, rather than merely some one premise, to belong to Gamma?"
"REV-OLTESEQ-001","source_correction_decision","medium","high_mathematical_repair_moderate_disclosure_wording","OLTESEQ-001","labelled all four antecedent-order changes with LeftR{Exchange}, retaining every sequent; one adjacent sourcecorrection discloses the repeated repair","Telugu","Telu","te-Telu-IN","OLP-0075","first-order-logic/sequent-calculus/proving-things","content/first-order-logic/sequent-calculus/proving-things.tex","translation/content/first-order-logic/sequent-calculus/proving-things.tex","lines 76-108; mapped segment within audited scope lines 76-90, 94-108, 110-129 and 132-151, repeated antecedent exchange labels","translation/content/first-order-logic/sequent-calculus/proving-things.tex:73-110","OLP-0075-B010","","pending_coherent_reader_pagination","mathematical_correction_qa_passed_disclosure_wording_open_for_optional_review_no_hold","Please double-check: Are all four steps that change only antecedent order labelled as left exchange while every displayed sequent remains unchanged?"
"REV-OLTESEQ-001","source_correction_decision","medium","high_mathematical_repair_moderate_disclosure_wording","OLTESEQ-001","labelled all four antecedent-order changes with LeftR{Exchange}, retaining every sequent; one adjacent sourcecorrection discloses the repeated repair","Telugu","Telu","te-Telu-IN","OLP-0075","first-order-logic/sequent-calculus/proving-things","content/first-order-logic/sequent-calculus/proving-things.tex","translation/content/first-order-logic/sequent-calculus/proving-things.tex","lines 110-152; mapped segment within audited scope lines 76-90, 94-108, 110-129 and 132-151, repeated antecedent exchange labels","translation/content/first-order-logic/sequent-calculus/proving-things.tex:112-154","OLP-0075-B011","","pending_coherent_reader_pagination","mathematical_correction_qa_passed_disclosure_wording_open_for_optional_review_no_hold","Please double-check: Are all four steps that change only antecedent order labelled as left exchange while every displayed sequent remains unchanged?"
"REV-OLTESEQ-002","source_correction_decision","medium","high_mathematical_repair_moderate_disclosure_wording","OLTESEQ-002","restored the missing negation on B in both candidates so they match the end-sequent and following displayed inferences; one adjacent sourcecorrection discloses the repeated repair","Telugu","Telu","te-Telu-IN","OLP-0075","first-order-logic/sequent-calculus/proving-things","content/first-order-logic/sequent-calculus/proving-things.tex","translation/content/first-order-logic/sequent-calculus/proving-things.tex","lines 175-188, both candidate premises in the third worked example","translation/content/first-order-logic/sequent-calculus/proving-things.tex:182","OLP-0075-B013","","pending_coherent_reader_pagination","mathematical_correction_qa_passed_disclosure_wording_open_for_optional_review_no_hold","Please double-check: Do both prose candidate premises contain not-A-or-not-B, matching the end-sequent and the two displayed inferences?"
"REV-OLTESEQ-003","source_correction_decision","medium","high_mathematical_repair_moderate_disclosure_wording","OLTESEQ-003","named the sequent calculus rather than natural deduction, as fixed by the path, IDs and LK definitions; adjacent sourcecorrection discloses the repair","Telugu","Telu","te-Telu-IN","OLP-0077","first-order-logic/sequent-calculus/proof-theoretic-notions","content/first-order-logic/sequent-calculus/proof-theoretic-notions.tex","translation/content/first-order-logic/sequent-calculus/proof-theoretic-notions.tex","lines 9-12, editorial section-scope note","translation/content/first-order-logic/sequent-calculus/proof-theoretic-notions.tex:12","OLP-0077-B004","","pending_coherent_reader_pagination","mathematical_correction_qa_passed_disclosure_wording_open_for_optional_review_no_hold","Please double-check: Does the editorial scope note identify the sequent calculus, consistently with the chapter path, identifiers and LK definitions?"
"REV-OLTESEQ-004","source_correction_decision","medium","high_mathematical_repair_moderate_disclosure_wording","OLTESEQ-004","named the full lower sequent A-and-B,Gamma entails Delta rather than only Gamma entails Delta; adjacent sourcecorrection discloses the repair","Telugu","Telu","te-Telu-IN","OLP-0081","first-order-logic/sequent-calculus/soundness","content/first-order-logic/sequent-calculus/soundness.tex","translation/content/first-order-logic/sequent-calculus/soundness.tex","lines 132-159, left-conjunction soundness case conclusion","translation/content/first-order-logic/sequent-calculus/soundness.tex:167","OLP-0081-B016","","pending_coherent_reader_pagination","mathematical_correction_qa_passed_disclosure_wording_open_for_optional_review_no_hold","Please double-check: Does the left-conjunction soundness case conclude that the full lower sequent A-and-B,Gamma entails Delta is valid?"
"REV-OLTESEQ-005","source_correction_decision","medium","high_mathematical_repair_moderate_disclosure_wording","OLTESEQ-005","restored the sequent symbol between Pi and Lambda in the cut-case reasoning; adjacent sourcecorrection discloses the repair","Telugu","Telu","te-Telu-IN","OLP-0081","first-order-logic/sequent-calculus/soundness","content/first-order-logic/sequent-calculus/soundness.tex","translation/content/first-order-logic/sequent-calculus/soundness.tex","lines 270-289, residual right premise in the cut case","translation/content/first-order-logic/sequent-calculus/soundness.tex:316","OLP-0081-B017","","pending_coherent_reader_pagination","mathematical_correction_qa_passed_disclosure_wording_open_for_optional_review_no_hold","Please double-check: Does the cut case use the residual sequent Pi entails Lambda rather than a set difference?"
"REV-OLTEND-001","source_correction_decision","medium","high_mathematical_repair_moderate_disclosure_wording","OLTEND-001","named the one, two or three upper nodes as sentences rather than sequents, as required by the same definition and every displayed rule; adjacent sourcecorrection discloses the repair","Telugu","Telu","te-Telu-IN","OLP-0085","first-order-logic/natural-deduction/rules-and-proofs","content/first-order-logic/natural-deduction/rules-and-proofs.tex","translation/content/first-order-logic/natural-deduction/rules-and-proofs.tex","lines 31-38, natural-deduction tree node type","translation/content/first-order-logic/natural-deduction/rules-and-proofs.tex:42","OLP-0085-B008","","pending_coherent_reader_pagination","mathematical_correction_qa_passed_disclosure_wording_open_for_optional_review_no_hold","Please double-check that the repaired definition consistently treats every natural-deduction tree node as a sentence, not a sequent."
"REV-OLTEND-002","source_correction_decision","medium","high_mathematical_repair_moderate_disclosure_wording","OLTEND-002","labelled the not-A and A step with Elim{not}, matching the adjacent prose, defined rule and later completed tree; adjacent sourcecorrection discloses the repair","Telugu","Telu","te-Telu-IN","OLP-0089","first-order-logic/natural-deduction/proving-things","content/first-order-logic/natural-deduction/proving-things.tex","translation/content/first-order-logic/natural-deduction/proving-things.tex","lines 116-147; mapped segment within audited scope lines 125-151, intermediate contradiction tree","translation/content/first-order-logic/natural-deduction/proving-things.tex:116-150","OLP-0089-B013","","pending_coherent_reader_pagination","mathematical_correction_qa_passed_disclosure_wording_open_for_optional_review_no_hold","Please double-check that the contradiction step from not-A and A is labelled negation-elimination, matching both the defined rule and the later completed tree."
"REV-OLTEND-002","source_correction_decision","medium","high_mathematical_repair_moderate_disclosure_wording","OLTEND-002","labelled the not-A and A step with Elim{not}, matching the adjacent prose, defined rule and later completed tree; adjacent sourcecorrection discloses the repair","Telugu","Telu","te-Telu-IN","OLP-0089","first-order-logic/natural-deduction/proving-things","content/first-order-logic/natural-deduction/proving-things.tex","translation/content/first-order-logic/natural-deduction/proving-things.tex","lines 149-176; mapped segment within audited scope lines 125-151, intermediate contradiction tree","translation/content/first-order-logic/natural-deduction/proving-things.tex:152-180","OLP-0089-B014","","pending_coherent_reader_pagination","mathematical_correction_qa_passed_disclosure_wording_open_for_optional_review_no_hold","Please double-check that the contradiction step from not-A and A is labelled negation-elimination, matching both the defined rule and the later completed tree."
"REV-OLTEND-003","source_correction_decision","medium","high_mathematical_repair_moderate_disclosure_wording","OLTEND-003","referred to the sentence in the conclusion rather than a nonexistent end-sequent, as fixed by the chapter's sentence-tree definition; adjacent sourcecorrection discloses the repair","Telugu","Telu","te-Telu-IN","OLP-0089","first-order-logic/natural-deduction/proving-things","content/first-order-logic/natural-deduction/proving-things.tex","translation/content/first-order-logic/natural-deduction/proving-things.tex","lines 62-69, principal connective explanation","translation/content/first-order-logic/natural-deduction/proving-things.tex:67","OLP-0089-B011","","pending_coherent_reader_pagination","mathematical_correction_qa_passed_disclosure_wording_open_for_optional_review_no_hold","Please double-check that “the sentence in the conclusion” is the correct natural-deduction wording here, with no end-sequent object implied."
"REV-OLTEND-004","source_correction_decision","medium","high_mathematical_repair_moderate_disclosure_wording","OLTEND-004","placed the structure token in the FOL branch and native valuation wording in the propositional branch while preserving both symbols; adjacent sourcecorrection discloses the repair","Telugu","Telu","te-Telu-IN","OLP-0095","first-order-logic/natural-deduction/soundness","content/first-order-logic/natural-deduction/soundness.tex","translation/content/first-order-logic/natural-deduction/soundness.tex","lines 94-101, semantic object in the tagged conjunction-elimination case","translation/content/first-order-logic/natural-deduction/soundness.tex:99","OLP-0095-B013","","pending_coherent_reader_pagination","mathematical_correction_qa_passed_disclosure_wording_open_for_optional_review_no_hold","Please double-check that the FOL branch names a structure M and the propositional branch a valuation v, with both satisfaction readings preserved."
"REV-OLTETAB-001","source_correction_decision","medium","high_mathematical_repair_moderate_disclosure_wording","OLTETAB-001","named tableaux rather than natural deduction, as fixed by the chapter path, IDs, tag and imports; adjacent sourcecorrection discloses the repair","Telugu","Telu","te-Telu-IN","OLP-0098","first-order-logic/tableaux/tableaux","content/first-order-logic/tableaux/tableaux.tex","translation/content/first-order-logic/tableaux/tableaux.tex","lines 12-13; mapped segment within audited scope lines 13-16, prfTab editorial scope note","translation/content/first-order-logic/tableaux/tableaux.tex:12-13","OLP-0098-B005","","pending_coherent_reader_pagination","mathematical_correction_qa_passed_disclosure_wording_open_for_optional_review_no_hold","Please double-check that the scope note names tableaux, rather than natural deduction, while preserving the chapter driver and imports."
"REV-OLTETAB-001","source_correction_decision","medium","high_mathematical_repair_moderate_disclosure_wording","OLTETAB-001","named tableaux rather than natural deduction, as fixed by the chapter path, IDs, tag and imports; adjacent sourcecorrection discloses the repair","Telugu","Telu","te-Telu-IN","OLP-0098","first-order-logic/tableaux/tableaux","content/first-order-logic/tableaux/tableaux.tex","translation/content/first-order-logic/tableaux/tableaux.tex","lines 15-17; mapped segment within audited scope lines 13-16, prfTab editorial scope note","translation/content/first-order-logic/tableaux/tableaux.tex:15-21","OLP-0098-B006","","pending_coherent_reader_pagination","mathematical_correction_qa_passed_disclosure_wording_open_for_optional_review_no_hold","Please double-check that the scope note names tableaux, rather than natural deduction, while preserving the chapter driver and imports."
"REV-OLTETAB-002","source_correction_decision","medium","high_mathematical_repair_moderate_disclosure_wording","OLTETAB-002","split A-or-B and not-B into separate true-signed assumptions while retaining false A; adjacent sourcecorrection discloses the repair","Telugu","Telu","te-Telu-IN","OLP-0103","first-order-logic/tableaux/proving-things","content/first-order-logic/tableaux/proving-things.tex","translation/content/first-order-logic/tableaux/proving-things.tex","lines 433-442, second problem set item 9","translation/content/first-order-logic/tableaux/proving-things.tex:445","OLP-0103-B016","","pending_coherent_reader_pagination","mathematical_correction_qa_passed_disclosure_wording_open_for_optional_review_no_hold","Please double-check that the initial tableau assumptions are three separate signed formulas: true A-or-B, false B, and false A."
"REV-OLTETAB-003","source_correction_decision","medium","high_mathematical_repair_moderate_disclosure_wording","OLTETAB-003","referred to lines 1 and 4, matching the reusable true universal and false existential in the adjacent trees; adjacent sourcecorrection discloses the repair","Telugu","Telu","te-Telu-IN","OLP-0104","first-order-logic/tableaux/proving-things-quant","content/first-order-logic/tableaux/proving-things-quant.tex","translation/content/first-order-logic/tableaux/proving-things-quant.tex","lines 280-284, reusable signed-formula line references","translation/content/first-order-logic/tableaux/proving-things-quant.tex:289","OLP-0104-B010","","pending_coherent_reader_pagination","mathematical_correction_qa_passed_disclosure_wording_open_for_optional_review_no_hold","Please double-check that the reusable quantifier lines are identified as lines 1 and 4, matching the two completed tableaux."
"REV-OLTETAB-004","source_correction_decision","medium","high_mathematical_repair_moderate_disclosure_wording","OLTETAB-004","placed the D-list in set braces before asserting it is a finite subset of Gamma; adjacent sourcecorrection discloses the repair","Telugu","Telu","te-Telu-IN","OLP-0105","first-order-logic/tableaux/proof-theoretic-notions","content/first-order-logic/tableaux/proof-theoretic-notions.tex","translation/content/first-order-logic/tableaux/proof-theoretic-notions.tex","lines 99-109, finite witness in the transitivity proof","translation/content/first-order-logic/tableaux/proof-theoretic-notions.tex:110","OLP-0105-B016","","pending_coherent_reader_pagination","mathematical_correction_qa_passed_disclosure_wording_open_for_optional_review_no_hold","Please double-check that each finite premise family is displayed as a set contained in Gamma."
"REV-OLTETAB-005","source_correction_decision","medium","high_mathematical_repair_moderate_disclosure_wording","OLTETAB-005","used independent final index m for Gamma_1, matching the immediately following display and rest of the proof; adjacent sourcecorrection discloses the repair","Telugu","Telu","te-Telu-IN","OLP-0106","first-order-logic/tableaux/provability-consistency","content/first-order-logic/tableaux/provability-consistency.tex","translation/content/first-order-logic/tableaux/provability-consistency.tex","lines 24-32, second finite witness index","translation/content/first-order-logic/tableaux/provability-consistency.tex:28","OLP-0106-B008","","pending_coherent_reader_pagination","mathematical_correction_qa_passed_disclosure_wording_open_for_optional_review_no_hold","Please double-check that Gamma_1 uses the same terminal index m in its definition and both later occurrences."
"REV-OLTETAB-006","source_correction_decision","medium","high_mathematical_repair_moderate_disclosure_wording","OLTETAB-006","applied true-negation to true not-A, used the newly inserted line rather than a false fixed number, and removed the stray TeX character; adjacent sourcecorrection discloses the repair","Telugu","Telu","te-Telu-IN","OLP-0106","first-order-logic/tableaux/provability-consistency","content/first-order-logic/tableaux/provability-consistency.tex","translation/content/first-order-logic/tableaux/provability-consistency.tex","lines 84-97, explicit-inconsistency tableau transformation","translation/content/first-order-logic/tableaux/provability-consistency.tex:107","OLP-0106-B014","","pending_coherent_reader_pagination","mathematical_correction_qa_passed_disclosure_wording_open_for_optional_review_no_hold","Please double-check that true negation is applied to a true signed negation and that its conclusion is added on a fresh generic line."
"REV-OLTETAB-007","source_correction_decision","medium","high_mathematical_repair_moderate_disclosure_wording","OLTETAB-007","restored all eight sFmla calls to separate sign and formula arguments while preserving their signs, formulas and closures; adjacent sourcecorrection discloses the repeated repair","Telugu","Telu","te-Telu-IN","OLP-0107","first-order-logic/tableaux/provability-propositional","content/first-order-logic/tableaux/provability-propositional.tex","translation/content/first-order-logic/tableaux/provability-propositional.tex","lines 35-73; mapped segment within audited scope lines 39-55 and 102-117, eight malformed signed-formula nodes","translation/content/first-order-logic/tableaux/provability-propositional.tex:34-79","OLP-0107-B009","","pending_coherent_reader_pagination","mathematical_correction_qa_passed_disclosure_wording_open_for_optional_review_no_hold","Please double-check that all eight repaired signed-formula nodes have both sign and formula arguments while leaving the displayed proof strategy unchanged."
"REV-OLTETAB-007","source_correction_decision","medium","high_mathematical_repair_moderate_disclosure_wording","OLTETAB-007","restored all eight sFmla calls to separate sign and formula arguments while preserving their signs, formulas and closures; adjacent sourcecorrection discloses the repeated repair","Telugu","Telu","te-Telu-IN","OLP-0107","first-order-logic/tableaux/provability-propositional","content/first-order-logic/tableaux/provability-propositional.tex","translation/content/first-order-logic/tableaux/provability-propositional.tex","lines 82-124; mapped segment within audited scope lines 39-55 and 102-117, eight malformed signed-formula nodes","translation/content/first-order-logic/tableaux/provability-propositional.tex:88-131","OLP-0107-B011","","pending_coherent_reader_pagination","mathematical_correction_qa_passed_disclosure_wording_open_for_optional_review_no_hold","Please double-check that all eight repaired signed-formula nodes have both sign and formula arguments while leaving the displayed proof strategy unchanged."
"REV-OLTETAB-008","source_correction_decision","medium","high_mathematical_repair_moderate_disclosure_wording","OLTETAB-008","used metavariable A consistently in both universal-rule premises, conclusions and semantic arguments; adjacent sourcecorrection discloses the repair","Telugu","Telu","te-Telu-IN","OLP-0109","first-order-logic/tableaux/soundness","content/first-order-logic/tableaux/soundness.tex","translation/content/first-order-logic/tableaux/soundness.tex","lines 126-133; mapped segment within audited scope lines 126-156, true- and false-universal soundness cases","translation/content/first-order-logic/tableaux/soundness.tex:129-136","OLP-0109-B015","","pending_coherent_reader_pagination","mathematical_correction_qa_passed_disclosure_wording_open_for_optional_review_no_hold","Please double-check that the true- and false-universal soundness cases use A consistently in their premises, conclusions, and satisfaction claims."
"REV-OLTETAB-008","source_correction_decision","medium","high_mathematical_repair_moderate_disclosure_wording","OLTETAB-008","used metavariable A consistently in both universal-rule premises, conclusions and semantic arguments; adjacent sourcecorrection discloses the repair","Telugu","Telu","te-Telu-IN","OLP-0109","first-order-logic/tableaux/soundness","content/first-order-logic/tableaux/soundness.tex","translation/content/first-order-logic/tableaux/soundness.tex","lines 135-142; mapped segment within audited scope lines 126-156, true- and false-universal soundness cases","translation/content/first-order-logic/tableaux/soundness.tex:138-146","OLP-0109-B016","","pending_coherent_reader_pagination","mathematical_correction_qa_passed_disclosure_wording_open_for_optional_review_no_hold","Please double-check that the true- and false-universal soundness cases use A consistently in their premises, conclusions, and satisfaction claims."
"REV-OLTETAB-008","source_correction_decision","medium","high_mathematical_repair_moderate_disclosure_wording","OLTETAB-008","used metavariable A consistently in both universal-rule premises, conclusions and semantic arguments; adjacent sourcecorrection discloses the repair","Telugu","Telu","te-Telu-IN","OLP-0109","first-order-logic/tableaux/soundness","content/first-order-logic/tableaux/soundness.tex","translation/content/first-order-logic/tableaux/soundness.tex","lines 144-150; mapped segment within audited scope lines 126-156, true- and false-universal soundness cases","translation/content/first-order-logic/tableaux/soundness.tex:148-155","OLP-0109-B017","","pending_coherent_reader_pagination","mathematical_correction_qa_passed_disclosure_wording_open_for_optional_review_no_hold","Please double-check that the true- and false-universal soundness cases use A consistently in their premises, conclusions, and satisfaction claims."
"REV-OLTETAB-008","source_correction_decision","medium","high_mathematical_repair_moderate_disclosure_wording","OLTETAB-008","used metavariable A consistently in both universal-rule premises, conclusions and semantic arguments; adjacent sourcecorrection discloses the repair","Telugu","Telu","te-Telu-IN","OLP-0109","first-order-logic/tableaux/soundness","content/first-order-logic/tableaux/soundness.tex","translation/content/first-order-logic/tableaux/soundness.tex","lines 152-190; mapped segment within audited scope lines 126-156, true- and false-universal soundness cases","translation/content/first-order-logic/tableaux/soundness.tex:157-203","OLP-0109-B018","","pending_coherent_reader_pagination","mathematical_correction_qa_passed_disclosure_wording_open_for_optional_review_no_hold","Please double-check that the true- and false-universal soundness cases use A consistently in their premises, conclusions, and satisfaction claims."
"REV-OLTETAB-009","source_correction_decision","medium","high_mathematical_repair_moderate_disclosure_wording","OLTETAB-009","identified line 3 as true A(s_1), matching the displayed equality and following substitution calculation; adjacent sourcecorrection discloses the repair","Telugu","Telu","te-Telu-IN","OLP-0110","first-order-logic/tableaux/identity","content/first-order-logic/tableaux/identity.tex","translation/content/first-order-logic/tableaux/identity.tex","lines 67-71, symmetry premise instance","translation/content/first-order-logic/tableaux/identity.tex:71","OLP-0110-B009","","pending_coherent_reader_pagination","mathematical_correction_qa_passed_disclosure_wording_open_for_optional_review_no_hold","Please double-check that the symmetry explanation identifies line 3 as true A(s_1), matching the displayed tableau."
"REV-OLTETAB-010","source_correction_decision","medium","high_mathematical_repair_moderate_disclosure_wording","OLTETAB-010","named line 2 as eq(s_1,s_2), which is A(s_2) under the stated A(x)=eq(s_1,x); adjacent sourcecorrection discloses the repair","Telugu","Telu","te-Telu-IN","OLP-0110","first-order-logic/tableaux/identity","content/first-order-logic/tableaux/identity.tex","translation/content/first-order-logic/tableaux/identity.tex","lines 85-90, transitivity line-2 equality instance","translation/content/first-order-logic/tableaux/identity.tex:95","OLP-0110-B010","","pending_coherent_reader_pagination","mathematical_correction_qa_passed_disclosure_wording_open_for_optional_review_no_hold","Please double-check that the transitivity explanation identifies line 2 as s_1 equals s_2, matching the displayed tableau."
"REV-OLTETAB-011","source_correction_decision","medium","high_mathematical_repair_moderate_disclosure_wording","OLTETAB-011","used the true sign in the true-equality conclusion while retaining the separately stated analogous false case; adjacent sourcecorrection discloses the repair","Telugu","Telu","te-Telu-IN","OLP-0111","first-order-logic/tableaux/soundness-identity","content/first-order-logic/tableaux/soundness-identity.tex","translation/content/first-order-logic/tableaux/soundness-identity.tex","lines 30-43, true-equality soundness case","translation/content/first-order-logic/tableaux/soundness-identity.tex:45","OLP-0111-B009","","pending_coherent_reader_pagination","mathematical_correction_qa_passed_disclosure_wording_open_for_optional_review_no_hold","Please double-check that the true-equality soundness conclusion carries the true sign, with the analogous false case still stated separately."
"REV-OLTETAB-012","source_correction_decision","medium","high_mathematical_repair_moderate_disclosure_wording","OLTETAB-012","removed only the dangling comma after the two signed assumptions; adjacent sourcecorrection discloses the repair","Telugu","Telu","te-Telu-IN","OLP-0108","first-order-logic/tableaux/provability-quantifiers","content/first-order-logic/tableaux/provability-quantifiers.tex","translation/content/first-order-logic/tableaux/provability-quantifiers.tex","lines 78-80, second quantifier-provability example","translation/content/first-order-logic/tableaux/provability-quantifiers.tex:85","OLP-0108-B009","","pending_coherent_reader_pagination","mathematical_correction_qa_passed_disclosure_wording_open_for_optional_review_no_hold","Please double-check that only the dangling comma after the two signed assumptions was removed and no tableau formula changed."
"REV-OLTEAXD-001","source_correction_decision","medium","high_mathematical_repair_moderate_disclosure_wording","OLTEAXD-001","restored the formula-metavariable marker in !B_i = !A, matching the displayed derivation and preceding references; adjacent sourcecorrection discloses the repair","Telugu","Telu","te-Telu-IN","OLP-0118","first-order-logic/axiomatic-deduction/proof-theoretic-notions","content/first-order-logic/axiomatic-deduction/proof-theoretic-notions.tex","translation/content/first-order-logic/axiomatic-deduction/proof-theoretic-notions.tex","line 82, final justification in the transitivity proof","translation/content/first-order-logic/axiomatic-deduction/proof-theoretic-notions.tex:87","OLP-0118-B015","","pending_coherent_reader_pagination","mathematical_correction_qa_passed_disclosure_wording_open_for_optional_review_no_hold","Please double-check that the transitivity proof consistently names the indexed formula as !B_i, matching the displayed concatenated derivation."
"REV-OLTEAXD-002","source_correction_decision","medium","high_mathematical_repair_moderate_disclosure_wording","OLTEAXD-002","wrote the well-formed membership statement !B in Gamma union {!A}; adjacent sourcecorrection discloses the repair","Telugu","Telu","te-Telu-IN","OLP-0119","first-order-logic/axiomatic-deduction/deduction-theorem","content/first-order-logic/axiomatic-deduction/deduction-theorem.tex","translation/content/first-order-logic/axiomatic-deduction/deduction-theorem.tex","line 67, length-one derivation case","translation/content/first-order-logic/axiomatic-deduction/deduction-theorem.tex:73","OLP-0119-B014","","pending_coherent_reader_pagination","mathematical_correction_qa_passed_disclosure_wording_open_for_optional_review_no_hold","Please double-check that the length-one derivation case now states the complete membership proposition !B in Gamma union {!A}."
"REV-OLTEAXD-003","source_correction_decision","medium","high_mathematical_repair_moderate_disclosure_wording","OLTEAXD-003","added the missing final parenthesis to balance the nested composition conditional; adjacent sourcecorrection discloses the repair","Telugu","Telu","te-Telu-IN","OLP-0119","first-order-logic/axiomatic-deduction/deduction-theorem","content/first-order-logic/axiomatic-deduction/deduction-theorem.tex","translation/content/first-order-logic/axiomatic-deduction/deduction-theorem.tex","lines 106-107, derivfacts item (a)","translation/content/first-order-logic/axiomatic-deduction/deduction-theorem.tex:122","OLP-0119-B018","","pending_coherent_reader_pagination","mathematical_correction_qa_passed_disclosure_wording_open_for_optional_review_no_hold","Please double-check that derived-facts item (a) has exactly the balanced parentheses required by its nested composition conditional."
"REV-OLTEAXD-004","source_correction_decision","medium","high_mathematical_repair_moderate_disclosure_wording","OLTEAXD-004","added the missing final parenthesis to balance the quantified meta-conditional; adjacent sourcecorrection discloses the repair","Telugu","Telu","te-Telu-IN","OLP-0120","first-order-logic/axiomatic-deduction/deduction-theorem-quantifiers","content/first-order-logic/axiomatic-deduction/deduction-theorem-quantifiers.tex","translation/content/first-order-logic/axiomatic-deduction/deduction-theorem-quantifiers.tex","line 44, second propositional meta-conditional","translation/content/first-order-logic/axiomatic-deduction/deduction-theorem-quantifiers.tex:50","OLP-0120-B009","","pending_coherent_reader_pagination","mathematical_correction_qa_passed_disclosure_wording_open_for_optional_review_no_hold","Please double-check that the quantified meta-conditional closes both nested consequent parentheses without changing any connective."
"REV-OLTEAXD-005","source_correction_decision","medium","high_mathematical_repair_moderate_disclosure_wording","OLTEAXD-005","concluded Gamma proves A implies B, preserving the discharged antecedent required by the theorem; adjacent sourcecorrection discloses the repair","Telugu","Telu","te-Telu-IN","OLP-0120","first-order-logic/axiomatic-deduction/deduction-theorem-quantifiers","content/first-order-logic/axiomatic-deduction/deduction-theorem-quantifiers.tex","translation/content/first-order-logic/axiomatic-deduction/deduction-theorem-quantifiers.tex","line 48, conclusion of the universal-quantifier case","translation/content/first-order-logic/axiomatic-deduction/deduction-theorem-quantifiers.tex:54","OLP-0120-B009","","pending_coherent_reader_pagination","mathematical_correction_qa_passed_disclosure_wording_open_for_optional_review_no_hold","Please double-check that the universal-quantifier case concludes Gamma proves A implies B, exactly matching the deduction theorem target."
"REV-OLTEAXD-006","source_correction_decision","medium","high_mathematical_repair_moderate_disclosure_wording","OLTEAXD-006","stated Gamma proves not-A by reflexivity before the two modus-ponens applications; adjacent sourcecorrection discloses the repair","Telugu","Telu","te-Telu-IN","OLP-0121","first-order-logic/axiomatic-deduction/provability-consistency","content/first-order-logic/axiomatic-deduction/provability-consistency.tex","translation/content/first-order-logic/axiomatic-deduction/provability-consistency.tex","lines 65-68, explicit-inconsistency proof","translation/content/first-order-logic/axiomatic-deduction/provability-consistency.tex:73","OLP-0121-B014","","pending_coherent_reader_pagination","mathematical_correction_qa_passed_disclosure_wording_open_for_optional_review_no_hold","Please double-check that reflexivity explicitly supplies Gamma proves not-A before the two modus-ponens applications."
"REV-OLTEAXD-007","source_correction_decision","medium","high_mathematical_repair_moderate_disclosure_wording","OLTEAXD-007","named ax:land2 for the second projection while preserving the source's erroneous ax:land1 reference inside the adjacent disclosure note","Telugu","Telu","te-Telu-IN","OLP-0122","first-order-logic/axiomatic-deduction/provability-propositional","content/first-order-logic/axiomatic-deduction/provability-propositional.tex","translation/content/first-order-logic/axiomatic-deduction/provability-propositional.tex","line 33, proof of the two conjunction projections","translation/content/first-order-logic/axiomatic-deduction/provability-propositional.tex:35","OLP-0122-B008","","pending_coherent_reader_pagination","mathematical_correction_qa_passed_disclosure_wording_open_for_optional_review_no_hold","Please double-check that the left conjunction projection uses ax:land1 and the right projection uses ax:land2."
"REV-OLTEAXD-008","source_correction_decision","medium","high_mathematical_repair_moderate_disclosure_wording","OLTEAXD-008","named ax:lnot2 for the displayed instance while retaining the source's erroneous ax:lnot1 reference inside the adjacent disclosure note","Telugu","Telu","te-Telu-IN","OLP-0122","first-order-logic/axiomatic-deduction/provability-propositional","content/first-order-logic/axiomatic-deduction/provability-propositional.tex","translation/content/first-order-logic/axiomatic-deduction/provability-propositional.tex","lines 50-56, first disjunction proof","translation/content/first-order-logic/axiomatic-deduction/provability-propositional.tex:56","OLP-0122-B010","","pending_coherent_reader_pagination","mathematical_correction_qa_passed_disclosure_wording_open_for_optional_review_no_hold","Please double-check that not-A implies (A implies false) is attributed to ax:lnot2, not the contraposition axiom."
"REV-OLTEAXD-009","source_correction_decision","medium","high_mathematical_repair_moderate_disclosure_wording","OLTEAXD-009","stated derivability of top as an axiom and applied modus ponens to the derived conditional; adjacent sourcecorrection discloses the repair","Telugu","Telu","te-Telu-IN","OLP-0123","first-order-logic/axiomatic-deduction/provability-quantifiers","content/first-order-logic/axiomatic-deduction/provability-quantifiers.tex","translation/content/first-order-logic/axiomatic-deduction/provability-quantifiers.tex","line 30, final step of strong generalization proof","translation/content/first-order-logic/axiomatic-deduction/provability-quantifiers.tex:33","OLP-0123-B009","","pending_coherent_reader_pagination","mathematical_correction_qa_passed_disclosure_wording_open_for_optional_review_no_hold","Please double-check that the last strong-generalization step uses the top axiom and modus ponens rather than invoking the deduction theorem again."
"REV-OLTEAXD-010","source_correction_decision","medium","high_mathematical_repair_moderate_disclosure_wording","OLTEAXD-010","restored the ! formula-metavariable marker before B in all three affected formulas; adjacent sourcecorrection discloses the repeated repair","Telugu","Telu","te-Telu-IN","OLP-0124","first-order-logic/axiomatic-deduction/soundness","content/first-order-logic/axiomatic-deduction/soundness.tex","translation/content/first-order-logic/axiomatic-deduction/soundness.tex","lines 79-85; mapped segment within audited scope lines 80, 82 and 97, universal-quantifier rule case","translation/content/first-order-logic/axiomatic-deduction/soundness.tex:77-82","OLP-0124-B012","","pending_coherent_reader_pagination","mathematical_correction_qa_passed_disclosure_wording_open_for_optional_review_no_hold","Please double-check that all three repaired B occurrences in the quantifier-soundness case carry the formula-metavariable marker."
"REV-OLTEAXD-010","source_correction_decision","medium","high_mathematical_repair_moderate_disclosure_wording","OLTEAXD-010","restored the ! formula-metavariable marker before B in all three affected formulas; adjacent sourcecorrection discloses the repeated repair","Telugu","Telu","te-Telu-IN","OLP-0124","first-order-logic/axiomatic-deduction/soundness","content/first-order-logic/axiomatic-deduction/soundness.tex","translation/content/first-order-logic/axiomatic-deduction/soundness.tex","lines 87-107; mapped segment within audited scope lines 80, 82 and 97, universal-quantifier rule case","translation/content/first-order-logic/axiomatic-deduction/soundness.tex:84-109","OLP-0124-B013","","pending_coherent_reader_pagination","mathematical_correction_qa_passed_disclosure_wording_open_for_optional_review_no_hold","Please double-check that all three repaired B occurrences in the quantifier-soundness case carry the formula-metavariable marker."
"REV-OLTEAXD-011","source_correction_decision","medium","high_mathematical_repair_moderate_disclosure_wording","OLTEAXD-011","restricted the proposition to closed terms, matching ax:id1's stated schema scope; adjacent sourcecorrection discloses the repair","Telugu","Telu","te-Telu-IN","OLP-0125","first-order-logic/axiomatic-deduction/identity","content/first-order-logic/axiomatic-deduction/identity.tex","translation/content/first-order-logic/axiomatic-deduction/identity.tex","line 39, proposition prop:iden1","translation/content/first-order-logic/axiomatic-deduction/identity.tex:41","OLP-0125-B011","","pending_coherent_reader_pagination","mathematical_correction_qa_passed_disclosure_wording_open_for_optional_review_no_hold","Please double-check that reflexive identity is claimed only for closed terms, matching the stated scope of ax:id1."
"REV-OLTECOM-001","source_correction_decision","medium","high_mathematical_repair_moderate_disclosure_wording","OLTECOM-001","removed the contradictory atomic restriction so condition (b) ranges over every sentence, matching the controlling definition and construction; adjacent sourcecorrection discloses the repair","Telugu","Telu","te-Telu-IN","OLP-0128","first-order-logic/completeness/outline","content/first-order-logic/completeness/outline.tex","translation/content/first-order-logic/completeness/outline.tex","lines 66-80, condition (b) and its identification as completeness","translation/content/first-order-logic/completeness/outline.tex:71","OLP-0128-B010","","pending_coherent_reader_pagination","mathematical_correction_qa_passed_disclosure_wording_open_for_optional_review_no_hold","Please double-check that condition (b) ranges over every sentence, matching the complete-set definition rather than the source adjective atomic."
"REV-OLTECOM-002","source_correction_decision","medium","high_mathematical_repair_moderate_disclosure_wording","OLTECOM-002","restored the argument x_n in A_n(x_n), matching the surrounding formulas and recalled definition; adjacent sourcecorrection discloses the repair","Telugu","Telu","te-Telu-IN","OLP-0130","first-order-logic/completeness/henkin-expansions","content/first-order-logic/completeness/henkin-expansions.tex","translation/content/first-order-logic/completeness/henkin-expansions.tex","lines 137-144, parenthetical universal-formula explanation","translation/content/first-order-logic/completeness/henkin-expansions.tex:149","OLP-0130-B017","","pending_coherent_reader_pagination","mathematical_correction_qa_passed_disclosure_wording_open_for_optional_review_no_hold","Please double-check that the recalled universal formula retains the argument x_n in A_n(x_n), matching the surrounding Henkin formulas."
"REV-OLTECOM-003","source_correction_decision","medium","high_mathematical_repair_moderate_disclosure_wording","OLTECOM-003","restricted t to a closed term, matching the term-model domain and induction proof; adjacent sourcecorrection discloses the repair","Telugu","Telu","te-Telu-IN","OLP-0132","first-order-logic/completeness/construction-of-model","content/first-order-logic/completeness/construction-of-model.tex","translation/content/first-order-logic/completeness/construction-of-model.tex","lines 78-95, term-value lemma statement and proof","translation/content/first-order-logic/completeness/construction-of-model.tex:84","OLP-0132-B009","","pending_coherent_reader_pagination","mathematical_correction_qa_passed_disclosure_wording_open_for_optional_review_no_hold","Please double-check that the term-value lemma is explicitly restricted to closed terms, matching the term-model domain and proof."
"REV-OLTECOM-004","source_correction_decision","medium","high_mathematical_repair_moderate_disclosure_wording","OLTECOM-004","used B rather than A in the concluding universal membership formula, matching the induction-case header and preceding formulas; adjacent sourcecorrection discloses the repair","Telugu","Telu","te-Telu-IN","OLP-0132","first-order-logic/completeness/construction-of-model","content/first-order-logic/completeness/construction-of-model.tex","translation/content/first-order-logic/completeness/construction-of-model.tex","lines 239-247, universal induction case of the Truth Lemma","translation/content/first-order-logic/completeness/construction-of-model.tex:267","OLP-0132-B022","","pending_coherent_reader_pagination","mathematical_correction_qa_passed_disclosure_wording_open_for_optional_review_no_hold","Please double-check that the universal Truth Lemma case concludes with forall x B(x), matching its case formula and preceding instances."
"REV-OLTECOM-005","source_correction_decision","medium","high_mathematical_repair_moderate_disclosure_wording","OLTECOM-005","restored the closed-term qualification in both universal equivalences, matching the cited propositions and term-model domain; adjacent sourcecorrection discloses the repair","Telugu","Telu","te-Telu-IN","OLP-0132","first-order-logic/completeness/construction-of-model","content/first-order-logic/completeness/construction-of-model.tex","translation/content/first-order-logic/completeness/construction-of-model.tex","lines 242-246, universal term-model and saturation equivalences","translation/content/first-order-logic/completeness/construction-of-model.tex:261","OLP-0132-B022","","pending_coherent_reader_pagination","mathematical_correction_qa_passed_disclosure_wording_open_for_optional_review_no_hold","Please double-check that both universal-case equivalences quantify over closed terms, matching the cited propositions."
"REV-OLTECOM-006","source_correction_decision","medium","high_mathematical_repair_moderate_disclosure_wording","OLTECOM-006","restored the closed-term qualification in both existential equivalences, matching the cited propositions and term-model domain; adjacent sourcecorrection discloses the repair","Telugu","Telu","te-Telu-IN","OLP-0132","first-order-logic/completeness/construction-of-model","content/first-order-logic/completeness/construction-of-model.tex","translation/content/first-order-logic/completeness/construction-of-model.tex","lines 249-257, existential term-model and saturation equivalences","translation/content/first-order-logic/completeness/construction-of-model.tex:277","OLP-0132-B023","","pending_coherent_reader_pagination","mathematical_correction_qa_passed_disclosure_wording_open_for_optional_review_no_hold","Please double-check that both existential-case equivalences require at least one closed term, matching the cited propositions."
"REV-OLTECOM-007","source_correction_decision","medium","high_mathematical_repair_moderate_disclosure_wording","OLTECOM-007","removed the duplicate comma after t_{i+1}, leaving the single argument separator required by the parallel term; adjacent sourcecorrection discloses the repair","Telugu","Telu","te-Telu-IN","OLP-0133","first-order-logic/completeness/identity","content/first-order-logic/completeness/identity.tex","translation/content/first-order-logic/completeness/identity.tex","line 69, item (4) function-congruence formula","translation/content/first-order-logic/completeness/identity.tex:72","OLP-0133-B008","","pending_coherent_reader_pagination","mathematical_correction_qa_passed_disclosure_wording_open_for_optional_review_no_hold","Please double-check that only the duplicate comma after t_(i+1) was removed from the function term and no argument changed."
"REV-OLTECOM-008","source_correction_decision","medium","high_mathematical_repair_moderate_disclosure_wording","OLTECOM-008","typed Gamma as a set of sentences and A as one sentence, matching the finite-subset and entailment clauses; adjacent sourcecorrection discloses the repair","Telugu","Telu","te-Telu-IN","OLP-0135","first-order-logic/completeness/compactness","content/first-order-logic/completeness/compactness.tex","translation/content/first-order-logic/completeness/compactness.tex","line 35, theorem-variable introduction","translation/content/first-order-logic/completeness/compactness.tex:38","OLP-0135-B008","","pending_coherent_reader_pagination","mathematical_correction_qa_passed_disclosure_wording_open_for_optional_review_no_hold","Please double-check that Gamma is typed as a set of sentences and A as one sentence in the Compactness Theorem statement."
"REV-OLTECOM-009","source_correction_decision","medium","high_mathematical_repair_moderate_disclosure_wording","OLTECOM-009","restored !B as the missing left operand in the membership formula, matching the scoped sentence and the ensuing subset conclusion; adjacent sourcecorrection discloses the repair","Telugu","Telu","te-Telu-IN","OLP-0131","first-order-logic/completeness/lindenbaums-lemma","content/first-order-logic/completeness/lindenbaums-lemma.tex","translation/content/first-order-logic/completeness/lindenbaums-lemma.tex","lines 76-81, finite-subset argument","translation/content/first-order-logic/completeness/lindenbaums-lemma.tex:85","OLP-0131-B011","","pending_coherent_reader_pagination","mathematical_correction_qa_passed_disclosure_wording_open_for_optional_review_no_hold","Please double-check that B is restored as the left operand of membership in Gamma_n, matching the scoped sentence and ensuing subset conclusion."
"REV-OLTEINT-001","source_correction_decision","medium","high_mathematical_repair_moderate_disclosure_wording","OLTEINT-001","closed the universal premise before the premise separator and removed the trailing extra bracket after the conclusion; adjacent sourcecorrection discloses the repair","Telugu","Telu","te-Telu-IN","OLP-0140","first-order-logic/introduction/first-order-logic","content/first-order-logic/introduction/first-order-logic.tex","translation/content/first-order-logic/introduction/first-order-logic.tex","lines 50-58, first formalization of the ants-and-insects entailment","translation/content/first-order-logic/introduction/first-order-logic.tex:51-63","OLP-0140-B007","","pending_coherent_reader_pagination","mathematical_correction_qa_passed_disclosure_wording_open_for_optional_review_no_hold","Please double-check: whether the Telugu disclosure for OLTEINT-001 is mathematically precise and idiomatic."
"REV-OLTEINT-002","source_correction_decision","medium","high_mathematical_repair_moderate_disclosure_wording","OLTEINT-002","moved the closing bracket to the end of the universal premise in both restatements and removed each extra bracket after the conclusion; adjacent sourcecorrection discloses the repair","Telugu","Telu","te-Telu-IN","OLP-0140","first-order-logic/introduction/first-order-logic","content/first-order-logic/introduction/first-order-logic.tex","translation/content/first-order-logic/introduction/first-order-logic.tex","lines 60-73; mapped segment within audited scope lines 67-84, natural-deduction and metalogical restatements of the same entailment","translation/content/first-order-logic/introduction/first-order-logic.tex:65-78","OLP-0140-B008","","pending_coherent_reader_pagination","mathematical_correction_qa_passed_disclosure_wording_open_for_optional_review_no_hold","Please double-check: whether the Telugu disclosure for OLTEINT-002 is mathematically precise and idiomatic."
"REV-OLTEINT-002","source_correction_decision","medium","high_mathematical_repair_moderate_disclosure_wording","OLTEINT-002","moved the closing bracket to the end of the universal premise in both restatements and removed each extra bracket after the conclusion; adjacent sourcecorrection discloses the repair","Telugu","Telu","te-Telu-IN","OLP-0140","first-order-logic/introduction/first-order-logic","content/first-order-logic/introduction/first-order-logic.tex","translation/content/first-order-logic/introduction/first-order-logic.tex","lines 75-86; mapped segment within audited scope lines 67-84, natural-deduction and metalogical restatements of the same entailment","translation/content/first-order-logic/introduction/first-order-logic.tex:80-97","OLP-0140-B009","","pending_coherent_reader_pagination","mathematical_correction_qa_passed_disclosure_wording_open_for_optional_review_no_hold","Please double-check: whether the Telugu disclosure for OLTEINT-002 is mathematically precise and idiomatic."
"REV-OLTEINT-003","source_correction_decision","medium","high_mathematical_repair_moderate_disclosure_wording","OLTEINT-003","named predicates rather than constants as the symbols that may have more than one place; adjacent sourcecorrection discloses the repair","Telugu","Telu","te-Telu-IN","OLP-0143","first-order-logic/introduction/satisfaction","content/first-order-logic/introduction/satisfaction.tex","translation/content/first-order-logic/introduction/satisfaction.tex","lines 13-25, description of a structure and the general-language case","translation/content/first-order-logic/introduction/satisfaction.tex:13-30","OLP-0143-B006","","pending_coherent_reader_pagination","mathematical_correction_qa_passed_disclosure_wording_open_for_optional_review_no_hold","Please double-check: whether the Telugu disclosure for OLTEINT-003 is mathematically precise and idiomatic."
"REV-OLTEINT-004","source_correction_decision","medium","high_mathematical_repair_moderate_disclosure_wording","OLTEINT-004","replaced the out-of-domain list 1,2,3 with 0,1,2, matching the declared domain and continuation; adjacent sourcecorrection discloses the repair","Telugu","Telu","te-Telu-IN","OLP-0143","first-order-logic/introduction/satisfaction","content/first-order-logic/introduction/satisfaction.tex","translation/content/first-order-logic/introduction/satisfaction.tex","lines 27-50; mapped segment within audited scope lines 43-67, fixed domain followed by the variable-assignment example","translation/content/first-order-logic/introduction/satisfaction.tex:32-57","OLP-0143-B007","","pending_coherent_reader_pagination","mathematical_correction_qa_passed_disclosure_wording_open_for_optional_review_no_hold","Please double-check: whether the Telugu disclosure for OLTEINT-004 is mathematically precise and idiomatic."
"REV-OLTEINT-004","source_correction_decision","medium","high_mathematical_repair_moderate_disclosure_wording","OLTEINT-004","replaced the out-of-domain list 1,2,3 with 0,1,2, matching the declared domain and continuation; adjacent sourcecorrection discloses the repair","Telugu","Telu","te-Telu-IN","OLP-0143","first-order-logic/introduction/satisfaction","content/first-order-logic/introduction/satisfaction.tex","translation/content/first-order-logic/introduction/satisfaction.tex","lines 52-67; mapped segment within audited scope lines 43-67, fixed domain followed by the variable-assignment example","translation/content/first-order-logic/introduction/satisfaction.tex:59-78","OLP-0143-B008","","pending_coherent_reader_pagination","mathematical_correction_qa_passed_disclosure_wording_open_for_optional_review_no_hold","Please double-check: whether the Telugu disclosure for OLTEINT-004 is mathematically precise and idiomatic."
"REV-OLTEINT-005","source_correction_decision","medium","high_mathematical_repair_moderate_disclosure_wording","OLTEINT-005","restored v_0 inside the P atom under the universal quantifier; adjacent sourcecorrection discloses the repair","Telugu","Telu","te-Telu-IN","OLP-0146","first-order-logic/introduction/substitution","content/first-order-logic/introduction/substitution.tex","translation/content/first-order-logic/introduction/substitution.tex","lines 13-28, opening universal-instantiation example","translation/content/first-order-logic/introduction/substitution.tex:13-33","OLP-0146-B006","","pending_coherent_reader_pagination","mathematical_correction_qa_passed_disclosure_wording_open_for_optional_review_no_hold","Please double-check: whether the Telugu disclosure for OLTEINT-005 is mathematically precise and idiomatic."
"REV-OLTEFOLSYN-001","source_correction_decision","medium","high_mathematical_repair_moderate_disclosure_wording","OLTEFOLSYN-001","removed the unmatched closing parenthesis after B; adjacent sourcecorrection discloses the repair","Telugu","Telu","te-Telu-IN","OLP-0152","first-order-logic/syntax-and-semantics/terms-formulas","content/first-order-logic/syntax-and-semantics/terms-formulas.tex","translation/content/first-order-logic/syntax-and-semantics/terms-formulas.tex","defined-operator defIf branch","translation/content/first-order-logic/syntax-and-semantics/terms-formulas.tex:147-151","OLP-0152-B032","","pending_coherent_reader_pagination","mathematical_correction_qa_passed_disclosure_wording_open_for_optional_review_no_hold","Please double-check: whether the Telugu disclosure for OLTEFOLSYN-001 is mathematically precise and idiomatic."
"REV-OLTEFOLSYN-002","source_correction_decision","medium","high_mathematical_repair_moderate_disclosure_wording","OLTEFOLSYN-002","moved the three right parentheses inside their corresponding math spans; adjacent sourcecorrection discloses the repeated delimiter repair","Telugu","Telu","te-Telu-IN","OLP-0154","first-order-logic/syntax-and-semantics/main-operator","content/first-order-logic/syntax-and-semantics/main-operator.tex","translation/content/first-order-logic/syntax-and-semantics/main-operator.tex","main-operator table examples","translation/content/first-order-logic/syntax-and-semantics/main-operator.tex:91-105","OLP-0154-B018","","pending_coherent_reader_pagination","mathematical_correction_qa_passed_disclosure_wording_open_for_optional_review_no_hold","Please double-check: whether the Telugu disclosure for OLTEFOLSYN-002 is mathematically precise and idiomatic."
"REV-OLTEFOLSYN-003","source_correction_decision","medium","high_mathematical_repair_moderate_disclosure_wording","OLTEFOLSYN-003","changed the k+1 indexed arguments to k indexed arguments m_1 through m_k; adjacent sourcecorrection discloses the repair","Telugu","Telu","te-Telu-IN","OLP-0156","first-order-logic/syntax-and-semantics/formation-sequences","content/first-order-logic/syntax-and-semantics/formation-sequences.tex","translation/content/first-order-logic/syntax-and-semantics/formation-sequences.tex","formation sequences for terms definition","translation/content/first-order-logic/syntax-and-semantics/formation-sequences.tex:41-48","OLP-0156-B009","","pending_coherent_reader_pagination","mathematical_correction_qa_passed_disclosure_wording_open_for_optional_review_no_hold","Please double-check: whether the Telugu disclosure for OLTEFOLSYN-003 is mathematically precise and idiomatic."
"REV-OLTEFOLSYN-004","source_correction_decision","medium","high_mathematical_repair_moderate_disclosure_wording","OLTEFOLSYN-004","changed the two proof occurrences from Frm[L_0] to Frm[L], matching the theorem's arbitrary language; adjacent sourcecorrection discloses the repair","Telugu","Telu","te-Telu-IN","OLP-0156","first-order-logic/syntax-and-semantics/formation-sequences","content/first-order-logic/syntax-and-semantics/formation-sequences.tex","translation/content/first-order-logic/syntax-and-semantics/formation-sequences.tex","converse proof atomic case","translation/content/first-order-logic/syntax-and-semantics/formation-sequences.tex:199-203","OLP-0156-B021","","pending_coherent_reader_pagination","mathematical_correction_qa_passed_disclosure_wording_open_for_optional_review_no_hold","Please double-check: whether the Telugu disclosure for OLTEFOLSYN-004 is mathematically precise and idiomatic."
"REV-OLTEFOLSYN-005","source_correction_decision","medium","high_mathematical_repair_moderate_disclosure_wording","OLTEFOLSYN-005","clarified the induction hypothesis in prose as a final-index condition; no formal math atom was changed","Telugu","Telu","te-Telu-IN","OLP-0156","first-order-logic/syntax-and-semantics/formation-sequences","content/first-order-logic/syntax-and-semantics/formation-sequences.tex","translation/content/first-order-logic/syntax-and-semantics/formation-sequences.tex","strong-induction hypothesis in converse proof","translation/content/first-order-logic/syntax-and-semantics/formation-sequences.tex:182-188","OLP-0156-B021","","pending_coherent_reader_pagination","mathematical_correction_qa_passed_disclosure_wording_open_for_optional_review_no_hold","Please double-check: whether the Telugu disclosure for OLTEFOLSYN-005 is mathematically precise and idiomatic."
"REV-OLTEFOLSYN-006","source_correction_decision","medium","high_mathematical_repair_moderate_disclosure_wording","OLTEFOLSYN-006","changed semantic equivalence to syntactic identity in the formation-sequence case; adjacent sourcecorrection discloses the repair","Telugu","Telu","te-Telu-IN","OLP-0156","first-order-logic/syntax-and-semantics/formation-sequences","content/first-order-logic/syntax-and-semantics/formation-sequences.tex","translation/content/first-order-logic/syntax-and-semantics/formation-sequences.tex","converse proof conjunction case","translation/content/first-order-logic/syntax-and-semantics/formation-sequences.tex:204-208","OLP-0156-B021","","pending_coherent_reader_pagination","mathematical_correction_qa_passed_disclosure_wording_open_for_optional_review_no_hold","Please double-check: whether the Telugu disclosure for OLTEFOLSYN-006 is mathematically precise and idiomatic."
"REV-OLTEFOLSEM-001","source_correction_decision","medium","high_mathematical_repair_moderate_disclosure_wording","OLTEFOLSEM-001","read 'single-two place relation' as 'a single two-place relation' and translated that intended construction; adjacent sourcecorrection discloses the repair","Telugu","Telu","te-Telu-IN","OLP-0161","first-order-logic/syntax-and-semantics/structures","content/first-order-logic/syntax-and-semantics/structures.tex","translation/content/first-order-logic/syntax-and-semantics/structures.tex","line 77, set-theory structure example","translation/content/first-order-logic/syntax-and-semantics/structures.tex:74-80","OLP-0161-B011","","pending_coherent_reader_pagination","mathematical_correction_qa_passed_disclosure_wording_open_for_optional_review_no_hold","Please double-check: whether the Telugu disclosure for OLTEFOLSEM-001 is mathematically precise and idiomatic."
"REV-OLTEFOLSEM-002","source_correction_decision","medium","high_mathematical_repair_moderate_disclosure_wording","OLTEFOLSEM-002","removed the first of two consecutive equality signs so the displayed chain has one equality per step; adjacent sourcecorrection discloses the repair","Telugu","Telu","te-Telu-IN","OLP-0162","first-order-logic/syntax-and-semantics/covered-structures","content/first-order-logic/syntax-and-semantics/covered-structures.tex","translation/content/first-order-logic/syntax-and-semantics/covered-structures.tex","lines 54-56, opening of the displayed value calculation","translation/content/first-order-logic/syntax-and-semantics/covered-structures.tex:53-56","OLP-0162-B009","","pending_coherent_reader_pagination","mathematical_correction_qa_passed_disclosure_wording_open_for_optional_review_no_hold","Please double-check: whether the Telugu disclosure for OLTEFOLSEM-002 is mathematically precise and idiomatic."
"REV-OLTEFOLSAT-001","source_correction_decision","medium","high_mathematical_repair_moderate_disclosure_wording","OLTEFOLSAT-001","removed only the stray [s] from the relation interpretation while retaining the assignment on the satisfaction assertion; adjacent sourcecorrection discloses the repair","Telugu","Telu","te-Telu-IN","OLP-0163","first-order-logic/syntax-and-semantics/satisfaction","content/first-order-logic/syntax-and-semantics/satisfaction.tex","translation/content/first-order-logic/syntax-and-semantics/satisfaction.tex","line 213, atomic-formula counterexample","translation/content/first-order-logic/syntax-and-semantics/satisfaction.tex:208-214","OLP-0163-B030","","pending_coherent_reader_pagination","mathematical_correction_qa_passed_disclosure_wording_open_for_optional_review_no_hold","Please double-check: whether the Telugu disclosure for OLTEFOLSAT-001 is mathematically precise and idiomatic."
"REV-OLTEFOLSAT-002","source_correction_decision","medium","high_mathematical_repair_moderate_disclosure_wording","OLTEFOLSAT-002","changed R(a,x) to the actual antecedent R(x,a) for m = 2, 3, and 4; adjacent sourcecorrection discloses the repair","Telugu","Telu","te-Telu-IN","OLP-0163","first-order-logic/syntax-and-semantics/satisfaction","content/first-order-logic/syntax-and-semantics/satisfaction.tex","translation/content/first-order-logic/syntax-and-semantics/satisfaction.tex","lines 307-313, defAll-tagged universal example","translation/content/first-order-logic/syntax-and-semantics/satisfaction.tex:307-315","OLP-0163-B036","","pending_coherent_reader_pagination","mathematical_correction_qa_passed_disclosure_wording_open_for_optional_review_no_hold","Please double-check: whether the Telugu disclosure for OLTEFOLSAT-002 is mathematically precise and idiomatic."
"REV-OLTEFOLSAT-003","source_correction_decision","medium","high_mathematical_repair_moderate_disclosure_wording","OLTEFOLSAT-003","restored the missing m in the second outer-assignment case; adjacent sourcecorrection discloses the repair","Telugu","Telu","te-Telu-IN","OLP-0163","first-order-logic/syntax-and-semantics/satisfaction","content/first-order-logic/syntax-and-semantics/satisfaction.tex","translation/content/first-order-logic/syntax-and-semantics/satisfaction.tex","lines 328-332, outer universal example","translation/content/first-order-logic/syntax-and-semantics/satisfaction.tex:328-336","OLP-0163-B037","","pending_coherent_reader_pagination","mathematical_correction_qa_passed_disclosure_wording_open_for_optional_review_no_hold","Please double-check: whether the Telugu disclosure for OLTEFOLSAT-003 is mathematically precise and idiomatic."
"REV-OLTEFOLSAT-004","source_correction_decision","medium","high_mathematical_repair_moderate_disclosure_wording","OLTEFOLSAT-004","changed the universal-summary variable from the inner witness n to the outer assignment parameter m; adjacent sourcecorrection discloses the repair","Telugu","Telu","te-Telu-IN","OLP-0163","first-order-logic/syntax-and-semantics/satisfaction","content/first-order-logic/syntax-and-semantics/satisfaction.tex","translation/content/first-order-logic/syntax-and-semantics/satisfaction.tex","lines 347-351, summary of the nested-quantifier example","translation/content/first-order-logic/syntax-and-semantics/satisfaction.tex:351-357","OLP-0163-B039","","pending_coherent_reader_pagination","mathematical_correction_qa_passed_disclosure_wording_open_for_optional_review_no_hold","Please double-check: whether the Telugu disclosure for OLTEFOLSAT-004 is mathematically precise and idiomatic."
"REV-OLTEFOLASS-001","source_correction_decision","medium","high_mathematical_repair_moderate_disclosure_wording","OLTEFOLASS-001","changed only the second tuple's initial t_i to t_1 so the argument list runs from t_1 through t_k; adjacent sourcecorrection discloses the repair","Telugu","Telu","te-Telu-IN","OLP-0164","first-order-logic/syntax-and-semantics/assignments","content/first-order-logic/syntax-and-semantics/assignments.tex","translation/content/first-order-logic/syntax-and-semantics/assignments.tex","lines 89-92, atomic case of assignment-independence proof","translation/content/first-order-logic/syntax-and-semantics/assignments.tex:89-95","OLP-0164-B014","","pending_coherent_reader_pagination","mathematical_correction_qa_passed_disclosure_wording_open_for_optional_review_no_hold","Please double-check: whether the Telugu disclosure for OLTEFOLASS-001 is mathematically precise and idiomatic."
"REV-OLTEFOLASS-002","source_correction_decision","medium","high_mathematical_repair_moderate_disclosure_wording","OLTEFOLASS-002","defined s_1' from s_1 and s_2' from s_2 instead of defining both from unindexed s; adjacent sourcecorrection discloses the repair","Telugu","Telu","te-Telu-IN","OLP-0164","first-order-logic/syntax-and-semantics/assignments","content/first-order-logic/syntax-and-semantics/assignments.tex","translation/content/first-order-logic/syntax-and-semantics/assignments.tex","lines 177-189, universal-quantifier induction case","translation/content/first-order-logic/syntax-and-semantics/assignments.tex:184-199","OLP-0164-B022","","pending_coherent_reader_pagination","mathematical_correction_qa_passed_disclosure_wording_open_for_optional_review_no_hold","Please double-check: whether the Telugu disclosure for OLTEFOLASS-002 is mathematically precise and idiomatic."
"REV-OLTEFOLASS-003","source_correction_decision","medium","high_mathematical_repair_moderate_disclosure_wording","OLTEFOLASS-003","removed only the repeated second Gamma from the antecedent; adjacent sourcecorrection discloses the repair","Telugu","Telu","te-Telu-IN","OLP-0164","first-order-logic/syntax-and-semantics/assignments","content/first-order-logic/syntax-and-semantics/assignments.tex","translation/content/first-order-logic/syntax-and-semantics/assignments.tex","lines 239-244, satisfaction of a set definition","translation/content/first-order-logic/syntax-and-semantics/assignments.tex:249-254","OLP-0164-B029","","pending_coherent_reader_pagination","mathematical_correction_qa_passed_disclosure_wording_open_for_optional_review_no_hold","Please double-check: whether the Telugu disclosure for OLTEFOLASS-003 is mathematically precise and idiomatic."
"REV-OLTEFOLEXT-001","source_correction_decision","medium","high_mathematical_repair_moderate_disclosure_wording","OLTEFOLEXT-001","removed the first of two consecutive equality signs at the display opening and retained the recursive equality chain; adjacent sourcecorrection discloses the repair","Telugu","Telu","te-Telu-IN","OLP-0165","first-order-logic/syntax-and-semantics/extensionality","content/first-order-logic/syntax-and-semantics/extensionality.tex","translation/content/first-order-logic/syntax-and-semantics/extensionality.tex","lines 87-90, function-term case of the substitution lemma","translation/content/first-order-logic/syntax-and-semantics/extensionality.tex:90-105","OLP-0165-B018","","pending_coherent_reader_pagination","mathematical_correction_qa_passed_disclosure_wording_open_for_optional_review_no_hold","Please double-check: whether the Telugu disclosure for OLTEFOLEXT-001 is mathematically precise and idiomatic."
"REV-OLTEFOLMAT-001","source_correction_decision","medium","high_mathematical_repair_moderate_disclosure_wording","OLTEFOLMAT-001","restored only the missing \Obj marker before the final v_2 and retained the formula otherwise; adjacent sourcecorrection discloses the repair","Telugu","Telu","te-Telu-IN","OLP-0171","first-order-logic/models-theories/expressing-relations","content/first-order-logic/models-theories/expressing-relations.tex","translation/content/first-order-logic/models-theories/expressing-relations.tex","lines 62-64, second formula defining the strict-order relation","translation/content/first-order-logic/models-theories/expressing-relations.tex:62-67","OLP-0171-B009","","pending_coherent_reader_pagination","mathematical_correction_qa_passed_disclosure_wording_open_for_optional_review_no_hold","Please double-check that the repaired strict-order formula gives its final v_2 the same object-language marker as the other variables, without changing any other symbol."
"REV-OLTEFOLBYD-001","source_correction_decision","medium","high_mathematical_repair_moderate_disclosure_wording","OLTEFOLBYD-001","changed only the inner universal from the malformed \lforall x] to \lforall[x][...] and added an adjacent sourcecorrection disclosure","Telugu","Telu","te-Telu-IN","OLP-0176","first-order-logic/beyond/many-sorted-logic","content/first-order-logic/beyond/many-sorted-logic.tex","translation/content/first-order-logic/beyond/many-sorted-logic.tex","lines 37-40, displayed multinational-marriage example","translation/content/first-order-logic/beyond/many-sorted-logic.tex:37-44","OLP-0176-B008","","pending_coherent_reader_pagination","mathematical_correction_qa_passed_disclosure_wording_open_for_optional_review_no_hold","Please double-check that the inner many-sorted universal now binds x with the same two optional arguments as the outer universal and that no other display symbol changed."
"REV-OLTEFOLBYD-002","source_correction_decision","medium","high_mathematical_repair_moderate_disclosure_wording","OLTEFOLBYD-002","replaced only \Obj with \Atom for the affected relation-variable atom and added an adjacent sourcecorrection disclosure","Telugu","Telu","te-Telu-IN","OLP-0177","first-order-logic/beyond/second-order-logic","content/first-order-logic/beyond/second-order-logic.tex","translation/content/first-order-logic/beyond/second-order-logic.tex","lines 54-56, explanation of formula substitution in the comprehension rule","translation/content/first-order-logic/beyond/second-order-logic.tex:51-63","OLP-0177-B007","","pending_coherent_reader_pagination","mathematical_correction_qa_passed_disclosure_wording_open_for_optional_review_no_hold","Please double-check that the comprehension explanation uses the atomic-formula constructor for R(t_1,...,t_k), consistently with the surrounding rule."
"REV-OLTEFOLBYD-003","source_correction_decision","medium","high_mathematical_repair_moderate_disclosure_wording","OLTEFOLBYD-003","replaced the undefined s(x)=s(y) with the declared postfix-successor notation x'=y' and added an adjacent sourcecorrection disclosure","Telugu","Telu","te-Telu-IN","OLP-0177","first-order-logic/beyond/second-order-logic","content/first-order-logic/beyond/second-order-logic.tex","translation/content/first-order-logic/beyond/second-order-logic.tex","lines 137-147, second axiom in the categorical arithmetic example","translation/content/first-order-logic/beyond/second-order-logic.tex:136-148","OLP-0177-B011","","pending_coherent_reader_pagination","mathematical_correction_qa_passed_disclosure_wording_open_for_optional_review_no_hold","Please double-check that the second arithmetic axiom uses the declared postfix successor on x and y, rather than the source sentence’s undefined s."
"REV-OLTEFOLBYD-004","source_correction_decision","medium","high_mathematical_repair_moderate_disclosure_wording","OLTEFOLBYD-004","changed only the stated type of the lambda-bound variable x from sigma to tau and added an adjacent sourcecorrection disclosure","Telugu","Telu","te-Telu-IN","OLP-0178","first-order-logic/beyond/higher-order-logic","content/first-order-logic/beyond/higher-order-logic.tex","translation/content/first-order-logic/beyond/higher-order-logic.tex","lines 82-89, explanation of the lambda term from item (6)","translation/content/first-order-logic/beyond/higher-order-logic.tex:82-91","OLP-0178-B008","","pending_coherent_reader_pagination","mathematical_correction_qa_passed_disclosure_wording_open_for_optional_review_no_hold","Please double-check that the lambda-bound x is assigned type tau, matching formation rule (6), while s remains type sigma."
"REV-OLTEMODBAS-001","source_correction_decision","medium","high_mathematical_repair_moderate_disclosure_wording","OLTEMODBAS-001","read is at planning to work as is planning to work; preserved the contributor name, issue reference and intent; adjacent sourcecorrection discloses the repair","Telugu","Telu","te-Telu-IN","OLP-0182","model-theory/model-theory","content/model-theory/model-theory.tex","translation/content/model-theory/model-theory.tex","lines 9-16, closing sentence of the part editorial","translation/content/model-theory/model-theory.tex:9-17","OLP-0182-B005","","pending_coherent_reader_pagination","mathematical_correction_qa_passed_disclosure_wording_open_for_optional_review_no_hold","Please double-check that the Telugu editorial reads the defective phrase as “is planning to work” while preserving the contributor and issue reference."
"REV-OLTEMODBAS-002","source_correction_decision","medium","high_mathematical_repair_moderate_disclosure_wording","OLTEMODBAS-002","added the nonempty-carrier condition required by the edition's structure definition; preserved the relation restriction; adjacent sourcecorrection discloses the repair","Telugu","Telu","te-Telu-IN","OLP-0185","model-theory/basics/substructures","content/model-theory/basics/substructures.tex","translation/content/model-theory/basics/substructures.tex","lines 39-44, relation-only substructure remark","translation/content/model-theory/basics/substructures.tex:42-50","OLP-0185-B007","","pending_coherent_reader_pagination","mathematical_correction_qa_passed_disclosure_wording_open_for_optional_review_no_hold","Please double-check that the relation-only substructure remark requires N to be non-empty, consistently with OpenLogic’s structure definition."
"REV-OLTEMODBAS-003","source_correction_decision","medium","high_mathematical_repair_moderate_disclosure_wording","OLTEMODBAS-003","changed only the affected function interpretation from M to M-prime; adjacent sourcecorrection discloses the repair","Telugu","Telu","te-Telu-IN","OLP-0187","model-theory/basics/isomorphism","content/model-theory/basics/isomorphism.tex","translation/content/model-theory/basics/isomorphism.tex","lines 86-91, function-term induction case","translation/content/model-theory/basics/isomorphism.tex:92-101","OLP-0187-B009","","pending_coherent_reader_pagination","mathematical_correction_qa_passed_disclosure_wording_open_for_optional_review_no_hold","Please double-check that the value of the function term in M-prime uses the interpretation of f in M-prime."
"REV-OLTEMODBAS-004","source_correction_decision","medium","high_mathematical_repair_moderate_disclosure_wording","OLTEMODBAS-004","restored one closing parenthesis for the outer h application; adjacent sourcecorrection discloses the repair","Telugu","Telu","te-Telu-IN","OLP-0187","model-theory/basics/isomorphism","content/model-theory/basics/isomorphism.tex","translation/content/model-theory/basics/isomorphism.tex","lines 94-101, first line of the function-term equality chain","translation/content/model-theory/basics/isomorphism.tex:103-114","OLP-0187-B009","","pending_coherent_reader_pagination","mathematical_correction_qa_passed_disclosure_wording_open_for_optional_review_no_hold","Please double-check that the first function-term equality closes the outer h application with exactly one restored parenthesis."
"REV-OLTEMODBAS-005","source_correction_decision","medium","high_mathematical_repair_moderate_disclosure_wording","OLTEMODBAS-005","changed the even-branch parametrization to n=2r+1 so its range obligations begin at b_0; adjacent sourcecorrection discloses the repair","Telugu","Telu","te-Telu-IN","OLP-0189","model-theory/basics/partial-iso","content/model-theory/basics/partial-iso.tex","translation/content/model-theory/basics/partial-iso.tex","lines 61-70, alternating construction of partial isomorphisms","translation/content/model-theory/basics/partial-iso.tex:64-76","OLP-0189-B009","","pending_coherent_reader_pagination","mathematical_correction_qa_passed_disclosure_wording_open_for_optional_review_no_hold","Please double-check that the even back-and-forth stages now add b_0, b_1, and so on rather than skipping b_0."
"REV-OLTEMODBAS-006","source_correction_decision","medium","high_mathematical_repair_moderate_disclosure_wording","OLTEMODBAS-006","stated the source's signature inventory directly and omitted only its conflicting purely relational label; adjacent sourcecorrection discloses the repair","Telugu","Telu","te-Telu-IN","OLP-0189","model-theory/basics/partial-iso","content/model-theory/basics/partial-iso.tex","translation/content/model-theory/basics/partial-iso.tex","lines 122-125, finite-language proposition","translation/content/model-theory/basics/partial-iso.tex:130-146","OLP-0189-B016","","pending_coherent_reader_pagination","mathematical_correction_qa_passed_disclosure_wording_open_for_optional_review_no_hold","Please double-check that the finite-signature proposition states its predicate, constant, and function inventory without contradicting the earlier purely-relational definition."
"REV-OLTEMODBAS-007","source_correction_decision","medium","high_mathematical_repair_moderate_disclosure_wording","OLTEMODBAS-007","named the common sequence length k and changed the atomic variable-list endpoint from n to k; adjacent sourcecorrection discloses the repair","Telugu","Telu","te-Telu-IN","OLP-0189","model-theory/basics/partial-iso","content/model-theory/basics/partial-iso.tex","translation/content/model-theory/basics/partial-iso.tex","lines 143-153, base relation I_0","translation/content/model-theory/basics/partial-iso.tex:163-179","OLP-0189-B019","","pending_coherent_reader_pagination","mathematical_correction_qa_passed_disclosure_wording_open_for_optional_review_no_hold","Please double-check that k is the sequence length while n remains the recursion and quantifier-rank index in I_n."
"REV-OLTEMODBAS-008","source_correction_decision","medium","high_mathematical_repair_moderate_disclosure_wording","OLTEMODBAS-008","stated the fixed-free-variable formula-class lemma, retained the sentence case at k=0, and used a finite conjunction of satisfied representatives in the proof; adjacent sourcecorrection discloses the repair","Telugu","Telu","te-Telu-IN","OLP-0189","model-theory/basics/partial-iso","content/model-theory/basics/partial-iso.tex","translation/content/model-theory/basics/partial-iso.tex","lines 122-129; mapped segment within audited scope lines 122-129 and 199-203, finite-rank proposition and its converse-proof use","translation/content/model-theory/basics/partial-iso.tex:131-146","OLP-0189-B016","","pending_coherent_reader_pagination","mathematical_correction_qa_passed_disclosure_wording_open_for_optional_review_no_hold","Please double-check that the strengthened fixed-variable formula-class lemma is exactly what the finite conjunction T_n^a requires."
"REV-OLTEMODBAS-008","source_correction_decision","medium","high_mathematical_repair_moderate_disclosure_wording","OLTEMODBAS-008","stated the fixed-free-variable formula-class lemma, retained the sentence case at k=0, and used a finite conjunction of satisfied representatives in the proof; adjacent sourcecorrection discloses the repair","Telugu","Telu","te-Telu-IN","OLP-0189","model-theory/basics/partial-iso","content/model-theory/basics/partial-iso.tex","translation/content/model-theory/basics/partial-iso.tex","lines 199-213; mapped segment within audited scope lines 122-129 and 199-203, finite-rank proposition and its converse-proof use","translation/content/model-theory/basics/partial-iso.tex:226-243","OLP-0189-B025","","pending_coherent_reader_pagination","mathematical_correction_qa_passed_disclosure_wording_open_for_optional_review_no_hold","Please double-check that the strengthened fixed-variable formula-class lemma is exactly what the finite conjunction T_n^a requires."
"REV-OLTEMODBAS-009","source_correction_decision","medium","high_mathematical_repair_moderate_disclosure_wording","OLTEMODBAS-009","added the empty-map and already-mapped cases, then retained the source's three order-position cases for a new point; adjacent sourcecorrection discloses the repair","Telugu","Telu","te-Telu-IN","OLP-0190","model-theory/basics/dlo","content/model-theory/basics/dlo.tex","translation/content/model-theory/basics/dlo.tex","lines 42-56, Forth-property construction","translation/content/model-theory/basics/dlo.tex:42-65","OLP-0190-B008","","pending_coherent_reader_pagination","mathematical_correction_qa_passed_disclosure_wording_open_for_optional_review_no_hold","Please double-check that the dense-order Forth proof now covers both the empty partial map and an already-mapped point before its three new-point cases."
"REV-OLTEMODBAS-010","source_correction_decision","medium","high_mathematical_repair_moderate_disclosure_wording","OLTEMODBAS-010","restricted the invariant-subset exercise to definability without additional parameters; preserved its automorphism and set-image equation; adjacent sourcecorrection discloses the repair","Telugu","Telu","te-Telu-IN","OLP-0187","model-theory/basics/isomorphism","content/model-theory/basics/isomorphism.tex","translation/content/model-theory/basics/isomorphism.tex","lines 124-128, automorphism exercise","translation/content/model-theory/basics/isomorphism.tex:137-144","OLP-0187-B013","","pending_coherent_reader_pagination","mathematical_correction_qa_passed_disclosure_wording_open_for_optional_review_no_hold","Please double-check that the automorphism exercise is limited to parameter-free definability, so invariance under every automorphism is valid."
"REV-OLTEMODARI-001","source_correction_decision","medium","high_mathematical_repair_moderate_disclosure_wording","OLTEMODARI-001","used a^n and a^m as the two operation arguments so they belong to the declared string domain; adjacent sourcecorrection discloses the repair","Telugu","Telu","te-Telu-IN","OLP-0192","model-theory/models-of-arithmetic/introduction","content/model-theory/models-of-arithmetic/introduction.tex","translation/content/model-theory/models-of-arithmetic/introduction.tex","lines 24-34, string-domain structure display","translation/content/model-theory/models-of-arithmetic/introduction.tex:12-51","OLP-0192-B005","","pending_coherent_reader_pagination","mathematical_correction_qa_passed_disclosure_wording_open_for_optional_review_no_hold","Please double-check that the two operation arguments are strings a^n and a^m, while the displayed results remain a^(n+m) and a^(nm)."
"REV-OLTEMODARI-002","source_correction_decision","medium","high_mathematical_repair_moderate_disclosure_wording","OLTEMODARI-002","added the length-order interpretation needed to complete the L_A structure and make the stated isomorphism true; adjacent sourcecorrection discloses the repair","Telugu","Telu","te-Telu-IN","OLP-0192","model-theory/models-of-arithmetic/introduction","content/model-theory/models-of-arithmetic/introduction.tex","translation/content/model-theory/models-of-arithmetic/introduction.tex","lines 24-39, purported L_A structure and isomorphism claim","translation/content/model-theory/models-of-arithmetic/introduction.tex:12-51","OLP-0192-B005","","pending_coherent_reader_pagination","mathematical_correction_qa_passed_disclosure_wording_open_for_optional_review_no_hold","Please double-check that the added order on strings compares their exponents and completes exactly the claimed arithmetic-language structure."
"REV-OLTEMODARI-003","source_correction_decision","medium","high_mathematical_repair_moderate_disclosure_wording","OLTEMODARI-003","restored x as the first argument of the binary proof predicate; adjacent sourcecorrection discloses the repair","Telugu","Telu","te-Telu-IN","OLP-0192","model-theory/models-of-arithmetic/introduction","content/model-theory/models-of-arithmetic/introduction.tex","translation/content/model-theory/models-of-arithmetic/introduction.tex","lines 65-70, non-standard witness for not-Con(PA)","translation/content/model-theory/models-of-arithmetic/introduction.tex:68-89","OLP-0192-B007","","pending_coherent_reader_pagination","mathematical_correction_qa_passed_disclosure_wording_open_for_optional_review_no_hold","Please double-check that x is restored as the first argument of the binary PA proof predicate in the existential witness formula."
"REV-OLTEMODARI-004","source_correction_decision","medium","high_mathematical_repair_moderate_disclosure_wording","OLTEMODARI-004","used range rather than domain in the surjectivity argument; adjacent sourcecorrection discloses the repair","Telugu","Telu","te-Telu-IN","OLP-0193","model-theory/models-of-arithmetic/standard-models","content/model-theory/models-of-arithmetic/standard-models.tex","translation/content/model-theory/models-of-arithmetic/standard-models.tex","lines 152-170, characterization of a suitable successor map","translation/content/model-theory/models-of-arithmetic/standard-models.tex:162-191","OLP-0193-B018","","pending_coherent_reader_pagination","mathematical_correction_qa_passed_disclosure_wording_open_for_optional_review_no_hold","Please double-check that failure of surjectivity is described as omission from the range, not the already total function domain."
"REV-OLTEMODARI-005","source_correction_decision","medium","high_mathematical_repair_moderate_disclosure_wording","OLTEMODARI-005","evaluated c in the expanded structure M^c rather than its reduct M; adjacent sourcecorrection discloses the repair","Telugu","Telu","te-Telu-IN","OLP-0194","model-theory/models-of-arithmetic/non-standard-models","content/model-theory/models-of-arithmetic/non-standard-models.tex","translation/content/model-theory/models-of-arithmetic/non-standard-models.tex","lines 83-98, expansion by the new constant c","translation/content/model-theory/models-of-arithmetic/non-standard-models.tex:92-112","OLP-0194-B013","","pending_coherent_reader_pagination","mathematical_correction_qa_passed_disclosure_wording_open_for_optional_review_no_hold","Please double-check that the new constant c is evaluated in the expanded structure M^c rather than the reduct M."
"REV-OLTEMODARI-006","source_correction_decision","medium","high_mathematical_repair_moderate_disclosure_wording","OLTEMODARI-006","handled a finite subset with no c inequality before choosing a largest constrained numeral; adjacent sourcecorrection discloses the repair","Telugu","Telu","te-Telu-IN","OLP-0194","model-theory/models-of-arithmetic/non-standard-models","content/model-theory/models-of-arithmetic/non-standard-models.tex","translation/content/model-theory/models-of-arithmetic/non-standard-models.tex","lines 100-112, finite-satisfiability argument","translation/content/model-theory/models-of-arithmetic/non-standard-models.tex:114-143","OLP-0194-B014","","pending_coherent_reader_pagination","mathematical_correction_qa_passed_disclosure_wording_open_for_optional_review_no_hold","Please double-check that the finite-subset proof handles the case with no c-inequality before choosing a largest constrained numeral."
"REV-OLTEMODARI-007","source_correction_decision","medium","high_mathematical_repair_moderate_disclosure_wording","OLTEMODARI-007","applied Downward Lowenheim--Skolem after compactness to obtain the asserted countable model; adjacent sourcecorrection discloses the repair","Telugu","Telu","te-Telu-IN","OLP-0194","model-theory/models-of-arithmetic/non-standard-models","content/model-theory/models-of-arithmetic/non-standard-models.tex","translation/content/model-theory/models-of-arithmetic/non-standard-models.tex","lines 78-81; mapped segment within audited scope lines 78-113, proposition and proof conclusion","translation/content/model-theory/models-of-arithmetic/non-standard-models.tex:86-90","OLP-0194-B012","","pending_coherent_reader_pagination","mathematical_correction_qa_passed_disclosure_wording_open_for_optional_review_no_hold","Please double-check that Downward Löwenheim--Skolem is invoked after compactness to obtain the proposition’s countable model."
"REV-OLTEMODARI-007","source_correction_decision","medium","high_mathematical_repair_moderate_disclosure_wording","OLTEMODARI-007","applied Downward Lowenheim--Skolem after compactness to obtain the asserted countable model; adjacent sourcecorrection discloses the repair","Telugu","Telu","te-Telu-IN","OLP-0194","model-theory/models-of-arithmetic/non-standard-models","content/model-theory/models-of-arithmetic/non-standard-models.tex","translation/content/model-theory/models-of-arithmetic/non-standard-models.tex","lines 83-98; mapped segment within audited scope lines 78-113, proposition and proof conclusion","translation/content/model-theory/models-of-arithmetic/non-standard-models.tex:92-112","OLP-0194-B013","","pending_coherent_reader_pagination","mathematical_correction_qa_passed_disclosure_wording_open_for_optional_review_no_hold","Please double-check that Downward Löwenheim--Skolem is invoked after compactness to obtain the proposition’s countable model."
"REV-OLTEMODARI-007","source_correction_decision","medium","high_mathematical_repair_moderate_disclosure_wording","OLTEMODARI-007","applied Downward Lowenheim--Skolem after compactness to obtain the asserted countable model; adjacent sourcecorrection discloses the repair","Telugu","Telu","te-Telu-IN","OLP-0194","model-theory/models-of-arithmetic/non-standard-models","content/model-theory/models-of-arithmetic/non-standard-models.tex","translation/content/model-theory/models-of-arithmetic/non-standard-models.tex","lines 100-113; mapped segment within audited scope lines 78-113, proposition and proof conclusion","translation/content/model-theory/models-of-arithmetic/non-standard-models.tex:114-143","OLP-0194-B014","","pending_coherent_reader_pagination","mathematical_correction_qa_passed_disclosure_wording_open_for_optional_review_no_hold","Please double-check that Downward Löwenheim--Skolem is invoked after compactness to obtain the proposition’s countable model."
"REV-OLTEMODARI-008","source_correction_decision","medium","high_mathematical_repair_moderate_disclosure_wording","OLTEMODARI-008","used y=a, the only non-standard element of K, rather than nonexistent b; adjacent sourcecorrection discloses the repair","Telugu","Telu","te-Telu-IN","OLP-0195","model-theory/models-of-arithmetic/models-of-q","content/model-theory/models-of-arithmetic/models-of-q.tex","translation/content/model-theory/models-of-arithmetic/models-of-q.tex","lines 96-107, Q_5 case split for K","translation/content/model-theory/models-of-arithmetic/models-of-q.tex:97-122","OLP-0195-B008","","pending_coherent_reader_pagination","mathematical_correction_qa_passed_disclosure_wording_open_for_optional_review_no_hold","Please double-check that the last non-standard K case is y=a, since the domain contains no b."
"REV-OLTEMODARI-009","source_correction_decision","medium","high_mathematical_repair_moderate_disclosure_wording","OLTEMODARI-009","replaced the stray y by the branch's fixed second argument a; adjacent sourcecorrection discloses the repair","Telugu","Telu","te-Telu-IN","OLP-0195","model-theory/models-of-arithmetic/models-of-q","content/model-theory/models-of-arithmetic/models-of-q.tex","translation/content/model-theory/models-of-arithmetic/models-of-q.tex","lines 154-171, Q_5 case split for L","translation/content/model-theory/models-of-arithmetic/models-of-q.tex:146-196","OLP-0195-B011","","pending_coherent_reader_pagination","mathematical_correction_qa_passed_disclosure_wording_open_for_optional_review_no_hold","Please double-check that the b-plus-a calculation ends with (b plus a)^succ rather than the source’s free y."
"REV-OLTEMODARI-010","source_correction_decision","medium","high_mathematical_repair_moderate_disclosure_wording","OLTEMODARI-010","restricted the unique-predecessor claim to x unequal to zero; adjacent sourcecorrection discloses the repair","Telugu","Telu","te-Telu-IN","OLP-0196","model-theory/models-of-arithmetic/models-of-pa","content/model-theory/models-of-arithmetic/models-of-pa.tex","translation/content/model-theory/models-of-arithmetic/models-of-pa.tex","lines 60-67, discrete-order proposition","translation/content/model-theory/models-of-arithmetic/models-of-pa.tex:64-77","OLP-0196-B010","","pending_coherent_reader_pagination","mathematical_correction_qa_passed_disclosure_wording_open_for_optional_review_no_hold","Please double-check that the unique-predecessor assertion is restricted exactly to nonzero elements."
"REV-OLTEMODARI-011","source_correction_decision","medium","high_mathematical_repair_moderate_disclosure_wording","OLTEMODARI-011","replaced three unrelated opulus symbols by the defined model-addition nsplus; adjacent sourcecorrection discloses the repair","Telugu","Telu","te-Telu-IN","OLP-0196","model-theory/models-of-arithmetic/models-of-pa","content/model-theory/models-of-arithmetic/models-of-pa.tex","translation/content/model-theory/models-of-arithmetic/models-of-pa.tex","lines 215-220; mapped segment within audited scope lines 215-228, density-of-blocks proof","translation/content/model-theory/models-of-arithmetic/models-of-pa.tex:235-239","OLP-0196-B032","","pending_coherent_reader_pagination","mathematical_correction_qa_passed_disclosure_wording_open_for_optional_review_no_hold","Please double-check that all three averages use the chapter’s defined model-addition symbol nsplus rather than the unrelated opulus."
"REV-OLTEMODARI-011","source_correction_decision","medium","high_mathematical_repair_moderate_disclosure_wording","OLTEMODARI-011","replaced three unrelated opulus symbols by the defined model-addition nsplus; adjacent sourcecorrection discloses the repair","Telugu","Telu","te-Telu-IN","OLP-0196","model-theory/models-of-arithmetic/models-of-pa","content/model-theory/models-of-arithmetic/models-of-pa.tex","translation/content/model-theory/models-of-arithmetic/models-of-pa.tex","lines 222-228; mapped segment within audited scope lines 215-228, density-of-blocks proof","translation/content/model-theory/models-of-arithmetic/models-of-pa.tex:241-251","OLP-0196-B033","","pending_coherent_reader_pagination","mathematical_correction_qa_passed_disclosure_wording_open_for_optional_review_no_hold","Please double-check that all three averages use the chapter’s defined model-addition symbol nsplus rather than the unrelated opulus."
"REV-OLTEMODARI-012","source_correction_decision","medium","high_mathematical_repair_moderate_disclosure_wording","OLTEMODARI-012","made denumerability conditional on the model being countable while retaining density and endpointlessness generally; adjacent sourcecorrection discloses the repair","Telugu","Telu","te-Telu-IN","OLP-0196","model-theory/models-of-arithmetic/models-of-pa","content/model-theory/models-of-arithmetic/models-of-pa.tex","translation/content/model-theory/models-of-arithmetic/models-of-pa.tex","lines 238-258, order type of non-standard blocks","translation/content/model-theory/models-of-arithmetic/models-of-pa.tex:261-293","OLP-0196-B035","","pending_coherent_reader_pagination","mathematical_correction_qa_passed_disclosure_wording_open_for_optional_review_no_hold","Please double-check that density and endpointlessness remain general while denumerability is conditional on a countable model."
"REV-OLTEMODARI-013","source_correction_decision","medium","high_mathematical_repair_moderate_disclosure_wording","OLTEMODARI-013","constrained x, the ordered pair's first component, rather than unrelated n; adjacent sourcecorrection discloses the repair","Telugu","Telu","te-Telu-IN","OLP-0197","model-theory/models-of-arithmetic/computable-models","content/model-theory/models-of-arithmetic/computable-models.tex","translation/content/model-theory/models-of-arithmetic/computable-models.tex","lines 42-67, repeated definition of K","translation/content/model-theory/models-of-arithmetic/computable-models.tex:46-91","OLP-0197-B008","","pending_coherent_reader_pagination","mathematical_correction_qa_passed_disclosure_wording_open_for_optional_review_no_hold","Please double-check that the final set builder constrains x, the ordered pair’s first component, rather than unrelated n."
"REV-OLTEMODARI-014","source_correction_decision","medium","high_mathematical_repair_moderate_disclosure_wording","OLTEMODARI-014","stated that every computable PA model is standard and hence isomorphic to N; adjacent sourcecorrection discloses the repair","Telugu","Telu","te-Telu-IN","OLP-0197","model-theory/models-of-arithmetic/computable-models","content/model-theory/models-of-arithmetic/computable-models.tex","translation/content/model-theory/models-of-arithmetic/computable-models.tex","lines 119-121, Tennenbaum theorem","translation/content/model-theory/models-of-arithmetic/computable-models.tex:135-144","OLP-0197-B013","","pending_coherent_reader_pagination","mathematical_correction_qa_passed_disclosure_wording_open_for_optional_review_no_hold","Please double-check that Tennenbaum’s theorem rules out computable non-standard PA models and states uniqueness only up to isomorphism."
"REV-OLTEMODARI-015","source_correction_decision","medium","high_mathematical_repair_moderate_disclosure_wording","OLTEMODARI-015","used g(n)=n-1 for n>0, the bijection that yields the displayed transported operations; adjacent sourcecorrection discloses the repair","Telugu","Telu","te-Telu-IN","OLP-0197","model-theory/models-of-arithmetic/computable-models","content/model-theory/models-of-arithmetic/computable-models.tex","translation/content/model-theory/models-of-arithmetic/computable-models.tex","lines 42-75; mapped segment within audited scope lines 68-98, transport of K to domain N","translation/content/model-theory/models-of-arithmetic/computable-models.tex:46-91","OLP-0197-B008","","pending_coherent_reader_pagination","mathematical_correction_qa_passed_disclosure_wording_open_for_optional_review_no_hold","Please double-check that g(n)=n-1 for n>0 is bijective onto N union {a} and yields the displayed transported operations."
"REV-OLTEMODARI-015","source_correction_decision","medium","high_mathematical_repair_moderate_disclosure_wording","OLTEMODARI-015","used g(n)=n-1 for n>0, the bijection that yields the displayed transported operations; adjacent sourcecorrection discloses the repair","Telugu","Telu","te-Telu-IN","OLP-0197","model-theory/models-of-arithmetic/computable-models","content/model-theory/models-of-arithmetic/computable-models.tex","translation/content/model-theory/models-of-arithmetic/computable-models.tex","lines 77-98; mapped segment within audited scope lines 68-98, transport of K to domain N","translation/content/model-theory/models-of-arithmetic/computable-models.tex:93-114","OLP-0197-B009","","pending_coherent_reader_pagination","mathematical_correction_qa_passed_disclosure_wording_open_for_optional_review_no_hold","Please double-check that g(n)=n-1 for n>0 is bijective onto N union {a} and yields the displayed transported operations."
"REV-OLTEMODINT-001","source_correction_decision","medium","high_mathematical_repair_moderate_disclosure_wording","OLTEMODINT-001","restored H, the conjunction defined immediately before, in place of undefined delta; adjacent sourcecorrection discloses the repair","Telugu","Telu","te-Telu-IN","OLP-0200","model-theory/interpolation/separation","content/model-theory/interpolation/separation.tex","translation/content/model-theory/interpolation/separation.tex","lines 72-81, first separation lemma proof","translation/content/model-theory/interpolation/separation.tex:74-94","OLP-0200-B010","","pending_coherent_reader_pagination","mathematical_correction_qa_passed_disclosure_wording_open_for_optional_review_no_hold","Please double-check that the first separation proof restores H, the conjunction defined immediately above, rather than retaining the undefined delta."
"REV-OLTEMODINT-002","source_correction_decision","medium","high_mathematical_repair_moderate_disclosure_wording","OLTEMODINT-002","placed S in the existential macro's standard optional argument; adjacent sourcecorrection discloses the repair","Telugu","Telu","te-Telu-IN","OLP-0200","model-theory/interpolation/separation","content/model-theory/interpolation/separation.tex","translation/content/model-theory/interpolation/separation.tex","lines 92-96, second separation lemma proof hypothesis","translation/content/model-theory/interpolation/separation.tex:104-114","OLP-0200-B012","","pending_coherent_reader_pagination","mathematical_correction_qa_passed_disclosure_wording_open_for_optional_review_no_hold","Please double-check that the existential macro places S in the same optional formula argument used by every adjacent occurrence."
"REV-OLTEMODINT-003","source_correction_decision","medium","high_mathematical_repair_moderate_disclosure_wording","OLTEMODINT-003","enumerated all sentences of the expanded languages required by the later maximality argument; adjacent sourcecorrection discloses the repair","Telugu","Telu","te-Telu-IN","OLP-0201","model-theory/interpolation/interpolation-proof","content/model-theory/interpolation/interpolation-proof.tex","translation/content/model-theory/interpolation/interpolation-proof.tex","lines 39-47, enumeration for the maximal-pair construction","translation/content/model-theory/interpolation/interpolation-proof.tex:41-54","OLP-0201-B010","","pending_coherent_reader_pagination","mathematical_correction_qa_passed_disclosure_wording_open_for_optional_review_no_hold","Please double-check that the maximal-pair construction enumerates sentences of the expanded languages L-prime-1 and L-prime-2."
"REV-OLTEMODINT-004","source_correction_decision","medium","high_mathematical_repair_moderate_disclosure_wording","OLTEMODINT-004","retained the shared Henkin constants when evaluating the expanded theories, then took the intended original-language reduct; adjacent sourcecorrection discloses the repair","Telugu","Telu","te-Telu-IN","OLP-0201","model-theory/interpolation/interpolation-proof","content/model-theory/interpolation/interpolation-proof.tex","translation/content/model-theory/interpolation/interpolation-proof.tex","lines 165-181; mapped segment within audited scope lines 165-189, amalgamated model and final satisfaction claim","translation/content/model-theory/interpolation/interpolation-proof.tex:197-231","OLP-0201-B016","","pending_coherent_reader_pagination","mathematical_correction_qa_passed_disclosure_wording_open_for_optional_review_no_hold","Please double-check that the amalgamated model retains the shared new-constant interpretations while Gamma-star and Delta-star are evaluated, before taking the original-language reduct."
"REV-OLTEMODINT-004","source_correction_decision","medium","high_mathematical_repair_moderate_disclosure_wording","OLTEMODINT-004","retained the shared Henkin constants when evaluating the expanded theories, then took the intended original-language reduct; adjacent sourcecorrection discloses the repair","Telugu","Telu","te-Telu-IN","OLP-0201","model-theory/interpolation/interpolation-proof","content/model-theory/interpolation/interpolation-proof.tex","translation/content/model-theory/interpolation/interpolation-proof.tex","lines 183-190; mapped segment within audited scope lines 165-189, amalgamated model and final satisfaction claim","translation/content/model-theory/interpolation/interpolation-proof.tex:233-247","OLP-0201-B017","","pending_coherent_reader_pagination","mathematical_correction_qa_passed_disclosure_wording_open_for_optional_review_no_hold","Please double-check that the amalgamated model retains the shared new-constant interpretations while Gamma-star and Delta-star are evaluated, before taking the original-language reduct."
"REV-OLTEMODINT-005","source_correction_decision","medium","high_mathematical_repair_moderate_disclosure_wording","OLTEMODINT-005","transported P's M'_1 interpretation along h rather than invoking the nonexistent M'_2 interpretation; adjacent sourcecorrection discloses the repair","Telugu","Telu","te-Telu-IN","OLP-0201","model-theory/interpolation/interpolation-proof","content/model-theory/interpolation/interpolation-proof.tex","translation/content/model-theory/interpolation/interpolation-proof.tex","lines 172-176, third clause of the amalgamated-model definition","translation/content/model-theory/interpolation/interpolation-proof.tex:204-215","OLP-0201-B016","","pending_coherent_reader_pagination","mathematical_correction_qa_passed_disclosure_wording_open_for_optional_review_no_hold","Please double-check that a predicate exclusive to L1 is transported from its M-prime-1 interpretation, which agrees with the following tuplewise clause."
"REV-OLTEMODINT-006","source_correction_decision","medium","high_mathematical_repair_moderate_disclosure_wording","OLTEMODINT-006","qualified the formula induction by transporting variable assignments along the established isomorphism; adjacent sourcecorrection discloses the repair","Telugu","Telu","te-Telu-IN","OLP-0201","model-theory/interpolation/interpolation-proof","content/model-theory/interpolation/interpolation-proof.tex","translation/content/model-theory/interpolation/interpolation-proof.tex","lines 183-189, induction on formulas","translation/content/model-theory/interpolation/interpolation-proof.tex:232-247","OLP-0201-B017","","pending_coherent_reader_pagination","mathematical_correction_qa_passed_disclosure_wording_open_for_optional_review_no_hold","Please double-check that formula satisfaction across the two domains is compared only after variable assignments are transported along h."
"REV-OLTEMODINT-007","source_correction_decision","medium","high_mathematical_repair_moderate_disclosure_wording","OLTEMODINT-007","restored the full if-and-only-if statement proved by the two directions; adjacent sourcecorrection discloses the repair","Telugu","Telu","te-Telu-IN","OLP-0202","model-theory/interpolation/definability","content/model-theory/interpolation/definability.tex","translation/content/model-theory/interpolation/definability.tex","lines 66-69, Beth definability theorem statement","translation/content/model-theory/interpolation/definability.tex:72-81","OLP-0202-B010","","pending_coherent_reader_pagination","mathematical_correction_qa_passed_disclosure_wording_open_for_optional_review_no_hold","Please double-check that the Beth theorem is stated as the biconditional proved by its explicit-to-implicit and implicit-to-explicit directions."
"REV-OLTEMODINT-008","source_correction_decision","medium","high_mathematical_repair_moderate_disclosure_wording","OLTEMODINT-008","restored the same Atom(P') constructor used in the adjacent entailments; adjacent sourcecorrection discloses the repair","Telugu","Telu","te-Telu-IN","OLP-0202","model-theory/interpolation/definability","content/model-theory/interpolation/definability.tex","translation/content/model-theory/interpolation/definability.tex","lines 92-101, finite conjunction entailment","translation/content/model-theory/interpolation/definability.tex:104-115","OLP-0202-B011","","pending_coherent_reader_pagination","mathematical_correction_qa_passed_disclosure_wording_open_for_optional_review_no_hold","Please double-check that the P-prime atomic formula uses the same Atom constructor as all adjacent entailments."
"REV-OLTEMODINT-009","source_correction_decision","medium","high_mathematical_repair_moderate_disclosure_wording","OLTEMODINT-009","supplied the two omitted no-addition stabilization clauses required by the immediately following induction; adjacent sourcecorrection discloses the repair","Telugu","Telu","te-Telu-IN","OLP-0201","model-theory/interpolation/interpolation-proof","content/model-theory/interpolation/interpolation-proof.tex","translation/content/model-theory/interpolation/interpolation-proof.tex","lines 39-59, construction of Gamma_n and Delta_n","translation/content/model-theory/interpolation/interpolation-proof.tex:41-81","OLP-0201-B010","","pending_coherent_reader_pagination","mathematical_correction_qa_passed_disclosure_wording_open_for_optional_review_no_hold","Please double-check that both recursive sequences explicitly remain unchanged whenever their respective addition condition fails."
"REV-OLTEMODLIN-016","source_correction_decision","medium","high_mathematical_repair_moderate_disclosure_wording","OLTEMODLIN-016","expanded the ordinary first-order vocabulary to include predicate and constant symbols; adjacent sourcecorrection discloses the repair","Telugu","Telu","te-Telu-IN","OLP-0205","model-theory/lindstrom/abstract-logics","content/model-theory/lindstrom/abstract-logics.tex","translation/content/model-theory/lindstrom/abstract-logics.tex","lines 17-21, ordinary first-order logic as an abstract logic","translation/content/model-theory/lindstrom/abstract-logics.tex:25-30","OLP-0205-B005","","pending_coherent_reader_pagination","mathematical_correction_qa_passed_disclosure_wording_open_for_optional_review_no_hold","Please double-check that ordinary first-order sentences are described as built from all language symbols, including predicates, rather than from constants alone."
"REV-OLTEMODLIN-004","source_correction_decision","medium","high_mathematical_repair_moderate_disclosure_wording","OLTEMODLIN-004","required finite-sublanguage membership for E; adjacent sourcecorrection discloses the repair","Telugu","Telu","te-Telu-IN","OLP-0205","model-theory/lindstrom/abstract-logics","content/model-theory/lindstrom/abstract-logics.tex","translation/content/model-theory/lindstrom/abstract-logics.tex","lines 55-60, Expansion Property","translation/content/model-theory/lindstrom/abstract-logics.tex:69-81","OLP-0205-B008","","pending_coherent_reader_pagination","mathematical_correction_qa_passed_disclosure_wording_open_for_optional_review_no_hold","Please double-check that the Expansion Property places E in L of the finite sublanguage L-prime before later proofs use that membership."
"REV-OLTEMODLIN-001","source_correction_decision","medium","high_mathematical_repair_moderate_disclosure_wording","OLTEMODLIN-001","made M-prime the renamed L-prime structure corresponding to M; adjacent sourcecorrection discloses the repair","Telugu","Telu","te-Telu-IN","OLP-0205","model-theory/lindstrom/abstract-logics","content/model-theory/lindstrom/abstract-logics.tex","translation/content/model-theory/lindstrom/abstract-logics.tex","lines 64-71, Renaming Property","translation/content/model-theory/lindstrom/abstract-logics.tex:85-99","OLP-0205-B008","","pending_coherent_reader_pagination","mathematical_correction_qa_passed_disclosure_wording_open_for_optional_review_no_hold","Please double-check that the renamed L-prime structure M-prime corresponds to the original structure M, rather than to the language L."
"REV-OLTEMODLIN-018","source_correction_decision","medium","high_mathematical_repair_moderate_disclosure_wording","OLTEMODLIN-018","stated the atomic-sentence base clause explicitly; adjacent sourcecorrection discloses the repair","Telugu","Telu","te-Telu-IN","OLP-0205","model-theory/lindstrom/abstract-logics","content/model-theory/lindstrom/abstract-logics.tex","translation/content/model-theory/lindstrom/abstract-logics.tex","lines 72-79, Boolean Property","translation/content/model-theory/lindstrom/abstract-logics.tex:100-115","OLP-0205-B008","","pending_coherent_reader_pagination","mathematical_correction_qa_passed_disclosure_wording_open_for_optional_review_no_hold","Please double-check that the Boolean Property supplies the atomic-sentence base case using constants, without presupposing semantics for open formulas."
"REV-OLTEMODLIN-019","source_correction_decision","medium","high_mathematical_repair_moderate_disclosure_wording","OLTEMODLIN-019","placed the quantified result F in the reduced language L-prime; adjacent sourcecorrection discloses the repair","Telugu","Telu","te-Telu-IN","OLP-0205","model-theory/lindstrom/abstract-logics","content/model-theory/lindstrom/abstract-logics.tex","translation/content/model-theory/lindstrom/abstract-logics.tex","lines 80-89, Quantifier Property","translation/content/model-theory/lindstrom/abstract-logics.tex:116-129","OLP-0205-B008","","pending_coherent_reader_pagination","mathematical_correction_qa_passed_disclosure_wording_open_for_optional_review_no_hold","Please double-check that binding and removing c places the resulting sentence F in L of the reduced language L-prime."
"REV-OLTEMODLIN-002","source_correction_decision","medium","high_mathematical_repair_moderate_disclosure_wording","OLTEMODLIN-002","defined the relativized fibre with X, the supplied interpretation of R; adjacent sourcecorrection discloses the repair","Telugu","Telu","te-Telu-IN","OLP-0205","model-theory/lindstrom/abstract-logics","content/model-theory/lindstrom/abstract-logics.tex","translation/content/model-theory/lindstrom/abstract-logics.tex","lines 90-104, Relativization Property","translation/content/model-theory/lindstrom/abstract-logics.tex:130-150","OLP-0205-B008","","pending_coherent_reader_pagination","mathematical_correction_qa_passed_disclosure_wording_open_for_optional_review_no_hold","Please double-check that the relativized domain uses X, the supplied interpretation of the fresh predicate R, instead of the undefined interpretation of R in the original structure."
"REV-OLTEMODLIN-003","source_correction_decision","medium","high_mathematical_repair_moderate_disclosure_wording","OLTEMODLIN-003","required a nonempty fibre closed under original constant interpretations; adjacent sourcecorrection discloses the repair","Telugu","Telu","te-Telu-IN","OLP-0205","model-theory/lindstrom/abstract-logics","content/model-theory/lindstrom/abstract-logics.tex","translation/content/model-theory/lindstrom/abstract-logics.tex","lines 90-104, Relativization Property","translation/content/model-theory/lindstrom/abstract-logics.tex:151-160","OLP-0205-B008","","pending_coherent_reader_pagination","mathematical_correction_qa_passed_disclosure_wording_open_for_optional_review_no_hold","Please double-check that relativization is restricted to a nonempty fibre containing every original constant interpretation, exactly as required for an induced substructure."
"REV-OLTEMODLIN-017","source_correction_decision","medium","high_mathematical_repair_moderate_disclosure_wording","OLTEMODLIN-017","used one shared P,Q pair for both coded structures; adjacent sourcecorrection discloses the repair","Telugu","Telu","te-Telu-IN","OLP-0206","model-theory/lindstrom/ls-property","content/model-theory/lindstrom/ls-property.tex","translation/content/model-theory/lindstrom/ls-property.tex","lines 59-72; mapped segment within audited scope lines 68-86, two coded sequence structures","translation/content/model-theory/lindstrom/ls-property.tex:61-77","OLP-0206-B012","","pending_coherent_reader_pagination","mathematical_correction_qa_passed_disclosure_wording_open_for_optional_review_no_hold","Please double-check that both coded sequence structures interpret the same fresh predicate symbols P and Q, so the ambient comparison has one vocabulary."
"REV-OLTEMODLIN-017","source_correction_decision","medium","high_mathematical_repair_moderate_disclosure_wording","OLTEMODLIN-017","used one shared P,Q pair for both coded structures; adjacent sourcecorrection discloses the repair","Telugu","Telu","te-Telu-IN","OLP-0206","model-theory/lindstrom/ls-property","content/model-theory/lindstrom/ls-property.tex","translation/content/model-theory/lindstrom/ls-property.tex","lines 74-86; mapped segment within audited scope lines 68-86, two coded sequence structures","translation/content/model-theory/lindstrom/ls-property.tex:79-127","OLP-0206-B013","","pending_coherent_reader_pagination","mathematical_correction_qa_passed_disclosure_wording_open_for_optional_review_no_hold","Please double-check that both coded sequence structures interpret the same fresh predicate symbols P and Q, so the ambient comparison has one vocabulary."
"REV-OLTEMODLIN-021","source_correction_decision","medium","high_mathematical_repair_moderate_disclosure_wording","OLTEMODLIN-021","prepared disjoint tagged element and sequence sorts before coding; adjacent sourcecorrection discloses the repair","Telugu","Telu","te-Telu-IN","OLP-0206","model-theory/lindstrom/ls-property","content/model-theory/lindstrom/ls-property.tex","translation/content/model-theory/lindstrom/ls-property.tex","lines 59-72; mapped segment within audited scope lines 59-86, element and finite-sequence sorts","translation/content/model-theory/lindstrom/ls-property.tex:61-77","OLP-0206-B012","","pending_coherent_reader_pagination","mathematical_correction_qa_passed_disclosure_wording_open_for_optional_review_no_hold","Please double-check that the element and finite-sequence domains are prepared as tagged disjoint sorts before their union is used."
"REV-OLTEMODLIN-021","source_correction_decision","medium","high_mathematical_repair_moderate_disclosure_wording","OLTEMODLIN-021","prepared disjoint tagged element and sequence sorts before coding; adjacent sourcecorrection discloses the repair","Telugu","Telu","te-Telu-IN","OLP-0206","model-theory/lindstrom/ls-property","content/model-theory/lindstrom/ls-property.tex","translation/content/model-theory/lindstrom/ls-property.tex","lines 74-86; mapped segment within audited scope lines 59-86, element and finite-sequence sorts","translation/content/model-theory/lindstrom/ls-property.tex:79-127","OLP-0206-B013","","pending_coherent_reader_pagination","mathematical_correction_qa_passed_disclosure_wording_open_for_optional_review_no_hold","Please double-check that the element and finite-sequence domains are prepared as tagged disjoint sorts before their union is used."
"REV-OLTEMODLIN-005","source_correction_decision","medium","high_mathematical_repair_moderate_disclosure_wording","OLTEMODLIN-005","coded membership of the coordinate map in the chosen partial-isomorphism family; adjacent sourcecorrection discloses the repair","Telugu","Telu","te-Telu-IN","OLP-0206","model-theory/lindstrom/ls-property","content/model-theory/lindstrom/ls-property.tex","translation/content/model-theory/lindstrom/ls-property.tex","lines 74-80, definition of the coding relation I","translation/content/model-theory/lindstrom/ls-property.tex:98-108","OLP-0206-B013","","pending_coherent_reader_pagination","mathematical_correction_qa_passed_disclosure_wording_open_for_optional_review_no_hold","Please double-check that I codes membership of the coordinate map sending each a_i to b_i in the chosen partial-isomorphism family."
"REV-OLTEMODLIN-006","source_correction_decision","medium","high_mathematical_repair_moderate_disclosure_wording","OLTEMODLIN-006","renamed the ambient coding structure K and model K-zero and repaired starred domains; adjacent sourcecorrection discloses the repair","Telugu","Telu","te-Telu-IN","OLP-0206","model-theory/lindstrom/ls-property","content/model-theory/lindstrom/ls-property.tex","translation/content/model-theory/lindstrom/ls-property.tex","lines 74-86; mapped segment within audited scope lines 80-118 and figure, ambient coding structure","translation/content/model-theory/lindstrom/ls-property.tex:79-127","OLP-0206-B013","","pending_coherent_reader_pagination","mathematical_correction_qa_passed_disclosure_wording_open_for_optional_review_no_hold","Please double-check that K and K-zero name the ambient coding structure and its countable model, and that both starred domains use well-formed subscripts."
"REV-OLTEMODLIN-006","source_correction_decision","medium","high_mathematical_repair_moderate_disclosure_wording","OLTEMODLIN-006","renamed the ambient coding structure K and model K-zero and repaired starred domains; adjacent sourcecorrection discloses the repair","Telugu","Telu","te-Telu-IN","OLP-0206","model-theory/lindstrom/ls-property","content/model-theory/lindstrom/ls-property.tex","translation/content/model-theory/lindstrom/ls-property.tex","lines 88-107; mapped segment within audited scope lines 80-118 and figure, ambient coding structure","translation/content/model-theory/lindstrom/ls-property.tex:129-148","OLP-0206-B014","","pending_coherent_reader_pagination","mathematical_correction_qa_passed_disclosure_wording_open_for_optional_review_no_hold","Please double-check that K and K-zero name the ambient coding structure and its countable model, and that both starred domains use well-formed subscripts."
"REV-OLTEMODLIN-006","source_correction_decision","medium","high_mathematical_repair_moderate_disclosure_wording","OLTEMODLIN-006","renamed the ambient coding structure K and model K-zero and repaired starred domains; adjacent sourcecorrection discloses the repair","Telugu","Telu","te-Telu-IN","OLP-0206","model-theory/lindstrom/ls-property","content/model-theory/lindstrom/ls-property.tex","translation/content/model-theory/lindstrom/ls-property.tex","lines 109-122; mapped segment within audited scope lines 80-118 and figure, ambient coding structure","translation/content/model-theory/lindstrom/ls-property.tex:150-172","OLP-0206-B015","","pending_coherent_reader_pagination","mathematical_correction_qa_passed_disclosure_wording_open_for_optional_review_no_hold","Please double-check that K and K-zero name the ambient coding structure and its countable model, and that both starred domains use well-formed subscripts."
"REV-OLTEMODLIN-007","source_correction_decision","medium","high_mathematical_repair_moderate_disclosure_wording","OLTEMODLIN-007","classified D-one as an abstract L-sentence and D-two as first-order; adjacent sourcecorrection discloses the repair","Telugu","Telu","te-Telu-IN","OLP-0206","model-theory/lindstrom/ls-property","content/model-theory/lindstrom/ls-property.tex","translation/content/model-theory/lindstrom/ls-property.tex","lines 109-116, sentences D_1 and D_2","translation/content/model-theory/lindstrom/ls-property.tex:149-160","OLP-0206-B015","","pending_coherent_reader_pagination","mathematical_correction_qa_passed_disclosure_wording_open_for_optional_review_no_hold","Please double-check that D-one is an abstract L-sentence obtained by relativization and Boolean closure, while D-two alone is first-order."
"REV-OLTEMODLIN-008","source_correction_decision","medium","high_mathematical_repair_moderate_disclosure_wording","OLTEMODLIN-008","added normality to the finite-rank lemma hypothesis; adjacent sourcecorrection discloses the repair","Telugu","Telu","te-Telu-IN","OLP-0207","model-theory/lindstrom/lindstrom-proof","content/model-theory/lindstrom/lindstrom-proof.tex","translation/content/model-theory/lindstrom/lindstrom-proof.tex","lines 13-21, finite-rank lemma","translation/content/model-theory/lindstrom/lindstrom-proof.tex:15-26","OLP-0207-B006","","pending_coherent_reader_pagination","mathematical_correction_qa_passed_disclosure_wording_open_for_optional_review_no_hold","Please double-check that the finite-rank lemma explicitly assumes a normal abstract logic, as required to treat its first-order D inside L."
"REV-OLTEMODLIN-009","source_correction_decision","medium","high_mathematical_repair_moderate_disclosure_wording","OLTEMODLIN-009","used A for the bounded first-order sentence variable; adjacent sourcecorrection discloses the repair","Telugu","Telu","te-Telu-IN","OLP-0207","model-theory/lindstrom/lindstrom-proof","content/model-theory/lindstrom/lindstrom-proof.tex","translation/content/model-theory/lindstrom/lindstrom-proof.tex","lines 24-36, construction of D_M","translation/content/model-theory/lindstrom/lindstrom-proof.tex:30-46","OLP-0207-B007","","pending_coherent_reader_pagination","mathematical_correction_qa_passed_disclosure_wording_open_for_optional_review_no_hold","Please double-check that A, rather than the abstract sentence E, ranges over bounded-rank first-order sentences in the finite conjunction."
"REV-OLTEMODLIN-020","source_correction_decision","medium","high_mathematical_repair_moderate_disclosure_wording","OLTEMODLIN-020","selected finite representatives for the Boolean constructions; adjacent sourcecorrection discloses the repair","Telugu","Telu","te-Telu-IN","OLP-0207","model-theory/lindstrom/lindstrom-proof","content/model-theory/lindstrom/lindstrom-proof.tex","translation/content/model-theory/lindstrom/lindstrom-proof.tex","lines 24-36, construction of D_M and D","translation/content/model-theory/lindstrom/lindstrom-proof.tex:47-55","OLP-0207-B007","","pending_coherent_reader_pagination","mathematical_correction_qa_passed_disclosure_wording_open_for_optional_review_no_hold","Please double-check that the conjunctions and disjunction use one representative from each of finitely many equivalence classes, so they are genuine finite first-order formulas."
"REV-OLTEMODLIN-010","source_correction_decision","medium","high_mathematical_repair_moderate_disclosure_wording","OLTEMODLIN-010","repaired both D-N subscripts; adjacent sourcecorrection discloses the repair","Telugu","Telu","te-Telu-IN","OLP-0207","model-theory/lindstrom/lindstrom-proof","content/model-theory/lindstrom/lindstrom-proof.tex","translation/content/model-theory/lindstrom/lindstrom-proof.tex","lines 38-44, converse direction of the lemma","translation/content/model-theory/lindstrom/lindstrom-proof.tex:57-68","OLP-0207-B008","","pending_coherent_reader_pagination","mathematical_correction_qa_passed_disclosure_wording_open_for_optional_review_no_hold","Please double-check that both occurrences of D sub N enclose the full structure symbol N in the subscript."
"REV-OLTEMODLIN-011","source_correction_decision","medium","high_mathematical_repair_moderate_disclosure_wording","OLTEMODLIN-011","added normality to the Lindstrom theorem hypothesis; adjacent sourcecorrection discloses the repair","Telugu","Telu","te-Telu-IN","OLP-0207","model-theory/lindstrom/lindstrom-proof","content/model-theory/lindstrom/lindstrom-proof.tex","translation/content/model-theory/lindstrom/lindstrom-proof.tex","lines 47-52, Lindstrom theorem statement","translation/content/model-theory/lindstrom/lindstrom-proof.tex:72-81","OLP-0207-B009","","pending_coherent_reader_pagination","mathematical_correction_qa_passed_disclosure_wording_open_for_optional_review_no_hold","Please double-check that the Lindström theorem explicitly assumes normality in addition to compactness and the Löwenheim--Skolem property."
"REV-OLTEMODLIN-022","source_correction_decision","medium","high_mathematical_repair_moderate_disclosure_wording","OLTEMODLIN-022","restored emptyseq notation for the empty sequence; adjacent sourcecorrection discloses the repair","Telugu","Telu","te-Telu-IN","OLP-0207","model-theory/lindstrom/lindstrom-proof","content/model-theory/lindstrom/lindstrom-proof.tex","translation/content/model-theory/lindstrom/lindstrom-proof.tex","lines 54-64; mapped segment within audited scope lines 61-69, two I_n base-tuple occurrences","translation/content/model-theory/lindstrom/lindstrom-proof.tex:85-100","OLP-0207-B010","","pending_coherent_reader_pagination","mathematical_correction_qa_passed_disclosure_wording_open_for_optional_review_no_hold","Please double-check that both base-tuple occurrences use the chapter’s empty-sequence notation emptyseq rather than the empty-set notation emptyset."
"REV-OLTEMODLIN-022","source_correction_decision","medium","high_mathematical_repair_moderate_disclosure_wording","OLTEMODLIN-022","restored emptyseq notation for the empty sequence; adjacent sourcecorrection discloses the repair","Telugu","Telu","te-Telu-IN","OLP-0207","model-theory/lindstrom/lindstrom-proof","content/model-theory/lindstrom/lindstrom-proof.tex","translation/content/model-theory/lindstrom/lindstrom-proof.tex","lines 66-80; mapped segment within audited scope lines 61-69, two I_n base-tuple occurrences","translation/content/model-theory/lindstrom/lindstrom-proof.tex:102-131","OLP-0207-B011","","pending_coherent_reader_pagination","mathematical_correction_qa_passed_disclosure_wording_open_for_optional_review_no_hold","Please double-check that both base-tuple occurrences use the chapter’s empty-sequence notation emptyseq rather than the empty-set notation emptyset."
"REV-OLTEMODLIN-012","source_correction_decision","medium","high_mathematical_repair_moderate_disclosure_wording","OLTEMODLIN-012","made the compatible-copy, rank-preserving reindexing, and tagged-sort preparations explicit; adjacent sourcecorrection discloses the repair","Telugu","Telu","te-Telu-IN","OLP-0207","model-theory/lindstrom/lindstrom-proof","content/model-theory/lindstrom/lindstrom-proof.tex","translation/content/model-theory/lindstrom/lindstrom-proof.tex","lines 66-80; mapped segment within audited scope lines 66-95, subsequence and union constructions","translation/content/model-theory/lindstrom/lindstrom-proof.tex:102-131","OLP-0207-B011","","pending_coherent_reader_pagination","mathematical_correction_qa_passed_disclosure_wording_open_for_optional_review_no_hold","Please double-check that the subsequence is reindexed rank-preservingly and that compatible copies and tagged disjoint sorts make the stated unions well defined."
"REV-OLTEMODLIN-012","source_correction_decision","medium","high_mathematical_repair_moderate_disclosure_wording","OLTEMODLIN-012","made the compatible-copy, rank-preserving reindexing, and tagged-sort preparations explicit; adjacent sourcecorrection discloses the repair","Telugu","Telu","te-Telu-IN","OLP-0207","model-theory/lindstrom/lindstrom-proof","content/model-theory/lindstrom/lindstrom-proof.tex","translation/content/model-theory/lindstrom/lindstrom-proof.tex","lines 82-98; mapped segment within audited scope lines 66-95, subsequence and union constructions","translation/content/model-theory/lindstrom/lindstrom-proof.tex:133-152","OLP-0207-B012","","pending_coherent_reader_pagination","mathematical_correction_qa_passed_disclosure_wording_open_for_optional_review_no_hold","Please double-check that the subsequence is reindexed rank-preservingly and that compatible copies and tagged disjoint sorts make the stated unions well defined."
"REV-OLTEMODLIN-013","source_correction_decision","medium","high_mathematical_repair_moderate_disclosure_wording","OLTEMODLIN-013","separated the ambient K and compactness model K-star from the side structures; adjacent sourcecorrection discloses the repair","Telugu","Telu","te-Telu-IN","OLP-0207","model-theory/lindstrom/lindstrom-proof","content/model-theory/lindstrom/lindstrom-proof.tex","translation/content/model-theory/lindstrom/lindstrom-proof.tex","lines 82-98; mapped segment within audited scope lines 82-109, ambient coding structure and compactness model","translation/content/model-theory/lindstrom/lindstrom-proof.tex:133-152","OLP-0207-B012","","pending_coherent_reader_pagination","mathematical_correction_qa_passed_disclosure_wording_open_for_optional_review_no_hold","Please double-check that K names the ambient structure and K-star its compactness model, without colliding with the previously constructed M-star side structure."
"REV-OLTEMODLIN-013","source_correction_decision","medium","high_mathematical_repair_moderate_disclosure_wording","OLTEMODLIN-013","separated the ambient K and compactness model K-star from the side structures; adjacent sourcecorrection discloses the repair","Telugu","Telu","te-Telu-IN","OLP-0207","model-theory/lindstrom/lindstrom-proof","content/model-theory/lindstrom/lindstrom-proof.tex","translation/content/model-theory/lindstrom/lindstrom-proof.tex","lines 100-105; mapped segment within audited scope lines 82-109, ambient coding structure and compactness model","translation/content/model-theory/lindstrom/lindstrom-proof.tex:154-171","OLP-0207-B013","","pending_coherent_reader_pagination","mathematical_correction_qa_passed_disclosure_wording_open_for_optional_review_no_hold","Please double-check that K names the ambient structure and K-star its compactness model, without colliding with the previously constructed M-star side structure."
"REV-OLTEMODLIN-013","source_correction_decision","medium","high_mathematical_repair_moderate_disclosure_wording","OLTEMODLIN-013","separated the ambient K and compactness model K-star from the side structures; adjacent sourcecorrection discloses the repair","Telugu","Telu","te-Telu-IN","OLP-0207","model-theory/lindstrom/lindstrom-proof","content/model-theory/lindstrom/lindstrom-proof.tex","translation/content/model-theory/lindstrom/lindstrom-proof.tex","lines 107-122; mapped segment within audited scope lines 82-109, ambient coding structure and compactness model","translation/content/model-theory/lindstrom/lindstrom-proof.tex:173-203","OLP-0207-B014","","pending_coherent_reader_pagination","mathematical_correction_qa_passed_disclosure_wording_open_for_optional_review_no_hold","Please double-check that K names the ambient structure and K-star its compactness model, without colliding with the previously constructed M-star side structure."
"REV-OLTEMODLIN-014","source_correction_decision","medium","high_mathematical_repair_moderate_disclosure_wording","OLTEMODLIN-014","used the abstract satisfaction relation models-L in the coding sentence; adjacent sourcecorrection discloses the repair","Telugu","Telu","te-Telu-IN","OLP-0207","model-theory/lindstrom/lindstrom-proof","content/model-theory/lindstrom/lindstrom-proof.tex","translation/content/model-theory/lindstrom/lindstrom-proof.tex","lines 100-105, sentence D","translation/content/model-theory/lindstrom/lindstrom-proof.tex:155-167","OLP-0207-B013","","pending_coherent_reader_pagination","mathematical_correction_qa_passed_disclosure_wording_open_for_optional_review_no_hold","Please double-check that the abstract sentence E is evaluated with models-L in both M_n and N_n clauses."
"REV-OLTEMODLIN-015","source_correction_decision","medium","high_mathematical_repair_moderate_disclosure_wording","OLTEMODLIN-015","added the fresh constant and finite type forcing a nonstandard index; adjacent sourcecorrection discloses the repair","Telugu","Telu","te-Telu-IN","OLP-0207","model-theory/lindstrom/lindstrom-proof","content/model-theory/lindstrom/lindstrom-proof.tex","translation/content/model-theory/lindstrom/lindstrom-proof.tex","lines 107-121, compactness step","translation/content/model-theory/lindstrom/lindstrom-proof.tex:169-184","OLP-0207-B014","","pending_coherent_reader_pagination","mathematical_correction_qa_passed_disclosure_wording_open_for_optional_review_no_hold","Please double-check that the fresh constant d and the full type of numeral inequalities force its value to be a nonstandard index after compactness."
"REV-OLTECMPREC-001","source_correction_decision","medium","high_mathematical_repair_moderate_disclosure_wording","OLTECMPREC-001","restored the forward dependency from h(x) to h(x+1); adjacent sourcecorrection discloses the repair","Telugu","Telu","te-Telu-IN","OLP-0211","computability/recursive-functions/primitive-recursion","content/computability/recursive-functions/primitive-recursion.tex","translation/content/computability/recursive-functions/primitive-recursion.tex","lines 15-24, motivating induction through successive arguments","translation/content/computability/recursive-functions/primitive-recursion.tex:22-25","OLP-0211-B005","","pending_coherent_reader_pagination","mathematical_correction_qa_passed_disclosure_wording_open_for_optional_review_no_hold","Please double-check that the motivating recursion proceeds from h(x) to h(x+1), consistently with every adjacent example and defining equation."
"REV-OLTECMPREC-002","source_correction_decision","medium","high_mathematical_repair_moderate_disclosure_wording","OLTECMPREC-002","restored n-1 as the final argument index of the n-place function h; adjacent sourcecorrection discloses the repair","Telugu","Telu","te-Telu-IN","OLP-0212","computability/recursive-functions/composition","content/computability/recursive-functions/composition.tex","translation/content/computability/recursive-functions/composition.tex","lines 20-27, computability explanation after the composition display","translation/content/computability/recursive-functions/composition.tex:24-29","OLP-0212-B006","","pending_coherent_reader_pagination","mathematical_correction_qa_passed_disclosure_wording_open_for_optional_review_no_hold","Please double-check that the composed n-place function h retains arguments x_0 through x_{n-1}, while k continues to count the inner functions supplied to f."
"REV-OLTECMPREC-003","source_correction_decision","medium","high_mathematical_repair_moderate_disclosure_wording","OLTECMPREC-003","rendered the title with the primitive-recursive-function meaning used throughout the section; adjacent sourcecorrection discloses the repair","Telugu","Telu","te-Telu-IN","OLP-0213","computability/recursive-functions/pr-functions","content/computability/recursive-functions/pr-functions.tex","translation/content/computability/recursive-functions/pr-functions.tex","lines 9-10, section identifier and title","translation/content/computability/recursive-functions/pr-functions.tex:10-11","OLP-0213-B004","","pending_coherent_reader_pagination","mathematical_correction_qa_passed_disclosure_wording_open_for_optional_review_no_hold","Please double-check that the repaired title denotes primitive recursive functions, not functions named “primitive recursion.”"
"REV-OLTECMPREC-004","source_correction_decision","medium","high_mathematical_repair_moderate_disclosure_wording","OLTECMPREC-004","made the construction cumulative by retaining S_i inside S_{i+1}; adjacent sourcecorrection discloses the repair","Telugu","Telu","te-Telu-IN","OLP-0213","computability/recursive-functions/pr-functions","content/computability/recursive-functions/pr-functions.tex","translation/content/computability/recursive-functions/pr-functions.tex","lines 69-79, stage construction of the primitive recursive functions","translation/content/computability/recursive-functions/pr-functions.tex:69-79","OLP-0213-B011","","pending_coherent_reader_pagination","mathematical_correction_qa_passed_disclosure_wording_open_for_optional_review_no_hold","Please double-check that every stage S_{i+1} retains S_i and adds the one-step compositions and primitive recursions, so the union is the intended closure."
"REV-OLTECMPREC-005","source_correction_decision","medium","high_mathematical_repair_moderate_disclosure_wording","OLTECMPREC-005","restored n as the projection arity symbol used by the adjacent definition; adjacent sourcecorrection discloses the repair","Telugu","Telu","te-Telu-IN","OLP-0212","computability/recursive-functions/composition","content/computability/recursive-functions/composition.tex","translation/content/computability/recursive-functions/composition.tex","lines 34-39, definition and naming of projection functions","translation/content/computability/recursive-functions/composition.tex:37-42","OLP-0212-B007","","pending_coherent_reader_pagination","mathematical_correction_qa_passed_disclosure_wording_open_for_optional_review_no_hold","Please double-check that the projection family is indexed by its n argument places in the naming sentence, matching the adjacent definition."
"REV-OLTECMPREC-006","source_correction_decision","medium","high_mathematical_repair_moderate_disclosure_wording","OLTECMPREC-006","used const_2 in the doubling construction, matching the stated function and displayed composition; adjacent sourcecorrection discloses the repair","Telugu","Telu","te-Telu-IN","OLP-0216","computability/recursive-functions/examples","content/computability/recursive-functions/examples.tex","translation/content/computability/recursive-functions/examples.tex","lines 13-23, construction of f(x)=2 times x","translation/content/computability/recursive-functions/examples.tex:13-23","OLP-0216-B005","","pending_coherent_reader_pagination","mathematical_correction_qa_passed_disclosure_wording_open_for_optional_review_no_hold","Please double-check that the doubling construction uses const_2 rather than the unrestricted const_n, matching f(x)=2 times x and the displayed composition."
"REV-OLTECRREM-001","source_correction_decision","medium","high_mathematical_repair_moderate_disclosure_wording","OLTECRREM-001","named the displayed x less-than-or-equal y relation correctly; adjacent sourcecorrection discloses the repair","Telugu","Telu","te-Telu-IN","OLP-0217","computability/recursive-functions/pr-relations","content/computability/recursive-functions/pr-relations.tex","translation/content/computability/recursive-functions/pr-relations.tex","lines 38-45, examples of primitive recursive relations","translation/content/computability/recursive-functions/pr-relations.tex:38-46","OLP-0217-B007","","pending_coherent_reader_pagination","mathematical_correction_qa_passed_disclosure_wording_open_for_optional_review_no_hold","Please double-check that the displayed x less-than-or-equal y relation is named non-strict order rather than strict less-than."
"REV-OLTECRREM-002","source_correction_decision","medium","high_mathematical_repair_moderate_disclosure_wording","OLTECRREM-002","preserved vec x as the parameter vector in the third case; adjacent sourcecorrection discloses the repair","Telugu","Telu","te-Telu-IN","OLP-0218","computability/recursive-functions/bounded-minimization","content/computability/recursive-functions/bounded-minimization.tex","translation/content/computability/recursive-functions/bounded-minimization.tex","lines 41-49, three successor-bound cases","translation/content/computability/recursive-functions/bounded-minimization.tex:42-51","OLP-0218-B008","","pending_coherent_reader_pagination","mathematical_correction_qa_passed_disclosure_wording_open_for_optional_review_no_hold","Please double-check that the third successor-bound case preserves the parameter vector x used by the relation and the other two cases."
"REV-OLTECRREM-003","source_correction_decision","medium","high_mathematical_repair_moderate_disclosure_wording","OLTECRREM-003","described the remainder when y is divided by x; adjacent sourcecorrection discloses the repair","Telugu","Telu","te-Telu-IN","OLP-0219","computability/recursive-functions/primes","content/computability/recursive-functions/primes.tex","translation/content/computability/recursive-functions/primes.tex","lines 12-27, divisibility explanation","translation/content/computability/recursive-functions/primes.tex:12-28","OLP-0219-B005","","pending_coherent_reader_pagination","mathematical_correction_qa_passed_disclosure_wording_open_for_optional_review_no_hold","Please double-check that x divides y is explained through the remainder when y is divided by x, not the reverse operation."
"REV-OLTECRREM-004","source_correction_decision","medium","high_mathematical_repair_moderate_disclosure_wording","OLTECRREM-004","separated the nextPrime function name from its argument in both malformed occurrences; adjacent sourcecorrection discloses the repair","Telugu","Telu","te-Telu-IN","OLP-0219","computability/recursive-functions/primes","content/computability/recursive-functions/primes.tex","translation/content/computability/recursive-functions/primes.tex","lines 46-60, next-prime definition","translation/content/computability/recursive-functions/primes.tex:48-65","OLP-0219-B008","","pending_coherent_reader_pagination","mathematical_correction_qa_passed_disclosure_wording_open_for_optional_review_no_hold","Please double-check that nextPrime is typeset as a function name followed by its argument in both repaired occurrences."
"REV-OLTECRREM-005","source_correction_decision","medium","high_mathematical_repair_moderate_disclosure_wording","OLTECRREM-005","handled x=0 and x=1 directly before applying the prime-product argument at x at least 2; adjacent sourcecorrection discloses the repair","Telugu","Telu","te-Telu-IN","OLP-0219","computability/recursive-functions/primes","content/computability/recursive-functions/primes.tex","translation/content/computability/recursive-functions/primes.tex","lines 64-74, Euclid-bound proof","translation/content/computability/recursive-functions/primes.tex:67-80","OLP-0219-B009","","pending_coherent_reader_pagination","mathematical_correction_qa_passed_disclosure_wording_open_for_optional_review_no_hold","Please double-check that x=0 and x=1 are discharged directly before the Euclid product proof assumes a largest prime at most x."
"REV-OLTECRREM-006","source_correction_decision","medium","high_mathematical_repair_moderate_disclosure_wording","OLTECRREM-006","replaced the malformed empty-tuple application with the asserted sequence-to-code mapping; adjacent sourcecorrection discloses the repair","Telugu","Telu","te-Telu-IN","OLP-0220","computability/recursive-functions/sequences","content/computability/recursive-functions/sequences.tex","translation/content/computability/recursive-functions/sequences.tex","lines 27-36, uniqueness of sequence coding","translation/content/computability/recursive-functions/sequences.tex:26-35","OLP-0220-B006","","pending_coherent_reader_pagination","mathematical_correction_qa_passed_disclosure_wording_open_for_optional_review_no_hold","Please double-check that the repaired map explicitly sends a finite tuple to its numeric sequence code and states the injective direction correctly."
"REV-OLTECRREM-007","source_correction_decision","medium","high_mathematical_repair_moderate_disclosure_wording","OLTECRREM-007","defined the bound at k=0 and made the bounded search inclusive; adjacent sourcecorrection discloses the repair","Telugu","Telu","te-Telu-IN","OLP-0220","computability/recursive-functions/sequences","content/computability/recursive-functions/sequences.tex","translation/content/computability/recursive-functions/sequences.tex","lines 144-154; mapped segment within audited scope lines 144-168, sequence bound and bounded-search concatenation","translation/content/computability/recursive-functions/sequences.tex:144-154","OLP-0220-B018","","pending_coherent_reader_pagination","mathematical_correction_qa_passed_disclosure_wording_open_for_optional_review_no_hold","Please double-check that the sequence bound is defined at length zero and that the bounded search includes a code equal to the proved upper bound."
"REV-OLTECRREM-007","source_correction_decision","medium","high_mathematical_repair_moderate_disclosure_wording","OLTECRREM-007","defined the bound at k=0 and made the bounded search inclusive; adjacent sourcecorrection discloses the repair","Telugu","Telu","te-Telu-IN","OLP-0220","computability/recursive-functions/sequences","content/computability/recursive-functions/sequences.tex","translation/content/computability/recursive-functions/sequences.tex","lines 156-168; mapped segment within audited scope lines 144-168, sequence bound and bounded-search concatenation","translation/content/computability/recursive-functions/sequences.tex:156-168","OLP-0220-B019","","pending_coherent_reader_pagination","mathematical_correction_qa_passed_disclosure_wording_open_for_optional_review_no_hold","Please double-check that the sequence bound is defined at length zero and that the bounded search includes a code equal to the proved upper bound."
"REV-OLTECRREM-008","source_correction_decision","medium","high_mathematical_repair_moderate_disclosure_wording","OLTECRREM-008","described the cumulative construction as containing subtrees at distance at most n; adjacent sourcecorrection discloses the repair","Telugu","Telu","te-Telu-IN","OLP-0221","computability/recursive-functions/trees","content/computability/recursive-functions/trees.tex","translation/content/computability/recursive-functions/trees.tex","lines 37-47, intended levels of hSubtreeSeq","translation/content/computability/recursive-functions/trees.tex:36-47","OLP-0221-B008","","pending_coherent_reader_pagination","mathematical_correction_qa_passed_disclosure_wording_open_for_optional_review_no_hold","Please double-check that hSubtreeSeq is described cumulatively as listing subtrees at distance at most n, matching its recurrence."
"REV-OLTECRREM-009","source_correction_decision","medium","high_mathematical_repair_moderate_disclosure_wording","OLTECRREM-009","used an empty base and added the kth entry in the k-to-k+1 step, so the length call stays in range; adjacent sourcecorrection discloses the repair","Telugu","Telu","te-Telu-IN","OLP-0221","computability/recursive-functions/trees","content/computability/recursive-functions/trees.tex","translation/content/computability/recursive-functions/trees.tex","lines 48-57, g_f recursion and h application","translation/content/computability/recursive-functions/trees.tex:48-59","OLP-0221-B008","","pending_coherent_reader_pagination","mathematical_correction_qa_passed_disclosure_wording_open_for_optional_review_no_hold","Please double-check that the sequence fold starts empty and appends indices 0 through k-1, so the length call never reads past the sequence."
"REV-OLTECRREM-010","source_correction_decision","medium","high_mathematical_repair_moderate_disclosure_wording","OLTECRREM-010","removed the impossible non-index disjunct and stated the direct contradiction in each diagonal case; adjacent sourcecorrection discloses the repair","Telugu","Telu","te-Telu-IN","OLP-0226","computability/recursive-functions/halting-problem","content/computability/recursive-functions/halting-problem.tex","translation/content/computability/recursive-functions/halting-problem.tex","lines 27-48; mapped segment within audited scope lines 27-48 and 55-89, universal cfind family and diagonal proof","translation/content/computability/recursive-functions/halting-problem.tex:25-44","OLP-0226-B006","","pending_coherent_reader_pagination","mathematical_correction_qa_passed_disclosure_wording_open_for_optional_review_no_hold","Please double-check that the universal indexed family removes the impossible non-index branch and that both halting values directly contradict the diagonal index equation."
"REV-OLTECRREM-010","source_correction_decision","medium","high_mathematical_repair_moderate_disclosure_wording","OLTECRREM-010","removed the impossible non-index disjunct and stated the direct contradiction in each diagonal case; adjacent sourcecorrection discloses the repair","Telugu","Telu","te-Telu-IN","OLP-0226","computability/recursive-functions/halting-problem","content/computability/recursive-functions/halting-problem.tex","translation/content/computability/recursive-functions/halting-problem.tex","lines 55-90; mapped segment within audited scope lines 27-48 and 55-89, universal cfind family and diagonal proof","translation/content/computability/recursive-functions/halting-problem.tex:51-83","OLP-0226-B008","","pending_coherent_reader_pagination","mathematical_correction_qa_passed_disclosure_wording_open_for_optional_review_no_hold","Please double-check that the universal indexed family removes the impossible non-index branch and that both halting values directly contradict the diagonal index equation."
"REV-OLTECOMTHY-001","source_correction_decision","medium","high_mathematical_repair_moderate_disclosure_wording","OLTECOMTHY-001","used e consistently as the program and machine-description index; adjacent sourcecorrection discloses the repair","Telugu","Telu","te-Telu-IN","OLP-0232","computability/computability-theory/s-m-n","content/computability/computability-theory/s-m-n.tex","translation/content/computability/computability-theory/s-m-n.tex","lines 31-40, program interpretation of s-m-n","translation/content/computability/computability-theory/s-m-n.tex:31-41","OLP-0232-B007","","pending_coherent_reader_pagination","mathematical_correction_qa_passed_disclosure_wording_open_for_optional_review_no_hold","Please double-check that e remains the program or machine-description index throughout the s-m-n explanation."
"REV-OLTECOMTHY-002","source_correction_decision","medium","high_mathematical_repair_moderate_disclosure_wording","OLTECOMTHY-002","stated that the partial function is universal for all partial computable functions; adjacent sourcecorrection discloses the repair","Telugu","Telu","te-Telu-IN","OLP-0234","computability/computability-theory/no-universal-function","content/computability/computability-theory/no-universal-function.tex","translation/content/computability/computability-theory/no-universal-function.tex","lines 12-14, opening contrast","translation/content/computability/computability-theory/no-universal-function.tex:12-15","OLP-0234-B005","","pending_coherent_reader_pagination","mathematical_correction_qa_passed_disclosure_wording_open_for_optional_review_no_hold","Please double-check that the opening contrast says the partial function is universal, not total, for all partial computable functions."
"REV-OLTECOMTHY-003","source_correction_decision","medium","high_mathematical_repair_moderate_disclosure_wording","OLTECOMTHY-003","attributed the zero-value definedness condition to g rather than the assumed-total h; adjacent sourcecorrection discloses the repair","Telugu","Telu","te-Telu-IN","OLP-0235","computability/computability-theory/halting-problem","content/computability/computability-theory/halting-problem.tex","translation/content/computability/computability-theory/halting-problem.tex","lines 71-77, second diagonal proof","translation/content/computability/computability-theory/halting-problem.tex:67-80","OLP-0235-B008","","pending_coherent_reader_pagination","mathematical_correction_qa_passed_disclosure_wording_open_for_optional_review_no_hold","Please double-check that the second halting proof attributes definedness to g and treats the assumed computable h as total."
"REV-OLTECOMTHY-004","source_correction_decision","medium","high_mathematical_repair_moderate_disclosure_wording","OLTECOMTHY-004","used S in the second self-membership clause; adjacent sourcecorrection discloses the repair","Telugu","Telu","te-Telu-IN","OLP-0236","computability/computability-theory/russells-paradox","content/computability/computability-theory/russells-paradox.tex","translation/content/computability/computability-theory/russells-paradox.tex","lines 12-16; mapped segment within audited scope lines 15-20, Russell set contradiction","translation/content/computability/computability-theory/russells-paradox.tex:12-16","OLP-0236-B005","","pending_coherent_reader_pagination","mathematical_correction_qa_passed_disclosure_wording_open_for_optional_review_no_hold","Please double-check that Russell self-membership uses S on both sides of the biconditional and introduces no stray X."
"REV-OLTECOMTHY-004","source_correction_decision","medium","high_mathematical_repair_moderate_disclosure_wording","OLTECOMTHY-004","used S in the second self-membership clause; adjacent sourcecorrection discloses the repair","Telugu","Telu","te-Telu-IN","OLP-0236","computability/computability-theory/russells-paradox","content/computability/computability-theory/russells-paradox.tex","translation/content/computability/computability-theory/russells-paradox.tex","lines 18-20; mapped segment within audited scope lines 15-20, Russell set contradiction","translation/content/computability/computability-theory/russells-paradox.tex:18-20","OLP-0236-B006","","pending_coherent_reader_pagination","mathematical_correction_qa_passed_disclosure_wording_open_for_optional_review_no_hold","Please double-check that Russell self-membership uses S on both sides of the biconditional and introduces no stray X."
"REV-OLTECOMTHY-005","source_correction_decision","medium","high_mathematical_repair_moderate_disclosure_wording","OLTECOMTHY-005","translated the correctly spelled full title; adjacent sourcecorrection discloses the repair","Telugu","Telu","te-Telu-IN","OLP-0239","computability/computability-theory/equiv-ce-defs","content/computability/computability-theory/equiv-ce-defs.tex","translation/content/computability/computability-theory/equiv-ce-defs.tex","lines 11-12; mapped segment within audited scope lines 11-12, full section title","translation/content/computability/computability-theory/equiv-ce-defs.tex:11-12","OLP-0239-B005","","pending_coherent_reader_pagination","mathematical_correction_qa_passed_disclosure_wording_open_for_optional_review_no_hold","Please double-check that the corrected full section title simply removes the source spelling error without changing its scope."
"REV-OLTECOMTHY-005","source_correction_decision","medium","high_mathematical_repair_moderate_disclosure_wording","OLTECOMTHY-005","translated the correctly spelled full title; adjacent sourcecorrection discloses the repair","Telugu","Telu","te-Telu-IN","OLP-0239","computability/computability-theory/equiv-ce-defs","content/computability/computability-theory/equiv-ce-defs.tex","translation/content/computability/computability-theory/equiv-ce-defs.tex","lines 15-16; mapped segment within audited scope lines 11-12, full section title","translation/content/computability/computability-theory/equiv-ce-defs.tex:15-17","OLP-0239-B006","","pending_coherent_reader_pagination","mathematical_correction_qa_passed_disclosure_wording_open_for_optional_review_no_hold","Please double-check that the corrected full section title simply removes the source spelling error without changing its scope."
"REV-OLTECOMTHY-006","source_correction_decision","medium","high_mathematical_repair_moderate_disclosure_wording","OLTECOMTHY-006","used (z)_0 as the argument whose computation code is (z)_1; adjacent sourcecorrection discloses the repair","Telugu","Telu","te-Telu-IN","OLP-0239","computability/computability-theory/equiv-ce-defs","content/computability/computability-theory/equiv-ce-defs.tex","translation/content/computability/computability-theory/equiv-ce-defs.tex","lines 75-81, reverse range inclusion","translation/content/computability/computability-theory/equiv-ce-defs.tex:76-82","OLP-0239-B011","","pending_coherent_reader_pagination","mathematical_correction_qa_passed_disclosure_wording_open_for_optional_review_no_hold","Please double-check that the reverse range proof evaluates cfind_e at (z)_0, the input encoded by the displayed computation pair."
"REV-OLTECOMTHY-007","source_correction_decision","medium","high_mathematical_repair_moderate_disclosure_wording","OLTECOMTHY-007","rendered the intended by-looking relation and comparative meaning; adjacent sourcecorrection discloses both local repairs","Telugu","Telu","te-Telu-IN","OLP-0241","computability/computability-theory/ce-closed-cup-cap","content/computability/computability-theory/ce-closed-cup-cap.tex","translation/content/computability/computability-theory/ce-closed-cup-cap.tex","lines 36-42; mapped segment within audited scope lines 37-40 and 52-54, simultaneous-search explanation","translation/content/computability/computability-theory/ce-closed-cup-cap.tex:36-42","OLP-0241-B010","","pending_coherent_reader_pagination","mathematical_correction_qa_passed_disclosure_wording_open_for_optional_review_no_hold","Please double-check that the closure proof repairs “for looking” and “tricker” without changing either enumeration construction."
"REV-OLTECOMTHY-007","source_correction_decision","medium","high_mathematical_repair_moderate_disclosure_wording","OLTECOMTHY-007","rendered the intended by-looking relation and comparative meaning; adjacent sourcecorrection discloses both local repairs","Telugu","Telu","te-Telu-IN","OLP-0241","computability/computability-theory/ce-closed-cup-cap","content/computability/computability-theory/ce-closed-cup-cap.tex","translation/content/computability/computability-theory/ce-closed-cup-cap.tex","lines 44-65; mapped segment within audited scope lines 37-40 and 52-54, simultaneous-search explanation","translation/content/computability/computability-theory/ce-closed-cup-cap.tex:44-66","OLP-0241-B011","","pending_coherent_reader_pagination","mathematical_correction_qa_passed_disclosure_wording_open_for_optional_review_no_hold","Please double-check that the closure proof repairs “for looking” and “tricker” without changing either enumeration construction."
"REV-OLTECOMTHY-008","source_correction_decision","medium","high_mathematical_repair_moderate_disclosure_wording","OLTECOMTHY-008","used d in the two T atoms and in the statement identifying the computation defined exactly on A; adjacent sourcecorrection discloses the repair","Telugu","Telu","te-Telu-IN","OLP-0242","computability/computability-theory/complement-ce","content/computability/computability-theory/complement-ce.tex","translation/content/computability/computability-theory/complement-ce.tex","lines 29-41, reverse implication","translation/content/computability/computability-theory/complement-ce.tex:28-41","OLP-0242-B008","","pending_coherent_reader_pagination","mathematical_correction_qa_passed_disclosure_wording_open_for_optional_review_no_hold","Please double-check that the complement proof uses d, not e, in T(d,x,h(x)) because cfind_d has domain A."
"REV-OLTECOMTHY-009","source_correction_decision","medium","high_mathematical_repair_moderate_disclosure_wording","OLTECOMTHY-009","used the already defined d,e pair and associated d with A; adjacent sourcecorrection discloses the repair","Telugu","Telu","te-Telu-IN","OLP-0242","computability/computability-theory/complement-ce","content/computability/computability-theory/complement-ce.tex","translation/content/computability/computability-theory/complement-ce.tex","lines 44-49, informal parallel-search explanation","translation/content/computability/computability-theory/complement-ce.tex:44-50","OLP-0242-B009","","pending_coherent_reader_pagination","mathematical_correction_qa_passed_disclosure_wording_open_for_optional_review_no_hold","Please double-check that the informal parallel-search explanation consistently uses the already assigned indices d and e rather than introducing e and f."
"REV-OLTECOMTHY-010","source_correction_decision","medium","high_mathematical_repair_moderate_disclosure_wording","OLTECOMTHY-010","removed the accidental repeated word; adjacent sourcecorrection discloses the repair","Telugu","Telu","te-Telu-IN","OLP-0243","computability/computability-theory/reducibility","content/computability/computability-theory/reducibility.tex","translation/content/computability/computability-theory/reducibility.tex","line 31, opening of the K example","translation/content/computability/computability-theory/reducibility.tex:30-37","OLP-0243-B007","","pending_coherent_reader_pagination","mathematical_correction_qa_passed_disclosure_wording_open_for_optional_review_no_hold","Please double-check that removing the duplicated word “notion” leaves the intended reducibility claim unchanged."
"REV-OLTECOMTHY-011","source_correction_decision","medium","high_mathematical_repair_moderate_disclosure_wording","OLTECOMTHY-011","rendered the intended is-unsolvable claim; adjacent sourcecorrection discloses the repair","Telugu","Telu","te-Telu-IN","OLP-0243","computability/computability-theory/reducibility","content/computability/computability-theory/reducibility.tex","translation/content/computability/computability-theory/reducibility.tex","lines 35-37, halting-problem reference","translation/content/computability/computability-theory/reducibility.tex:34-38","OLP-0243-B007","","pending_coherent_reader_pagination","mathematical_correction_qa_passed_disclosure_wording_open_for_optional_review_no_hold","Please double-check that “in unsolvable” is treated as the local typo “is unsolvable,” matching the cited halting result."
"REV-OLTECOMTHY-012","source_correction_decision","medium","high_mathematical_repair_moderate_disclosure_wording","OLTECOMTHY-012","kept program index e before input x in the W_e characterization; adjacent sourcecorrection discloses the repair","Telugu","Telu","te-Telu-IN","OLP-0243","computability/computability-theory/reducibility","content/computability/computability-theory/reducibility.tex","translation/content/computability/computability-theory/reducibility.tex","lines 39-42, equivalent definition of K_0","translation/content/computability/computability-theory/reducibility.tex:39-49","OLP-0243-B007","","pending_coherent_reader_pagination","mathematical_correction_qa_passed_disclosure_wording_open_for_optional_review_no_hold","Please double-check that the W_e characterization of K_0 uses the ordered pair <e,x>, in the same order as its defining computation."
"REV-OLTECOMTHY-013","source_correction_decision","medium","high_mathematical_repair_moderate_disclosure_wording","OLTECOMTHY-013","rendered the intended says-that introduction; adjacent sourcecorrection discloses the repair","Telugu","Telu","te-Telu-IN","OLP-0244","computability/computability-theory/prop-reduce","content/computability/computability-theory/prop-reduce.tex","translation/content/computability/computability-theory/prop-reduce.tex","lines 14-17, transitivity introduction","translation/content/computability/computability-theory/prop-reduce.tex:12-19","OLP-0244-B005","","pending_coherent_reader_pagination","mathematical_correction_qa_passed_disclosure_wording_open_for_optional_review_no_hold","Please double-check that the repaired sentence says the first proposition establishes transitivity of many-one reducibility."
"REV-OLTECOMTHY-014","source_correction_decision","medium","high_mathematical_repair_moderate_disclosure_wording","OLTECOMTHY-014","typed f as Nat-to-Nat while naming A and B as the reduced sets; adjacent sourcecorrection discloses the repair","Telugu","Telu","te-Telu-IN","OLP-0244","computability/computability-theory/prop-reduce","content/computability/computability-theory/prop-reduce.tex","translation/content/computability/computability-theory/prop-reduce.tex","lines 68-70, characteristic-function exercise","translation/content/computability/computability-theory/prop-reduce.tex:73-76","OLP-0244-B013","","pending_coherent_reader_pagination","mathematical_correction_qa_passed_disclosure_wording_open_for_optional_review_no_hold","Please double-check that a many-one reduction is typed f: N to N, not merely f: A to B, so the characteristic-function composition is well formed."
"REV-OLTECOMTHY-015","source_correction_decision","medium","high_mathematical_repair_moderate_disclosure_wording","OLTECOMTHY-015","used K_0 reduces to K in the proof; retained the valid source exercise K reduces to K_0; added a separately labelled exercise for K_0 reduces to K; adjacent sourcecorrection discloses the distinction","Telugu","Telu","te-Telu-IN","OLP-0245","computability/computability-theory/complete-ce-sets","content/computability/computability-theory/complete-ce-sets.tex","translation/content/computability/computability-theory/complete-ce-sets.tex","lines 44-45; mapped segment within audited scope lines 44-49, insufficient final direction in the completeness proof for K and the independently valid following exercise","translation/content/computability/computability-theory/complete-ce-sets.tex:44-46","OLP-0245-B010","","pending_coherent_reader_pagination","mathematical_correction_qa_passed_disclosure_wording_open_for_optional_review_no_hold","Please double-check that the proof uses K_0 many-one reduces to K, that the valid original exercise K reduces to K_0 is retained, and that the reverse direction appears only as a separately labelled added exercise completing the proof."
"REV-OLTECOMTHY-015","source_correction_decision","medium","high_mathematical_repair_moderate_disclosure_wording","OLTECOMTHY-015","used K_0 reduces to K in the proof; retained the valid source exercise K reduces to K_0; added a separately labelled exercise for K_0 reduces to K; adjacent sourcecorrection discloses the distinction","Telugu","Telu","te-Telu-IN","OLP-0245","computability/computability-theory/complete-ce-sets","content/computability/computability-theory/complete-ce-sets.tex","translation/content/computability/computability-theory/complete-ce-sets.tex","lines 47-49; mapped segment within audited scope lines 44-49, insufficient final direction in the completeness proof for K and the independently valid following exercise","translation/content/computability/computability-theory/complete-ce-sets.tex:48-52","OLP-0245-B011","","pending_coherent_reader_pagination","mathematical_correction_qa_passed_disclosure_wording_open_for_optional_review_no_hold","Please double-check that the proof uses K_0 many-one reduces to K, that the valid original exercise K reduces to K_0 is retained, and that the reverse direction appears only as a separately labelled added exercise completing the proof."
"REV-OLTECOMTHY-016","source_correction_decision","medium","high_mathematical_repair_moderate_disclosure_wording","OLTECOMTHY-016","rendered the intended procedural sequence; adjacent sourcecorrection discloses the repair","Telugu","Telu","te-Telu-IN","OLP-0247","computability/computability-theory/total","content/computability/computability-theory/total.tex","translation/content/computability/computability-theory/total.tex","lines 34-38, algorithm computing h","translation/content/computability/computability-theory/total.tex:34-40","OLP-0247-B007","","pending_coherent_reader_pagination","mathematical_correction_qa_passed_disclosure_wording_open_for_optional_review_no_hold","Please double-check that the repaired procedural sentence first simulates cfind_x(x) and returns zero exactly if that computation halts."
"REV-OLTECOMTHY-017","source_correction_decision","medium","high_mathematical_repair_moderate_disclosure_wording","OLTECOMTHY-017","made the conditional scope explicitly require both values to be defined; adjacent sourcecorrection discloses the repair","Telugu","Telu","te-Telu-IN","OLP-0248","computability/computability-theory/rice-theorem","content/computability/computability-theory/rice-theorem.tex","translation/content/computability/computability-theory/rice-theorem.tex","lines 113-119, fourth sample index set","translation/content/computability/computability-theory/rice-theorem.tex:106-116","OLP-0248-B016","","pending_coherent_reader_pagination","mathematical_correction_qa_passed_disclosure_wording_open_for_optional_review_no_hold","Please double-check that the fourth Rice-theorem example asserts strict increase only when both displayed function values are defined."
"REV-OLTECOMTHY-018","source_correction_decision","medium","high_mathematical_repair_moderate_disclosure_wording","OLTECOMTHY-018","started the proof with arbitrary partial computable f, for which the same partial construction works; adjacent sourcecorrection discloses the repair","Telugu","Telu","te-Telu-IN","OLP-0250","computability/computability-theory/application-fixed-point","content/computability/computability-theory/application-fixed-point.tex","translation/content/computability/computability-theory/application-fixed-point.tex","lines 28-32; mapped segment within audited scope lines 27-36, theorem and proof opening","translation/content/computability/computability-theory/application-fixed-point.tex:28-32","OLP-0250-B007","","pending_coherent_reader_pagination","mathematical_correction_qa_passed_disclosure_wording_open_for_optional_review_no_hold","Please double-check that the fixed-point application begins with arbitrary partial computable f, matching the theorem and the partial construction of g."
"REV-OLTECOMTHY-018","source_correction_decision","medium","high_mathematical_repair_moderate_disclosure_wording","OLTECOMTHY-018","started the proof with arbitrary partial computable f, for which the same partial construction works; adjacent sourcecorrection discloses the repair","Telugu","Telu","te-Telu-IN","OLP-0250","computability/computability-theory/application-fixed-point","content/computability/computability-theory/application-fixed-point.tex","translation/content/computability/computability-theory/application-fixed-point.tex","lines 34-60; mapped segment within audited scope lines 27-36, theorem and proof opening","translation/content/computability/computability-theory/application-fixed-point.tex:34-59","OLP-0250-B008","","pending_coherent_reader_pagination","mathematical_correction_qa_passed_disclosure_wording_open_for_optional_review_no_hold","Please double-check that the fixed-point application begins with arbitrary partial computable f, matching the theorem and the partial construction of g."
"REV-OLTETURMAC-001","source_correction_decision","medium","high_mathematical_repair_moderate_disclosure_wording","OLTETURMAC-001","named q_0 explicitly in the inconsistent sentence; adjacent sourcecorrection discloses the repair","Telugu","Telu","te-Telu-IN","OLP-0255","turing-machines/machines-computations/representing-tms","content/turing-machines/machines-computations/representing-tms.tex","translation/content/turing-machines/machines-computations/representing-tms.tex","lines 82-92, first traced configuration","translation/content/turing-machines/machines-computations/representing-tms.tex:83-89","OLP-0255-B014","","pending_coherent_reader_pagination","mathematical_correction_qa_passed_disclosure_wording_open_for_optional_review_no_hold","Please double-check: whether the Telugu disclosure for OLTETURMAC-001 is mathematically precise and idiomatic."
"REV-OLTETURMAC-002","source_correction_decision","medium","high_mathematical_repair_moderate_disclosure_wording","OLTETURMAC-002","used D and stated its three allowed values; adjacent sourcecorrection discloses the repair","Telugu","Telu","te-Telu-IN","OLP-0256","turing-machines/machines-computations/turing-machines","content/turing-machines/machines-computations/turing-machines.tex","translation/content/turing-machines/machines-computations/turing-machines.tex","lines 42-44, tape-end preservation convention","translation/content/turing-machines/machines-computations/turing-machines.tex:39-45","OLP-0256-B007","","pending_coherent_reader_pagination","mathematical_correction_qa_passed_disclosure_wording_open_for_optional_review_no_hold","Please double-check: whether the Telugu disclosure for OLTETURMAC-002 is mathematically precise and idiomatic."
"REV-OLTETURMAC-003","source_correction_decision","medium","high_mathematical_repair_moderate_disclosure_wording","OLTETURMAC-003","stated that input begins immediately to the right of the left-end marker; adjacent sourcecorrection discloses the repair","Telugu","Telu","te-Telu-IN","OLP-0257","turing-machines/machines-computations/configuration","content/turing-machines/machines-computations/configuration.tex","translation/content/turing-machines/machines-computations/configuration.tex","lines 58-60, concatenation explanation","translation/content/turing-machines/machines-computations/configuration.tex:55-58","OLP-0257-B009","","pending_coherent_reader_pagination","mathematical_correction_qa_passed_disclosure_wording_open_for_optional_review_no_hold","Please double-check: whether the Telugu disclosure for OLTETURMAC-003 is mathematically precise and idiomatic."
"REV-OLTETURMAC-004","source_correction_decision","medium","high_mathematical_repair_moderate_disclosure_wording","OLTETURMAC-004","allowed finite or infinite runs and applied the one-step condition only where a successor is present; adjacent sourcecorrection discloses the repair","Telugu","Telu","te-Telu-IN","OLP-0257","turing-machines/machines-computations/configuration","content/turing-machines/machines-computations/configuration.tex","translation/content/turing-machines/machines-computations/configuration.tex","lines 84-87; mapped segment within audited scope lines 84-91, run and halting definitions","translation/content/turing-machines/machines-computations/configuration.tex:82-87","OLP-0257-B011","","pending_coherent_reader_pagination","mathematical_correction_qa_passed_disclosure_wording_open_for_optional_review_no_hold","Please double-check: whether the Telugu disclosure for OLTETURMAC-004 is mathematically precise and idiomatic."
"REV-OLTETURMAC-004","source_correction_decision","medium","high_mathematical_repair_moderate_disclosure_wording","OLTETURMAC-004","allowed finite or infinite runs and applied the one-step condition only where a successor is present; adjacent sourcecorrection discloses the repair","Telugu","Telu","te-Telu-IN","OLP-0257","turing-machines/machines-computations/configuration","content/turing-machines/machines-computations/configuration.tex","translation/content/turing-machines/machines-computations/configuration.tex","lines 89-95; mapped segment within audited scope lines 84-91, run and halting definitions","translation/content/turing-machines/machines-computations/configuration.tex:89-95","OLP-0257-B012","","pending_coherent_reader_pagination","mathematical_correction_qa_passed_disclosure_wording_open_for_optional_review_no_hold","Please double-check: whether the Telugu disclosure for OLTETURMAC-004 is mathematically precise and idiomatic."
"REV-OLTETURMAC-005","source_correction_decision","medium","high_mathematical_repair_moderate_disclosure_wording","OLTETURMAC-005","retargeted the q_0 stroke loop to q_0; adjacent sourcecorrection discloses the repair","Telugu","Telu","te-Telu-IN","OLP-0258","turing-machines/machines-computations/unary-numbers","content/turing-machines/machines-computations/unary-numbers.tex","translation/content/turing-machines/machines-computations/unary-numbers.tex","lines 55-59, addition-machine state diagram","translation/content/turing-machines/machines-computations/unary-numbers.tex:53-62","OLP-0258-B010","","pending_coherent_reader_pagination","mathematical_correction_qa_passed_disclosure_wording_open_for_optional_review_no_hold","Please double-check: whether the Telugu disclosure for OLTETURMAC-005 is mathematically precise and idiomatic."
"REV-OLTETURMAC-006","source_correction_decision","medium","high_mathematical_repair_moderate_disclosure_wording","OLTETURMAC-006","retargeted the copied q_0 stroke loop to q_0; adjacent sourcecorrection discloses the repair","Telugu","Telu","te-Telu-IN","OLP-0260","turing-machines/machines-computations/disciplined-machines","content/turing-machines/machines-computations/disciplined-machines.tex","translation/content/turing-machines/machines-computations/disciplined-machines.tex","lines 66-70, disciplined addition-machine diagram","translation/content/turing-machines/machines-computations/disciplined-machines.tex:63-74","OLP-0260-B010","","pending_coherent_reader_pagination","mathematical_correction_qa_passed_disclosure_wording_open_for_optional_review_no_hold","Please double-check: whether the Telugu disclosure for OLTETURMAC-006 is mathematically precise and idiomatic."
"REV-OLTETURMAC-007","source_correction_decision","medium","high_mathematical_repair_moderate_disclosure_wording","OLTETURMAC-007","restricted the first case to defined component transitions; adjacent sourcecorrection discloses the repair","Telugu","Telu","te-Telu-IN","OLP-0261","turing-machines/machines-computations/combining-machines","content/turing-machines/machines-computations/combining-machines.tex","translation/content/turing-machines/machines-computations/combining-machines.tex","lines 37-43, definition of delta double-prime","translation/content/turing-machines/machines-computations/combining-machines.tex:35-43","OLP-0261-B006","","pending_coherent_reader_pagination","mathematical_correction_qa_passed_disclosure_wording_open_for_optional_review_no_hold","Please double-check: whether the Telugu disclosure for OLTETURMAC-007 is mathematically precise and idiomatic."
"REV-OLTETURMAC-008","source_correction_decision","medium","high_mathematical_repair_moderate_disclosure_wording","OLTETURMAC-008","retargeted all three copied q_0 stroke loops to q_0; adjacent sourcecorrection discloses the repair","Telugu","Telu","te-Telu-IN","OLP-0261","turing-machines/machines-computations/combining-machines","content/turing-machines/machines-computations/combining-machines.tex","translation/content/turing-machines/machines-computations/combining-machines.tex","lines 74-89; mapped segment within audited scope lines 74-78, 97-101 and 127-131, three addition-stage diagrams","translation/content/turing-machines/machines-computations/combining-machines.tex:71-86","OLP-0261-B010","","pending_coherent_reader_pagination","mathematical_correction_qa_passed_disclosure_wording_open_for_optional_review_no_hold","Please double-check: whether the Telugu disclosure for OLTETURMAC-008 is mathematically precise and idiomatic."
"REV-OLTETURMAC-008","source_correction_decision","medium","high_mathematical_repair_moderate_disclosure_wording","OLTETURMAC-008","retargeted all three copied q_0 stroke loops to q_0; adjacent sourcecorrection discloses the repair","Telugu","Telu","te-Telu-IN","OLP-0261","turing-machines/machines-computations/combining-machines","content/turing-machines/machines-computations/combining-machines.tex","translation/content/turing-machines/machines-computations/combining-machines.tex","lines 97-125; mapped segment within audited scope lines 74-78, 97-101 and 127-131, three addition-stage diagrams","translation/content/turing-machines/machines-computations/combining-machines.tex:94-121","OLP-0261-B012","","pending_coherent_reader_pagination","mathematical_correction_qa_passed_disclosure_wording_open_for_optional_review_no_hold","Please double-check: whether the Telugu disclosure for OLTETURMAC-008 is mathematically precise and idiomatic."
"REV-OLTETURMAC-008","source_correction_decision","medium","high_mathematical_repair_moderate_disclosure_wording","OLTETURMAC-008","retargeted all three copied q_0 stroke loops to q_0; adjacent sourcecorrection discloses the repair","Telugu","Telu","te-Telu-IN","OLP-0261","turing-machines/machines-computations/combining-machines","content/turing-machines/machines-computations/combining-machines.tex","translation/content/turing-machines/machines-computations/combining-machines.tex","lines 127-150; mapped segment within audited scope lines 74-78, 97-101 and 127-131, three addition-stage diagrams","translation/content/turing-machines/machines-computations/combining-machines.tex:123-147","OLP-0261-B013","","pending_coherent_reader_pagination","mathematical_correction_qa_passed_disclosure_wording_open_for_optional_review_no_hold","Please double-check: whether the Telugu disclosure for OLTETURMAC-008 is mathematically precise and idiomatic."
"REV-OLTETURUND-001","source_correction_decision","medium","high_mathematical_repair_moderate_disclosure_wording","OLTETURUND-001","rendered the intended cannot-be-effectively-decided claim; adjacent sourcecorrection discloses the repair","Telugu","Telu","te-Telu-IN","OLP-0265","turing-machines/undecidability/introduction","content/turing-machines/undecidability/introduction.tex","translation/content/turing-machines/undecidability/introduction.tex","lines 45-48, effective-decision paragraph","translation/content/turing-machines/undecidability/introduction.tex:43-51","OLP-0265-B008","","pending_coherent_reader_pagination","mathematical_correction_qa_passed_disclosure_wording_open_for_optional_review_no_hold","Please double-check: whether the Telugu disclosure for OLTETURUND-001 is mathematically precise and idiomatic."
"REV-OLTETURUND-002","source_correction_decision","medium","high_mathematical_repair_moderate_disclosure_wording","OLTETURUND-002","referred simply to machine M; adjacent sourcecorrection discloses the repair","Telugu","Telu","te-Telu-IN","OLP-0265","turing-machines/undecidability/introduction","content/turing-machines/undecidability/introduction.tex","translation/content/turing-machines/undecidability/introduction.tex","lines 80-83, description-input formulation of the Halting Problem","translation/content/turing-machines/undecidability/introduction.tex:69-78","OLP-0265-B010","","pending_coherent_reader_pagination","mathematical_correction_qa_passed_disclosure_wording_open_for_optional_review_no_hold","Please double-check: whether the Telugu disclosure for OLTETURUND-002 is mathematically precise and idiomatic."
"REV-OLTETURUND-003","source_correction_decision","medium","high_mathematical_repair_moderate_disclosure_wording","OLTETURUND-003","asked why every Turing-computable function is computed by a standard machine; adjacent sourcecorrection discloses the repair","Telugu","Telu","te-Telu-IN","OLP-0266","turing-machines/undecidability/enumerating-tms","content/turing-machines/undecidability/enumerating-tms.tex","translation/content/turing-machines/undecidability/enumerating-tms.tex","lines 145-150, final standard-machine exercise","translation/content/turing-machines/undecidability/enumerating-tms.tex:138-145","OLP-0266-B018","","pending_coherent_reader_pagination","mathematical_correction_qa_passed_disclosure_wording_open_for_optional_review_no_hold","Please double-check: whether the Telugu disclosure for OLTETURUND-003 is mathematically precise and idiomatic."
"REV-OLTETURUND-004","source_correction_decision","medium","high_mathematical_repair_moderate_disclosure_wording","OLTETURUND-004","completed the first-element premise and retained the erasure-and-halt conclusion; adjacent sourcecorrection discloses the repair","Telugu","Telu","te-Telu-IN","OLP-0267","turing-machines/undecidability/universal-tm","content/turing-machines/undecidability/universal-tm.tex","translation/content/turing-machines/undecidability/universal-tm.tex","lines 47-55, machine computing the number of states","translation/content/turing-machines/undecidability/universal-tm.tex:42-50","OLP-0267-B009","","pending_coherent_reader_pagination","mathematical_correction_qa_passed_disclosure_wording_open_for_optional_review_no_hold","Please double-check: whether the Telugu disclosure for OLTETURUND-004 is mathematically precise and idiomatic."
"REV-OLTETURUND-005","source_correction_decision","medium","high_mathematical_repair_moderate_disclosure_wording","OLTETURUND-005","stated h's values and reserved halting language for a computing machine; adjacent sourcecorrection discloses the repair","Telugu","Telu","te-Telu-IN","OLP-0269","turing-machines/undecidability/decision-problem","content/turing-machines/undecidability/decision-problem.tex","translation/content/turing-machines/undecidability/decision-problem.tex","lines 28-35, reduction strategy","translation/content/turing-machines/undecidability/decision-problem.tex:27-34","OLP-0269-B007","","pending_coherent_reader_pagination","mathematical_correction_qa_passed_disclosure_wording_open_for_optional_review_no_hold","Please double-check: whether the Telugu disclosure for OLTETURUND-005 is mathematically precise and idiomatic."
"REV-OLTETURUND-006","source_correction_decision","medium","high_mathematical_repair_moderate_disclosure_wording","OLTETURUND-006","used A(x',y) so all squares except the written origin square are preserved; adjacent sourcecorrection discloses the repair","Telugu","Telu","te-Telu-IN","OLP-0270","turing-machines/undecidability/representing-tms","content/turing-machines/undecidability/representing-tms.tex","translation/content/turing-machines/undecidability/representing-tms.tex","lines 139-156; mapped segment within audited scope lines 139-166, nonzero left-move transition axiom","translation/content/turing-machines/undecidability/representing-tms.tex:132-147","OLP-0270-B014","","pending_coherent_reader_pagination","mathematical_correction_qa_passed_disclosure_wording_open_for_optional_review_no_hold","Please double-check: whether the Telugu disclosure for OLTETURUND-006 is mathematically precise and idiomatic."
"REV-OLTETURUND-006","source_correction_decision","medium","high_mathematical_repair_moderate_disclosure_wording","OLTETURUND-006","used A(x',y) so all squares except the written origin square are preserved; adjacent sourcecorrection discloses the repair","Telugu","Telu","te-Telu-IN","OLP-0270","turing-machines/undecidability/representing-tms","content/turing-machines/undecidability/representing-tms.tex","translation/content/turing-machines/undecidability/representing-tms.tex","lines 158-178; mapped segment within audited scope lines 139-166, nonzero left-move transition axiom","translation/content/turing-machines/undecidability/representing-tms.tex:149-167","OLP-0270-B015","","pending_coherent_reader_pagination","mathematical_correction_qa_passed_disclosure_wording_open_for_optional_review_no_hold","Please double-check: whether the Telugu disclosure for OLTETURUND-006 is mathematically precise and idiomatic."
"REV-OLTETURUND-007","source_correction_decision","medium","high_mathematical_repair_moderate_disclosure_wording","OLTETURUND-007","restored !T(M,w); adjacent sourcecorrection discloses the repair","Telugu","Telu","te-Telu-IN","OLP-0271","turing-machines/undecidability/verification","content/turing-machines/undecidability/verification.tex","translation/content/turing-machines/undecidability/verification.tex","lines 37-42, forward-verification overview","translation/content/turing-machines/undecidability/verification.tex:31-43","OLP-0271-B007","","pending_coherent_reader_pagination","mathematical_correction_qa_passed_disclosure_wording_open_for_optional_review_no_hold","Please double-check: whether the Telugu disclosure for OLTETURUND-007 is mathematically precise and idiomatic."
"REV-OLTETURUND-008","source_correction_decision","medium","high_mathematical_repair_moderate_disclosure_wording","OLTETURUND-008","named machine M rather than sentence metavariable T; adjacent sourcecorrection discloses the repair","Telugu","Telu","te-Telu-IN","OLP-0271","turing-machines/undecidability/verification","content/turing-machines/undecidability/verification.tex","translation/content/turing-machines/undecidability/verification.tex","lines 44-57, canonical-structure overview","translation/content/turing-machines/undecidability/verification.tex:45-58","OLP-0271-B008","","pending_coherent_reader_pagination","mathematical_correction_qa_passed_disclosure_wording_open_for_optional_review_no_hold","Please double-check: whether the Telugu disclosure for OLTETURUND-008 is mathematically precise and idiomatic."
"REV-OLTETURUND-009","source_correction_decision","medium","high_mathematical_repair_moderate_disclosure_wording","OLTETURUND-009","used chosen q,sigma as the premise, distinct bound q',sigma' in the disjunction and restored Obj; adjacent sourcecorrection discloses the repair","Telugu","Telu","te-Telu-IN","OLP-0271","turing-machines/undecidability/verification","content/turing-machines/undecidability/verification.tex","translation/content/turing-machines/undecidability/verification.tex","lines 79-98, halting-configuration lemma","translation/content/turing-machines/undecidability/verification.tex:80-100","OLP-0271-B011","","pending_coherent_reader_pagination","mathematical_correction_qa_passed_disclosure_wording_open_for_optional_review_no_hold","Please double-check: whether the Telugu disclosure for OLTETURUND-009 is mathematically precise and idiomatic."
"REV-OLTETURUND-010","source_correction_decision","medium","high_mathematical_repair_moderate_disclosure_wording","OLTETURUND-010","used the exact not-halted-before-n domain of the run throughout; adjacent sourcecorrection discloses the repair","Telugu","Telu","te-Telu-IN","OLP-0271","turing-machines/undecidability/verification","content/turing-machines/undecidability/verification.tex","translation/content/turing-machines/undecidability/verification.tex","lines 107-111; mapped segment within audited scope lines 107-120 and 238, configuration induction statement and conclusion","translation/content/turing-machines/undecidability/verification.tex:107-111","OLP-0271-B013","","pending_coherent_reader_pagination","mathematical_correction_qa_passed_disclosure_wording_open_for_optional_review_no_hold","Please double-check: whether the Telugu disclosure for OLTETURUND-010 is mathematically precise and idiomatic."
"REV-OLTETURUND-010","source_correction_decision","medium","high_mathematical_repair_moderate_disclosure_wording","OLTETURUND-010","used the exact not-halted-before-n domain of the run throughout; adjacent sourcecorrection discloses the repair","Telugu","Telu","te-Telu-IN","OLP-0271","turing-machines/undecidability/verification","content/turing-machines/undecidability/verification.tex","translation/content/turing-machines/undecidability/verification.tex","lines 113-115; mapped segment within audited scope lines 107-120 and 238, configuration induction statement and conclusion","translation/content/turing-machines/undecidability/verification.tex:113-115","OLP-0271-B014","","pending_coherent_reader_pagination","mathematical_correction_qa_passed_disclosure_wording_open_for_optional_review_no_hold","Please double-check: whether the Telugu disclosure for OLTETURUND-010 is mathematically precise and idiomatic."
"REV-OLTETURUND-010","source_correction_decision","medium","high_mathematical_repair_moderate_disclosure_wording","OLTETURUND-010","used the exact not-halted-before-n domain of the run throughout; adjacent sourcecorrection discloses the repair","Telugu","Telu","te-Telu-IN","OLP-0271","turing-machines/undecidability/verification","content/turing-machines/undecidability/verification.tex","translation/content/turing-machines/undecidability/verification.tex","lines 117-120; mapped segment within audited scope lines 107-120 and 238, configuration induction statement and conclusion","translation/content/turing-machines/undecidability/verification.tex:117-119","OLP-0271-B015","","pending_coherent_reader_pagination","mathematical_correction_qa_passed_disclosure_wording_open_for_optional_review_no_hold","Please double-check: whether the Telugu disclosure for OLTETURUND-010 is mathematically precise and idiomatic."
"REV-OLTETURUND-010","source_correction_decision","medium","high_mathematical_repair_moderate_disclosure_wording","OLTETURUND-010","used the exact not-halted-before-n domain of the run throughout; adjacent sourcecorrection discloses the repair","Telugu","Telu","te-Telu-IN","OLP-0271","turing-machines/undecidability/verification","content/turing-machines/undecidability/verification.tex","translation/content/turing-machines/undecidability/verification.tex","lines 236-239; mapped segment within audited scope lines 107-120 and 238, configuration induction statement and conclusion","translation/content/turing-machines/undecidability/verification.tex:237-241","OLP-0271-B027","","pending_coherent_reader_pagination","mathematical_correction_qa_passed_disclosure_wording_open_for_optional_review_no_hold","Please double-check: whether the Telugu disclosure for OLTETURUND-010 is mathematically precise and idiomatic."
"REV-OLTETURUND-011","source_correction_decision","medium","high_mathematical_repair_moderate_disclosure_wording","OLTETURUND-011","used n>=0 so the step covers the transition from the base case; adjacent sourcecorrection discloses the repair","Telugu","Telu","te-Telu-IN","OLP-0271","turing-machines/undecidability/verification","content/turing-machines/undecidability/verification.tex","translation/content/turing-machines/undecidability/verification.tex","lines 122-125; mapped segment within audited scope lines 122-125, induction step setup","translation/content/turing-machines/undecidability/verification.tex:121-123","OLP-0271-B016","","pending_coherent_reader_pagination","mathematical_correction_qa_passed_disclosure_wording_open_for_optional_review_no_hold","Please double-check: whether the Telugu disclosure for OLTETURUND-011 is mathematically precise and idiomatic."
"REV-OLTETURUND-011","source_correction_decision","medium","high_mathematical_repair_moderate_disclosure_wording","OLTETURUND-011","used n>=0 so the step covers the transition from the base case; adjacent sourcecorrection discloses the repair","Telugu","Telu","te-Telu-IN","OLP-0271","turing-machines/undecidability/verification","content/turing-machines/undecidability/verification.tex","translation/content/turing-machines/undecidability/verification.tex","lines 132-133; mapped segment within audited scope lines 122-125, induction step setup","translation/content/turing-machines/undecidability/verification.tex:130-131","OLP-0271-B019","","pending_coherent_reader_pagination","mathematical_correction_qa_passed_disclosure_wording_open_for_optional_review_no_hold","Please double-check: whether the Telugu disclosure for OLTETURUND-011 is mathematically precise and idiomatic."
"REV-OLTETURUND-012","source_correction_decision","medium","high_mathematical_repair_moderate_disclosure_wording","OLTETURUND-012","made the unchanged conjunction explicitly range over i not equal to m; adjacent sourcecorrection discloses the repair","Telugu","Telu","te-Telu-IN","OLP-0271","turing-machines/undecidability/verification","content/turing-machines/undecidability/verification.tex","translation/content/turing-machines/undecidability/verification.tex","lines 163-173, right-move successor configuration","translation/content/turing-machines/undecidability/verification.tex:162-176","OLP-0271-B021","","pending_coherent_reader_pagination","mathematical_correction_qa_passed_disclosure_wording_open_for_optional_review_no_hold","Please double-check: whether the Telugu disclosure for OLTETURUND-012 is mathematically precise and idiomatic."
"REV-OLTETURUND-013","source_correction_decision","medium","high_mathematical_repair_moderate_disclosure_wording","OLTETURUND-013","used A(x',y), q/q' and excluded the old written-square conjunct; adjacent sourcecorrection discloses the repair","Telugu","Telu","te-Telu-IN","OLP-0271","turing-machines/undecidability/verification","content/turing-machines/undecidability/verification.tex","translation/content/turing-machines/undecidability/verification.tex","lines 201-234, left-move induction case","translation/content/turing-machines/undecidability/verification.tex:207-245","OLP-0271-B026","","pending_coherent_reader_pagination","mathematical_correction_qa_passed_disclosure_wording_open_for_optional_review_no_hold","Please double-check: whether the Telugu disclosure for OLTETURUND-013 is mathematically precise and idiomatic."
"REV-OLTETURUND-014","source_correction_decision","medium","high_mathematical_repair_moderate_disclosure_wording","OLTETURUND-014","used n=max(k+1,len(w)) in both finite-model constructions; adjacent sourcecorrection discloses the repair","Telugu","Telu","te-Telu-IN","OLP-0273","turing-machines/undecidability/trakhtenbrot","content/turing-machines/undecidability/trakhtenbrot.tex","translation/content/turing-machines/undecidability/trakhtenbrot.tex","lines 29-51; mapped segment within audited scope lines 35-50 and 170-184, finite-model construction","translation/content/turing-machines/undecidability/trakhtenbrot.tex:28-51","OLP-0273-B007","","pending_coherent_reader_pagination","mathematical_correction_qa_passed_disclosure_wording_open_for_optional_review_no_hold","Please double-check: whether the Telugu disclosure for OLTETURUND-014 is mathematically precise and idiomatic."
"REV-OLTETURUND-014","source_correction_decision","medium","high_mathematical_repair_moderate_disclosure_wording","OLTETURUND-014","used n=max(k+1,len(w)) in both finite-model constructions; adjacent sourcecorrection discloses the repair","Telugu","Telu","te-Telu-IN","OLP-0273","turing-machines/undecidability/trakhtenbrot","content/turing-machines/undecidability/trakhtenbrot.tex","translation/content/turing-machines/undecidability/trakhtenbrot.tex","lines 170-185; mapped segment within audited scope lines 35-50 and 170-184, finite-model construction","translation/content/turing-machines/undecidability/trakhtenbrot.tex:167-183","OLP-0273-B013","","pending_coherent_reader_pagination","mathematical_correction_qa_passed_disclosure_wording_open_for_optional_review_no_hold","Please double-check: whether the Telugu disclosure for OLTETURUND-014 is mathematically precise and idiomatic."
"REV-OLTETURUND-015","source_correction_decision","medium","high_mathematical_repair_moderate_disclosure_wording","OLTETURUND-015","restored q_0 and M'' in the one-state M'' exercise; adjacent sourcecorrection discloses the repair","Telugu","Telu","te-Telu-IN","OLP-0273","turing-machines/undecidability/trakhtenbrot","content/turing-machines/undecidability/trakhtenbrot.tex","translation/content/turing-machines/undecidability/trakhtenbrot.tex","lines 68-85, finite spurious-model exercise","translation/content/turing-machines/undecidability/trakhtenbrot.tex:66-85","OLP-0273-B009","","pending_coherent_reader_pagination","mathematical_correction_qa_passed_disclosure_wording_open_for_optional_review_no_hold","Please double-check: whether the Telugu disclosure for OLTETURUND-015 is mathematically precise and idiomatic."
"REV-OLTETURUND-016","source_correction_decision","medium","high_mathematical_repair_moderate_disclosure_wording","OLTETURUND-016","added B(y') to the nonzero branch and used A(x',y); adjacent sourcecorrection discloses the repair","Telugu","Telu","te-Telu-IN","OLP-0273","turing-machines/undecidability/trakhtenbrot","content/turing-machines/undecidability/trakhtenbrot.tex","translation/content/turing-machines/undecidability/trakhtenbrot.tex","lines 112-137, modified left-move transition axiom","translation/content/turing-machines/undecidability/trakhtenbrot.tex:112-135","OLP-0273-B011","","pending_coherent_reader_pagination","mathematical_correction_qa_passed_disclosure_wording_open_for_optional_review_no_hold","Please double-check: whether the Telugu disclosure for OLTETURUND-016 is mathematically precise and idiomatic."
"REV-OLTETURUND-017","source_correction_decision","medium","high_mathematical_repair_moderate_disclosure_wording","OLTETURUND-017","used !T' and !E throughout and retained the corrected finite bound; adjacent sourcecorrection discloses the repair","Telugu","Telu","te-Telu-IN","OLP-0273","turing-machines/undecidability/trakhtenbrot","content/turing-machines/undecidability/trakhtenbrot.tex","translation/content/turing-machines/undecidability/trakhtenbrot.tex","lines 170-185; mapped segment within audited scope lines 170-190, finite-model lemma proof and exercise","translation/content/turing-machines/undecidability/trakhtenbrot.tex:167-183","OLP-0273-B013","","pending_coherent_reader_pagination","mathematical_correction_qa_passed_disclosure_wording_open_for_optional_review_no_hold","Please double-check: whether the Telugu disclosure for OLTETURUND-017 is mathematically precise and idiomatic."
"REV-OLTETURUND-017","source_correction_decision","medium","high_mathematical_repair_moderate_disclosure_wording","OLTETURUND-017","used !T' and !E throughout and retained the corrected finite bound; adjacent sourcecorrection discloses the repair","Telugu","Telu","te-Telu-IN","OLP-0273","turing-machines/undecidability/trakhtenbrot","content/turing-machines/undecidability/trakhtenbrot.tex","translation/content/turing-machines/undecidability/trakhtenbrot.tex","lines 187-190; mapped segment within audited scope lines 170-190, finite-model lemma proof and exercise","translation/content/turing-machines/undecidability/trakhtenbrot.tex:185-188","OLP-0273-B014","","pending_coherent_reader_pagination","mathematical_correction_qa_passed_disclosure_wording_open_for_optional_review_no_hold","Please double-check: whether the Telugu disclosure for OLTETURUND-017 is mathematically precise and idiomatic."
"REV-OLTETURUND-018","source_correction_decision","medium","high_mathematical_repair_moderate_disclosure_wording","OLTETURUND-018","assumed a model of !T' and !E and restricted B(num(n)) to n>0; adjacent sourcecorrection discloses the repair","Telugu","Telu","te-Telu-IN","OLP-0273","turing-machines/undecidability/trakhtenbrot","content/turing-machines/undecidability/trakhtenbrot.tex","translation/content/turing-machines/undecidability/trakhtenbrot.tex","lines 197-201; mapped segment within audited scope lines 197-220, converse finite-model lemma","translation/content/turing-machines/undecidability/trakhtenbrot.tex:195-199","OLP-0273-B016","","pending_coherent_reader_pagination","mathematical_correction_qa_passed_disclosure_wording_open_for_optional_review_no_hold","Please double-check: whether the Telugu disclosure for OLTETURUND-018 is mathematically precise and idiomatic."
"REV-OLTETURUND-018","source_correction_decision","medium","high_mathematical_repair_moderate_disclosure_wording","OLTETURUND-018","assumed a model of !T' and !E and restricted B(num(n)) to n>0; adjacent sourcecorrection discloses the repair","Telugu","Telu","te-Telu-IN","OLP-0273","turing-machines/undecidability/trakhtenbrot","content/turing-machines/undecidability/trakhtenbrot.tex","translation/content/turing-machines/undecidability/trakhtenbrot.tex","lines 203-215; mapped segment within audited scope lines 197-220, converse finite-model lemma","translation/content/turing-machines/undecidability/trakhtenbrot.tex:201-214","OLP-0273-B017","","pending_coherent_reader_pagination","mathematical_correction_qa_passed_disclosure_wording_open_for_optional_review_no_hold","Please double-check: whether the Telugu disclosure for OLTETURUND-018 is mathematically precise and idiomatic."
"REV-OLTETURUND-018","source_correction_decision","medium","high_mathematical_repair_moderate_disclosure_wording","OLTETURUND-018","assumed a model of !T' and !E and restricted B(num(n)) to n>0; adjacent sourcecorrection discloses the repair","Telugu","Telu","te-Telu-IN","OLP-0273","turing-machines/undecidability/trakhtenbrot","content/turing-machines/undecidability/trakhtenbrot.tex","translation/content/turing-machines/undecidability/trakhtenbrot.tex","lines 217-221; mapped segment within audited scope lines 197-220, converse finite-model lemma","translation/content/turing-machines/undecidability/trakhtenbrot.tex:216-220","OLP-0273-B018","","pending_coherent_reader_pagination","mathematical_correction_qa_passed_disclosure_wording_open_for_optional_review_no_hold","Please double-check: whether the Telugu disclosure for OLTETURUND-018 is mathematically precise and idiomatic."
"REV-OLTEINCINT-001","source_correction_decision","medium","high_mathematical_repair_moderate_disclosure_wording","OLTEINCINT-001","used the intended plural logical assumptions; adjacent sourcecorrection discloses the repair","Telugu","Telu","te-Telu-IN","OLP-0276","incompleteness/introduction/historical-background","content/incompleteness/introduction/historical-background.tex","translation/content/incompleteness/introduction/historical-background.tex","lines 51-55, Frege's logical assumptions","translation/content/incompleteness/introduction/historical-background.tex:47-52","OLP-0276-B010","","pending_coherent_reader_pagination","mathematical_correction_qa_passed_disclosure_wording_open_for_optional_review_no_hold","Please double-check: whether the Telugu disclosure for OLTEINCINT-001 is mathematically precise and idiomatic."
"REV-OLTEINCINT-002","source_correction_decision","medium","high_mathematical_repair_moderate_disclosure_wording","OLTEINCINT-002","used the intended plural mathematical objects; adjacent sourcecorrection discloses the repair","Telugu","Telu","te-Telu-IN","OLP-0276","incompleteness/introduction/historical-background","content/incompleteness/introduction/historical-background.tex","translation/content/incompleteness/introduction/historical-background.tex","lines 107-110, Kronecker's representation claim","translation/content/incompleteness/introduction/historical-background.tex:89-94","OLP-0276-B014","","pending_coherent_reader_pagination","mathematical_correction_qa_passed_disclosure_wording_open_for_optional_review_no_hold","Please double-check: whether the Telugu disclosure for OLTEINCINT-002 is mathematically precise and idiomatic."
"REV-OLTEINCINT-003","source_correction_decision","medium","high_mathematical_repair_moderate_disclosure_wording","OLTEINCINT-003","used a complete past-tense contribution claim; adjacent sourcecorrection discloses the repair","Telugu","Telu","te-Telu-IN","OLP-0276","incompleteness/introduction/historical-background","content/incompleteness/introduction/historical-background.tex","translation/content/incompleteness/introduction/historical-background.tex","lines 117-119, Cantor and Dedekind's historical contribution","translation/content/incompleteness/introduction/historical-background.tex:98-103","OLP-0276-B015","","pending_coherent_reader_pagination","mathematical_correction_qa_passed_disclosure_wording_open_for_optional_review_no_hold","Please double-check: whether the Telugu disclosure for OLTEINCINT-003 is mathematically precise and idiomatic."
"REV-OLTEINCINT-004","source_correction_decision","medium","high_mathematical_repair_moderate_disclosure_wording","OLTEINCINT-004","added the controlling consistency, effective-axiomatization and strength hypotheses and limited the consistency consequence to non-provability; adjacent sourcecorrection discloses the repair","Telugu","Telu","te-Telu-IN","OLP-0276","incompleteness/introduction/historical-background","content/incompleteness/introduction/historical-background.tex","translation/content/incompleteness/introduction/historical-background.tex","lines 203-207, summary of Gödel's incompleteness theorems","translation/content/incompleteness/introduction/historical-background.tex:167-173","OLP-0276-B021","","pending_coherent_reader_pagination","mathematical_correction_qa_passed_disclosure_wording_open_for_optional_review_no_hold","Please double-check: whether the Telugu disclosure for OLTEINCINT-004 is mathematically precise and idiomatic."
"REV-OLTEINCINT-005","source_correction_decision","medium","high_mathematical_repair_moderate_disclosure_wording","OLTEINCINT-005","stated directly that the eight sentences are the axioms; adjacent sourcecorrection discloses the repair","Telugu","Telu","te-Telu-IN","OLP-0277","incompleteness/introduction/definitions","content/incompleteness/introduction/definitions.tex","translation/content/incompleteness/introduction/definitions.tex","lines 116-120, axioms of Robinson's Q","translation/content/incompleteness/introduction/definitions.tex:113-119","OLP-0277-B015","","pending_coherent_reader_pagination","mathematical_correction_qa_passed_disclosure_wording_open_for_optional_review_no_hold","Please double-check: whether the Telugu disclosure for OLTEINCINT-005 is mathematically precise and idiomatic."
"REV-OLTEINCINT-006","source_correction_decision","medium","high_mathematical_repair_moderate_disclosure_wording","OLTEINCINT-006","restored y_1 through y_n in the base, successor and conclusion occurrences of A; adjacent sourcecorrection discloses the repair","Telugu","Telu","te-Telu-IN","OLP-0277","incompleteness/introduction/definitions","content/incompleteness/introduction/definitions.tex","translation/content/incompleteness/introduction/definitions.tex","lines 123-130, general induction schema","translation/content/incompleteness/introduction/definitions.tex:121-131","OLP-0277-B016","","pending_coherent_reader_pagination","mathematical_correction_qa_passed_disclosure_wording_open_for_optional_review_no_hold","Please double-check: whether the Telugu disclosure for OLTEINCINT-006 is mathematically precise and idiomatic."
"REV-OLTEINCINT-007","source_correction_decision","medium","high_mathematical_repair_moderate_disclosure_wording","OLTEINCINT-007","used the plural possessive sense; adjacent sourcecorrection discloses the repair","Telugu","Telu","te-Telu-IN","OLP-0277","incompleteness/introduction/definitions","content/incompleteness/introduction/definitions.tex","translation/content/incompleteness/introduction/definitions.tex","lines 248-255, sufficient strength of theories","translation/content/incompleteness/introduction/definitions.tex:254-262","OLP-0277-B032","","pending_coherent_reader_pagination","mathematical_correction_qa_passed_disclosure_wording_open_for_optional_review_no_hold","Please double-check: whether the Telugu disclosure for OLTEINCINT-007 is mathematically precise and idiomatic."
"REV-OLTEINCINT-008","source_correction_decision","medium","high_mathematical_repair_moderate_disclosure_wording","OLTEINCINT-008","restored the controlling in-Gamma phrase in the introductory sentence; adjacent sourcecorrection discloses the repair","Telugu","Telu","te-Telu-IN","OLP-0277","incompleteness/introduction/definitions","content/incompleteness/introduction/definitions.tex","translation/content/incompleteness/introduction/definitions.tex","lines 280-288, representation of relations","translation/content/incompleteness/introduction/definitions.tex:275-285","OLP-0277-B034","","pending_coherent_reader_pagination","mathematical_correction_qa_passed_disclosure_wording_open_for_optional_review_no_hold","Please double-check: whether the Telugu disclosure for OLTEINCINT-008 is mathematically precise and idiomatic."
"REV-OLTEINCINT-009","source_correction_decision","medium","high_mathematical_repair_moderate_disclosure_wording","OLTEINCINT-009","stated that the proof was generalized to depend only on the isolated features; adjacent sourcecorrection discloses the repair","Telugu","Telu","te-Telu-IN","OLP-0278","incompleteness/introduction/overview","content/incompleteness/introduction/overview.tex","translation/content/incompleteness/introduction/overview.tex","lines 27-30, generalization of Gödel's proof","translation/content/incompleteness/introduction/overview.tex:25-30","OLP-0278-B007","","pending_coherent_reader_pagination","mathematical_correction_qa_passed_disclosure_wording_open_for_optional_review_no_hold","Please double-check: whether the Telugu disclosure for OLTEINCINT-009 is mathematically precise and idiomatic."
"REV-OLTEINCINT-010","source_correction_decision","medium","high_mathematical_repair_moderate_disclosure_wording","OLTEINCINT-010","preserved the raw OpenLogic token identity and rendered the correct infinitive sense; adjacent sourcecorrection discloses the repair","Telugu","Telu","te-Telu-IN","OLP-0278","incompleteness/introduction/overview","content/incompleteness/introduction/overview.tex","translation/content/incompleteness/introduction/overview.tex","lines 71-76, aim of representing functions and relations","translation/content/incompleteness/introduction/overview.tex:72-82","OLP-0278-B011","","pending_coherent_reader_pagination","mathematical_correction_qa_passed_disclosure_wording_open_for_optional_review_no_hold","Please double-check: whether the Telugu disclosure for OLTEINCINT-010 is mathematically precise and idiomatic."
"REV-OLTEINCINT-011","source_correction_decision","medium","high_mathematical_repair_moderate_disclosure_wording","OLTEINCINT-011","used the intended singular agreement; adjacent sourcecorrection discloses the repair","Telugu","Telu","te-Telu-IN","OLP-0279","incompleteness/introduction/undecidability","content/incompleteness/introduction/undecidability.tex","translation/content/incompleteness/introduction/undecidability.tex","lines 13-16, arithmetization requirement","translation/content/incompleteness/introduction/undecidability.tex:13-18","OLP-0279-B006","","pending_coherent_reader_pagination","mathematical_correction_qa_passed_disclosure_wording_open_for_optional_review_no_hold","Please double-check: whether the Telugu disclosure for OLTEINCINT-011 is mathematically precise and idiomatic."
"REV-OLTEINCINT-012","source_correction_decision","medium","high_mathematical_repair_moderate_disclosure_wording","OLTEINCINT-012","restored the subscript n in both diagonal formula occurrences; adjacent sourcecorrection discloses the repair","Telugu","Telu","te-Telu-IN","OLP-0279","incompleteness/introduction/undecidability","content/incompleteness/introduction/undecidability.tex","translation/content/incompleteness/introduction/undecidability.tex","lines 35-41, decision procedure for the diagonal set D","translation/content/incompleteness/introduction/undecidability.tex:38-45","OLP-0279-B009","","pending_coherent_reader_pagination","mathematical_correction_qa_passed_disclosure_wording_open_for_optional_review_no_hold","Please double-check: whether the Telugu disclosure for OLTEINCINT-012 is mathematically precise and idiomatic."
"REV-OLTEINCINT-013","source_correction_decision","medium","high_mathematical_repair_moderate_disclosure_wording","OLTEINCINT-013","preserved both raw OpenLogic token identities and rendered the grammatically correct representation senses; adjacent sourcecorrection discloses the repair","Telugu","Telu","te-Telu-IN","OLP-0279","incompleteness/introduction/undecidability","content/incompleteness/introduction/undecidability.tex","translation/content/incompleteness/introduction/undecidability.tex","lines 58-65; mapped segment within audited scope lines 58-71, consequences for Q and stronger theories","translation/content/incompleteness/introduction/undecidability.tex:66-74","OLP-0279-B012","","pending_coherent_reader_pagination","mathematical_correction_qa_passed_disclosure_wording_open_for_optional_review_no_hold","Please double-check: whether the Telugu disclosure for OLTEINCINT-013 is mathematically precise and idiomatic."
"REV-OLTEINCINT-013","source_correction_decision","medium","high_mathematical_repair_moderate_disclosure_wording","OLTEINCINT-013","preserved both raw OpenLogic token identities and rendered the grammatically correct representation senses; adjacent sourcecorrection discloses the repair","Telugu","Telu","te-Telu-IN","OLP-0279","incompleteness/introduction/undecidability","content/incompleteness/introduction/undecidability.tex","translation/content/incompleteness/introduction/undecidability.tex","lines 67-72; mapped segment within audited scope lines 58-71, consequences for Q and stronger theories","translation/content/incompleteness/introduction/undecidability.tex:76-85","OLP-0279-B013","","pending_coherent_reader_pagination","mathematical_correction_qa_passed_disclosure_wording_open_for_optional_review_no_hold","Please double-check: whether the Telugu disclosure for OLTEINCINT-013 is mathematically precise and idiomatic."
"REV-OLTEINCINT-014","source_correction_decision","medium","high_mathematical_repair_moderate_disclosure_wording","OLTEINCINT-014","rendered the intended satisfy sense; adjacent sourcecorrection discloses the repair","Telugu","Telu","te-Telu-IN","OLP-0279","incompleteness/introduction/undecidability","content/incompleteness/introduction/undecidability.tex","translation/content/incompleteness/introduction/undecidability.tex","lines 127-133, scope limitation and Presburger arithmetic","translation/content/incompleteness/introduction/undecidability.tex:146-152","OLP-0279-B021","","pending_coherent_reader_pagination","mathematical_correction_qa_passed_disclosure_wording_open_for_optional_review_no_hold","Please double-check: whether the Telugu disclosure for OLTEINCINT-014 is mathematically precise and idiomatic."
"REV-OLTEART-001","source_correction_decision","medium","high_mathematical_repair_moderate_disclosure_wording","OLTEART-001","rendered one arithmetized substitution function with singular agreement; adjacent sourcecorrection discloses the repair","Telugu","Telu","te-Telu-IN","OLP-0281","incompleteness/arithmetization-syntax/introduction","content/incompleteness/arithmetization-syntax/introduction.tex","translation/content/incompleteness/arithmetization-syntax/introduction.tex","lines 62-71, arithmetized substitution-function explanation","translation/content/incompleteness/arithmetization-syntax/introduction.tex:60-67","OLP-0281-B008","","pending_coherent_reader_pagination","mathematical_correction_qa_passed_disclosure_wording_open_for_optional_review_no_hold","Please double-check that the arithmetized substitution construction is singular throughout and maps the three input codes k, l and m to the output code n."
"REV-OLTEART-002","source_correction_decision","medium","high_mathematical_repair_moderate_disclosure_wording","OLTEART-002","quantified j together with n and z in formation clause (3); adjacent sourcecorrection discloses the repair","Telugu","Telu","te-Telu-IN","OLP-0283","incompleteness/arithmetization-syntax/coding-terms","content/incompleteness/arithmetization-syntax/coding-terms.tex","translation/content/incompleteness/arithmetization-syntax/coding-terms.tex","lines 60-78, formation-sequence clause (3)","translation/content/incompleteness/arithmetization-syntax/coding-terms.tex:63-74","OLP-0283-B009","","pending_coherent_reader_pagination","mathematical_correction_qa_passed_disclosure_wording_open_for_optional_review_no_hold","Please double-check that the term-formation clause explicitly quantifies the function-symbol index j together with n and z."
"REV-OLTEART-003","source_correction_decision","medium","high_mathematical_repair_moderate_disclosure_wording","OLTEART-003","replaced the false sequence-code-below-x claim with the bounded formation-sequence argument from the term proof; adjacent sourcecorrection discloses the repair","Telugu","Telu","te-Telu-IN","OLP-0284","incompleteness/arithmetization-syntax/coding-formulas","content/incompleteness/arithmetization-syntax/coding-formulas.tex","translation/content/incompleteness/arithmetization-syntax/coding-formulas.tex","lines 46-53, proof that Frm is primitive recursive","translation/content/incompleteness/arithmetization-syntax/coding-formulas.tex:47-55","OLP-0284-B009","","pending_coherent_reader_pagination","mathematical_correction_qa_passed_disclosure_wording_open_for_optional_review_no_hold","Please double-check that the formula-formation proof uses the valid bounded sequence-code argument from the term proof rather than claiming that the whole sequence code is below its final formula code."
"REV-OLTEART-004","source_correction_decision","medium","high_mathematical_repair_moderate_disclosure_wording","OLTEART-004","removed the unmatched right parenthesis from the expanded initial-sequent code; adjacent sourcecorrection discloses the repair","Telugu","Telu","te-Telu-IN","OLP-0286","incompleteness/arithmetization-syntax/proofs-in-lk","content/incompleteness/arithmetization-syntax/proofs-in-lk.tex","translation/content/incompleteness/arithmetization-syntax/proofs-in-lk.tex","lines 78-90, expanded Gödel code in the LK example","translation/content/incompleteness/arithmetization-syntax/proofs-in-lk.tex:86-91","OLP-0286-B010","","pending_coherent_reader_pagination","mathematical_correction_qa_passed_disclosure_wording_open_for_optional_review_no_hold","Please double-check that both repaired LK Gödel codes have balanced parentheses and agree with the displayed conclusion and the definition of p_0."
"REV-OLTEART-005","source_correction_decision","medium","high_mathematical_repair_moderate_disclosure_wording","OLTEART-005","used EndSequent for the projection definition and all later calls; adjacent sourcecorrection discloses the repair","Telugu","Telu","te-Telu-IN","OLP-0286","incompleteness/arithmetization-syntax/proofs-in-lk","content/incompleteness/arithmetization-syntax/proofs-in-lk.tex","translation/content/incompleteness/arithmetization-syntax/proofs-in-lk.tex","lines 93-105 and subsequent formulas, end-sequent projection","translation/content/incompleteness/arithmetization-syntax/proofs-in-lk.tex:94-102","OLP-0286-B011","","pending_coherent_reader_pagination","mathematical_correction_qa_passed_disclosure_wording_open_for_optional_review_no_hold","Please double-check that EndSequent is the single projection name used in its definition and every subsequent rule and proof predicate."
"REV-OLTEART-006","source_correction_decision","medium","high_mathematical_repair_moderate_disclosure_wording","OLTEART-006","called the defined InitSeq predicate in Correct(p); adjacent sourcecorrection discloses the repair","Telugu","Telu","te-Telu-IN","OLP-0286","incompleteness/arithmetization-syntax/proofs-in-lk","content/incompleteness/arithmetization-syntax/proofs-in-lk.tex","translation/content/incompleteness/arithmetization-syntax/proofs-in-lk.tex","lines 119-133 and 204-211, initial-sequent predicate","translation/content/incompleteness/arithmetization-syntax/proofs-in-lk.tex:201-209","OLP-0286-B018","","pending_coherent_reader_pagination","mathematical_correction_qa_passed_disclosure_wording_open_for_optional_review_no_hold","Please double-check that the final LK correctness formula calls the defined InitSeq predicate rather than an undefined InitialSeq predicate."
"REV-OLTEART-007","source_correction_decision","medium","high_mathematical_repair_moderate_disclosure_wording","OLTEART-007","referred to p rather than undefined d in the explanation; adjacent sourcecorrection discloses the repair","Telugu","Telu","te-Telu-IN","OLP-0286","incompleteness/arithmetization-syntax/proofs-in-lk","content/incompleteness/arithmetization-syntax/proofs-in-lk.tex","translation/content/incompleteness/arithmetization-syntax/proofs-in-lk.tex","lines 204-214, explanation of Correct(p)","translation/content/incompleteness/arithmetization-syntax/proofs-in-lk.tex:210-213","OLP-0286-B018","","pending_coherent_reader_pagination","mathematical_correction_qa_passed_disclosure_wording_open_for_optional_review_no_hold","Please double-check that the explanation of Correct refers to the end-sequent of p, matching the displayed formula and proposition."
"REV-OLTEART-008","source_correction_decision","medium","high_mathematical_repair_moderate_disclosure_wording","OLTEART-008","used p consistently in the proposition, proof sentence and subtree formula; adjacent sourcecorrection discloses the repair","Telugu","Telu","te-Telu-IN","OLP-0286","incompleteness/arithmetization-syntax/proofs-in-lk","content/incompleteness/arithmetization-syntax/proofs-in-lk.tex","translation/content/incompleteness/arithmetization-syntax/proofs-in-lk.tex","lines 235-247, primitive-recursiveness of Deriv","translation/content/incompleteness/arithmetization-syntax/proofs-in-lk.tex:235-245","OLP-0286-B021","","pending_coherent_reader_pagination","mathematical_correction_qa_passed_disclosure_wording_open_for_optional_review_no_hold","Please double-check that the primitive-recursiveness proof calls Deriv(p), consistently with its quantified subtree formula and proposition."
"REV-OLTEART-009","source_correction_decision","medium","high_mathematical_repair_moderate_disclosure_wording","OLTEART-009","equated the sole right-side formula code with y rather than the derivation code x; adjacent sourcecorrection discloses the repair","Telugu","Telu","te-Telu-IN","OLP-0286","incompleteness/arithmetization-syntax/proofs-in-lk","content/incompleteness/arithmetization-syntax/proofs-in-lk.tex","translation/content/incompleteness/arithmetization-syntax/proofs-in-lk.tex","lines 266-282, right side of the end-sequent","translation/content/incompleteness/arithmetization-syntax/proofs-in-lk.tex:264-273","OLP-0286-B024","","pending_coherent_reader_pagination","mathematical_correction_qa_passed_disclosure_wording_open_for_optional_review_no_hold","Please double-check that the sole right-side formula code is equated with y, the Gödel number of A, rather than x, the derivation code."
"REV-OLTEART-010","source_correction_decision","medium","high_mathematical_repair_moderate_disclosure_wording","OLTEART-010","scoped the sentence test over the complete disjunction of rule and assumption cases; adjacent sourcecorrection discloses the repair","Telugu","Telu","te-Telu-IN","OLP-0287","incompleteness/arithmetization-syntax/proofs-in-nd","content/incompleteness/arithmetization-syntax/proofs-in-nd.tex","translation/content/incompleteness/arithmetization-syntax/proofs-in-nd.tex","lines 217-227, definition of Correct(d)","translation/content/incompleteness/arithmetization-syntax/proofs-in-nd.tex:217-225","OLP-0287-B020","","pending_coherent_reader_pagination","mathematical_correction_qa_passed_disclosure_wording_open_for_optional_review_no_hold","Please double-check that Sent(EndFmla(d)) is conjoined with the complete disjunction of every natural-deduction correctness case."
"REV-OLTEART-011","source_correction_decision","medium","high_mathematical_repair_moderate_disclosure_wording","OLTEART-011","indexed immediate subderivation codes at j+1 after the arity field; adjacent sourcecorrection discloses the repair","Telugu","Telu","te-Telu-IN","OLP-0287","incompleteness/arithmetization-syntax/proofs-in-nd","content/incompleteness/arithmetization-syntax/proofs-in-nd.tex","translation/content/incompleteness/arithmetization-syntax/proofs-in-nd.tex","lines 287-301, immediate-subderivation relation","translation/content/incompleteness/arithmetization-syntax/proofs-in-nd.tex:287-297","OLP-0287-B027","","pending_coherent_reader_pagination","mathematical_correction_qa_passed_disclosure_wording_open_for_optional_review_no_hold","Please double-check that Subderiv searches tuple positions j+1 for j below the recorded arity, thereby covering exactly positions 1 through (d-prime)_0."
"REV-OLTEART-012","source_correction_decision","medium","high_mathematical_repair_moderate_disclosure_wording","OLTEART-012","quantified j below i and described the constant code c as bounded by line j; adjacent sourcecorrection discloses the repair","Telugu","Telu","te-Telu-IN","OLP-0288","incompleteness/arithmetization-syntax/proofs-in-ax","content/incompleteness/arithmetization-syntax/proofs-in-ax.tex","translation/content/incompleteness/arithmetization-syntax/proofs-in-ax.tex","lines 110-140, QR_1 test","translation/content/incompleteness/arithmetization-syntax/proofs-in-ax.tex:115-139","OLP-0288-B010","","pending_coherent_reader_pagination","mathematical_correction_qa_passed_disclosure_wording_open_for_optional_review_no_hold","Please double-check that the QR_1 test existentially binds a preceding-line index j<i and that the bounded symbol is c, the constant appearing on that line."
"REV-OLTEART-013","source_correction_decision","medium","high_mathematical_repair_moderate_disclosure_wording","OLTEART-013","called hCond(s,y,n) in the recursive clause rather than undefined three-argument Cond; adjacent sourcecorrection discloses the repair","Telugu","Telu","te-Telu-IN","OLP-0288","incompleteness/arithmetization-syntax/proofs-in-ax","content/incompleteness/arithmetization-syntax/proofs-in-ax.tex","translation/content/incompleteness/arithmetization-syntax/proofs-in-ax.tex","lines 195-204, primitive recursion defining hCond","translation/content/incompleteness/arithmetization-syntax/proofs-in-ax.tex:205-215","OLP-0288-B016","","pending_coherent_reader_pagination","mathematical_correction_qa_passed_disclosure_wording_open_for_optional_review_no_hold","Please double-check that the recursive hCond clause calls hCond(s,y,n), while Cond remains only the two-argument wrapper introduced afterwards."
"REV-OLTEART-014","source_correction_decision","medium","high_mathematical_repair_moderate_disclosure_wording","OLTEART-014","closed the Correct predicate call in the bounded-universal matrix; adjacent sourcecorrection discloses the repair","Telugu","Telu","te-Telu-IN","OLP-0286","incompleteness/arithmetization-syntax/proofs-in-lk","content/incompleteness/arithmetization-syntax/proofs-in-lk.tex","translation/content/incompleteness/arithmetization-syntax/proofs-in-lk.tex","lines 240-247, displayed definition of Deriv","translation/content/incompleteness/arithmetization-syntax/proofs-in-lk.tex:244-249","OLP-0286-B021","","pending_coherent_reader_pagination","mathematical_correction_qa_passed_disclosure_wording_open_for_optional_review_no_hold","Please double-check that the unary Correct call in the LK Deriv definition is closed before the bounded-universal body is closed."
"REV-OLTEREQ-001","source_correction_decision","medium","high_mathematical_repair_moderate_disclosure_wording","OLTEREQ-001","used A_f consistently in the lemma; adjacent sourcecorrection discloses the repair","Telugu","Telu","te-Telu-IN","OLP-0291","incompleteness/representability-in-q/representable-comp","content/incompleteness/representability-in-q/representable-comp.tex","translation/content/incompleteness/representability-in-q/representable-comp.tex","lines 16-23, representability lemma","translation/content/incompleteness/representability-in-q/representable-comp.tex:16-23","OLP-0291-B006","","pending_coherent_reader_pagination","mathematical_correction_qa_passed_disclosure_wording_open_for_optional_review_no_hold","Please double-check that the representing formula is named A_f consistently in the lemma."
"REV-OLTEREQ-002","source_correction_decision","medium","high_mathematical_repair_moderate_disclosure_wording","OLTEREQ-002","restored the Th(Q) proves prefix before the universal formula; adjacent sourcecorrection discloses the repair","Telugu","Telu","te-Telu-IN","OLP-0291","incompleteness/representability-in-q/representable-comp","content/incompleteness/representability-in-q/representable-comp.tex","translation/content/incompleteness/representability-in-q/representable-comp.tex","lines 31-38, use of representability clause (b)","translation/content/incompleteness/representability-in-q/representable-comp.tex:40-48","OLP-0291-B007","","pending_coherent_reader_pagination","mathematical_correction_qa_passed_disclosure_wording_open_for_optional_review_no_hold","Please double-check that the restored Th(Q)-proves prefix makes the use of representability clause (b) explicit."
"REV-OLTEREQ-003","source_correction_decision","medium","high_mathematical_repair_moderate_disclosure_wording","OLTEREQ-003","used h(vector x,y) from the defining equations; adjacent sourcecorrection discloses the repair","Telugu","Telu","te-Telu-IN","OLP-0293","incompleteness/representability-in-q/prim-rec","content/incompleteness/representability-in-q/prim-rec.tex","translation/content/incompleteness/representability-in-q/prim-rec.tex","lines 12-19, primitive-recursion introduction","translation/content/incompleteness/representability-in-q/prim-rec.tex:12-20","OLP-0293-B005","","pending_coherent_reader_pagination","mathematical_correction_qa_passed_disclosure_wording_open_for_optional_review_no_hold","Please double-check that the primitive-recursion prose uses h(vector x,y), matching the displayed defining equations."
"REV-OLTEREQ-004","source_correction_decision","medium","high_mathematical_repair_moderate_disclosure_wording","OLTEREQ-004","used the defined Char{=} and A_{Char{=}} notation throughout; adjacent sourcecorrection discloses the repair","Telugu","Telu","te-Telu-IN","OLP-0294","incompleteness/representability-in-q/basic-representable","content/incompleteness/representability-in-q/basic-representable.tex","translation/content/incompleteness/representability-in-q/basic-representable.tex","lines 56-68 and 110-124, equality characteristic function","translation/content/incompleteness/representability-in-q/basic-representable.tex:112-137","OLP-0294-B020","","pending_coherent_reader_pagination","mathematical_correction_qa_passed_disclosure_wording_open_for_optional_review_no_hold","Please double-check that the equality characteristic-function notation is consistently Char{=} and A_{Char{=}}."
"REV-OLTEREQ-005","source_correction_decision","medium","high_mathematical_repair_moderate_disclosure_wording","OLTEREQ-005","placed all g_i and A_f conjuncts inside the balanced existential scope; adjacent sourcecorrection discloses the repair","Telugu","Telu","te-Telu-IN","OLP-0295","incompleteness/representability-in-q/composition-representable","content/incompleteness/representability-in-q/composition-representable.tex","translation/content/incompleteness/representability-in-q/composition-representable.tex","lines 74-88, generalized composition proposition","translation/content/incompleteness/representability-in-q/composition-representable.tex:74-91","OLP-0295-B012","","pending_coherent_reader_pagination","mathematical_correction_qa_passed_disclosure_wording_open_for_optional_review_no_hold","Please double-check that every g_i conjunct and the A_f conjunct lie inside the balanced existential scope."
"REV-OLTEREQ-006","source_correction_decision","medium","high_mathematical_repair_moderate_disclosure_wording","OLTEREQ-006","replaced the first duplicated prop:rep2 reference with prop:rep1; adjacent sourcecorrection discloses the repair","Telugu","Telu","te-Telu-IN","OLP-0295","incompleteness/representability-in-q/composition-representable","content/incompleteness/representability-in-q/composition-representable.tex","translation/content/incompleteness/representability-in-q/composition-representable.tex","lines 95-99, composition exercise","translation/content/incompleteness/representability-in-q/composition-representable.tex:96-102","OLP-0295-B014","","pending_coherent_reader_pagination","mathematical_correction_qa_passed_disclosure_wording_open_for_optional_review_no_hold","Please double-check that the two composition exercises now refer to prop:rep1 and prop:rep2 respectively."
"REV-OLTEREQ-007","source_correction_decision","medium","high_mathematical_repair_moderate_disclosure_wording","OLTEREQ-007","added the successor-of-hypothesis equation and both Q5 rewrites while retaining step5 and step6; adjacent sourcecorrection discloses the repair","Telugu","Telu","te-Telu-IN","OLP-0296","incompleteness/representability-in-q/minimization-representable","content/incompleteness/representability-in-q/minimization-representable.tex","translation/content/incompleteness/representability-in-q/minimization-representable.tex","lines 51-62, successor/addition induction step","translation/content/incompleteness/representability-in-q/minimization-representable.tex:49-62","OLP-0296-B008","","pending_coherent_reader_pagination","mathematical_correction_qa_passed_disclosure_wording_open_for_optional_review_no_hold","Please double-check that the repaired induction step uses the successor of the induction hypothesis and the two required Q5 rewrites."
"REV-OLTEREQ-008","source_correction_decision","medium","high_mathematical_repair_moderate_disclosure_wording","OLTEREQ-008","equated t_2 with numeral m; adjacent sourcecorrection discloses the repair","Telugu","Telu","te-Telu-IN","OLP-0300","incompleteness/representability-in-q/sigma1-completeness","content/incompleteness/representability-in-q/sigma1-completeness.tex","translation/content/incompleteness/representability-in-q/sigma1-completeness.tex","lines 111-121, atomic equality completeness","translation/content/incompleteness/representability-in-q/sigma1-completeness.tex:109-116","OLP-0300-B016","","pending_coherent_reader_pagination","mathematical_correction_qa_passed_disclosure_wording_open_for_optional_review_no_hold","Please double-check that the second closed term is equated with numeral m rather than numeral n."
"REV-OLTEREQ-009","source_correction_decision","medium","high_mathematical_repair_moderate_disclosure_wording","OLTEREQ-009","cited Q2 for both successor-versus-zero contradictions; adjacent sourcecorrection discloses the repair","Telugu","Telu","te-Telu-IN","OLP-0300","incompleteness/representability-in-q/sigma1-completeness","content/incompleteness/representability-in-q/sigma1-completeness.tex","translation/content/incompleteness/representability-in-q/sigma1-completeness.tex","lines 137-149, non-less-than case","translation/content/incompleteness/representability-in-q/sigma1-completeness.tex:130-143","OLP-0300-B019","","pending_coherent_reader_pagination","mathematical_correction_qa_passed_disclosure_wording_open_for_optional_review_no_hold","Please double-check that both successor-versus-zero contradictions cite Q2 rather than Q3."
"REV-OLTEREQ-010","source_correction_decision","medium","high_mathematical_repair_moderate_disclosure_wording","OLTEREQ-010","called the zero-member universal expansion an empty conjunction; adjacent sourcecorrection discloses the repair","Telugu","Telu","te-Telu-IN","OLP-0300","incompleteness/representability-in-q/sigma1-completeness","content/incompleteness/representability-in-q/sigma1-completeness.tex","translation/content/incompleteness/representability-in-q/sigma1-completeness.tex","lines 163-169, bounded-universal base case","translation/content/incompleteness/representability-in-q/sigma1-completeness.tex:153-164","OLP-0300-B021","","pending_coherent_reader_pagination","mathematical_correction_qa_passed_disclosure_wording_open_for_optional_review_no_hold","Please double-check that the zero-member bounded-universal expansion is described as an empty conjunction."
"REV-OLTETCP-001","source_correction_decision","medium","high_mathematical_repair_moderate_disclosure_wording","OLTETCP-001","rendered the intended computable-axiomatizability requirement while retaining the source token identity; adjacent sourcecorrection discloses the repair","Telugu","Telu","te-Telu-IN","OLP-0308","incompleteness/theories-computability/first-incompleteness","content/incompleteness/theories-computability/first-incompleteness.tex","translation/content/incompleteness/theories-computability/first-incompleteness.tex","lines 20-23, proof of first incompleteness statement","translation/content/incompleteness/theories-computability/first-incompleteness.tex:19-23","OLP-0308-B007","","pending_coherent_reader_pagination","mathematical_correction_qa_passed_disclosure_wording_open_for_optional_review_no_hold","Please double-check that the first-incompleteness proof retains computable axiomatizability rather than weakening the premise to mere axiomatization."
"REV-OLTETCP-002","source_correction_decision","medium","high_mathematical_repair_moderate_disclosure_wording","OLTETCP-002","replaced the numeral-substituted hash expression with the Goedel code of the one-variable representing formula; adjacent sourcecorrection discloses the repair","Telugu","Telu","te-Telu-IN","OLP-0309","incompleteness/theories-computability/inseparability","content/incompleteness/theories-computability/inseparability.tex","translation/content/incompleteness/theories-computability/inseparability.tex","line 45, universal-relation conclusion","translation/content/incompleteness/theories-computability/inseparability.tex:46","OLP-0309-B009","","pending_coherent_reader_pagination","mathematical_correction_qa_passed_disclosure_wording_open_for_optional_review_no_hold","Please double-check that the universal-relation argument uses the Goedel code of the one-variable formula D_S(u)."
"REV-OLTETCP-003","source_correction_decision","medium","high_mathematical_repair_moderate_disclosure_wording","OLTETCP-003","restored the theorem's consistency qualification in the ZFC corollary; adjacent sourcecorrection discloses the repair","Telugu","Telu","te-Telu-IN","OLP-0311","incompleteness/theories-computability/interpretability","content/incompleteness/theories-computability/interpretability.tex","translation/content/incompleteness/theories-computability/interpretability.tex","lines 20-25 and 36-38, interpretability theorem and first ZFC corollary","translation/content/incompleteness/theories-computability/interpretability.tex:34-36","OLP-0311-B009","","pending_coherent_reader_pagination","mathematical_correction_qa_passed_disclosure_wording_open_for_optional_review_no_hold","Please double-check that the first ZFC corollary excludes consistent decidable extensions, since an inconsistent extension is decidable."
